74 #SUP: 2407
74 58 #SUP: 2406
17 #SUP: 2500
17 7 #SUP: 2422
17 7 29 #SUP: 2416
17 7 29 52 #SUP: 2405
17 7 29 52 58 #SUP: 2404
17 7 29 58 #SUP: 2415
17 7 52 #SUP: 2411
17 7 52 58 #SUP: 2410
17 7 58 #SUP: 2421
17 36 #SUP: 2404
17 36 58 #SUP: 2403
17 60 #SUP: 2457
17 60 40 #SUP: 2432
17 60 40 29 #SUP: 2420
17 60 40 29 52 #SUP: 2409
17 60 40 29 52 58 #SUP: 2408
17 60 40 29 58 #SUP: 2419
17 60 40 52 #SUP: 2421
17 60 40 52 58 #SUP: 2420
17 60 40 58 #SUP: 2431
17 60 29 #SUP: 2445
17 60 29 52 #SUP: 2434
17 60 29 52 58 #SUP: 2433
17 60 29 58 #SUP: 2444
17 60 52 #SUP: 2446
17 60 52 58 #SUP: 2445
17 60 58 #SUP: 2456
17 40 #SUP: 2474
17 40 29 #SUP: 2460
17 40 29 52 #SUP: 2449
17 40 29 52 58 #SUP: 2448
17 40 29 58 #SUP: 2459
17 40 52 #SUP: 2463
17 40 52 58 #SUP: 2462
17 40 58 #SUP: 2473
17 29 #SUP: 2486
17 29 52 #SUP: 2475
17 29 52 58 #SUP: 2474
17 29 58 #SUP: 2485
17 52 #SUP: 2489
17 52 58 #SUP: 2488
17 58 #SUP: 2499
31 #SUP: 2526
31 58 #SUP: 2526
31 66 #SUP: 2424
31 66 58 #SUP: 2424
31 66 60 #SUP: 2424
31 66 60 58 #SUP: 2424
31 66 60 40 #SUP: 2412
31 66 60 40 58 #SUP: 2412
31 66 60 40 29 #SUP: 2408
31 66 60 40 29 58 #SUP: 2408
31 66 60 40 29 52 #SUP: 2397
31 66 60 40 29 52 58 #SUP: 2397
31 66 60 40 52 #SUP: 2401
31 66 60 40 52 58 #SUP: 2401
31 66 60 29 #SUP: 2420
31 66 60 29 58 #SUP: 2420
31 66 60 29 52 #SUP: 2409
31 66 60 29 52 58 #SUP: 2409
31 66 60 52 #SUP: 2413
31 66 60 52 58 #SUP: 2413
31 66 40 #SUP: 2412
31 66 40 58 #SUP: 2412
31 66 40 29 #SUP: 2408
31 66 40 29 58 #SUP: 2408
31 66 40 29 52 #SUP: 2397
31 66 40 29 52 58 #SUP: 2397
31 66 40 52 #SUP: 2401
31 66 40 52 58 #SUP: 2401
31 66 29 #SUP: 2420
31 66 29 58 #SUP: 2420
31 66 29 52 #SUP: 2409
31 66 29 52 58 #SUP: 2409
31 66 52 #SUP: 2413
31 66 52 58 #SUP: 2413
31 62 #SUP: 2409
31 62 58 #SUP: 2409
31 62 40 #SUP: 2401
31 62 40 58 #SUP: 2401
31 62 29 #SUP: 2400
31 62 29 58 #SUP: 2400
31 62 52 #SUP: 2398
31 62 52 58 #SUP: 2398
31 7 #SUP: 2435
31 7 58 #SUP: 2435
31 7 60 #SUP: 2419
31 7 60 58 #SUP: 2419
31 7 60 40 #SUP: 2406
31 7 60 40 58 #SUP: 2406
31 7 60 40 29 #SUP: 2401
31 7 60 40 29 58 #SUP: 2401
31 7 60 29 #SUP: 2414
31 7 60 29 58 #SUP: 2414
31 7 60 29 52 #SUP: 2403
31 7 60 29 52 58 #SUP: 2403
31 7 60 52 #SUP: 2408
31 7 60 52 58 #SUP: 2408
31 7 40 #SUP: 2422
31 7 40 58 #SUP: 2422
31 7 40 29 #SUP: 2417
31 7 40 29 58 #SUP: 2417
31 7 40 29 52 #SUP: 2406
31 7 40 29 52 58 #SUP: 2406
31 7 40 52 #SUP: 2411
31 7 40 52 58 #SUP: 2411
31 7 29 #SUP: 2430
31 7 29 58 #SUP: 2430
31 7 29 52 #SUP: 2419
31 7 29 52 58 #SUP: 2419
31 7 52 #SUP: 2424
31 7 52 58 #SUP: 2424
31 36 #SUP: 2441
31 36 58 #SUP: 2441
31 36 60 #SUP: 2424
31 36 60 58 #SUP: 2424
31 36 60 40 #SUP: 2411
31 36 60 40 58 #SUP: 2411
31 36 60 40 29 #SUP: 2403
31 36 60 40 29 58 #SUP: 2403
31 36 60 40 52 #SUP: 2400
31 36 60 40 52 58 #SUP: 2400
31 36 60 29 #SUP: 2416
31 36 60 29 58 #SUP: 2416
31 36 60 29 52 #SUP: 2405
31 36 60 29 52 58 #SUP: 2405
31 36 60 52 #SUP: 2413
31 36 60 52 58 #SUP: 2413
31 36 40 #SUP: 2428
31 36 40 58 #SUP: 2428
31 36 40 29 #SUP: 2419
31 36 40 29 58 #SUP: 2419
31 36 40 29 52 #SUP: 2408
31 36 40 29 52 58 #SUP: 2408
31 36 40 52 #SUP: 2417
31 36 40 52 58 #SUP: 2417
31 36 29 #SUP: 2432
31 36 29 58 #SUP: 2432
31 36 29 52 #SUP: 2421
31 36 29 52 58 #SUP: 2421
31 36 52 #SUP: 2430
31 36 52 58 #SUP: 2430
31 60 #SUP: 2509
31 60 58 #SUP: 2509
31 60 40 #SUP: 2496
31 60 40 58 #SUP: 2496
31 60 40 29 #SUP: 2488
31 60 40 29 58 #SUP: 2488
31 60 40 29 52 #SUP: 2477
31 60 40 29 52 58 #SUP: 2477
31 60 40 52 #SUP: 2485
31 60 40 52 58 #SUP: 2485
31 60 29 #SUP: 2501
31 60 29 58 #SUP: 2501
31 60 29 52 #SUP: 2490
31 60 29 52 58 #SUP: 2490
31 60 52 #SUP: 2498
31 60 52 58 #SUP: 2498
31 40 #SUP: 2513
31 40 58 #SUP: 2513
31 40 29 #SUP: 2504
31 40 29 58 #SUP: 2504
31 40 29 52 #SUP: 2493
31 40 29 52 58 #SUP: 2493
31 40 52 #SUP: 2502
31 40 52 58 #SUP: 2502
31 29 #SUP: 2517
31 29 58 #SUP: 2517
31 29 52 #SUP: 2506
31 29 52 58 #SUP: 2506
31 52 #SUP: 2515
31 52 58 #SUP: 2515
46 #SUP: 2556
46 48 #SUP: 2404
46 48 58 #SUP: 2403
46 66 #SUP: 2425
46 66 60 #SUP: 2425
46 66 60 40 #SUP: 2403
46 66 60 40 58 #SUP: 2402
46 66 60 29 #SUP: 2417
46 66 60 29 52 #SUP: 2406
46 66 60 29 52 58 #SUP: 2405
46 66 60 29 58 #SUP: 2416
46 66 60 52 #SUP: 2414
46 66 60 52 58 #SUP: 2413
46 66 60 58 #SUP: 2424
46 66 40 #SUP: 2403
46 66 40 58 #SUP: 2402
46 66 29 #SUP: 2417
46 66 29 52 #SUP: 2406
46 66 29 52 58 #SUP: 2405
46 66 29 58 #SUP: 2416
46 66 52 #SUP: 2414
46 66 52 58 #SUP: 2413
46 66 58 #SUP: 2424
46 56 #SUP: 2405
46 56 52 #SUP: 2400
46 56 52 58 #SUP: 2399
46 56 58 #SUP: 2404
46 34 #SUP: 2429
46 34 40 #SUP: 2408
46 34 40 29 #SUP: 2404
46 34 40 29 58 #SUP: 2403
46 34 40 52 #SUP: 2399
46 34 40 52 58 #SUP: 2398
46 34 40 58 #SUP: 2407
46 34 29 #SUP: 2425
46 34 29 52 #SUP: 2416
46 34 29 52 58 #SUP: 2415
46 34 29 58 #SUP: 2424
46 34 52 #SUP: 2420
46 34 52 58 #SUP: 2419
46 34 58 #SUP: 2428
46 62 #SUP: 2449
46 62 58 #SUP: 2449
46 62 60 #SUP: 2411
46 62 60 58 #SUP: 2411
46 62 60 40 #SUP: 2398
46 62 60 40 58 #SUP: 2398
46 62 60 29 #SUP: 2398
46 62 60 29 58 #SUP: 2398
46 62 60 52 #SUP: 2400
46 62 60 52 58 #SUP: 2400
46 62 40 #SUP: 2436
46 62 40 58 #SUP: 2436
46 62 40 29 #SUP: 2421
46 62 40 29 58 #SUP: 2421
46 62 40 29 52 #SUP: 2410
46 62 40 29 52 58 #SUP: 2410
46 62 40 52 #SUP: 2425
46 62 40 52 58 #SUP: 2425
46 62 29 #SUP: 2434
46 62 29 58 #SUP: 2434
46 62 29 52 #SUP: 2423
46 62 29 52 58 #SUP: 2423
46 62 52 #SUP: 2438
46 62 52 58 #SUP: 2438
46 7 #SUP: 2436
46 7 60 #SUP: 2399
46 7 60 58 #SUP: 2398
46 7 40 #SUP: 2412
46 7 40 29 #SUP: 2405
46 7 40 29 58 #SUP: 2404
46 7 40 52 #SUP: 2401
46 7 40 52 58 #SUP: 2400
46 7 40 58 #SUP: 2411
46 7 29 #SUP: 2429
46 7 29 52 #SUP: 2418
46 7 29 52 58 #SUP: 2417
46 7 29 58 #SUP: 2428
46 7 52 #SUP: 2425
46 7 52 58 #SUP: 2424
46 7 58 #SUP: 2435
46 36 #SUP: 2473
46 36 60 #SUP: 2434
46 36 60 40 #SUP: 2411
46 36 60 40 29 #SUP: 2398
46 36 60 40 29 58 #SUP: 2397
46 36 60 40 52 #SUP: 2400
46 36 60 40 52 58 #SUP: 2399
46 36 60 40 58 #SUP: 2410
46 36 60 29 #SUP: 2421
46 36 60 29 52 #SUP: 2410
46 36 60 29 52 58 #SUP: 2409
46 36 60 29 58 #SUP: 2420
46 36 60 52 #SUP: 2423
46 36 60 52 58 #SUP: 2422
46 36 60 58 #SUP: 2433
46 36 40 #SUP: 2449
46 36 40 29 #SUP: 2434
46 36 40 29 52 #SUP: 2423
46 36 40 29 52 58 #SUP: 2422
46 36 40 29 58 #SUP: 2433
46 36 40 52 #SUP: 2438
46 36 40 52 58 #SUP: 2437
46 36 40 58 #SUP: 2448
46 36 29 #SUP: 2458
46 36 29 52 #SUP: 2447
46 36 29 52 58 #SUP: 2446
46 36 29 58 #SUP: 2457
46 36 52 #SUP: 2462
46 36 52 58 #SUP: 2461
46 36 58 #SUP: 2472
46 60 #SUP: 2517
46 60 40 #SUP: 2494
46 60 40 29 #SUP: 2481
46 60 40 29 52 #SUP: 2470
46 60 40 29 52 58 #SUP: 2469
46 60 40 29 58 #SUP: 2480
46 60 40 52 #SUP: 2483
46 60 40 52 58 #SUP: 2482
46 60 40 58 #SUP: 2493
46 60 29 #SUP: 2504
46 60 29 52 #SUP: 2493
46 60 29 52 58 #SUP: 2492
46 60 29 58 #SUP: 2503
46 60 52 #SUP: 2506
46 60 52 58 #SUP: 2505
46 60 58 #SUP: 2516
46 40 #SUP: 2532
46 40 29 #SUP: 2517
46 40 29 52 #SUP: 2506
46 40 29 52 58 #SUP: 2505
46 40 29 58 #SUP: 2516
46 40 52 #SUP: 2521
46 40 52 58 #SUP: 2520
46 40 58 #SUP: 2531
46 29 #SUP: 2541
46 29 52 #SUP: 2530
46 29 52 58 #SUP: 2529
46 29 58 #SUP: 2540
46 52 #SUP: 2545
46 52 58 #SUP: 2544
46 58 #SUP: 2555
44 #SUP: 2612
44 5 #SUP: 2461
44 5 60 #SUP: 2414
44 5 60 29 #SUP: 2409
44 5 60 29 52 #SUP: 2398
44 5 60 29 52 58 #SUP: 2397
44 5 60 29 58 #SUP: 2408
44 5 60 52 #SUP: 2403
44 5 60 52 58 #SUP: 2402
44 5 60 58 #SUP: 2413
44 5 40 #SUP: 2440
44 5 40 29 #SUP: 2433
44 5 40 29 52 #SUP: 2422
44 5 40 29 52 58 #SUP: 2421
44 5 40 29 58 #SUP: 2432
44 5 40 52 #SUP: 2429
44 5 40 52 58 #SUP: 2428
44 5 40 58 #SUP: 2439
44 5 29 #SUP: 2454
44 5 29 52 #SUP: 2443
44 5 29 52 58 #SUP: 2442
44 5 29 58 #SUP: 2453
44 5 52 #SUP: 2450
44 5 52 58 #SUP: 2449
44 5 58 #SUP: 2460
44 48 #SUP: 2439
44 48 36 #SUP: 2415
44 48 36 29 #SUP: 2400
44 48 36 29 58 #SUP: 2399
44 48 36 52 #SUP: 2404
44 48 36 52 58 #SUP: 2403
44 48 36 58 #SUP: 2414
44 48 60 #SUP: 2412
44 48 60 29 #SUP: 2399
44 48 60 29 58 #SUP: 2398
44 48 60 52 #SUP: 2401
44 48 60 52 58 #SUP: 2400
44 48 60 58 #SUP: 2411
44 48 40 #SUP: 2413
44 48 40 29 #SUP: 2398
44 48 40 29 58 #SUP: 2397
44 48 40 52 #SUP: 2402
44 48 40 52 58 #SUP: 2401
44 48 40 58 #SUP: 2412
44 48 29 #SUP: 2424
44 48 29 52 #SUP: 2413
44 48 29 52 58 #SUP: 2412
44 48 29 58 #SUP: 2423
44 48 52 #SUP: 2428
44 48 52 58 #SUP: 2427
44 48 58 #SUP: 2438
44 66 #SUP: 2454
44 66 60 #SUP: 2454
44 66 60 40 #SUP: 2430
44 66 60 40 29 #SUP: 2422
44 66 60 40 29 52 #SUP: 2411
44 66 60 40 29 52 58 #SUP: 2410
44 66 60 40 29 58 #SUP: 2421
44 66 60 40 52 #SUP: 2419
44 66 60 40 52 58 #SUP: 2418
44 66 60 40 58 #SUP: 2429
44 66 60 29 #SUP: 2446
44 66 60 29 52 #SUP: 2435
44 66 60 29 52 58 #SUP: 2434
44 66 60 29 58 #SUP: 2445
44 66 60 52 #SUP: 2443
44 66 60 52 58 #SUP: 2442
44 66 60 58 #SUP: 2453
44 66 40 #SUP: 2430
44 66 40 29 #SUP: 2422
44 66 40 29 52 #SUP: 2411
44 66 40 29 52 58 #SUP: 2410
44 66 40 29 58 #SUP: 2421
44 66 40 52 #SUP: 2419
44 66 40 52 58 #SUP: 2418
44 66 40 58 #SUP: 2429
44 66 29 #SUP: 2446
44 66 29 52 #SUP: 2435
44 66 29 52 58 #SUP: 2434
44 66 29 58 #SUP: 2445
44 66 52 #SUP: 2443
44 66 52 58 #SUP: 2442
44 66 58 #SUP: 2453
44 56 #SUP: 2471
44 56 62 #SUP: 2405
44 56 62 58 #SUP: 2405
44 56 62 52 #SUP: 2400
44 56 62 52 58 #SUP: 2400
44 56 60 #SUP: 2424
44 56 60 40 #SUP: 2400
44 56 60 40 58 #SUP: 2399
44 56 60 29 #SUP: 2411
44 56 60 29 52 #SUP: 2406
44 56 60 29 52 58 #SUP: 2405
44 56 60 29 58 #SUP: 2410
44 56 60 52 #SUP: 2419
44 56 60 52 58 #SUP: 2418
44 56 60 58 #SUP: 2423
44 56 40 #SUP: 2446
44 56 40 29 #SUP: 2431
44 56 40 29 52 #SUP: 2426
44 56 40 29 52 58 #SUP: 2425
44 56 40 29 58 #SUP: 2430
44 56 40 52 #SUP: 2441
44 56 40 52 58 #SUP: 2440
44 56 40 58 #SUP: 2445
44 56 29 #SUP: 2456
44 56 29 52 #SUP: 2451
44 56 29 52 58 #SUP: 2450
44 56 29 58 #SUP: 2455
44 56 52 #SUP: 2466
44 56 52 58 #SUP: 2465
44 56 58 #SUP: 2470
44 34 #SUP: 2480
44 34 60 #SUP: 2435
44 34 60 40 #SUP: 2413
44 34 60 40 29 #SUP: 2409
44 34 60 40 29 52 #SUP: 2400
44 34 60 40 29 52 58 #SUP: 2399
44 34 60 40 29 58 #SUP: 2408
44 34 60 40 52 #SUP: 2404
44 34 60 40 52 58 #SUP: 2403
44 34 60 40 58 #SUP: 2412
44 34 60 29 #SUP: 2431
44 34 60 29 52 #SUP: 2422
44 34 60 29 52 58 #SUP: 2421
44 34 60 29 58 #SUP: 2430
44 34 60 52 #SUP: 2426
44 34 60 52 58 #SUP: 2425
44 34 60 58 #SUP: 2434
44 34 40 #SUP: 2457
44 34 40 29 #SUP: 2453
44 34 40 29 52 #SUP: 2444
44 34 40 29 52 58 #SUP: 2443
44 34 40 29 58 #SUP: 2452
44 34 40 52 #SUP: 2448
44 34 40 52 58 #SUP: 2447
44 34 40 58 #SUP: 2456
44 34 29 #SUP: 2476
44 34 29 52 #SUP: 2467
44 34 29 52 58 #SUP: 2466
44 34 29 58 #SUP: 2475
44 34 52 #SUP: 2471
44 34 52 58 #SUP: 2470
44 34 58 #SUP: 2479
44 62 #SUP: 2522
44 62 58 #SUP: 2522
44 62 7 #SUP: 2410
44 62 7 58 #SUP: 2410
44 62 7 29 #SUP: 2403
44 62 7 29 58 #SUP: 2403
44 62 7 52 #SUP: 2399
44 62 7 52 58 #SUP: 2399
44 62 36 #SUP: 2435
44 62 36 58 #SUP: 2435
44 62 36 40 #SUP: 2420
44 62 36 40 58 #SUP: 2420
44 62 36 40 29 #SUP: 2405
44 62 36 40 29 58 #SUP: 2405
44 62 36 40 52 #SUP: 2409
44 62 36 40 52 58 #SUP: 2409
44 62 36 29 #SUP: 2420
44 62 36 29 58 #SUP: 2420
44 62 36 29 52 #SUP: 2409
44 62 36 29 52 58 #SUP: 2409
44 62 36 52 #SUP: 2424
44 62 36 52 58 #SUP: 2424
44 62 60 #SUP: 2476
44 62 60 58 #SUP: 2476
44 62 60 40 #SUP: 2461
44 62 60 40 58 #SUP: 2461
44 62 60 40 29 #SUP: 2448
44 62 60 40 29 58 #SUP: 2448
44 62 60 40 29 52 #SUP: 2437
44 62 60 40 29 52 58 #SUP: 2437
44 62 60 40 52 #SUP: 2450
44 62 60 40 52 58 #SUP: 2450
44 62 60 29 #SUP: 2463
44 62 60 29 58 #SUP: 2463
44 62 60 29 52 #SUP: 2452
44 62 60 29 52 58 #SUP: 2452
44 62 60 52 #SUP: 2465
44 62 60 52 58 #SUP: 2465
44 62 40 #SUP: 2507
44 62 40 58 #SUP: 2507
44 62 40 29 #SUP: 2492
44 62 40 29 58 #SUP: 2492
44 62 40 29 52 #SUP: 2481
44 62 40 29 52 58 #SUP: 2481
44 62 40 52 #SUP: 2496
44 62 40 52 58 #SUP: 2496
44 62 29 #SUP: 2507
44 62 29 58 #SUP: 2507
44 62 29 52 #SUP: 2496
44 62 29 52 58 #SUP: 2496
44 62 52 #SUP: 2511
44 62 52 58 #SUP: 2511
44 7 #SUP: 2500
44 7 36 #SUP: 2413
44 7 36 29 #SUP: 2406
44 7 36 29 58 #SUP: 2405
44 7 36 52 #SUP: 2402
44 7 36 52 58 #SUP: 2401
44 7 36 58 #SUP: 2412
44 7 60 #SUP: 2455
44 7 60 40 #SUP: 2430
44 7 60 40 29 #SUP: 2423
44 7 60 40 29 52 #SUP: 2412
44 7 60 40 29 52 58 #SUP: 2411
44 7 60 40 29 58 #SUP: 2422
44 7 60 40 52 #SUP: 2419
44 7 60 40 52 58 #SUP: 2418
44 7 60 40 58 #SUP: 2429
44 7 60 29 #SUP: 2448
44 7 60 29 52 #SUP: 2437
44 7 60 29 52 58 #SUP: 2436
44 7 60 29 58 #SUP: 2447
44 7 60 52 #SUP: 2444
44 7 60 52 58 #SUP: 2443
44 7 60 58 #SUP: 2454
44 7 40 #SUP: 2474
44 7 40 29 #SUP: 2467
44 7 40 29 52 #SUP: 2456
44 7 40 29 52 58 #SUP: 2455
44 7 40 29 58 #SUP: 2466
44 7 40 52 #SUP: 2463
44 7 40 52 58 #SUP: 2462
44 7 40 58 #SUP: 2473
44 7 29 #SUP: 2493
44 7 29 52 #SUP: 2482
44 7 29 52 58 #SUP: 2481
44 7 29 58 #SUP: 2492
44 7 52 #SUP: 2489
44 7 52 58 #SUP: 2488
44 7 58 #SUP: 2499
44 36 #SUP: 2525
44 36 60 #SUP: 2478
44 36 60 40 #SUP: 2453
44 36 60 40 29 #SUP: 2440
44 36 60 40 29 52 #SUP: 2429
44 36 60 40 29 52 58 #SUP: 2428
44 36 60 40 29 58 #SUP: 2439
44 36 60 40 52 #SUP: 2442
44 36 60 40 52 58 #SUP: 2441
44 36 60 40 58 #SUP: 2452
44 36 60 29 #SUP: 2465
44 36 60 29 52 #SUP: 2454
44 36 60 29 52 58 #SUP: 2453
44 36 60 29 58 #SUP: 2464
44 36 60 52 #SUP: 2467
44 36 60 52 58 #SUP: 2466
44 36 60 58 #SUP: 2477
44 36 40 #SUP: 2499
44 36 40 29 #SUP: 2484
44 36 40 29 52 #SUP: 2473
44 36 40 29 52 58 #SUP: 2472
44 36 40 29 58 #SUP: 2483
44 36 40 52 #SUP: 2488
44 36 40 52 58 #SUP: 2487
44 36 40 58 #SUP: 2498
44 36 29 #SUP: 2510
44 36 29 52 #SUP: 2499
44 36 29 52 58 #SUP: 2498
44 36 29 58 #SUP: 2509
44 36 52 #SUP: 2514
44 36 52 58 #SUP: 2513
44 36 58 #SUP: 2524
44 60 #SUP: 2565
44 60 40 #SUP: 2540
44 60 40 29 #SUP: 2527
44 60 40 29 52 #SUP: 2516
44 60 40 29 52 58 #SUP: 2515
44 60 40 29 58 #SUP: 2526
44 60 40 52 #SUP: 2529
44 60 40 52 58 #SUP: 2528
44 60 40 58 #SUP: 2539
44 60 29 #SUP: 2552
44 60 29 52 #SUP: 2541
44 60 29 52 58 #SUP: 2540
44 60 29 58 #SUP: 2551
44 60 52 #SUP: 2554
44 60 52 58 #SUP: 2553
44 60 58 #SUP: 2564
44 40 #SUP: 2586
44 40 29 #SUP: 2571
44 40 29 52 #SUP: 2560
44 40 29 52 58 #SUP: 2559
44 40 29 58 #SUP: 2570
44 40 52 #SUP: 2575
44 40 52 58 #SUP: 2574
44 40 58 #SUP: 2585
44 29 #SUP: 2597
44 29 52 #SUP: 2586
44 29 52 58 #SUP: 2585
44 29 58 #SUP: 2596
44 52 #SUP: 2601
44 52 58 #SUP: 2600
44 58 #SUP: 2611
64 #SUP: 2631
64 42 #SUP: 2464
64 42 60 #SUP: 2438
64 42 60 40 #SUP: 2438
64 42 60 40 29 #SUP: 2428
64 42 60 40 29 52 #SUP: 2427
64 42 60 40 29 52 58 #SUP: 2426
64 42 60 40 29 58 #SUP: 2427
64 42 60 40 52 #SUP: 2437
64 42 60 40 52 58 #SUP: 2436
64 42 60 40 58 #SUP: 2437
64 42 60 29 #SUP: 2428
64 42 60 29 52 #SUP: 2427
64 42 60 29 52 58 #SUP: 2426
64 42 60 29 58 #SUP: 2427
64 42 60 52 #SUP: 2437
64 42 60 52 58 #SUP: 2436
64 42 60 58 #SUP: 2437
64 42 40 #SUP: 2464
64 42 40 29 #SUP: 2452
64 42 40 29 52 #SUP: 2451
64 42 40 29 52 58 #SUP: 2450
64 42 40 29 58 #SUP: 2451
64 42 40 52 #SUP: 2463
64 42 40 52 58 #SUP: 2462
64 42 40 58 #SUP: 2463
64 42 29 #SUP: 2452
64 42 29 52 #SUP: 2451
64 42 29 52 58 #SUP: 2450
64 42 29 58 #SUP: 2451
64 42 52 #SUP: 2463
64 42 52 58 #SUP: 2462
64 42 58 #SUP: 2463
64 5 #SUP: 2489
64 5 34 #SUP: 2430
64 5 34 40 #SUP: 2429
64 5 34 40 29 #SUP: 2425
64 5 34 40 29 52 #SUP: 2424
64 5 34 40 29 52 58 #SUP: 2423
64 5 34 40 29 58 #SUP: 2424
64 5 34 40 52 #SUP: 2428
64 5 34 40 52 58 #SUP: 2427
64 5 34 40 58 #SUP: 2428
64 5 34 29 #SUP: 2426
64 5 34 29 52 #SUP: 2425
64 5 34 29 52 58 #SUP: 2424
64 5 34 29 58 #SUP: 2425
64 5 34 52 #SUP: 2429
64 5 34 52 58 #SUP: 2428
64 5 34 58 #SUP: 2429
64 5 36 #SUP: 2409
64 5 36 40 #SUP: 2408
64 5 36 40 29 #SUP: 2401
64 5 36 40 29 52 #SUP: 2400
64 5 36 40 29 52 58 #SUP: 2399
64 5 36 40 29 58 #SUP: 2400
64 5 36 40 52 #SUP: 2407
64 5 36 40 52 58 #SUP: 2406
64 5 36 40 58 #SUP: 2407
64 5 36 29 #SUP: 2402
64 5 36 29 52 #SUP: 2401
64 5 36 29 52 58 #SUP: 2400
64 5 36 29 58 #SUP: 2401
64 5 36 52 #SUP: 2408
64 5 36 52 58 #SUP: 2407
64 5 36 58 #SUP: 2408
64 5 60 #SUP: 2442
64 5 60 40 #SUP: 2442
64 5 60 40 29 #SUP: 2437
64 5 60 40 29 52 #SUP: 2436
64 5 60 40 29 52 58 #SUP: 2435
64 5 60 40 29 58 #SUP: 2436
64 5 60 40 52 #SUP: 2441
64 5 60 40 52 58 #SUP: 2440
64 5 60 40 58 #SUP: 2441
64 5 60 29 #SUP: 2437
64 5 60 29 52 #SUP: 2436
64 5 60 29 52 58 #SUP: 2435
64 5 60 29 58 #SUP: 2436
64 5 60 52 #SUP: 2441
64 5 60 52 58 #SUP: 2440
64 5 60 58 #SUP: 2441
64 5 40 #SUP: 2488
64 5 40 29 #SUP: 2481
64 5 40 29 52 #SUP: 2480
64 5 40 29 52 58 #SUP: 2479
64 5 40 29 58 #SUP: 2480
64 5 40 52 #SUP: 2487
64 5 40 52 58 #SUP: 2486
64 5 40 58 #SUP: 2487
64 5 29 #SUP: 2482
64 5 29 52 #SUP: 2481
64 5 29 52 58 #SUP: 2480
64 5 29 58 #SUP: 2481
64 5 52 #SUP: 2488
64 5 52 58 #SUP: 2487
64 5 58 #SUP: 2488
64 48 #SUP: 2478
64 48 36 #SUP: 2455
64 48 36 60 #SUP: 2428
64 48 36 60 40 #SUP: 2428
64 48 36 60 40 29 #SUP: 2415
64 48 36 60 40 29 52 #SUP: 2414
64 48 36 60 40 29 52 58 #SUP: 2413
64 48 36 60 40 29 58 #SUP: 2414
64 48 36 60 40 52 #SUP: 2427
64 48 36 60 40 52 58 #SUP: 2426
64 48 36 60 40 58 #SUP: 2427
64 48 36 60 29 #SUP: 2415
64 48 36 60 29 52 #SUP: 2414
64 48 36 60 29 52 58 #SUP: 2413
64 48 36 60 29 58 #SUP: 2414
64 48 36 60 52 #SUP: 2427
64 48 36 60 52 58 #SUP: 2426
64 48 36 60 58 #SUP: 2427
64 48 36 40 #SUP: 2454
64 48 36 40 29 #SUP: 2439
64 48 36 40 29 52 #SUP: 2438
64 48 36 40 29 52 58 #SUP: 2437
64 48 36 40 29 58 #SUP: 2438
64 48 36 40 52 #SUP: 2453
64 48 36 40 52 58 #SUP: 2452
64 48 36 40 58 #SUP: 2453
64 48 36 29 #SUP: 2440
64 48 36 29 52 #SUP: 2439
64 48 36 29 52 58 #SUP: 2438
64 48 36 29 58 #SUP: 2439
64 48 36 52 #SUP: 2454
64 48 36 52 58 #SUP: 2453
64 48 36 58 #SUP: 2454
64 48 60 #SUP: 2451
64 48 60 40 #SUP: 2451
64 48 60 40 29 #SUP: 2438
64 48 60 40 29 52 #SUP: 2437
64 48 60 40 29 52 58 #SUP: 2436
64 48 60 40 29 58 #SUP: 2437
64 48 60 40 52 #SUP: 2450
64 48 60 40 52 58 #SUP: 2449
64 48 60 40 58 #SUP: 2450
64 48 60 29 #SUP: 2438
64 48 60 29 52 #SUP: 2437
64 48 60 29 52 58 #SUP: 2436
64 48 60 29 58 #SUP: 2437
64 48 60 52 #SUP: 2450
64 48 60 52 58 #SUP: 2449
64 48 60 58 #SUP: 2450
64 48 40 #SUP: 2477
64 48 40 29 #SUP: 2462
64 48 40 29 52 #SUP: 2461
64 48 40 29 52 58 #SUP: 2460
64 48 40 29 58 #SUP: 2461
64 48 40 52 #SUP: 2476
64 48 40 52 58 #SUP: 2475
64 48 40 58 #SUP: 2476
64 48 29 #SUP: 2463
64 48 29 52 #SUP: 2462
64 48 29 52 58 #SUP: 2461
64 48 29 58 #SUP: 2462
64 48 52 #SUP: 2477
64 48 52 58 #SUP: 2476
64 48 58 #SUP: 2477
64 66 #SUP: 2497
64 66 34 #SUP: 2407
64 66 34 60 #SUP: 2407
64 66 34 60 40 #SUP: 2407
64 66 34 60 40 29 #SUP: 2403
64 66 34 60 40 29 52 #SUP: 2402
64 66 34 60 40 29 52 58 #SUP: 2401
64 66 34 60 40 29 58 #SUP: 2402
64 66 34 60 40 52 #SUP: 2406
64 66 34 60 40 52 58 #SUP: 2405
64 66 34 60 40 58 #SUP: 2406
64 66 34 60 29 #SUP: 2403
64 66 34 60 29 52 #SUP: 2402
64 66 34 60 29 52 58 #SUP: 2401
64 66 34 60 29 58 #SUP: 2402
64 66 34 60 52 #SUP: 2406
64 66 34 60 52 58 #SUP: 2405
64 66 34 60 58 #SUP: 2406
64 66 34 40 #SUP: 2407
64 66 34 40 29 #SUP: 2403
64 66 34 40 29 52 #SUP: 2402
64 66 34 40 29 52 58 #SUP: 2401
64 66 34 40 29 58 #SUP: 2402
64 66 34 40 52 #SUP: 2406
64 66 34 40 52 58 #SUP: 2405
64 66 34 40 58 #SUP: 2406
64 66 34 29 #SUP: 2403
64 66 34 29 52 #SUP: 2402
64 66 34 29 52 58 #SUP: 2401
64 66 34 29 58 #SUP: 2402
64 66 34 52 #SUP: 2406
64 66 34 52 58 #SUP: 2405
64 66 34 58 #SUP: 2406
64 66 36 #SUP: 2417
64 66 36 60 #SUP: 2417
64 66 36 60 40 #SUP: 2417
64 66 36 60 40 29 #SUP: 2409
64 66 36 60 40 29 52 #SUP: 2408
64 66 36 60 40 29 52 58 #SUP: 2407
64 66 36 60 40 29 58 #SUP: 2408
64 66 36 60 40 52 #SUP: 2416
64 66 36 60 40 52 58 #SUP: 2415
64 66 36 60 40 58 #SUP: 2416
64 66 36 60 29 #SUP: 2409
64 66 36 60 29 52 #SUP: 2408
64 66 36 60 29 52 58 #SUP: 2407
64 66 36 60 29 58 #SUP: 2408
64 66 36 60 52 #SUP: 2416
64 66 36 60 52 58 #SUP: 2415
64 66 36 60 58 #SUP: 2416
64 66 36 40 #SUP: 2417
64 66 36 40 29 #SUP: 2409
64 66 36 40 29 52 #SUP: 2408
64 66 36 40 29 52 58 #SUP: 2407
64 66 36 40 29 58 #SUP: 2408
64 66 36 40 52 #SUP: 2416
64 66 36 40 52 58 #SUP: 2415
64 66 36 40 58 #SUP: 2416
64 66 36 29 #SUP: 2409
64 66 36 29 52 #SUP: 2408
64 66 36 29 52 58 #SUP: 2407
64 66 36 29 58 #SUP: 2408
64 66 36 52 #SUP: 2416
64 66 36 52 58 #SUP: 2415
64 66 36 58 #SUP: 2416
64 66 60 #SUP: 2497
64 66 60 40 #SUP: 2497
64 66 60 40 29 #SUP: 2489
64 66 60 40 29 52 #SUP: 2488
64 66 60 40 29 52 58 #SUP: 2487
64 66 60 40 29 58 #SUP: 2488
64 66 60 40 52 #SUP: 2496
64 66 60 40 52 58 #SUP: 2495
64 66 60 40 58 #SUP: 2496
64 66 60 29 #SUP: 2489
64 66 60 29 52 #SUP: 2488
64 66 60 29 52 58 #SUP: 2487
64 66 60 29 58 #SUP: 2488
64 66 60 52 #SUP: 2496
64 66 60 52 58 #SUP: 2495
64 66 60 58 #SUP: 2496
64 66 40 #SUP: 2497
64 66 40 29 #SUP: 2489
64 66 40 29 52 #SUP: 2488
64 66 40 29 52 58 #SUP: 2487
64 66 40 29 58 #SUP: 2488
64 66 40 52 #SUP: 2496
64 66 40 52 58 #SUP: 2495
64 66 40 58 #SUP: 2496
64 66 29 #SUP: 2489
64 66 29 52 #SUP: 2488
64 66 29 52 58 #SUP: 2487
64 66 29 58 #SUP: 2488
64 66 52 #SUP: 2496
64 66 52 58 #SUP: 2495
64 66 58 #SUP: 2496
64 56 #SUP: 2498
64 56 34 #SUP: 2404
64 56 34 40 #SUP: 2403
64 56 34 40 29 #SUP: 2399
64 56 34 40 29 52 #SUP: 2398
64 56 34 40 29 52 58 #SUP: 2397
64 56 34 40 29 58 #SUP: 2398
64 56 34 40 52 #SUP: 2402
64 56 34 40 52 58 #SUP: 2401
64 56 34 40 58 #SUP: 2402
64 56 34 29 #SUP: 2400
64 56 34 29 52 #SUP: 2399
64 56 34 29 52 58 #SUP: 2398
64 56 34 29 58 #SUP: 2399
64 56 34 52 #SUP: 2403
64 56 34 52 58 #SUP: 2402
64 56 34 58 #SUP: 2403
64 56 62 #SUP: 2420
64 56 62 58 #SUP: 2420
64 56 62 40 #SUP: 2420
64 56 62 40 58 #SUP: 2420
64 56 62 40 29 #SUP: 2405
64 56 62 40 29 58 #SUP: 2405
64 56 62 40 29 52 #SUP: 2404
64 56 62 40 29 52 58 #SUP: 2404
64 56 62 40 52 #SUP: 2419
64 56 62 40 52 58 #SUP: 2419
64 56 62 29 #SUP: 2405
64 56 62 29 58 #SUP: 2405
64 56 62 29 52 #SUP: 2404
64 56 62 29 52 58 #SUP: 2404
64 56 62 52 #SUP: 2419
64 56 62 52 58 #SUP: 2419
64 56 7 #SUP: 2398
64 56 7 40 #SUP: 2397
64 56 7 52 #SUP: 2397
64 56 7 58 #SUP: 2397
64 56 36 #SUP: 2418
64 56 36 40 #SUP: 2417
64 56 36 40 29 #SUP: 2402
64 56 36 40 29 52 #SUP: 2401
64 56 36 40 29 52 58 #SUP: 2400
64 56 36 40 29 58 #SUP: 2401
64 56 36 40 52 #SUP: 2416
64 56 36 40 52 58 #SUP: 2415
64 56 36 40 58 #SUP: 2416
64 56 36 29 #SUP: 2403
64 56 36 29 52 #SUP: 2402
64 56 36 29 52 58 #SUP: 2401
64 56 36 29 58 #SUP: 2402
64 56 36 52 #SUP: 2417
64 56 36 52 58 #SUP: 2416
64 56 36 58 #SUP: 2417
64 56 60 #SUP: 2451
64 56 60 40 #SUP: 2451
64 56 60 40 29 #SUP: 2438
64 56 60 40 29 52 #SUP: 2437
64 56 60 40 29 52 58 #SUP: 2436
64 56 60 40 29 58 #SUP: 2437
64 56 60 40 52 #SUP: 2450
64 56 60 40 52 58 #SUP: 2449
64 56 60 40 58 #SUP: 2450
64 56 60 29 #SUP: 2438
64 56 60 29 52 #SUP: 2437
64 56 60 29 52 58 #SUP: 2436
64 56 60 29 58 #SUP: 2437
64 56 60 52 #SUP: 2450
64 56 60 52 58 #SUP: 2449
64 56 60 58 #SUP: 2450
64 56 40 #SUP: 2497
64 56 40 29 #SUP: 2482
64 56 40 29 52 #SUP: 2481
64 56 40 29 52 58 #SUP: 2480
64 56 40 29 58 #SUP: 2481
64 56 40 52 #SUP: 2496
64 56 40 52 58 #SUP: 2495
64 56 40 58 #SUP: 2496
64 56 29 #SUP: 2483
64 56 29 52 #SUP: 2482
64 56 29 52 58 #SUP: 2481
64 56 29 58 #SUP: 2482
64 56 52 #SUP: 2497
64 56 52 58 #SUP: 2496
64 56 58 #SUP: 2497
64 34 #SUP: 2531
64 34 62 #SUP: 2428
64 34 62 58 #SUP: 2428
64 34 62 40 #SUP: 2428
64 34 62 40 58 #SUP: 2428
64 34 62 40 29 #SUP: 2424
64 34 62 40 29 58 #SUP: 2424
64 34 62 40 29 52 #SUP: 2423
64 34 62 40 29 52 58 #SUP: 2423
64 34 62 40 52 #SUP: 2427
64 34 62 40 52 58 #SUP: 2427
64 34 62 29 #SUP: 2424
64 34 62 29 58 #SUP: 2424
64 34 62 29 52 #SUP: 2423
64 34 62 29 52 58 #SUP: 2423
64 34 62 52 #SUP: 2427
64 34 62 52 58 #SUP: 2427
64 34 7 #SUP: 2426
64 34 7 40 #SUP: 2425
64 34 7 40 29 #SUP: 2423
64 34 7 40 29 52 #SUP: 2422
64 34 7 40 29 52 58 #SUP: 2421
64 34 7 40 29 58 #SUP: 2422
64 34 7 40 52 #SUP: 2424
64 34 7 40 52 58 #SUP: 2423
64 34 7 40 58 #SUP: 2424
64 34 7 29 #SUP: 2424
64 34 7 29 52 #SUP: 2423
64 34 7 29 52 58 #SUP: 2422
64 34 7 29 58 #SUP: 2423
64 34 7 52 #SUP: 2425
64 34 7 52 58 #SUP: 2424
64 34 7 58 #SUP: 2425
64 34 36 #SUP: 2451
64 34 36 60 #SUP: 2406
64 34 36 60 40 #SUP: 2406
64 34 36 60 40 29 #SUP: 2402
64 34 36 60 40 29 52 #SUP: 2401
64 34 36 60 40 29 52 58 #SUP: 2400
64 34 36 60 40 29 58 #SUP: 2401
64 34 36 60 40 52 #SUP: 2405
64 34 36 60 40 52 58 #SUP: 2404
64 34 36 60 40 58 #SUP: 2405
64 34 36 60 29 #SUP: 2402
64 34 36 60 29 52 #SUP: 2401
64 34 36 60 29 52 58 #SUP: 2400
64 34 36 60 29 58 #SUP: 2401
64 34 36 60 52 #SUP: 2405
64 34 36 60 52 58 #SUP: 2404
64 34 36 60 58 #SUP: 2405
64 34 36 40 #SUP: 2450
64 34 36 40 29 #SUP: 2446
64 34 36 40 29 52 #SUP: 2445
64 34 36 40 29 52 58 #SUP: 2444
64 34 36 40 29 58 #SUP: 2445
64 34 36 40 52 #SUP: 2449
64 34 36 40 52 58 #SUP: 2448
64 34 36 40 58 #SUP: 2449
64 34 36 29 #SUP: 2447
64 34 36 29 52 #SUP: 2446
64 34 36 29 52 58 #SUP: 2445
64 34 36 29 58 #SUP: 2446
64 34 36 52 #SUP: 2450
64 34 36 52 58 #SUP: 2449
64 34 36 58 #SUP: 2450
64 34 60 #SUP: 2486
64 34 60 40 #SUP: 2486
64 34 60 40 29 #SUP: 2482
64 34 60 40 29 52 #SUP: 2481
64 34 60 40 29 52 58 #SUP: 2480
64 34 60 40 29 58 #SUP: 2481
64 34 60 40 52 #SUP: 2485
64 34 60 40 52 58 #SUP: 2484
64 34 60 40 58 #SUP: 2485
64 34 60 29 #SUP: 2482
64 34 60 29 52 #SUP: 2481
64 34 60 29 52 58 #SUP: 2480
64 34 60 29 58 #SUP: 2481
64 34 60 52 #SUP: 2485
64 34 60 52 58 #SUP: 2484
64 34 60 58 #SUP: 2485
64 34 40 #SUP: 2530
64 34 40 29 #SUP: 2526
64 34 40 29 52 #SUP: 2525
64 34 40 29 52 58 #SUP: 2524
64 34 40 29 58 #SUP: 2525
64 34 40 52 #SUP: 2529
64 34 40 52 58 #SUP: 2528
64 34 40 58 #SUP: 2529
64 34 29 #SUP: 2527
64 34 29 52 #SUP: 2526
64 34 29 52 58 #SUP: 2525
64 34 29 58 #SUP: 2526
64 34 52 #SUP: 2530
64 34 52 58 #SUP: 2529
64 34 58 #SUP: 2530
64 62 #SUP: 2524
64 62 58 #SUP: 2524
64 62 7 #SUP: 2411
64 62 7 58 #SUP: 2411
64 62 7 40 #SUP: 2411
64 62 7 40 58 #SUP: 2411
64 62 7 40 29 #SUP: 2404
64 62 7 40 29 58 #SUP: 2404
64 62 7 40 29 52 #SUP: 2403
64 62 7 40 29 52 58 #SUP: 2403
64 62 7 40 52 #SUP: 2410
64 62 7 40 52 58 #SUP: 2410
64 62 7 29 #SUP: 2404
64 62 7 29 58 #SUP: 2404
64 62 7 29 52 #SUP: 2403
64 62 7 29 52 58 #SUP: 2403
64 62 7 52 #SUP: 2410
64 62 7 52 58 #SUP: 2410
64 62 36 #SUP: 2444
64 62 36 58 #SUP: 2444
64 62 36 60 #SUP: 2398
64 62 36 60 58 #SUP: 2398
64 62 36 60 40 #SUP: 2398
64 62 36 60 40 58 #SUP: 2398
64 62 36 60 40 52 #SUP: 2397
64 62 36 60 40 52 58 #SUP: 2397
64 62 36 60 52 #SUP: 2397
64 62 36 60 52 58 #SUP: 2397
64 62 36 40 #SUP: 2444
64 62 36 40 58 #SUP: 2444
64 62 36 40 29 #SUP: 2429
64 62 36 40 29 58 #SUP: 2429
64 62 36 40 29 52 #SUP: 2428
64 62 36 40 29 52 58 #SUP: 2428
64 62 36 40 52 #SUP: 2443
64 62 36 40 52 58 #SUP: 2443
64 62 36 29 #SUP: 2429
64 62 36 29 58 #SUP: 2429
64 62 36 29 52 #SUP: 2428
64 62 36 29 52 58 #SUP: 2428
64 62 36 52 #SUP: 2443
64 62 36 52 58 #SUP: 2443
64 62 60 #SUP: 2478
64 62 60 58 #SUP: 2478
64 62 60 40 #SUP: 2478
64 62 60 40 58 #SUP: 2478
64 62 60 40 29 #SUP: 2465
64 62 60 40 29 58 #SUP: 2465
64 62 60 40 29 52 #SUP: 2464
64 62 60 40 29 52 58 #SUP: 2464
64 62 60 40 52 #SUP: 2477
64 62 60 40 52 58 #SUP: 2477
64 62 60 29 #SUP: 2465
64 62 60 29 58 #SUP: 2465
64 62 60 29 52 #SUP: 2464
64 62 60 29 52 58 #SUP: 2464
64 62 60 52 #SUP: 2477
64 62 60 52 58 #SUP: 2477
64 62 40 #SUP: 2524
64 62 40 58 #SUP: 2524
64 62 40 29 #SUP: 2509
64 62 40 29 58 #SUP: 2509
64 62 40 29 52 #SUP: 2508
64 62 40 29 52 58 #SUP: 2508
64 62 40 52 #SUP: 2523
64 62 40 52 58 #SUP: 2523
64 62 29 #SUP: 2509
64 62 29 58 #SUP: 2509
64 62 29 52 #SUP: 2508
64 62 29 52 58 #SUP: 2508
64 62 52 #SUP: 2523
64 62 52 58 #SUP: 2523
64 7 #SUP: 2518
64 7 36 #SUP: 2438
64 7 36 40 #SUP: 2437
64 7 36 40 29 #SUP: 2430
64 7 36 40 29 52 #SUP: 2429
64 7 36 40 29 52 58 #SUP: 2428
64 7 36 40 29 58 #SUP: 2429
64 7 36 40 52 #SUP: 2436
64 7 36 40 52 58 #SUP: 2435
64 7 36 40 58 #SUP: 2436
64 7 36 29 #SUP: 2431
64 7 36 29 52 #SUP: 2430
64 7 36 29 52 58 #SUP: 2429
64 7 36 29 58 #SUP: 2430
64 7 36 52 #SUP: 2437
64 7 36 52 58 #SUP: 2436
64 7 36 58 #SUP: 2437
64 7 60 #SUP: 2473
64 7 60 40 #SUP: 2473
64 7 60 40 29 #SUP: 2466
64 7 60 40 29 52 #SUP: 2465
64 7 60 40 29 52 58 #SUP: 2464
64 7 60 40 29 58 #SUP: 2465
64 7 60 40 52 #SUP: 2472
64 7 60 40 52 58 #SUP: 2471
64 7 60 40 58 #SUP: 2472
64 7 60 29 #SUP: 2466
64 7 60 29 52 #SUP: 2465
64 7 60 29 52 58 #SUP: 2464
64 7 60 29 58 #SUP: 2465
64 7 60 52 #SUP: 2472
64 7 60 52 58 #SUP: 2471
64 7 60 58 #SUP: 2472
64 7 40 #SUP: 2517
64 7 40 29 #SUP: 2510
64 7 40 29 52 #SUP: 2509
64 7 40 29 52 58 #SUP: 2508
64 7 40 29 58 #SUP: 2509
64 7 40 52 #SUP: 2516
64 7 40 52 58 #SUP: 2515
64 7 40 58 #SUP: 2516
64 7 29 #SUP: 2511
64 7 29 52 #SUP: 2510
64 7 29 52 58 #SUP: 2509
64 7 29 58 #SUP: 2510
64 7 52 #SUP: 2517
64 7 52 58 #SUP: 2516
64 7 58 #SUP: 2517
64 36 #SUP: 2551
64 36 60 #SUP: 2504
64 36 60 40 #SUP: 2504
64 36 60 40 29 #SUP: 2491
64 36 60 40 29 52 #SUP: 2490
64 36 60 40 29 52 58 #SUP: 2489
64 36 60 40 29 58 #SUP: 2490
64 36 60 40 52 #SUP: 2503
64 36 60 40 52 58 #SUP: 2502
64 36 60 40 58 #SUP: 2503
64 36 60 29 #SUP: 2491
64 36 60 29 52 #SUP: 2490
64 36 60 29 52 58 #SUP: 2489
64 36 60 29 58 #SUP: 2490
64 36 60 52 #SUP: 2503
64 36 60 52 58 #SUP: 2502
64 36 60 58 #SUP: 2503
64 36 40 #SUP: 2550
64 36 40 29 #SUP: 2535
64 36 40 29 52 #SUP: 2534
64 36 40 29 52 58 #SUP: 2533
64 36 40 29 58 #SUP: 2534
64 36 40 52 #SUP: 2549
64 36 40 52 58 #SUP: 2548
64 36 40 58 #SUP: 2549
64 36 29 #SUP: 2536
64 36 29 52 #SUP: 2535
64 36 29 52 58 #SUP: 2534
64 36 29 58 #SUP: 2535
64 36 52 #SUP: 2550
64 36 52 58 #SUP: 2549
64 36 58 #SUP: 2550
64 60 #SUP: 2584
64 60 40 #SUP: 2584
64 60 40 29 #SUP: 2571
64 60 40 29 52 #SUP: 2570
64 60 40 29 52 58 #SUP: 2569
64 60 40 29 58 #SUP: 2570
64 60 40 52 #SUP: 2583
64 60 40 52 58 #SUP: 2582
64 60 40 58 #SUP: 2583
64 60 29 #SUP: 2571
64 60 29 52 #SUP: 2570
64 60 29 52 58 #SUP: 2569
64 60 29 58 #SUP: 2570
64 60 52 #SUP: 2583
64 60 52 58 #SUP: 2582
64 60 58 #SUP: 2583
64 40 #SUP: 2630
64 40 29 #SUP: 2615
64 40 29 52 #SUP: 2614
64 40 29 52 58 #SUP: 2613
64 40 29 58 #SUP: 2614
64 40 52 #SUP: 2629
64 40 52 58 #SUP: 2628
64 40 58 #SUP: 2629
64 29 #SUP: 2616
64 29 52 #SUP: 2615
64 29 52 58 #SUP: 2614
64 29 58 #SUP: 2615
64 52 #SUP: 2630
64 52 58 #SUP: 2629
64 58 #SUP: 2630
42 #SUP: 2714
42 3 #SUP: 2411
42 3 58 #SUP: 2411
42 3 60 #SUP: 2398
42 3 60 58 #SUP: 2398
42 3 60 29 #SUP: 2398
42 3 60 29 58 #SUP: 2398
42 3 29 #SUP: 2411
42 3 29 58 #SUP: 2411
42 3 29 52 #SUP: 2406
42 3 29 52 58 #SUP: 2406
42 3 52 #SUP: 2406
42 3 52 58 #SUP: 2406
42 25 #SUP: 2416
42 25 60 #SUP: 2405
42 25 60 52 #SUP: 2400
42 25 60 52 58 #SUP: 2399
42 25 60 58 #SUP: 2404
42 25 40 #SUP: 2399
42 25 40 58 #SUP: 2398
42 25 29 #SUP: 2406
42 25 29 52 #SUP: 2401
42 25 29 52 58 #SUP: 2400
42 25 29 58 #SUP: 2405
42 25 52 #SUP: 2411
42 25 52 58 #SUP: 2410
42 25 58 #SUP: 2415
42 9 #SUP: 2446
42 9 60 #SUP: 2423
42 9 60 40 #SUP: 2408
42 9 60 40 29 #SUP: 2402
42 9 60 40 29 52 #SUP: 2397
42 9 60 40 29 58 #SUP: 2401
42 9 60 40 52 #SUP: 2403
42 9 60 40 52 58 #SUP: 2402
42 9 60 40 58 #SUP: 2407
42 9 60 29 #SUP: 2417
42 9 60 29 52 #SUP: 2412
42 9 60 29 52 58 #SUP: 2411
42 9 60 29 58 #SUP: 2416
42 9 60 52 #SUP: 2418
42 9 60 52 58 #SUP: 2417
42 9 60 58 #SUP: 2422
42 9 40 #SUP: 2431
42 9 40 29 #SUP: 2423
42 9 40 29 52 #SUP: 2418
42 9 40 29 52 58 #SUP: 2417
42 9 40 29 58 #SUP: 2422
42 9 40 52 #SUP: 2426
42 9 40 52 58 #SUP: 2425
42 9 40 58 #SUP: 2430
42 9 29 #SUP: 2438
42 9 29 52 #SUP: 2433
42 9 29 52 58 #SUP: 2432
42 9 29 58 #SUP: 2437
42 9 52 #SUP: 2441
42 9 52 58 #SUP: 2440
42 9 58 #SUP: 2445
42 5 #SUP: 2562
42 5 48 #SUP: 2412
42 5 48 60 #SUP: 2398
42 5 48 60 58 #SUP: 2397
42 5 48 40 #SUP: 2398
42 5 48 40 58 #SUP: 2397
42 5 48 29 #SUP: 2406
42 5 48 29 52 #SUP: 2400
42 5 48 29 52 58 #SUP: 2399
42 5 48 29 58 #SUP: 2405
42 5 48 52 #SUP: 2406
42 5 48 52 58 #SUP: 2405
42 5 48 58 #SUP: 2411
42 5 66 #SUP: 2475
42 5 66 34 #SUP: 2409
42 5 66 34 60 #SUP: 2409
42 5 66 34 60 40 #SUP: 2397
42 5 66 34 60 29 #SUP: 2405
42 5 66 34 60 29 52 #SUP: 2400
42 5 66 34 60 29 52 58 #SUP: 2399
42 5 66 34 60 29 58 #SUP: 2404
42 5 66 34 60 52 #SUP: 2404
42 5 66 34 60 52 58 #SUP: 2403
42 5 66 34 60 58 #SUP: 2408
42 5 66 34 40 #SUP: 2397
42 5 66 34 29 #SUP: 2405
42 5 66 34 29 52 #SUP: 2400
42 5 66 34 29 52 58 #SUP: 2399
42 5 66 34 29 58 #SUP: 2404
42 5 66 34 52 #SUP: 2404
42 5 66 34 52 58 #SUP: 2403
42 5 66 34 58 #SUP: 2408
42 5 66 60 #SUP: 2475
42 5 66 60 40 #SUP: 2461
42 5 66 60 40 29 #SUP: 2457
42 5 66 60 40 29 52 #SUP: 2451
42 5 66 60 40 29 52 58 #SUP: 2450
42 5 66 60 40 29 58 #SUP: 2456
42 5 66 60 40 52 #SUP: 2455
42 5 66 60 40 52 58 #SUP: 2454
42 5 66 60 40 58 #SUP: 2460
42 5 66 60 29 #SUP: 2471
42 5 66 60 29 52 #SUP: 2465
42 5 66 60 29 52 58 #SUP: 2464
42 5 66 60 29 58 #SUP: 2470
42 5 66 60 52 #SUP: 2469
42 5 66 60 52 58 #SUP: 2468
42 5 66 60 58 #SUP: 2474
42 5 66 40 #SUP: 2461
42 5 66 40 29 #SUP: 2457
42 5 66 40 29 52 #SUP: 2451
42 5 66 40 29 52 58 #SUP: 2450
42 5 66 40 29 58 #SUP: 2456
42 5 66 40 52 #SUP: 2455
42 5 66 40 52 58 #SUP: 2454
42 5 66 40 58 #SUP: 2460
42 5 66 29 #SUP: 2471
42 5 66 29 52 #SUP: 2465
42 5 66 29 52 58 #SUP: 2464
42 5 66 29 58 #SUP: 2470
42 5 66 52 #SUP: 2469
42 5 66 52 58 #SUP: 2468
42 5 66 58 #SUP: 2474
42 5 56 #SUP: 2418
42 5 56 40 #SUP: 2405
42 5 56 40 29 #SUP: 2399
42 5 56 40 29 58 #SUP: 2398
42 5 56 40 52 #SUP: 2400
42 5 56 40 52 58 #SUP: 2399
42 5 56 40 58 #SUP: 2404
42 5 56 29 #SUP: 2412
42 5 56 29 52 #SUP: 2407
42 5 56 29 52 58 #SUP: 2406
42 5 56 29 58 #SUP: 2411
42 5 56 52 #SUP: 2413
42 5 56 52 58 #SUP: 2412
42 5 56 58 #SUP: 2417
42 5 34 #SUP: 2494
42 5 34 36 #SUP: 2406
42 5 34 36 29 #SUP: 2402
42 5 34 36 29 52 #SUP: 2397
42 5 34 36 29 58 #SUP: 2401
42 5 34 36 52 #SUP: 2401
42 5 34 36 52 58 #SUP: 2400
42 5 34 36 58 #SUP: 2405
42 5 34 60 #SUP: 2470
42 5 34 60 40 #SUP: 2458
42 5 34 60 40 29 #SUP: 2454
42 5 34 60 40 29 52 #SUP: 2449
42 5 34 60 40 29 52 58 #SUP: 2448
42 5 34 60 40 29 58 #SUP: 2453
42 5 34 60 40 52 #SUP: 2453
42 5 34 60 40 52 58 #SUP: 2452
42 5 34 60 40 58 #SUP: 2457
42 5 34 60 29 #SUP: 2466
42 5 34 60 29 52 #SUP: 2461
42 5 34 60 29 52 58 #SUP: 2460
42 5 34 60 29 58 #SUP: 2465
42 5 34 60 52 #SUP: 2465
42 5 34 60 52 58 #SUP: 2464
42 5 34 60 58 #SUP: 2469
42 5 34 40 #SUP: 2482
42 5 34 40 29 #SUP: 2478
42 5 34 40 29 52 #SUP: 2473
42 5 34 40 29 52 58 #SUP: 2472
42 5 34 40 29 58 #SUP: 2477
42 5 34 40 52 #SUP: 2477
42 5 34 40 52 58 #SUP: 2476
42 5 34 40 58 #SUP: 2481
42 5 34 29 #SUP: 2490
42 5 34 29 52 #SUP: 2485
42 5 34 29 52 58 #SUP: 2484
42 5 34 29 58 #SUP: 2489
42 5 34 52 #SUP: 2489
42 5 34 52 58 #SUP: 2488
42 5 34 58 #SUP: 2493
42 5 62 #SUP: 2459
42 5 62 58 #SUP: 2459
42 5 62 60 #SUP: 2433
42 5 62 60 58 #SUP: 2433
42 5 62 60 40 #SUP: 2424
42 5 62 60 40 58 #SUP: 2424
42 5 62 60 40 29 #SUP: 2420
42 5 62 60 40 29 58 #SUP: 2420
42 5 62 60 40 29 52 #SUP: 2414
42 5 62 60 40 29 52 58 #SUP: 2414
42 5 62 60 40 52 #SUP: 2418
42 5 62 60 40 52 58 #SUP: 2418
42 5 62 60 29 #SUP: 2429
42 5 62 60 29 58 #SUP: 2429
42 5 62 60 29 52 #SUP: 2423
42 5 62 60 29 52 58 #SUP: 2423
42 5 62 60 52 #SUP: 2427
42 5 62 60 52 58 #SUP: 2427
42 5 62 40 #SUP: 2450
42 5 62 40 58 #SUP: 2450
42 5 62 40 29 #SUP: 2444
42 5 62 40 29 58 #SUP: 2444
42 5 62 40 29 52 #SUP: 2438
42 5 62 40 29 52 58 #SUP: 2438
42 5 62 40 52 #SUP: 2444
42 5 62 40 52 58 #SUP: 2444
42 5 62 29 #SUP: 2453
42 5 62 29 58 #SUP: 2453
42 5 62 29 52 #SUP: 2447
42 5 62 29 52 58 #SUP: 2447
42 5 62 52 #SUP: 2453
42 5 62 52 58 #SUP: 2453
42 5 7 #SUP: 2459
42 5 7 60 #SUP: 2435
42 5 7 60 40 #SUP: 2421
42 5 7 60 40 29 #SUP: 2419
42 5 7 60 40 29 52 #SUP: 2413
42 5 7 60 40 29 52 58 #SUP: 2412
42 5 7 60 40 29 58 #SUP: 2418
42 5 7 60 40 52 #SUP: 2415
42 5 7 60 40 52 58 #SUP: 2414
42 5 7 60 40 58 #SUP: 2420
42 5 7 60 29 #SUP: 2433
42 5 7 60 29 52 #SUP: 2427
42 5 7 60 29 52 58 #SUP: 2426
42 5 7 60 29 58 #SUP: 2432
42 5 7 60 52 #SUP: 2429
42 5 7 60 52 58 #SUP: 2428
42 5 7 60 58 #SUP: 2434
42 5 7 40 #SUP: 2445
42 5 7 40 29 #SUP: 2443
42 5 7 40 29 52 #SUP: 2437
42 5 7 40 29 52 58 #SUP: 2436
42 5 7 40 29 58 #SUP: 2442
42 5 7 40 52 #SUP: 2439
42 5 7 40 52 58 #SUP: 2438
42 5 7 40 58 #SUP: 2444
42 5 7 29 #SUP: 2457
42 5 7 29 52 #SUP: 2451
42 5 7 29 52 58 #SUP: 2450
42 5 7 29 58 #SUP: 2456
42 5 7 52 #SUP: 2453
42 5 7 52 58 #SUP: 2452
42 5 7 58 #SUP: 2458
42 5 36 #SUP: 2474
42 5 36 60 #SUP: 2448
42 5 36 60 40 #SUP: 2434
42 5 36 60 40 29 #SUP: 2430
42 5 36 60 40 29 52 #SUP: 2424
42 5 36 60 40 29 52 58 #SUP: 2423
42 5 36 60 40 29 58 #SUP: 2429
42 5 36 60 40 52 #SUP: 2428
42 5 36 60 40 52 58 #SUP: 2427
42 5 36 60 40 58 #SUP: 2433
42 5 36 60 29 #SUP: 2444
42 5 36 60 29 52 #SUP: 2438
42 5 36 60 29 52 58 #SUP: 2437
42 5 36 60 29 58 #SUP: 2443
42 5 36 60 52 #SUP: 2442
42 5 36 60 52 58 #SUP: 2441
42 5 36 60 58 #SUP: 2447
42 5 36 40 #SUP: 2460
42 5 36 40 29 #SUP: 2454
42 5 36 40 29 52 #SUP: 2448
42 5 36 40 29 52 58 #SUP: 2447
42 5 36 40 29 58 #SUP: 2453
42 5 36 40 52 #SUP: 2454
42 5 36 40 52 58 #SUP: 2453
42 5 36 40 58 #SUP: 2459
42 5 36 29 #SUP: 2468
42 5 36 29 52 #SUP: 2462
42 5 36 29 52 58 #SUP: 2461
42 5 36 29 58 #SUP: 2467
42 5 36 52 #SUP: 2468
42 5 36 52 58 #SUP: 2467
42 5 36 58 #SUP: 2473
42 5 60 #SUP: 2536
42 5 60 40 #SUP: 2522
42 5 60 40 29 #SUP: 2518
42 5 60 40 29 52 #SUP: 2512
42 5 60 40 29 52 58 #SUP: 2511
42 5 60 40 29 58 #SUP: 2517
42 5 60 40 52 #SUP: 2516
42 5 60 40 52 58 #SUP: 2515
42 5 60 40 58 #SUP: 2521
42 5 60 29 #SUP: 2532
42 5 60 29 52 #SUP: 2526
42 5 60 29 52 58 #SUP: 2525
42 5 60 29 58 #SUP: 2531
42 5 60 52 #SUP: 2530
42 5 60 52 58 #SUP: 2529
42 5 60 58 #SUP: 2535
42 5 40 #SUP: 2548
42 5 40 29 #SUP: 2542
42 5 40 29 52 #SUP: 2536
42 5 40 29 52 58 #SUP: 2535
42 5 40 29 58 #SUP: 2541
42 5 40 52 #SUP: 2542
42 5 40 52 58 #SUP: 2541
42 5 40 58 #SUP: 2547
42 5 29 #SUP: 2556
42 5 29 52 #SUP: 2550
42 5 29 52 58 #SUP: 2549
42 5 29 58 #SUP: 2555
42 5 52 #SUP: 2556
42 5 52 58 #SUP: 2555
42 5 58 #SUP: 2561
42 48 #SUP: 2564
42 48 66 #SUP: 2483
42 48 66 36 #SUP: 2458
42 48 66 36 60 #SUP: 2458
42 48 66 36 60 40 #SUP: 2442
42 48 66 36 60 40 29 #SUP: 2434
42 48 66 36 60 40 29 52 #SUP: 2428
42 48 66 36 60 40 29 52 58 #SUP: 2427
42 48 66 36 60 40 29 58 #SUP: 2433
42 48 66 36 60 40 52 #SUP: 2436
42 48 66 36 60 40 52 58 #SUP: 2435
42 48 66 36 60 40 58 #SUP: 2441
42 48 66 36 60 29 #SUP: 2450
42 48 66 36 60 29 52 #SUP: 2444
42 48 66 36 60 29 52 58 #SUP: 2443
42 48 66 36 60 29 58 #SUP: 2449
42 48 66 36 60 52 #SUP: 2452
42 48 66 36 60 52 58 #SUP: 2451
42 48 66 36 60 58 #SUP: 2457
42 48 66 36 40 #SUP: 2442
42 48 66 36 40 29 #SUP: 2434
42 48 66 36 40 29 52 #SUP: 2428
42 48 66 36 40 29 52 58 #SUP: 2427
42 48 66 36 40 29 58 #SUP: 2433
42 48 66 36 40 52 #SUP: 2436
42 48 66 36 40 52 58 #SUP: 2435
42 48 66 36 40 58 #SUP: 2441
42 48 66 36 29 #SUP: 2450
42 48 66 36 29 52 #SUP: 2444
42 48 66 36 29 52 58 #SUP: 2443
42 48 66 36 29 58 #SUP: 2449
42 48 66 36 52 #SUP: 2452
42 48 66 36 52 58 #SUP: 2451
42 48 66 36 58 #SUP: 2457
42 48 66 60 #SUP: 2483
42 48 66 60 40 #SUP: 2467
42 48 66 60 40 29 #SUP: 2459
42 48 66 60 40 29 52 #SUP: 2453
42 48 66 60 40 29 52 58 #SUP: 2452
42 48 66 60 40 29 58 #SUP: 2458
42 48 66 60 40 52 #SUP: 2461
42 48 66 60 40 52 58 #SUP: 2460
42 48 66 60 40 58 #SUP: 2466
42 48 66 60 29 #SUP: 2475
42 48 66 60 29 52 #SUP: 2469
42 48 66 60 29 52 58 #SUP: 2468
42 48 66 60 29 58 #SUP: 2474
42 48 66 60 52 #SUP: 2477
42 48 66 60 52 58 #SUP: 2476
42 48 66 60 58 #SUP: 2482
42 48 66 40 #SUP: 2467
42 48 66 40 29 #SUP: 2459
42 48 66 40 29 52 #SUP: 2453
42 48 66 40 29 52 58 #SUP: 2452
42 48 66 40 29 58 #SUP: 2458
42 48 66 40 52 #SUP: 2461
42 48 66 40 52 58 #SUP: 2460
42 48 66 40 58 #SUP: 2466
42 48 66 29 #SUP: 2475
42 48 66 29 52 #SUP: 2469
42 48 66 29 52 58 #SUP: 2468
42 48 66 29 58 #SUP: 2474
42 48 66 52 #SUP: 2477
42 48 66 52 58 #SUP: 2476
42 48 66 58 #SUP: 2482
42 48 56 #SUP: 2420
42 48 56 60 #SUP: 2406
42 48 56 60 52 #SUP: 2401
42 48 56 60 52 58 #SUP: 2400
42 48 56 60 58 #SUP: 2405
42 48 56 40 #SUP: 2404
42 48 56 40 52 #SUP: 2399
42 48 56 40 52 58 #SUP: 2398
42 48 56 40 58 #SUP: 2403
42 48 56 29 #SUP: 2408
42 48 56 29 52 #SUP: 2403
42 48 56 29 52 58 #SUP: 2402
42 48 56 29 58 #SUP: 2407
42 48 56 52 #SUP: 2415
42 48 56 52 58 #SUP: 2414
42 48 56 58 #SUP: 2419
42 48 34 #SUP: 2452
42 48 34 36 #SUP: 2427
42 48 34 36 60 #SUP: 2415
42 48 34 36 60 40 #SUP: 2401
42 48 34 36 60 40 29 #SUP: 2397
42 48 34 36 60 40 58 #SUP: 2400
42 48 34 36 60 29 #SUP: 2411
42 48 34 36 60 29 52 #SUP: 2406
42 48 34 36 60 29 52 58 #SUP: 2405
42 48 34 36 60 29 58 #SUP: 2410
42 48 34 36 60 52 #SUP: 2410
42 48 34 36 60 52 58 #SUP: 2409
42 48 34 36 60 58 #SUP: 2414
42 48 34 36 40 #SUP: 2413
42 48 34 36 40 29 #SUP: 2409
42 48 34 36 40 29 52 #SUP: 2404
42 48 34 36 40 29 52 58 #SUP: 2403
42 48 34 36 40 29 58 #SUP: 2408
42 48 34 36 40 52 #SUP: 2408
42 48 34 36 40 52 58 #SUP: 2407
42 48 34 36 40 58 #SUP: 2412
42 48 34 36 29 #SUP: 2423
42 48 34 36 29 52 #SUP: 2418
42 48 34 36 29 52 58 #SUP: 2417
42 48 34 36 29 58 #SUP: 2422
42 48 34 36 52 #SUP: 2422
42 48 34 36 52 58 #SUP: 2421
42 48 34 36 58 #SUP: 2426
42 48 34 60 #SUP: 2440
42 48 34 60 40 #SUP: 2426
42 48 34 60 40 29 #SUP: 2422
42 48 34 60 40 29 52 #SUP: 2417
42 48 34 60 40 29 52 58 #SUP: 2416
42 48 34 60 40 29 58 #SUP: 2421
42 48 34 60 40 52 #SUP: 2421
42 48 34 60 40 52 58 #SUP: 2420
42 48 34 60 40 58 #SUP: 2425
42 48 34 60 29 #SUP: 2436
42 48 34 60 29 52 #SUP: 2431
42 48 34 60 29 52 58 #SUP: 2430
42 48 34 60 29 58 #SUP: 2435
42 48 34 60 52 #SUP: 2435
42 48 34 60 52 58 #SUP: 2434
42 48 34 60 58 #SUP: 2439
42 48 34 40 #SUP: 2438
42 48 34 40 29 #SUP: 2434
42 48 34 40 29 52 #SUP: 2429
42 48 34 40 29 52 58 #SUP: 2428
42 48 34 40 29 58 #SUP: 2433
42 48 34 40 52 #SUP: 2433
42 48 34 40 52 58 #SUP: 2432
42 48 34 40 58 #SUP: 2437
42 48 34 29 #SUP: 2448
42 48 34 29 52 #SUP: 2443
42 48 34 29 52 58 #SUP: 2442
42 48 34 29 58 #SUP: 2447
42 48 34 52 #SUP: 2447
42 48 34 52 58 #SUP: 2446
42 48 34 58 #SUP: 2451
42 48 62 #SUP: 2448
42 48 62 58 #SUP: 2448
42 48 62 36 #SUP: 2423
42 48 62 36 58 #SUP: 2423
42 48 62 36 60 #SUP: 2409
42 48 62 36 60 58 #SUP: 2409
42 48 62 36 60 40 #SUP: 2399
42 48 62 36 60 40 58 #SUP: 2399
42 48 62 36 60 29 #SUP: 2399
42 48 62 36 60 29 58 #SUP: 2399
42 48 62 36 60 52 #SUP: 2403
42 48 62 36 60 52 58 #SUP: 2403
42 48 62 36 40 #SUP: 2413
42 48 62 36 40 58 #SUP: 2413
42 48 62 36 40 29 #SUP: 2401
42 48 62 36 40 29 58 #SUP: 2401
42 48 62 36 40 52 #SUP: 2407
42 48 62 36 40 52 58 #SUP: 2407
42 48 62 36 29 #SUP: 2411
42 48 62 36 29 58 #SUP: 2411
42 48 62 36 29 52 #SUP: 2405
42 48 62 36 29 52 58 #SUP: 2405
42 48 62 36 52 #SUP: 2417
42 48 62 36 52 58 #SUP: 2417
42 48 62 60 #SUP: 2434
42 48 62 60 58 #SUP: 2434
42 48 62 60 40 #SUP: 2424
42 48 62 60 40 58 #SUP: 2424
42 48 62 60 40 29 #SUP: 2414
42 48 62 60 40 29 58 #SUP: 2414
42 48 62 60 40 29 52 #SUP: 2408
42 48 62 60 40 29 52 58 #SUP: 2408
42 48 62 60 40 52 #SUP: 2418
42 48 62 60 40 52 58 #SUP: 2418
42 48 62 60 29 #SUP: 2424
42 48 62 60 29 58 #SUP: 2424
42 48 62 60 29 52 #SUP: 2418
42 48 62 60 29 52 58 #SUP: 2418
42 48 62 60 52 #SUP: 2428
42 48 62 60 52 58 #SUP: 2428
42 48 62 40 #SUP: 2438
42 48 62 40 58 #SUP: 2438
42 48 62 40 29 #SUP: 2426
42 48 62 40 29 58 #SUP: 2426
42 48 62 40 29 52 #SUP: 2420
42 48 62 40 29 52 58 #SUP: 2420
42 48 62 40 52 #SUP: 2432
42 48 62 40 52 58 #SUP: 2432
42 48 62 29 #SUP: 2436
42 48 62 29 58 #SUP: 2436
42 48 62 29 52 #SUP: 2430
42 48 62 29 52 58 #SUP: 2430
42 48 62 52 #SUP: 2442
42 48 62 52 58 #SUP: 2442
42 48 7 #SUP: 2453
42 48 7 36 #SUP: 2428
42 48 7 36 60 #SUP: 2416
42 48 7 36 60 40 #SUP: 2399
42 48 7 36 60 40 58 #SUP: 2398
42 48 7 36 60 29 #SUP: 2412
42 48 7 36 60 29 52 #SUP: 2406
42 48 7 36 60 29 52 58 #SUP: 2405
42 48 7 36 60 29 58 #SUP: 2411
42 48 7 36 60 52 #SUP: 2410
42 48 7 36 60 52 58 #SUP: 2409
42 48 7 36 60 58 #SUP: 2415
42 48 7 36 40 #SUP: 2411
42 48 7 36 40 29 #SUP: 2407
42 48 7 36 40 29 52 #SUP: 2401
42 48 7 36 40 29 52 58 #SUP: 2400
42 48 7 36 40 29 58 #SUP: 2406
42 48 7 36 40 52 #SUP: 2405
42 48 7 36 40 52 58 #SUP: 2404
42 48 7 36 40 58 #SUP: 2410
42 48 7 36 29 #SUP: 2424
42 48 7 36 29 52 #SUP: 2418
42 48 7 36 29 52 58 #SUP: 2417
42 48 7 36 29 58 #SUP: 2423
42 48 7 36 52 #SUP: 2422
42 48 7 36 52 58 #SUP: 2421
42 48 7 36 58 #SUP: 2427
42 48 7 60 #SUP: 2441
42 48 7 60 40 #SUP: 2424
42 48 7 60 40 29 #SUP: 2420
42 48 7 60 40 29 52 #SUP: 2414
42 48 7 60 40 29 52 58 #SUP: 2413
42 48 7 60 40 29 58 #SUP: 2419
42 48 7 60 40 52 #SUP: 2418
42 48 7 60 40 52 58 #SUP: 2417
42 48 7 60 40 58 #SUP: 2423
42 48 7 60 29 #SUP: 2437
42 48 7 60 29 52 #SUP: 2431
42 48 7 60 29 52 58 #SUP: 2430
42 48 7 60 29 58 #SUP: 2436
42 48 7 60 52 #SUP: 2435
42 48 7 60 52 58 #SUP: 2434
42 48 7 60 58 #SUP: 2440
42 48 7 40 #SUP: 2436
42 48 7 40 29 #SUP: 2432
42 48 7 40 29 52 #SUP: 2426
42 48 7 40 29 52 58 #SUP: 2425
42 48 7 40 29 58 #SUP: 2431
42 48 7 40 52 #SUP: 2430
42 48 7 40 52 58 #SUP: 2429
42 48 7 40 58 #SUP: 2435
42 48 7 29 #SUP: 2449
42 48 7 29 52 #SUP: 2443
42 48 7 29 52 58 #SUP: 2442
42 48 7 29 58 #SUP: 2448
42 48 7 52 #SUP: 2447
42 48 7 52 58 #SUP: 2446
42 48 7 58 #SUP: 2452
42 48 36 #SUP: 2539
42 48 36 60 #SUP: 2525
42 48 36 60 40 #SUP: 2508
42 48 36 60 40 29 #SUP: 2498
42 48 36 60 40 29 52 #SUP: 2492
42 48 36 60 40 29 52 58 #SUP: 2491
42 48 36 60 40 29 58 #SUP: 2497
42 48 36 60 40 52 #SUP: 2502
42 48 36 60 40 52 58 #SUP: 2501
42 48 36 60 40 58 #SUP: 2507
42 48 36 60 29 #SUP: 2515
42 48 36 60 29 52 #SUP: 2509
42 48 36 60 29 52 58 #SUP: 2508
42 48 36 60 29 58 #SUP: 2514
42 48 36 60 52 #SUP: 2519
42 48 36 60 52 58 #SUP: 2518
42 48 36 60 58 #SUP: 2524
42 48 36 40 #SUP: 2522
42 48 36 40 29 #SUP: 2510
42 48 36 40 29 52 #SUP: 2504
42 48 36 40 29 52 58 #SUP: 2503
42 48 36 40 29 58 #SUP: 2509
42 48 36 40 52 #SUP: 2516
42 48 36 40 52 58 #SUP: 2515
42 48 36 40 58 #SUP: 2521
42 48 36 29 #SUP: 2527
42 48 36 29 52 #SUP: 2521
42 48 36 29 52 58 #SUP: 2520
42 48 36 29 58 #SUP: 2526
42 48 36 52 #SUP: 2533
42 48 36 52 58 #SUP: 2532
42 48 36 58 #SUP: 2538
42 48 60 #SUP: 2550
42 48 60 40 #SUP: 2533
42 48 60 40 29 #SUP: 2523
42 48 60 40 29 52 #SUP: 2517
42 48 60 40 29 52 58 #SUP: 2516
42 48 60 40 29 58 #SUP: 2522
42 48 60 40 52 #SUP: 2527
42 48 60 40 52 58 #SUP: 2526
42 48 60 40 58 #SUP: 2532
42 48 60 29 #SUP: 2540
42 48 60 29 52 #SUP: 2534
42 48 60 29 52 58 #SUP: 2533
42 48 60 29 58 #SUP: 2539
42 48 60 52 #SUP: 2544
42 48 60 52 58 #SUP: 2543
42 48 60 58 #SUP: 2549
42 48 40 #SUP: 2547
42 48 40 29 #SUP: 2535
42 48 40 29 52 #SUP: 2529
42 48 40 29 52 58 #SUP: 2528
42 48 40 29 58 #SUP: 2534
42 48 40 52 #SUP: 2541
42 48 40 52 58 #SUP: 2540
42 48 40 58 #SUP: 2546
42 48 29 #SUP: 2552
42 48 29 52 #SUP: 2546
42 48 29 52 58 #SUP: 2545
42 48 29 58 #SUP: 2551
42 48 52 #SUP: 2558
42 48 52 58 #SUP: 2557
42 48 58 #SUP: 2563
42 66 #SUP: 2612
42 66 56 #SUP: 2468
42 66 56 60 #SUP: 2468
42 66 56 60 40 #SUP: 2453
42 66 56 60 40 29 #SUP: 2445
42 66 56 60 40 29 52 #SUP: 2440
42 66 56 60 40 29 52 58 #SUP: 2439
42 66 56 60 40 29 58 #SUP: 2444
42 66 56 60 40 52 #SUP: 2448
42 66 56 60 40 52 58 #SUP: 2447
42 66 56 60 40 58 #SUP: 2452
42 66 56 60 29 #SUP: 2460
42 66 56 60 29 52 #SUP: 2455
42 66 56 60 29 52 58 #SUP: 2454
42 66 56 60 29 58 #SUP: 2459
42 66 56 60 52 #SUP: 2463
42 66 56 60 52 58 #SUP: 2462
42 66 56 60 58 #SUP: 2467
42 66 56 40 #SUP: 2453
42 66 56 40 29 #SUP: 2445
42 66 56 40 29 52 #SUP: 2440
42 66 56 40 29 52 58 #SUP: 2439
42 66 56 40 29 58 #SUP: 2444
42 66 56 40 52 #SUP: 2448
42 66 56 40 52 58 #SUP: 2447
42 66 56 40 58 #SUP: 2452
42 66 56 29 #SUP: 2460
42 66 56 29 52 #SUP: 2455
42 66 56 29 52 58 #SUP: 2454
42 66 56 29 58 #SUP: 2459
42 66 56 52 #SUP: 2463
42 66 56 52 58 #SUP: 2462
42 66 56 58 #SUP: 2467
42 66 34 #SUP: 2507
42 66 34 62 #SUP: 2401
42 66 34 62 58 #SUP: 2401
42 66 34 62 60 #SUP: 2401
42 66 34 62 60 58 #SUP: 2401
42 66 34 62 60 29 #SUP: 2397
42 66 34 62 60 29 58 #SUP: 2397
42 66 34 62 29 #SUP: 2397
42 66 34 62 29 58 #SUP: 2397
42 66 34 7 #SUP: 2405
42 66 34 7 60 #SUP: 2405
42 66 34 7 60 29 #SUP: 2403
42 66 34 7 60 29 52 #SUP: 2398
42 66 34 7 60 29 52 58 #SUP: 2397
42 66 34 7 60 29 58 #SUP: 2402
42 66 34 7 60 52 #SUP: 2400
42 66 34 7 60 52 58 #SUP: 2399
42 66 34 7 60 58 #SUP: 2404
42 66 34 7 29 #SUP: 2403
42 66 34 7 29 52 #SUP: 2398
42 66 34 7 29 52 58 #SUP: 2397
42 66 34 7 29 58 #SUP: 2402
42 66 34 7 52 #SUP: 2400
42 66 34 7 52 58 #SUP: 2399
42 66 34 7 58 #SUP: 2404
42 66 34 36 #SUP: 2419
42 66 34 36 60 #SUP: 2419
42 66 34 36 60 40 #SUP: 2406
42 66 34 36 60 40 29 #SUP: 2402
42 66 34 36 60 40 29 52 #SUP: 2397
42 66 34 36 60 40 29 58 #SUP: 2401
42 66 34 36 60 40 52 #SUP: 2401
42 66 34 36 60 40 52 58 #SUP: 2400
42 66 34 36 60 40 58 #SUP: 2405
42 66 34 36 60 29 #SUP: 2415
42 66 34 36 60 29 52 #SUP: 2410
42 66 34 36 60 29 52 58 #SUP: 2409
42 66 34 36 60 29 58 #SUP: 2414
42 66 34 36 60 52 #SUP: 2414
42 66 34 36 60 52 58 #SUP: 2413
42 66 34 36 60 58 #SUP: 2418
42 66 34 36 40 #SUP: 2406
42 66 34 36 40 29 #SUP: 2402
42 66 34 36 40 29 52 #SUP: 2397
42 66 34 36 40 29 58 #SUP: 2401
42 66 34 36 40 52 #SUP: 2401
42 66 34 36 40 52 58 #SUP: 2400
42 66 34 36 40 58 #SUP: 2405
42 66 34 36 29 #SUP: 2415
42 66 34 36 29 52 #SUP: 2410
42 66 34 36 29 52 58 #SUP: 2409
42 66 34 36 29 58 #SUP: 2414
42 66 34 36 52 #SUP: 2414
42 66 34 36 52 58 #SUP: 2413
42 66 34 36 58 #SUP: 2418
42 66 34 60 #SUP: 2507
42 66 34 60 40 #SUP: 2494
42 66 34 60 40 29 #SUP: 2490
42 66 34 60 40 29 52 #SUP: 2485
42 66 34 60 40 29 52 58 #SUP: 2484
42 66 34 60 40 29 58 #SUP: 2489
42 66 34 60 40 52 #SUP: 2489
42 66 34 60 40 52 58 #SUP: 2488
42 66 34 60 40 58 #SUP: 2493
42 66 34 60 29 #SUP: 2503
42 66 34 60 29 52 #SUP: 2498
42 66 34 60 29 52 58 #SUP: 2497
42 66 34 60 29 58 #SUP: 2502
42 66 34 60 52 #SUP: 2502
42 66 34 60 52 58 #SUP: 2501
42 66 34 60 58 #SUP: 2506
42 66 34 40 #SUP: 2494
42 66 34 40 29 #SUP: 2490
42 66 34 40 29 52 #SUP: 2485
42 66 34 40 29 52 58 #SUP: 2484
42 66 34 40 29 58 #SUP: 2489
42 66 34 40 52 #SUP: 2489
42 66 34 40 52 58 #SUP: 2488
42 66 34 40 58 #SUP: 2493
42 66 34 29 #SUP: 2503
42 66 34 29 52 #SUP: 2498
42 66 34 29 52 58 #SUP: 2497
42 66 34 29 58 #SUP: 2502
42 66 34 52 #SUP: 2502
42 66 34 52 58 #SUP: 2501
42 66 34 58 #SUP: 2506
42 66 62 #SUP: 2502
42 66 62 58 #SUP: 2502
42 66 62 36 #SUP: 2414
42 66 62 36 58 #SUP: 2414
42 66 62 36 60 #SUP: 2414
42 66 62 36 60 58 #SUP: 2414
42 66 62 36 60 40 #SUP: 2404
42 66 62 36 60 40 58 #SUP: 2404
42 66 62 36 60 40 52 #SUP: 2398
42 66 62 36 60 40 52 58 #SUP: 2398
42 66 62 36 60 29 #SUP: 2406
42 66 62 36 60 29 58 #SUP: 2406
42 66 62 36 60 29 52 #SUP: 2400
42 66 62 36 60 29 52 58 #SUP: 2400
42 66 62 36 60 52 #SUP: 2408
42 66 62 36 60 52 58 #SUP: 2408
42 66 62 36 40 #SUP: 2404
42 66 62 36 40 58 #SUP: 2404
42 66 62 36 40 52 #SUP: 2398
42 66 62 36 40 52 58 #SUP: 2398
42 66 62 36 29 #SUP: 2406
42 66 62 36 29 58 #SUP: 2406
42 66 62 36 29 52 #SUP: 2400
42 66 62 36 29 52 58 #SUP: 2400
42 66 62 36 52 #SUP: 2408
42 66 62 36 52 58 #SUP: 2408
42 66 62 60 #SUP: 2502
42 66 62 60 58 #SUP: 2502
42 66 62 60 40 #SUP: 2492
42 66 62 60 40 58 #SUP: 2492
42 66 62 60 40 29 #SUP: 2484
42 66 62 60 40 29 58 #SUP: 2484
42 66 62 60 40 29 52 #SUP: 2478
42 66 62 60 40 29 52 58 #SUP: 2478
42 66 62 60 40 52 #SUP: 2486
42 66 62 60 40 52 58 #SUP: 2486
42 66 62 60 29 #SUP: 2494
42 66 62 60 29 58 #SUP: 2494
42 66 62 60 29 52 #SUP: 2488
42 66 62 60 29 52 58 #SUP: 2488
42 66 62 60 52 #SUP: 2496
42 66 62 60 52 58 #SUP: 2496
42 66 62 40 #SUP: 2492
42 66 62 40 58 #SUP: 2492
42 66 62 40 29 #SUP: 2484
42 66 62 40 29 58 #SUP: 2484
42 66 62 40 29 52 #SUP: 2478
42 66 62 40 29 52 58 #SUP: 2478
42 66 62 40 52 #SUP: 2486
42 66 62 40 52 58 #SUP: 2486
42 66 62 29 #SUP: 2494
42 66 62 29 58 #SUP: 2494
42 66 62 29 52 #SUP: 2488
42 66 62 29 52 58 #SUP: 2488
42 66 62 52 #SUP: 2496
42 66 62 52 58 #SUP: 2496
42 66 7 #SUP: 2505
42 66 7 36 #SUP: 2417
42 66 7 36 60 #SUP: 2417
42 66 7 36 60 40 #SUP: 2401
42 66 7 36 60 40 29 #SUP: 2397
42 66 7 36 60 40 58 #SUP: 2400
42 66 7 36 60 29 #SUP: 2413
42 66 7 36 60 29 52 #SUP: 2407
42 66 7 36 60 29 52 58 #SUP: 2406
42 66 7 36 60 29 58 #SUP: 2412
42 66 7 36 60 52 #SUP: 2411
42 66 7 36 60 52 58 #SUP: 2410
42 66 7 36 60 58 #SUP: 2416
42 66 7 36 40 #SUP: 2401
42 66 7 36 40 29 #SUP: 2397
42 66 7 36 40 58 #SUP: 2400
42 66 7 36 29 #SUP: 2413
42 66 7 36 29 52 #SUP: 2407
42 66 7 36 29 52 58 #SUP: 2406
42 66 7 36 29 58 #SUP: 2412
42 66 7 36 52 #SUP: 2411
42 66 7 36 52 58 #SUP: 2410
42 66 7 36 58 #SUP: 2416
42 66 7 60 #SUP: 2505
42 66 7 60 40 #SUP: 2489
42 66 7 60 40 29 #SUP: 2485
42 66 7 60 40 29 52 #SUP: 2479
42 66 7 60 40 29 52 58 #SUP: 2478
42 66 7 60 40 29 58 #SUP: 2484
42 66 7 60 40 52 #SUP: 2483
42 66 7 60 40 52 58 #SUP: 2482
42 66 7 60 40 58 #SUP: 2488
42 66 7 60 29 #SUP: 2501
42 66 7 60 29 52 #SUP: 2495
42 66 7 60 29 52 58 #SUP: 2494
42 66 7 60 29 58 #SUP: 2500
42 66 7 60 52 #SUP: 2499
42 66 7 60 52 58 #SUP: 2498
42 66 7 60 58 #SUP: 2504
42 66 7 40 #SUP: 2489
42 66 7 40 29 #SUP: 2485
42 66 7 40 29 52 #SUP: 2479
42 66 7 40 29 52 58 #SUP: 2478
42 66 7 40 29 58 #SUP: 2484
42 66 7 40 52 #SUP: 2483
42 66 7 40 52 58 #SUP: 2482
42 66 7 40 58 #SUP: 2488
42 66 7 29 #SUP: 2501
42 66 7 29 52 #SUP: 2495
42 66 7 29 52 58 #SUP: 2494
42 66 7 29 58 #SUP: 2500
42 66 7 52 #SUP: 2499
42 66 7 52 58 #SUP: 2498
42 66 7 58 #SUP: 2504
42 66 36 #SUP: 2524
42 66 36 60 #SUP: 2524
42 66 36 60 40 #SUP: 2508
42 66 36 60 40 29 #SUP: 2500
42 66 36 60 40 29 52 #SUP: 2494
42 66 36 60 40 29 52 58 #SUP: 2493
42 66 36 60 40 29 58 #SUP: 2499
42 66 36 60 40 52 #SUP: 2502
42 66 36 60 40 52 58 #SUP: 2501
42 66 36 60 40 58 #SUP: 2507
42 66 36 60 29 #SUP: 2516
42 66 36 60 29 52 #SUP: 2510
42 66 36 60 29 52 58 #SUP: 2509
42 66 36 60 29 58 #SUP: 2515
42 66 36 60 52 #SUP: 2518
42 66 36 60 52 58 #SUP: 2517
42 66 36 60 58 #SUP: 2523
42 66 36 40 #SUP: 2508
42 66 36 40 29 #SUP: 2500
42 66 36 40 29 52 #SUP: 2494
42 66 36 40 29 52 58 #SUP: 2493
42 66 36 40 29 58 #SUP: 2499
42 66 36 40 52 #SUP: 2502
42 66 36 40 52 58 #SUP: 2501
42 66 36 40 58 #SUP: 2507
42 66 36 29 #SUP: 2516
42 66 36 29 52 #SUP: 2510
42 66 36 29 52 58 #SUP: 2509
42 66 36 29 58 #SUP: 2515
42 66 36 52 #SUP: 2518
42 66 36 52 58 #SUP: 2517
42 66 36 58 #SUP: 2523
42 66 60 #SUP: 2612
42 66 60 40 #SUP: 2596
42 66 60 40 29 #SUP: 2588
42 66 60 40 29 52 #SUP: 2582
42 66 60 40 29 52 58 #SUP: 2581
42 66 60 40 29 58 #SUP: 2587
42 66 60 40 52 #SUP: 2590
42 66 60 40 52 58 #SUP: 2589
42 66 60 40 58 #SUP: 2595
42 66 60 29 #SUP: 2604
42 66 60 29 52 #SUP: 2598
42 66 60 29 52 58 #SUP: 2597
42 66 60 29 58 #SUP: 2603
42 66 60 52 #SUP: 2606
42 66 60 52 58 #SUP: 2605
42 66 60 58 #SUP: 2611
42 66 40 #SUP: 2596
42 66 40 29 #SUP: 2588
42 66 40 29 52 #SUP: 2582
42 66 40 29 52 58 #SUP: 2581
42 66 40 29 58 #SUP: 2587
42 66 40 52 #SUP: 2590
42 66 40 52 58 #SUP: 2589
42 66 40 58 #SUP: 2595
42 66 29 #SUP: 2604
42 66 29 52 #SUP: 2598
42 66 29 52 58 #SUP: 2597
42 66 29 58 #SUP: 2603
42 66 52 #SUP: 2606
42 66 52 58 #SUP: 2605
42 66 58 #SUP: 2611
42 56 #SUP: 2570
42 56 34 #SUP: 2470
42 56 34 60 #SUP: 2446
42 56 34 60 40 #SUP: 2432
42 56 34 60 40 29 #SUP: 2428
42 56 34 60 40 29 52 #SUP: 2423
42 56 34 60 40 29 52 58 #SUP: 2422
42 56 34 60 40 29 58 #SUP: 2427
42 56 34 60 40 52 #SUP: 2427
42 56 34 60 40 52 58 #SUP: 2426
42 56 34 60 40 58 #SUP: 2431
42 56 34 60 29 #SUP: 2442
42 56 34 60 29 52 #SUP: 2437
42 56 34 60 29 52 58 #SUP: 2436
42 56 34 60 29 58 #SUP: 2441
42 56 34 60 52 #SUP: 2441
42 56 34 60 52 58 #SUP: 2440
42 56 34 60 58 #SUP: 2445
42 56 34 40 #SUP: 2456
42 56 34 40 29 #SUP: 2452
42 56 34 40 29 52 #SUP: 2447
42 56 34 40 29 52 58 #SUP: 2446
42 56 34 40 29 58 #SUP: 2451
42 56 34 40 52 #SUP: 2451
42 56 34 40 52 58 #SUP: 2450
42 56 34 40 58 #SUP: 2455
42 56 34 29 #SUP: 2466
42 56 34 29 52 #SUP: 2461
42 56 34 29 52 58 #SUP: 2460
42 56 34 29 58 #SUP: 2465
42 56 34 52 #SUP: 2465
42 56 34 52 58 #SUP: 2464
42 56 34 58 #SUP: 2469
42 56 62 #SUP: 2483
42 56 62 58 #SUP: 2483
42 56 62 60 #SUP: 2457
42 56 62 60 58 #SUP: 2457
42 56 62 60 40 #SUP: 2448
42 56 62 60 40 58 #SUP: 2448
42 56 62 60 40 29 #SUP: 2438
42 56 62 60 40 29 58 #SUP: 2438
42 56 62 60 40 29 52 #SUP: 2433
42 56 62 60 40 29 52 58 #SUP: 2433
42 56 62 60 40 52 #SUP: 2443
42 56 62 60 40 52 58 #SUP: 2443
42 56 62 60 29 #SUP: 2447
42 56 62 60 29 58 #SUP: 2447
42 56 62 60 29 52 #SUP: 2442
42 56 62 60 29 52 58 #SUP: 2442
42 56 62 60 52 #SUP: 2452
42 56 62 60 52 58 #SUP: 2452
42 56 62 40 #SUP: 2474
42 56 62 40 58 #SUP: 2474
42 56 62 40 29 #SUP: 2462
42 56 62 40 29 58 #SUP: 2462
42 56 62 40 29 52 #SUP: 2457
42 56 62 40 29 52 58 #SUP: 2457
42 56 62 40 52 #SUP: 2469
42 56 62 40 52 58 #SUP: 2469
42 56 62 29 #SUP: 2471
42 56 62 29 58 #SUP: 2471
42 56 62 29 52 #SUP: 2466
42 56 62 29 52 58 #SUP: 2466
42 56 62 52 #SUP: 2478
42 56 62 52 58 #SUP: 2478
42 56 7 #SUP: 2474
42 56 7 60 #SUP: 2450
42 56 7 60 40 #SUP: 2434
42 56 7 60 40 29 #SUP: 2430
42 56 7 60 40 29 52 #SUP: 2425
42 56 7 60 40 29 52 58 #SUP: 2424
42 56 7 60 40 29 58 #SUP: 2429
42 56 7 60 40 52 #SUP: 2429
42 56 7 60 40 52 58 #SUP: 2428
42 56 7 60 40 58 #SUP: 2433
42 56 7 60 29 #SUP: 2446
42 56 7 60 29 52 #SUP: 2441
42 56 7 60 29 52 58 #SUP: 2440
42 56 7 60 29 58 #SUP: 2445
42 56 7 60 52 #SUP: 2445
42 56 7 60 52 58 #SUP: 2444
42 56 7 60 58 #SUP: 2449
42 56 7 40 #SUP: 2458
42 56 7 40 29 #SUP: 2454
42 56 7 40 29 52 #SUP: 2449
42 56 7 40 29 52 58 #SUP: 2448
42 56 7 40 29 58 #SUP: 2453
42 56 7 40 52 #SUP: 2453
42 56 7 40 52 58 #SUP: 2452
42 56 7 40 58 #SUP: 2457
42 56 7 29 #SUP: 2470
42 56 7 29 52 #SUP: 2465
42 56 7 29 52 58 #SUP: 2464
42 56 7 29 58 #SUP: 2469
42 56 7 52 #SUP: 2469
42 56 7 52 58 #SUP: 2468
42 56 7 58 #SUP: 2473
42 56 36 #SUP: 2482
42 56 36 60 #SUP: 2456
42 56 36 60 40 #SUP: 2440
42 56 36 60 40 29 #SUP: 2430
42 56 36 60 40 29 52 #SUP: 2425
42 56 36 60 40 29 52 58 #SUP: 2424
42 56 36 60 40 29 58 #SUP: 2429
42 56 36 60 40 52 #SUP: 2435
42 56 36 60 40 52 58 #SUP: 2434
42 56 36 60 40 58 #SUP: 2439
42 56 36 60 29 #SUP: 2446
42 56 36 60 29 52 #SUP: 2441
42 56 36 60 29 52 58 #SUP: 2440
42 56 36 60 29 58 #SUP: 2445
42 56 36 60 52 #SUP: 2451
42 56 36 60 52 58 #SUP: 2450
42 56 36 60 58 #SUP: 2455
42 56 36 40 #SUP: 2466
42 56 36 40 29 #SUP: 2454
42 56 36 40 29 52 #SUP: 2449
42 56 36 40 29 52 58 #SUP: 2448
42 56 36 40 29 58 #SUP: 2453
42 56 36 40 52 #SUP: 2461
42 56 36 40 52 58 #SUP: 2460
42 56 36 40 58 #SUP: 2465
42 56 36 29 #SUP: 2470
42 56 36 29 52 #SUP: 2465
42 56 36 29 52 58 #SUP: 2464
42 56 36 29 58 #SUP: 2469
42 56 36 52 #SUP: 2477
42 56 36 52 58 #SUP: 2476
42 56 36 58 #SUP: 2481
42 56 60 #SUP: 2544
42 56 60 40 #SUP: 2528
42 56 60 40 29 #SUP: 2518
42 56 60 40 29 52 #SUP: 2513
42 56 60 40 29 52 58 #SUP: 2512
42 56 60 40 29 58 #SUP: 2517
42 56 60 40 52 #SUP: 2523
42 56 60 40 52 58 #SUP: 2522
42 56 60 40 58 #SUP: 2527
42 56 60 29 #SUP: 2534
42 56 60 29 52 #SUP: 2529
42 56 60 29 52 58 #SUP: 2528
42 56 60 29 58 #SUP: 2533
42 56 60 52 #SUP: 2539
42 56 60 52 58 #SUP: 2538
42 56 60 58 #SUP: 2543
42 56 40 #SUP: 2554
42 56 40 29 #SUP: 2542
42 56 40 29 52 #SUP: 2537
42 56 40 29 52 58 #SUP: 2536
42 56 40 29 58 #SUP: 2541
42 56 40 52 #SUP: 2549
42 56 40 52 58 #SUP: 2548
42 56 40 58 #SUP: 2553
42 56 29 #SUP: 2558
42 56 29 52 #SUP: 2553
42 56 29 52 58 #SUP: 2552
42 56 29 58 #SUP: 2557
42 56 52 #SUP: 2565
42 56 52 58 #SUP: 2564
42 56 58 #SUP: 2569
42 34 #SUP: 2602
42 34 62 #SUP: 2490
42 34 62 58 #SUP: 2490
42 34 62 36 #SUP: 2402
42 34 62 36 58 #SUP: 2402
42 34 62 36 29 #SUP: 2398
42 34 62 36 29 58 #SUP: 2398
42 34 62 36 52 #SUP: 2397
42 34 62 36 52 58 #SUP: 2397
42 34 62 60 #SUP: 2466
42 34 62 60 58 #SUP: 2466
42 34 62 60 40 #SUP: 2459
42 34 62 60 40 58 #SUP: 2459
42 34 62 60 40 29 #SUP: 2455
42 34 62 60 40 29 58 #SUP: 2455
42 34 62 60 40 29 52 #SUP: 2450
42 34 62 60 40 29 52 58 #SUP: 2450
42 34 62 60 40 52 #SUP: 2454
42 34 62 60 40 52 58 #SUP: 2454
42 34 62 60 29 #SUP: 2462
42 34 62 60 29 58 #SUP: 2462
42 34 62 60 29 52 #SUP: 2457
42 34 62 60 29 52 58 #SUP: 2457
42 34 62 60 52 #SUP: 2461
42 34 62 60 52 58 #SUP: 2461
42 34 62 40 #SUP: 2483
42 34 62 40 58 #SUP: 2483
42 34 62 40 29 #SUP: 2479
42 34 62 40 29 58 #SUP: 2479
42 34 62 40 29 52 #SUP: 2474
42 34 62 40 29 52 58 #SUP: 2474
42 34 62 40 52 #SUP: 2478
42 34 62 40 52 58 #SUP: 2478
42 34 62 29 #SUP: 2486
42 34 62 29 58 #SUP: 2486
42 34 62 29 52 #SUP: 2481
42 34 62 29 52 58 #SUP: 2481
42 34 62 52 #SUP: 2485
42 34 62 52 58 #SUP: 2485
42 34 7 #SUP: 2500
42 34 7 36 #SUP: 2412
42 34 7 36 40 #SUP: 2398
42 34 7 36 40 58 #SUP: 2397
42 34 7 36 29 #SUP: 2410
42 34 7 36 29 52 #SUP: 2405
42 34 7 36 29 52 58 #SUP: 2404
42 34 7 36 29 58 #SUP: 2409
42 34 7 36 52 #SUP: 2407
42 34 7 36 52 58 #SUP: 2406
42 34 7 36 58 #SUP: 2411
42 34 7 60 #SUP: 2476
42 34 7 60 40 #SUP: 2462
42 34 7 60 40 29 #SUP: 2460
42 34 7 60 40 29 52 #SUP: 2455
42 34 7 60 40 29 52 58 #SUP: 2454
42 34 7 60 40 29 58 #SUP: 2459
42 34 7 60 40 52 #SUP: 2457
42 34 7 60 40 52 58 #SUP: 2456
42 34 7 60 40 58 #SUP: 2461
42 34 7 60 29 #SUP: 2474
42 34 7 60 29 52 #SUP: 2469
42 34 7 60 29 52 58 #SUP: 2468
42 34 7 60 29 58 #SUP: 2473
42 34 7 60 52 #SUP: 2471
42 34 7 60 52 58 #SUP: 2470
42 34 7 60 58 #SUP: 2475
42 34 7 40 #SUP: 2486
42 34 7 40 29 #SUP: 2484
42 34 7 40 29 52 #SUP: 2479
42 34 7 40 29 52 58 #SUP: 2478
42 34 7 40 29 58 #SUP: 2483
42 34 7 40 52 #SUP: 2481
42 34 7 40 52 58 #SUP: 2480
42 34 7 40 58 #SUP: 2485
42 34 7 29 #SUP: 2498
42 34 7 29 52 #SUP: 2493
42 34 7 29 52 58 #SUP: 2492
42 34 7 29 58 #SUP: 2497
42 34 7 52 #SUP: 2495
42 34 7 52 58 #SUP: 2494
42 34 7 58 #SUP: 2499
42 34 36 #SUP: 2514
42 34 36 60 #SUP: 2490
42 34 36 60 40 #SUP: 2476
42 34 36 60 40 29 #SUP: 2472
42 34 36 60 40 29 52 #SUP: 2467
42 34 36 60 40 29 52 58 #SUP: 2466
42 34 36 60 40 29 58 #SUP: 2471
42 34 36 60 40 52 #SUP: 2471
42 34 36 60 40 52 58 #SUP: 2470
42 34 36 60 40 58 #SUP: 2475
42 34 36 60 29 #SUP: 2486
42 34 36 60 29 52 #SUP: 2481
42 34 36 60 29 52 58 #SUP: 2480
42 34 36 60 29 58 #SUP: 2485
42 34 36 60 52 #SUP: 2485
42 34 36 60 52 58 #SUP: 2484
42 34 36 60 58 #SUP: 2489
42 34 36 40 #SUP: 2500
42 34 36 40 29 #SUP: 2496
42 34 36 40 29 52 #SUP: 2491
42 34 36 40 29 52 58 #SUP: 2490
42 34 36 40 29 58 #SUP: 2495
42 34 36 40 52 #SUP: 2495
42 34 36 40 52 58 #SUP: 2494
42 34 36 40 58 #SUP: 2499
42 34 36 29 #SUP: 2510
42 34 36 29 52 #SUP: 2505
42 34 36 29 52 58 #SUP: 2504
42 34 36 29 58 #SUP: 2509
42 34 36 52 #SUP: 2509
42 34 36 52 58 #SUP: 2508
42 34 36 58 #SUP: 2513
42 34 60 #SUP: 2578
42 34 60 40 #SUP: 2564
42 34 60 40 29 #SUP: 2560
42 34 60 40 29 52 #SUP: 2555
42 34 60 40 29 52 58 #SUP: 2554
42 34 60 40 29 58 #SUP: 2559
42 34 60 40 52 #SUP: 2559
42 34 60 40 52 58 #SUP: 2558
42 34 60 40 58 #SUP: 2563
42 34 60 29 #SUP: 2574
42 34 60 29 52 #SUP: 2569
42 34 60 29 52 58 #SUP: 2568
42 34 60 29 58 #SUP: 2573
42 34 60 52 #SUP: 2573
42 34 60 52 58 #SUP: 2572
42 34 60 58 #SUP: 2577
42 34 40 #SUP: 2588
42 34 40 29 #SUP: 2584
42 34 40 29 52 #SUP: 2579
42 34 40 29 52 58 #SUP: 2578
42 34 40 29 58 #SUP: 2583
42 34 40 52 #SUP: 2583
42 34 40 52 58 #SUP: 2582
42 34 40 58 #SUP: 2587
42 34 29 #SUP: 2598
42 34 29 52 #SUP: 2593
42 34 29 52 58 #SUP: 2592
42 34 29 58 #SUP: 2597
42 34 52 #SUP: 2597
42 34 52 58 #SUP: 2596
42 34 58 #SUP: 2601
42 62 #SUP: 2598
42 62 58 #SUP: 2598
42 62 7 #SUP: 2487
42 62 7 58 #SUP: 2487
42 62 7 36 #SUP: 2399
42 62 7 36 58 #SUP: 2399
42 62 7 60 #SUP: 2463
42 62 7 60 58 #SUP: 2463
42 62 7 60 40 #SUP: 2453
42 62 7 60 40 58 #SUP: 2453
42 62 7 60 40 29 #SUP: 2449
42 62 7 60 40 29 58 #SUP: 2449
42 62 7 60 40 29 52 #SUP: 2443
42 62 7 60 40 29 52 58 #SUP: 2443
42 62 7 60 40 52 #SUP: 2447
42 62 7 60 40 52 58 #SUP: 2447
42 62 7 60 29 #SUP: 2459
42 62 7 60 29 58 #SUP: 2459
42 62 7 60 29 52 #SUP: 2453
42 62 7 60 29 52 58 #SUP: 2453
42 62 7 60 52 #SUP: 2457
42 62 7 60 52 58 #SUP: 2457
42 62 7 40 #SUP: 2477
42 62 7 40 58 #SUP: 2477
42 62 7 40 29 #SUP: 2473
42 62 7 40 29 58 #SUP: 2473
42 62 7 40 29 52 #SUP: 2467
42 62 7 40 29 52 58 #SUP: 2467
42 62 7 40 52 #SUP: 2471
42 62 7 40 52 58 #SUP: 2471
42 62 7 29 #SUP: 2483
42 62 7 29 58 #SUP: 2483
42 62 7 29 52 #SUP: 2477
42 62 7 29 52 58 #SUP: 2477
42 62 7 52 #SUP: 2481
42 62 7 52 58 #SUP: 2481
42 62 36 #SUP: 2510
42 62 36 58 #SUP: 2510
42 62 36 60 #SUP: 2484
42 62 36 60 58 #SUP: 2484
42 62 36 60 40 #SUP: 2474
42 62 36 60 40 58 #SUP: 2474
42 62 36 60 40 29 #SUP: 2464
42 62 36 60 40 29 58 #SUP: 2464
42 62 36 60 40 29 52 #SUP: 2458
42 62 36 60 40 29 52 58 #SUP: 2458
42 62 36 60 40 52 #SUP: 2468
42 62 36 60 40 52 58 #SUP: 2468
42 62 36 60 29 #SUP: 2474
42 62 36 60 29 58 #SUP: 2474
42 62 36 60 29 52 #SUP: 2468
42 62 36 60 29 52 58 #SUP: 2468
42 62 36 60 52 #SUP: 2478
42 62 36 60 52 58 #SUP: 2478
42 62 36 40 #SUP: 2500
42 62 36 40 58 #SUP: 2500
42 62 36 40 29 #SUP: 2488
42 62 36 40 29 58 #SUP: 2488
42 62 36 40 29 52 #SUP: 2482
42 62 36 40 29 52 58 #SUP: 2482
42 62 36 40 52 #SUP: 2494
42 62 36 40 52 58 #SUP: 2494
42 62 36 29 #SUP: 2498
42 62 36 29 58 #SUP: 2498
42 62 36 29 52 #SUP: 2492
42 62 36 29 52 58 #SUP: 2492
42 62 36 52 #SUP: 2504
42 62 36 52 58 #SUP: 2504
42 62 60 #SUP: 2572
42 62 60 58 #SUP: 2572
42 62 60 40 #SUP: 2562
42 62 60 40 58 #SUP: 2562
42 62 60 40 29 #SUP: 2552
42 62 60 40 29 58 #SUP: 2552
42 62 60 40 29 52 #SUP: 2546
42 62 60 40 29 52 58 #SUP: 2546
42 62 60 40 52 #SUP: 2556
42 62 60 40 52 58 #SUP: 2556
42 62 60 29 #SUP: 2562
42 62 60 29 58 #SUP: 2562
42 62 60 29 52 #SUP: 2556
42 62 60 29 52 58 #SUP: 2556
42 62 60 52 #SUP: 2566
42 62 60 52 58 #SUP: 2566
42 62 40 #SUP: 2588
42 62 40 58 #SUP: 2588
42 62 40 29 #SUP: 2576
42 62 40 29 58 #SUP: 2576
42 62 40 29 52 #SUP: 2570
42 62 40 29 52 58 #SUP: 2570
42 62 40 52 #SUP: 2582
42 62 40 52 58 #SUP: 2582
42 62 29 #SUP: 2586
42 62 29 58 #SUP: 2586
42 62 29 52 #SUP: 2580
42 62 29 52 58 #SUP: 2580
42 62 52 #SUP: 2592
42 62 52 58 #SUP: 2592
42 7 #SUP: 2603
42 7 36 #SUP: 2515
42 7 36 60 #SUP: 2491
42 7 36 60 40 #SUP: 2474
42 7 36 60 40 29 #SUP: 2470
42 7 36 60 40 29 52 #SUP: 2464
42 7 36 60 40 29 52 58 #SUP: 2463
42 7 36 60 40 29 58 #SUP: 2469
42 7 36 60 40 52 #SUP: 2468
42 7 36 60 40 52 58 #SUP: 2467
42 7 36 60 40 58 #SUP: 2473
42 7 36 60 29 #SUP: 2487
42 7 36 60 29 52 #SUP: 2481
42 7 36 60 29 52 58 #SUP: 2480
42 7 36 60 29 58 #SUP: 2486
42 7 36 60 52 #SUP: 2485
42 7 36 60 52 58 #SUP: 2484
42 7 36 60 58 #SUP: 2490
42 7 36 40 #SUP: 2498
42 7 36 40 29 #SUP: 2494
42 7 36 40 29 52 #SUP: 2488
42 7 36 40 29 52 58 #SUP: 2487
42 7 36 40 29 58 #SUP: 2493
42 7 36 40 52 #SUP: 2492
42 7 36 40 52 58 #SUP: 2491
42 7 36 40 58 #SUP: 2497
42 7 36 29 #SUP: 2511
42 7 36 29 52 #SUP: 2505
42 7 36 29 52 58 #SUP: 2504
42 7 36 29 58 #SUP: 2510
42 7 36 52 #SUP: 2509
42 7 36 52 58 #SUP: 2508
42 7 36 58 #SUP: 2514
42 7 60 #SUP: 2579
42 7 60 40 #SUP: 2562
42 7 60 40 29 #SUP: 2558
42 7 60 40 29 52 #SUP: 2552
42 7 60 40 29 52 58 #SUP: 2551
42 7 60 40 29 58 #SUP: 2557
42 7 60 40 52 #SUP: 2556
42 7 60 40 52 58 #SUP: 2555
42 7 60 40 58 #SUP: 2561
42 7 60 29 #SUP: 2575
42 7 60 29 52 #SUP: 2569
42 7 60 29 52 58 #SUP: 2568
42 7 60 29 58 #SUP: 2574
42 7 60 52 #SUP: 2573
42 7 60 52 58 #SUP: 2572
42 7 60 58 #SUP: 2578
42 7 40 #SUP: 2586
42 7 40 29 #SUP: 2582
42 7 40 29 52 #SUP: 2576
42 7 40 29 52 58 #SUP: 2575
42 7 40 29 58 #SUP: 2581
42 7 40 52 #SUP: 2580
42 7 40 52 58 #SUP: 2579
42 7 40 58 #SUP: 2585
42 7 29 #SUP: 2599
42 7 29 52 #SUP: 2593
42 7 29 52 58 #SUP: 2592
42 7 29 58 #SUP: 2598
42 7 52 #SUP: 2597
42 7 52 58 #SUP: 2596
42 7 58 #SUP: 2602
42 36 #SUP: 2626
42 36 60 #SUP: 2600
42 36 60 40 #SUP: 2583
42 36 60 40 29 #SUP: 2573
42 36 60 40 29 52 #SUP: 2567
42 36 60 40 29 52 58 #SUP: 2566
42 36 60 40 29 58 #SUP: 2572
42 36 60 40 52 #SUP: 2577
42 36 60 40 52 58 #SUP: 2576
42 36 60 40 58 #SUP: 2582
42 36 60 29 #SUP: 2590
42 36 60 29 52 #SUP: 2584
42 36 60 29 52 58 #SUP: 2583
42 36 60 29 58 #SUP: 2589
42 36 60 52 #SUP: 2594
42 36 60 52 58 #SUP: 2593
42 36 60 58 #SUP: 2599
42 36 40 #SUP: 2609
42 36 40 29 #SUP: 2597
42 36 40 29 52 #SUP: 2591
42 36 40 29 52 58 #SUP: 2590
42 36 40 29 58 #SUP: 2596
42 36 40 52 #SUP: 2603
42 36 40 52 58 #SUP: 2602
42 36 40 58 #SUP: 2608
42 36 29 #SUP: 2614
42 36 29 52 #SUP: 2608
42 36 29 52 58 #SUP: 2607
42 36 29 58 #SUP: 2613
42 36 52 #SUP: 2620
42 36 52 58 #SUP: 2619
42 36 58 #SUP: 2625
42 60 #SUP: 2688
42 60 40 #SUP: 2671
42 60 40 29 #SUP: 2661
42 60 40 29 52 #SUP: 2655
42 60 40 29 52 58 #SUP: 2654
42 60 40 29 58 #SUP: 2660
42 60 40 52 #SUP: 2665
42 60 40 52 58 #SUP: 2664
42 60 40 58 #SUP: 2670
42 60 29 #SUP: 2678
42 60 29 52 #SUP: 2672
42 60 29 52 58 #SUP: 2671
42 60 29 58 #SUP: 2677
42 60 52 #SUP: 2682
42 60 52 58 #SUP: 2681
42 60 58 #SUP: 2687
42 40 #SUP: 2697
42 40 29 #SUP: 2685
42 40 29 52 #SUP: 2679
42 40 29 52 58 #SUP: 2678
42 40 29 58 #SUP: 2684
42 40 52 #SUP: 2691
42 40 52 58 #SUP: 2690
42 40 58 #SUP: 2696
42 29 #SUP: 2702
42 29 52 #SUP: 2696
42 29 52 58 #SUP: 2695
42 29 58 #SUP: 2701
42 52 #SUP: 2708
42 52 58 #SUP: 2707
42 58 #SUP: 2713
3 #SUP: 2839
3 58 #SUP: 2839
3 25 #SUP: 2520
3 25 58 #SUP: 2520
3 25 48 #SUP: 2419
3 25 48 58 #SUP: 2419
3 25 48 36 #SUP: 2400
3 25 48 36 58 #SUP: 2400
3 25 48 36 29 #SUP: 2400
3 25 48 36 29 58 #SUP: 2400
3 25 48 60 #SUP: 2401
3 25 48 60 58 #SUP: 2401
3 25 48 60 29 #SUP: 2401
3 25 48 60 29 58 #SUP: 2401
3 25 48 29 #SUP: 2419
3 25 48 29 58 #SUP: 2419
3 25 48 29 52 #SUP: 2411
3 25 48 29 52 58 #SUP: 2411
3 25 48 52 #SUP: 2411
3 25 48 52 58 #SUP: 2411
3 25 66 #SUP: 2402
3 25 66 58 #SUP: 2402
3 25 66 60 #SUP: 2402
3 25 66 60 58 #SUP: 2402
3 25 66 60 29 #SUP: 2402
3 25 66 60 29 58 #SUP: 2402
3 25 66 29 #SUP: 2402
3 25 66 29 58 #SUP: 2402
3 25 62 #SUP: 2418
3 25 62 58 #SUP: 2418
3 25 62 40 #SUP: 2403
3 25 62 40 58 #SUP: 2403
3 25 62 40 29 #SUP: 2403
3 25 62 40 29 58 #SUP: 2403
3 25 62 29 #SUP: 2418
3 25 62 29 58 #SUP: 2418
3 25 62 29 52 #SUP: 2410
3 25 62 29 52 58 #SUP: 2410
3 25 62 52 #SUP: 2410
3 25 62 52 58 #SUP: 2410
3 25 7 #SUP: 2447
3 25 7 58 #SUP: 2447
3 25 7 60 #SUP: 2421
3 25 7 60 58 #SUP: 2421
3 25 7 60 29 #SUP: 2421
3 25 7 60 29 58 #SUP: 2421
3 25 7 60 29 52 #SUP: 2413
3 25 7 60 29 52 58 #SUP: 2413
3 25 7 60 52 #SUP: 2413
3 25 7 60 52 58 #SUP: 2413
3 25 7 40 #SUP: 2421
3 25 7 40 58 #SUP: 2421
3 25 7 40 29 #SUP: 2421
3 25 7 40 29 58 #SUP: 2421
3 25 7 40 29 52 #SUP: 2413
3 25 7 40 29 52 58 #SUP: 2413
3 25 7 40 52 #SUP: 2413
3 25 7 40 52 58 #SUP: 2413
3 25 7 29 #SUP: 2447
3 25 7 29 58 #SUP: 2447
3 25 7 29 52 #SUP: 2439
3 25 7 29 52 58 #SUP: 2439
3 25 7 52 #SUP: 2439
3 25 7 52 58 #SUP: 2439
3 25 36 #SUP: 2458
3 25 36 58 #SUP: 2458
3 25 36 60 #SUP: 2432
3 25 36 60 58 #SUP: 2432
3 25 36 60 40 #SUP: 2407
3 25 36 60 40 58 #SUP: 2407
3 25 36 60 40 29 #SUP: 2407
3 25 36 60 40 29 58 #SUP: 2407
3 25 36 60 40 29 52 #SUP: 2399
3 25 36 60 40 29 52 58 #SUP: 2399
3 25 36 60 40 52 #SUP: 2399
3 25 36 60 40 52 58 #SUP: 2399
3 25 36 60 29 #SUP: 2432
3 25 36 60 29 58 #SUP: 2432
3 25 36 60 29 52 #SUP: 2424
3 25 36 60 29 52 58 #SUP: 2424
3 25 36 60 52 #SUP: 2424
3 25 36 60 52 58 #SUP: 2424
3 25 36 40 #SUP: 2432
3 25 36 40 58 #SUP: 2432
3 25 36 40 29 #SUP: 2432
3 25 36 40 29 58 #SUP: 2432
3 25 36 40 29 52 #SUP: 2424
3 25 36 40 29 52 58 #SUP: 2424
3 25 36 40 52 #SUP: 2424
3 25 36 40 52 58 #SUP: 2424
3 25 36 29 #SUP: 2458
3 25 36 29 58 #SUP: 2458
3 25 36 29 52 #SUP: 2450
3 25 36 29 52 58 #SUP: 2450
3 25 36 52 #SUP: 2450
3 25 36 52 58 #SUP: 2450
3 25 60 #SUP: 2494
3 25 60 58 #SUP: 2494
3 25 60 40 #SUP: 2469
3 25 60 40 58 #SUP: 2469
3 25 60 40 29 #SUP: 2469
3 25 60 40 29 58 #SUP: 2469
3 25 60 40 29 52 #SUP: 2461
3 25 60 40 29 52 58 #SUP: 2461
3 25 60 40 52 #SUP: 2461
3 25 60 40 52 58 #SUP: 2461
3 25 60 29 #SUP: 2494
3 25 60 29 58 #SUP: 2494
3 25 60 29 52 #SUP: 2486
3 25 60 29 52 58 #SUP: 2486
3 25 60 52 #SUP: 2486
3 25 60 52 58 #SUP: 2486
3 25 40 #SUP: 2494
3 25 40 58 #SUP: 2494
3 25 40 29 #SUP: 2494
3 25 40 29 58 #SUP: 2494
3 25 40 29 52 #SUP: 2486
3 25 40 29 52 58 #SUP: 2486
3 25 40 52 #SUP: 2486
3 25 40 52 58 #SUP: 2486
3 25 29 #SUP: 2520
3 25 29 58 #SUP: 2520
3 25 29 52 #SUP: 2512
3 25 29 52 58 #SUP: 2512
3 25 52 #SUP: 2512
3 25 52 58 #SUP: 2512
3 9 #SUP: 2571
3 9 58 #SUP: 2571
3 9 5 #SUP: 2397
3 9 5 58 #SUP: 2397
3 9 5 29 #SUP: 2397
3 9 5 29 58 #SUP: 2397
3 9 48 #SUP: 2404
3 9 48 58 #SUP: 2404
3 9 48 29 #SUP: 2404
3 9 48 29 58 #SUP: 2404
3 9 48 29 52 #SUP: 2398
3 9 48 29 52 58 #SUP: 2398
3 9 48 52 #SUP: 2398
3 9 48 52 58 #SUP: 2398
3 9 66 #SUP: 2448
3 9 66 58 #SUP: 2448
3 9 66 60 #SUP: 2448
3 9 66 60 58 #SUP: 2448
3 9 66 60 40 #SUP: 2427
3 9 66 60 40 58 #SUP: 2427
3 9 66 60 40 29 #SUP: 2427
3 9 66 60 40 29 58 #SUP: 2427
3 9 66 60 40 29 52 #SUP: 2421
3 9 66 60 40 29 52 58 #SUP: 2421
3 9 66 60 40 52 #SUP: 2421
3 9 66 60 40 52 58 #SUP: 2421
3 9 66 60 29 #SUP: 2448
3 9 66 60 29 58 #SUP: 2448
3 9 66 60 29 52 #SUP: 2442
3 9 66 60 29 52 58 #SUP: 2442
3 9 66 60 52 #SUP: 2442
3 9 66 60 52 58 #SUP: 2442
3 9 66 40 #SUP: 2427
3 9 66 40 58 #SUP: 2427
3 9 66 40 29 #SUP: 2427
3 9 66 40 29 58 #SUP: 2427
3 9 66 40 29 52 #SUP: 2421
3 9 66 40 29 52 58 #SUP: 2421
3 9 66 40 52 #SUP: 2421
3 9 66 40 52 58 #SUP: 2421
3 9 66 29 #SUP: 2448
3 9 66 29 58 #SUP: 2448
3 9 66 29 52 #SUP: 2442
3 9 66 29 52 58 #SUP: 2442
3 9 66 52 #SUP: 2442
3 9 66 52 58 #SUP: 2442
3 9 56 #SUP: 2471
3 9 56 58 #SUP: 2471
3 9 56 62 #SUP: 2397
3 9 56 62 58 #SUP: 2397
3 9 56 62 29 #SUP: 2397
3 9 56 62 29 58 #SUP: 2397
3 9 56 7 #SUP: 2398
3 9 56 7 58 #SUP: 2398
3 9 56 7 29 #SUP: 2398
3 9 56 7 29 58 #SUP: 2398
3 9 56 60 #SUP: 2445
3 9 56 60 58 #SUP: 2445
3 9 56 60 40 #SUP: 2423
3 9 56 60 40 58 #SUP: 2423
3 9 56 60 40 29 #SUP: 2423
3 9 56 60 40 29 58 #SUP: 2423
3 9 56 60 40 29 52 #SUP: 2419
3 9 56 60 40 29 52 58 #SUP: 2419
3 9 56 60 40 52 #SUP: 2419
3 9 56 60 40 52 58 #SUP: 2419
3 9 56 60 29 #SUP: 2445
3 9 56 60 29 58 #SUP: 2445
3 9 56 60 29 52 #SUP: 2441
3 9 56 60 29 52 58 #SUP: 2441
3 9 56 60 52 #SUP: 2441
3 9 56 60 52 58 #SUP: 2441
3 9 56 40 #SUP: 2449
3 9 56 40 58 #SUP: 2449
3 9 56 40 29 #SUP: 2449
3 9 56 40 29 58 #SUP: 2449
3 9 56 40 29 52 #SUP: 2445
3 9 56 40 29 52 58 #SUP: 2445
3 9 56 40 52 #SUP: 2445
3 9 56 40 52 58 #SUP: 2445
3 9 56 29 #SUP: 2471
3 9 56 29 58 #SUP: 2471
3 9 56 29 52 #SUP: 2467
3 9 56 29 52 58 #SUP: 2467
3 9 56 52 #SUP: 2467
3 9 56 52 58 #SUP: 2467
3 9 34 #SUP: 2466
3 9 34 58 #SUP: 2466
3 9 34 60 #SUP: 2440
3 9 34 60 58 #SUP: 2440
3 9 34 60 40 #SUP: 2420
3 9 34 60 40 58 #SUP: 2420
3 9 34 60 40 29 #SUP: 2420
3 9 34 60 40 29 58 #SUP: 2420
3 9 34 60 40 29 52 #SUP: 2414
3 9 34 60 40 29 52 58 #SUP: 2414
3 9 34 60 40 52 #SUP: 2414
3 9 34 60 40 52 58 #SUP: 2414
3 9 34 60 29 #SUP: 2440
3 9 34 60 29 58 #SUP: 2440
3 9 34 60 29 52 #SUP: 2434
3 9 34 60 29 52 58 #SUP: 2434
3 9 34 60 52 #SUP: 2434
3 9 34 60 52 58 #SUP: 2434
3 9 34 40 #SUP: 2446
3 9 34 40 58 #SUP: 2446
3 9 34 40 29 #SUP: 2446
3 9 34 40 29 58 #SUP: 2446
3 9 34 40 29 52 #SUP: 2440
3 9 34 40 29 52 58 #SUP: 2440
3 9 34 40 52 #SUP: 2440
3 9 34 40 52 58 #SUP: 2440
3 9 34 29 #SUP: 2466
3 9 34 29 58 #SUP: 2466
3 9 34 29 52 #SUP: 2460
3 9 34 29 52 58 #SUP: 2460
3 9 34 52 #SUP: 2460
3 9 34 52 58 #SUP: 2460
3 9 62 #SUP: 2468
3 9 62 58 #SUP: 2468
3 9 62 60 #SUP: 2442
3 9 62 60 58 #SUP: 2442
3 9 62 60 40 #SUP: 2430
3 9 62 60 40 58 #SUP: 2430
3 9 62 60 40 29 #SUP: 2430
3 9 62 60 40 29 58 #SUP: 2430
3 9 62 60 40 29 52 #SUP: 2424
3 9 62 60 40 29 52 58 #SUP: 2424
3 9 62 60 40 52 #SUP: 2424
3 9 62 60 40 52 58 #SUP: 2424
3 9 62 60 29 #SUP: 2442
3 9 62 60 29 58 #SUP: 2442
3 9 62 60 29 52 #SUP: 2436
3 9 62 60 29 52 58 #SUP: 2436
3 9 62 60 52 #SUP: 2436
3 9 62 60 52 58 #SUP: 2436
3 9 62 40 #SUP: 2456
3 9 62 40 58 #SUP: 2456
3 9 62 40 29 #SUP: 2456
3 9 62 40 29 58 #SUP: 2456
3 9 62 40 29 52 #SUP: 2450
3 9 62 40 29 52 58 #SUP: 2450
3 9 62 40 52 #SUP: 2450
3 9 62 40 52 58 #SUP: 2450
3 9 62 29 #SUP: 2468
3 9 62 29 58 #SUP: 2468
3 9 62 29 52 #SUP: 2462
3 9 62 29 52 58 #SUP: 2462
3 9 62 52 #SUP: 2462
3 9 62 52 58 #SUP: 2462
3 9 7 #SUP: 2498
3 9 7 58 #SUP: 2498
3 9 7 36 #SUP: 2405
3 9 7 36 58 #SUP: 2405
3 9 7 36 29 #SUP: 2405
3 9 7 36 29 58 #SUP: 2405
3 9 7 36 29 52 #SUP: 2399
3 9 7 36 29 52 58 #SUP: 2399
3 9 7 36 52 #SUP: 2399
3 9 7 36 52 58 #SUP: 2399
3 9 7 60 #SUP: 2472
3 9 7 60 58 #SUP: 2472
3 9 7 60 40 #SUP: 2450
3 9 7 60 40 58 #SUP: 2450
3 9 7 60 40 29 #SUP: 2450
3 9 7 60 40 29 58 #SUP: 2450
3 9 7 60 40 29 52 #SUP: 2444
3 9 7 60 40 29 52 58 #SUP: 2444
3 9 7 60 40 52 #SUP: 2444
3 9 7 60 40 52 58 #SUP: 2444
3 9 7 60 29 #SUP: 2472
3 9 7 60 29 58 #SUP: 2472
3 9 7 60 29 52 #SUP: 2466
3 9 7 60 29 52 58 #SUP: 2466
3 9 7 60 52 #SUP: 2466
3 9 7 60 52 58 #SUP: 2466
3 9 7 40 #SUP: 2476
3 9 7 40 58 #SUP: 2476
3 9 7 40 29 #SUP: 2476
3 9 7 40 29 58 #SUP: 2476
3 9 7 40 29 52 #SUP: 2470
3 9 7 40 29 52 58 #SUP: 2470
3 9 7 40 52 #SUP: 2470
3 9 7 40 52 58 #SUP: 2470
3 9 7 29 #SUP: 2498
3 9 7 29 58 #SUP: 2498
3 9 7 29 52 #SUP: 2492
3 9 7 29 52 58 #SUP: 2492
3 9 7 52 #SUP: 2492
3 9 7 52 58 #SUP: 2492
3 9 36 #SUP: 2478
3 9 36 58 #SUP: 2478
3 9 36 60 #SUP: 2452
3 9 36 60 58 #SUP: 2452
3 9 36 60 40 #SUP: 2430
3 9 36 60 40 58 #SUP: 2430
3 9 36 60 40 29 #SUP: 2430
3 9 36 60 40 29 58 #SUP: 2430
3 9 36 60 40 29 52 #SUP: 2424
3 9 36 60 40 29 52 58 #SUP: 2424
3 9 36 60 40 52 #SUP: 2424
3 9 36 60 40 52 58 #SUP: 2424
3 9 36 60 29 #SUP: 2452
3 9 36 60 29 58 #SUP: 2452
3 9 36 60 29 52 #SUP: 2446
3 9 36 60 29 52 58 #SUP: 2446
3 9 36 60 52 #SUP: 2446
3 9 36 60 52 58 #SUP: 2446
3 9 36 40 #SUP: 2456
3 9 36 40 58 #SUP: 2456
3 9 36 40 29 #SUP: 2456
3 9 36 40 29 58 #SUP: 2456
3 9 36 40 29 52 #SUP: 2450
3 9 36 40 29 52 58 #SUP: 2450
3 9 36 40 52 #SUP: 2450
3 9 36 40 52 58 #SUP: 2450
3 9 36 29 #SUP: 2478
3 9 36 29 58 #SUP: 2478
3 9 36 29 52 #SUP: 2472
3 9 36 29 52 58 #SUP: 2472
3 9 36 52 #SUP: 2472
3 9 36 52 58 #SUP: 2472
3 9 60 #SUP: 2545
3 9 60 58 #SUP: 2545
3 9 60 40 #SUP: 2523
3 9 60 40 58 #SUP: 2523
3 9 60 40 29 #SUP: 2523
3 9 60 40 29 58 #SUP: 2523
3 9 60 40 29 52 #SUP: 2517
3 9 60 40 29 52 58 #SUP: 2517
3 9 60 40 52 #SUP: 2517
3 9 60 40 52 58 #SUP: 2517
3 9 60 29 #SUP: 2545
3 9 60 29 58 #SUP: 2545
3 9 60 29 52 #SUP: 2539
3 9 60 29 52 58 #SUP: 2539
3 9 60 52 #SUP: 2539
3 9 60 52 58 #SUP: 2539
3 9 40 #SUP: 2549
3 9 40 58 #SUP: 2549
3 9 40 29 #SUP: 2549
3 9 40 29 58 #SUP: 2549
3 9 40 29 52 #SUP: 2543
3 9 40 29 52 58 #SUP: 2543
3 9 40 52 #SUP: 2543
3 9 40 52 58 #SUP: 2543
3 9 29 #SUP: 2571
3 9 29 58 #SUP: 2571
3 9 29 52 #SUP: 2565
3 9 29 52 58 #SUP: 2565
3 9 52 #SUP: 2565
3 9 52 58 #SUP: 2565
3 5 #SUP: 2639
3 5 58 #SUP: 2639
3 5 48 #SUP: 2472
3 5 48 58 #SUP: 2472
3 5 48 34 #SUP: 2405
3 5 48 34 58 #SUP: 2405
3 5 48 34 29 #SUP: 2405
3 5 48 34 29 58 #SUP: 2405
3 5 48 34 29 52 #SUP: 2398
3 5 48 34 29 52 58 #SUP: 2398
3 5 48 34 52 #SUP: 2398
3 5 48 34 52 58 #SUP: 2398
3 5 48 7 #SUP: 2401
3 5 48 7 58 #SUP: 2401
3 5 48 7 29 #SUP: 2401
3 5 48 7 29 58 #SUP: 2401
3 5 48 36 #SUP: 2446
3 5 48 36 58 #SUP: 2446
3 5 48 36 60 #SUP: 2424
3 5 48 36 60 58 #SUP: 2424
3 5 48 36 60 40 #SUP: 2404
3 5 48 36 60 40 58 #SUP: 2404
3 5 48 36 60 40 29 #SUP: 2404
3 5 48 36 60 40 29 58 #SUP: 2404
3 5 48 36 60 29 #SUP: 2424
3 5 48 36 60 29 58 #SUP: 2424
3 5 48 36 60 29 52 #SUP: 2415
3 5 48 36 60 29 52 58 #SUP: 2415
3 5 48 36 60 52 #SUP: 2415
3 5 48 36 60 52 58 #SUP: 2415
3 5 48 36 40 #SUP: 2425
3 5 48 36 40 58 #SUP: 2425
3 5 48 36 40 29 #SUP: 2425
3 5 48 36 40 29 58 #SUP: 2425
3 5 48 36 40 29 52 #SUP: 2416
3 5 48 36 40 29 52 58 #SUP: 2416
3 5 48 36 40 52 #SUP: 2416
3 5 48 36 40 52 58 #SUP: 2416
3 5 48 36 29 #SUP: 2446
3 5 48 36 29 58 #SUP: 2446
3 5 48 36 29 52 #SUP: 2437
3 5 48 36 29 52 58 #SUP: 2437
3 5 48 36 52 #SUP: 2437
3 5 48 36 52 58 #SUP: 2437
3 5 48 60 #SUP: 2450
3 5 48 60 58 #SUP: 2450
3 5 48 60 40 #SUP: 2430
3 5 48 60 40 58 #SUP: 2430
3 5 48 60 40 29 #SUP: 2430
3 5 48 60 40 29 58 #SUP: 2430
3 5 48 60 40 29 52 #SUP: 2421
3 5 48 60 40 29 52 58 #SUP: 2421
3 5 48 60 40 52 #SUP: 2421
3 5 48 60 40 52 58 #SUP: 2421
3 5 48 60 29 #SUP: 2450
3 5 48 60 29 58 #SUP: 2450
3 5 48 60 29 52 #SUP: 2441
3 5 48 60 29 52 58 #SUP: 2441
3 5 48 60 52 #SUP: 2441
3 5 48 60 52 58 #SUP: 2441
3 5 48 40 #SUP: 2451
3 5 48 40 58 #SUP: 2451
3 5 48 40 29 #SUP: 2451
3 5 48 40 29 58 #SUP: 2451
3 5 48 40 29 52 #SUP: 2442
3 5 48 40 29 52 58 #SUP: 2442
3 5 48 40 52 #SUP: 2442
3 5 48 40 52 58 #SUP: 2442
3 5 48 29 #SUP: 2472
3 5 48 29 58 #SUP: 2472
3 5 48 29 52 #SUP: 2463
3 5 48 29 52 58 #SUP: 2463
3 5 48 52 #SUP: 2463
3 5 48 52 58 #SUP: 2463
3 5 66 #SUP: 2530
3 5 66 58 #SUP: 2530
3 5 66 56 #SUP: 2402
3 5 66 56 58 #SUP: 2402
3 5 66 56 60 #SUP: 2402
3 5 66 56 60 58 #SUP: 2402
3 5 66 56 60 29 #SUP: 2402
3 5 66 56 60 29 58 #SUP: 2402
3 5 66 56 60 29 52 #SUP: 2398
3 5 66 56 60 29 52 58 #SUP: 2398
3 5 66 56 60 52 #SUP: 2398
3 5 66 56 60 52 58 #SUP: 2398
3 5 66 56 29 #SUP: 2402
3 5 66 56 29 58 #SUP: 2402
3 5 66 56 29 52 #SUP: 2398
3 5 66 56 29 52 58 #SUP: 2398
3 5 66 56 52 #SUP: 2398
3 5 66 56 52 58 #SUP: 2398
3 5 66 34 #SUP: 2463
3 5 66 34 58 #SUP: 2463
3 5 66 34 60 #SUP: 2463
3 5 66 34 60 58 #SUP: 2463
3 5 66 34 60 40 #SUP: 2445
3 5 66 34 60 40 58 #SUP: 2445
3 5 66 34 60 40 29 #SUP: 2445
3 5 66 34 60 40 29 58 #SUP: 2445
3 5 66 34 60 40 29 52 #SUP: 2438
3 5 66 34 60 40 29 52 58 #SUP: 2438
3 5 66 34 60 40 52 #SUP: 2438
3 5 66 34 60 40 52 58 #SUP: 2438
3 5 66 34 60 29 #SUP: 2463
3 5 66 34 60 29 58 #SUP: 2463
3 5 66 34 60 29 52 #SUP: 2456
3 5 66 34 60 29 52 58 #SUP: 2456
3 5 66 34 60 52 #SUP: 2456
3 5 66 34 60 52 58 #SUP: 2456
3 5 66 34 40 #SUP: 2445
3 5 66 34 40 58 #SUP: 2445
3 5 66 34 40 29 #SUP: 2445
3 5 66 34 40 29 58 #SUP: 2445
3 5 66 34 40 29 52 #SUP: 2438
3 5 66 34 40 29 52 58 #SUP: 2438
3 5 66 34 40 52 #SUP: 2438
3 5 66 34 40 52 58 #SUP: 2438
3 5 66 34 29 #SUP: 2463
3 5 66 34 29 58 #SUP: 2463
3 5 66 34 29 52 #SUP: 2456
3 5 66 34 29 52 58 #SUP: 2456
3 5 66 34 52 #SUP: 2456
3 5 66 34 52 58 #SUP: 2456
3 5 66 62 #SUP: 2439
3 5 66 62 58 #SUP: 2439
3 5 66 62 60 #SUP: 2439
3 5 66 62 60 58 #SUP: 2439
3 5 66 62 60 40 #SUP: 2426
3 5 66 62 60 40 58 #SUP: 2426
3 5 66 62 60 40 29 #SUP: 2426
3 5 66 62 60 40 29 58 #SUP: 2426
3 5 66 62 60 40 29 52 #SUP: 2417
3 5 66 62 60 40 29 52 58 #SUP: 2417
3 5 66 62 60 40 52 #SUP: 2417
3 5 66 62 60 40 52 58 #SUP: 2417
3 5 66 62 60 29 #SUP: 2439
3 5 66 62 60 29 58 #SUP: 2439
3 5 66 62 60 29 52 #SUP: 2430
3 5 66 62 60 29 52 58 #SUP: 2430
3 5 66 62 60 52 #SUP: 2430
3 5 66 62 60 52 58 #SUP: 2430
3 5 66 62 40 #SUP: 2426
3 5 66 62 40 58 #SUP: 2426
3 5 66 62 40 29 #SUP: 2426
3 5 66 62 40 29 58 #SUP: 2426
3 5 66 62 40 29 52 #SUP: 2417
3 5 66 62 40 29 52 58 #SUP: 2417
3 5 66 62 40 52 #SUP: 2417
3 5 66 62 40 52 58 #SUP: 2417
3 5 66 62 29 #SUP: 2439
3 5 66 62 29 58 #SUP: 2439
3 5 66 62 29 52 #SUP: 2430
3 5 66 62 29 52 58 #SUP: 2430
3 5 66 62 52 #SUP: 2430
3 5 66 62 52 58 #SUP: 2430
3 5 66 7 #SUP: 2460
3 5 66 7 58 #SUP: 2460
3 5 66 7 60 #SUP: 2460
3 5 66 7 60 58 #SUP: 2460
3 5 66 7 60 40 #SUP: 2440
3 5 66 7 60 40 58 #SUP: 2440
3 5 66 7 60 40 29 #SUP: 2440
3 5 66 7 60 40 29 58 #SUP: 2440
3 5 66 7 60 40 29 52 #SUP: 2431
3 5 66 7 60 40 29 52 58 #SUP: 2431
3 5 66 7 60 40 52 #SUP: 2431
3 5 66 7 60 40 52 58 #SUP: 2431
3 5 66 7 60 29 #SUP: 2460
3 5 66 7 60 29 58 #SUP: 2460
3 5 66 7 60 29 52 #SUP: 2451
3 5 66 7 60 29 52 58 #SUP: 2451
3 5 66 7 60 52 #SUP: 2451
3 5 66 7 60 52 58 #SUP: 2451
3 5 66 7 40 #SUP: 2440
3 5 66 7 40 58 #SUP: 2440
3 5 66 7 40 29 #SUP: 2440
3 5 66 7 40 29 58 #SUP: 2440
3 5 66 7 40 29 52 #SUP: 2431
3 5 66 7 40 29 52 58 #SUP: 2431
3 5 66 7 40 52 #SUP: 2431
3 5 66 7 40 52 58 #SUP: 2431
3 5 66 7 29 #SUP: 2460
3 5 66 7 29 58 #SUP: 2460
3 5 66 7 29 52 #SUP: 2451
3 5 66 7 29 52 58 #SUP: 2451
3 5 66 7 52 #SUP: 2451
3 5 66 7 52 58 #SUP: 2451
3 5 66 36 #SUP: 2437
3 5 66 36 58 #SUP: 2437
3 5 66 36 60 #SUP: 2437
3 5 66 36 60 58 #SUP: 2437
3 5 66 36 60 40 #SUP: 2417
3 5 66 36 60 40 58 #SUP: 2417
3 5 66 36 60 40 29 #SUP: 2417
3 5 66 36 60 40 29 58 #SUP: 2417
3 5 66 36 60 40 29 52 #SUP: 2408
3 5 66 36 60 40 29 52 58 #SUP: 2408
3 5 66 36 60 40 52 #SUP: 2408
3 5 66 36 60 40 52 58 #SUP: 2408
3 5 66 36 60 29 #SUP: 2437
3 5 66 36 60 29 58 #SUP: 2437
3 5 66 36 60 29 52 #SUP: 2428
3 5 66 36 60 29 52 58 #SUP: 2428
3 5 66 36 60 52 #SUP: 2428
3 5 66 36 60 52 58 #SUP: 2428
3 5 66 36 40 #SUP: 2417
3 5 66 36 40 58 #SUP: 2417
3 5 66 36 40 29 #SUP: 2417
3 5 66 36 40 29 58 #SUP: 2417
3 5 66 36 40 29 52 #SUP: 2408
3 5 66 36 40 29 52 58 #SUP: 2408
3 5 66 36 40 52 #SUP: 2408
3 5 66 36 40 52 58 #SUP: 2408
3 5 66 36 29 #SUP: 2437
3 5 66 36 29 58 #SUP: 2437
3 5 66 36 29 52 #SUP: 2428
3 5 66 36 29 52 58 #SUP: 2428
3 5 66 36 52 #SUP: 2428
3 5 66 36 52 58 #SUP: 2428
3 5 66 60 #SUP: 2530
3 5 66 60 58 #SUP: 2530
3 5 66 60 40 #SUP: 2510
3 5 66 60 40 58 #SUP: 2510
3 5 66 60 40 29 #SUP: 2510
3 5 66 60 40 29 58 #SUP: 2510
3 5 66 60 40 29 52 #SUP: 2501
3 5 66 60 40 29 52 58 #SUP: 2501
3 5 66 60 40 52 #SUP: 2501
3 5 66 60 40 52 58 #SUP: 2501
3 5 66 60 29 #SUP: 2530
3 5 66 60 29 58 #SUP: 2530
3 5 66 60 29 52 #SUP: 2521
3 5 66 60 29 52 58 #SUP: 2521
3 5 66 60 52 #SUP: 2521
3 5 66 60 52 58 #SUP: 2521
3 5 66 40 #SUP: 2510
3 5 66 40 58 #SUP: 2510
3 5 66 40 29 #SUP: 2510
3 5 66 40 29 58 #SUP: 2510
3 5 66 40 29 52 #SUP: 2501
3 5 66 40 29 52 58 #SUP: 2501
3 5 66 40 52 #SUP: 2501
3 5 66 40 52 58 #SUP: 2501
3 5 66 29 #SUP: 2530
3 5 66 29 58 #SUP: 2530
3 5 66 29 52 #SUP: 2521
3 5 66 29 52 58 #SUP: 2521
3 5 66 52 #SUP: 2521
3 5 66 52 58 #SUP: 2521
3 5 56 #SUP: 2511
3 5 56 58 #SUP: 2511
3 5 56 34 #SUP: 2457
3 5 56 34 58 #SUP: 2457
3 5 56 34 60 #SUP: 2423
3 5 56 34 60 58 #SUP: 2423
3 5 56 34 60 40 #SUP: 2405
3 5 56 34 60 40 58 #SUP: 2405
3 5 56 34 60 40 29 #SUP: 2405
3 5 56 34 60 40 29 58 #SUP: 2405
3 5 56 34 60 40 29 52 #SUP: 2401
3 5 56 34 60 40 29 52 58 #SUP: 2401
3 5 56 34 60 40 52 #SUP: 2401
3 5 56 34 60 40 52 58 #SUP: 2401
3 5 56 34 60 29 #SUP: 2423
3 5 56 34 60 29 58 #SUP: 2423
3 5 56 34 60 29 52 #SUP: 2419
3 5 56 34 60 29 52 58 #SUP: 2419
3 5 56 34 60 52 #SUP: 2419
3 5 56 34 60 52 58 #SUP: 2419
3 5 56 34 40 #SUP: 2438
3 5 56 34 40 58 #SUP: 2438
3 5 56 34 40 29 #SUP: 2438
3 5 56 34 40 29 58 #SUP: 2438
3 5 56 34 40 29 52 #SUP: 2434
3 5 56 34 40 29 52 58 #SUP: 2434
3 5 56 34 40 52 #SUP: 2434
3 5 56 34 40 52 58 #SUP: 2434
3 5 56 34 29 #SUP: 2457
3 5 56 34 29 58 #SUP: 2457
3 5 56 34 29 52 #SUP: 2453
3 5 56 34 29 52 58 #SUP: 2453
3 5 56 34 52 #SUP: 2453
3 5 56 34 52 58 #SUP: 2453
3 5 56 62 #SUP: 2449
3 5 56 62 58 #SUP: 2449
3 5 56 62 60 #SUP: 2416
3 5 56 62 60 58 #SUP: 2416
3 5 56 62 60 40 #SUP: 2404
3 5 56 62 60 40 58 #SUP: 2404
3 5 56 62 60 40 29 #SUP: 2404
3 5 56 62 60 40 29 58 #SUP: 2404
3 5 56 62 60 40 29 52 #SUP: 2400
3 5 56 62 60 40 29 52 58 #SUP: 2400
3 5 56 62 60 40 52 #SUP: 2400
3 5 56 62 60 40 52 58 #SUP: 2400
3 5 56 62 60 29 #SUP: 2416
3 5 56 62 60 29 58 #SUP: 2416
3 5 56 62 60 29 52 #SUP: 2412
3 5 56 62 60 29 52 58 #SUP: 2412
3 5 56 62 60 52 #SUP: 2412
3 5 56 62 60 52 58 #SUP: 2412
3 5 56 62 40 #SUP: 2437
3 5 56 62 40 58 #SUP: 2437
3 5 56 62 40 29 #SUP: 2437
3 5 56 62 40 29 58 #SUP: 2437
3 5 56 62 40 29 52 #SUP: 2433
3 5 56 62 40 29 52 58 #SUP: 2433
3 5 56 62 40 52 #SUP: 2433
3 5 56 62 40 52 58 #SUP: 2433
3 5 56 62 29 #SUP: 2449
3 5 56 62 29 58 #SUP: 2449
3 5 56 62 29 52 #SUP: 2445
3 5 56 62 29 52 58 #SUP: 2445
3 5 56 62 52 #SUP: 2445
3 5 56 62 52 58 #SUP: 2445
3 5 56 7 #SUP: 2440
3 5 56 7 58 #SUP: 2440
3 5 56 7 60 #SUP: 2406
3 5 56 7 60 58 #SUP: 2406
3 5 56 7 60 29 #SUP: 2406
3 5 56 7 60 29 58 #SUP: 2406
3 5 56 7 60 29 52 #SUP: 2402
3 5 56 7 60 29 52 58 #SUP: 2402
3 5 56 7 60 52 #SUP: 2402
3 5 56 7 60 52 58 #SUP: 2402
3 5 56 7 40 #SUP: 2420
3 5 56 7 40 58 #SUP: 2420
3 5 56 7 40 29 #SUP: 2420
3 5 56 7 40 29 58 #SUP: 2420
3 5 56 7 40 29 52 #SUP: 2416
3 5 56 7 40 29 52 58 #SUP: 2416
3 5 56 7 40 52 #SUP: 2416
3 5 56 7 40 52 58 #SUP: 2416
3 5 56 7 29 #SUP: 2440
3 5 56 7 29 58 #SUP: 2440
3 5 56 7 29 52 #SUP: 2436
3 5 56 7 29 52 58 #SUP: 2436
3 5 56 7 52 #SUP: 2436
3 5 56 7 52 58 #SUP: 2436
3 5 56 36 #SUP: 2418
3 5 56 36 58 #SUP: 2418
3 5 56 36 40 #SUP: 2398
3 5 56 36 40 58 #SUP: 2398
3 5 56 36 40 29 #SUP: 2398
3 5 56 36 40 29 58 #SUP: 2398
3 5 56 36 29 #SUP: 2418
3 5 56 36 29 58 #SUP: 2418
3 5 56 36 29 52 #SUP: 2414
3 5 56 36 29 52 58 #SUP: 2414
3 5 56 36 52 #SUP: 2414
3 5 56 36 52 58 #SUP: 2414
3 5 56 60 #SUP: 2477
3 5 56 60 58 #SUP: 2477
3 5 56 60 40 #SUP: 2458
3 5 56 60 40 58 #SUP: 2458
3 5 56 60 40 29 #SUP: 2458
3 5 56 60 40 29 58 #SUP: 2458
3 5 56 60 40 29 52 #SUP: 2454
3 5 56 60 40 29 52 58 #SUP: 2454
3 5 56 60 40 52 #SUP: 2454
3 5 56 60 40 52 58 #SUP: 2454
3 5 56 60 29 #SUP: 2477
3 5 56 60 29 58 #SUP: 2477
3 5 56 60 29 52 #SUP: 2473
3 5 56 60 29 52 58 #SUP: 2473
3 5 56 60 52 #SUP: 2473
3 5 56 60 52 58 #SUP: 2473
3 5 56 40 #SUP: 2491
3 5 56 40 58 #SUP: 2491
3 5 56 40 29 #SUP: 2491
3 5 56 40 29 58 #SUP: 2491
3 5 56 40 29 52 #SUP: 2487
3 5 56 40 29 52 58 #SUP: 2487
3 5 56 40 52 #SUP: 2487
3 5 56 40 52 58 #SUP: 2487
3 5 56 29 #SUP: 2511
3 5 56 29 58 #SUP: 2511
3 5 56 29 52 #SUP: 2507
3 5 56 29 52 58 #SUP: 2507
3 5 56 52 #SUP: 2507
3 5 56 52 58 #SUP: 2507
3 5 34 #SUP: 2572
3 5 34 58 #SUP: 2572
3 5 34 62 #SUP: 2480
3 5 34 62 58 #SUP: 2480
3 5 34 62 7 #SUP: 2409
3 5 34 62 7 58 #SUP: 2409
3 5 34 62 7 40 #SUP: 2398
3 5 34 62 7 40 58 #SUP: 2398
3 5 34 62 7 40 29 #SUP: 2398
3 5 34 62 7 40 29 58 #SUP: 2398
3 5 34 62 7 29 #SUP: 2409
3 5 34 62 7 29 58 #SUP: 2409
3 5 34 62 7 29 52 #SUP: 2402
3 5 34 62 7 29 52 58 #SUP: 2402
3 5 34 62 7 52 #SUP: 2402
3 5 34 62 7 52 58 #SUP: 2402
3 5 34 62 60 #SUP: 2447
3 5 34 62 60 58 #SUP: 2447
3 5 34 62 60 40 #SUP: 2436
3 5 34 62 60 40 58 #SUP: 2436
3 5 34 62 60 40 29 #SUP: 2436
3 5 34 62 60 40 29 58 #SUP: 2436
3 5 34 62 60 40 29 52 #SUP: 2429
3 5 34 62 60 40 29 52 58 #SUP: 2429
3 5 34 62 60 40 52 #SUP: 2429
3 5 34 62 60 40 52 58 #SUP: 2429
3 5 34 62 60 29 #SUP: 2447
3 5 34 62 60 29 58 #SUP: 2447
3 5 34 62 60 29 52 #SUP: 2440
3 5 34 62 60 29 52 58 #SUP: 2440
3 5 34 62 60 52 #SUP: 2440
3 5 34 62 60 52 58 #SUP: 2440
3 5 34 62 40 #SUP: 2469
3 5 34 62 40 58 #SUP: 2469
3 5 34 62 40 29 #SUP: 2469
3 5 34 62 40 29 58 #SUP: 2469
3 5 34 62 40 29 52 #SUP: 2462
3 5 34 62 40 29 52 58 #SUP: 2462
3 5 34 62 40 52 #SUP: 2462
3 5 34 62 40 52 58 #SUP: 2462
3 5 34 62 29 #SUP: 2480
3 5 34 62 29 58 #SUP: 2480
3 5 34 62 29 52 #SUP: 2473
3 5 34 62 29 52 58 #SUP: 2473
3 5 34 62 52 #SUP: 2473
3 5 34 62 52 58 #SUP: 2473
3 5 34 7 #SUP: 2501
3 5 34 7 58 #SUP: 2501
3 5 34 7 36 #SUP: 2408
3 5 34 7 36 58 #SUP: 2408
3 5 34 7 36 29 #SUP: 2408
3 5 34 7 36 29 58 #SUP: 2408
3 5 34 7 36 29 52 #SUP: 2401
3 5 34 7 36 29 52 58 #SUP: 2401
3 5 34 7 36 52 #SUP: 2401
3 5 34 7 36 52 58 #SUP: 2401
3 5 34 7 60 #SUP: 2467
3 5 34 7 60 58 #SUP: 2467
3 5 34 7 60 40 #SUP: 2449
3 5 34 7 60 40 58 #SUP: 2449
3 5 34 7 60 40 29 #SUP: 2449
3 5 34 7 60 40 29 58 #SUP: 2449
3 5 34 7 60 40 29 52 #SUP: 2442
3 5 34 7 60 40 29 52 58 #SUP: 2442
3 5 34 7 60 40 52 #SUP: 2442
3 5 34 7 60 40 52 58 #SUP: 2442
3 5 34 7 60 29 #SUP: 2467
3 5 34 7 60 29 58 #SUP: 2467
3 5 34 7 60 29 52 #SUP: 2460
3 5 34 7 60 29 52 58 #SUP: 2460
3 5 34 7 60 52 #SUP: 2460
3 5 34 7 60 52 58 #SUP: 2460
3 5 34 7 40 #SUP: 2482
3 5 34 7 40 58 #SUP: 2482
3 5 34 7 40 29 #SUP: 2482
3 5 34 7 40 29 58 #SUP: 2482
3 5 34 7 40 29 52 #SUP: 2475
3 5 34 7 40 29 52 58 #SUP: 2475
3 5 34 7 40 52 #SUP: 2475
3 5 34 7 40 52 58 #SUP: 2475
3 5 34 7 29 #SUP: 2501
3 5 34 7 29 58 #SUP: 2501
3 5 34 7 29 52 #SUP: 2494
3 5 34 7 29 52 58 #SUP: 2494
3 5 34 7 52 #SUP: 2494
3 5 34 7 52 58 #SUP: 2494
3 5 34 36 #SUP: 2479
3 5 34 36 58 #SUP: 2479
3 5 34 36 60 #SUP: 2445
3 5 34 36 60 58 #SUP: 2445
3 5 34 36 60 40 #SUP: 2427
3 5 34 36 60 40 58 #SUP: 2427
3 5 34 36 60 40 29 #SUP: 2427
3 5 34 36 60 40 29 58 #SUP: 2427
3 5 34 36 60 40 29 52 #SUP: 2420
3 5 34 36 60 40 29 52 58 #SUP: 2420
3 5 34 36 60 40 52 #SUP: 2420
3 5 34 36 60 40 52 58 #SUP: 2420
3 5 34 36 60 29 #SUP: 2445
3 5 34 36 60 29 58 #SUP: 2445
3 5 34 36 60 29 52 #SUP: 2438
3 5 34 36 60 29 52 58 #SUP: 2438
3 5 34 36 60 52 #SUP: 2438
3 5 34 36 60 52 58 #SUP: 2438
3 5 34 36 40 #SUP: 2460
3 5 34 36 40 58 #SUP: 2460
3 5 34 36 40 29 #SUP: 2460
3 5 34 36 40 29 58 #SUP: 2460
3 5 34 36 40 29 52 #SUP: 2453
3 5 34 36 40 29 52 58 #SUP: 2453
3 5 34 36 40 52 #SUP: 2453
3 5 34 36 40 52 58 #SUP: 2453
3 5 34 36 29 #SUP: 2479
3 5 34 36 29 58 #SUP: 2479
3 5 34 36 29 52 #SUP: 2472
3 5 34 36 29 52 58 #SUP: 2472
3 5 34 36 52 #SUP: 2472
3 5 34 36 52 58 #SUP: 2472
3 5 34 60 #SUP: 2538
3 5 34 60 58 #SUP: 2538
3 5 34 60 40 #SUP: 2520
3 5 34 60 40 58 #SUP: 2520
3 5 34 60 40 29 #SUP: 2520
3 5 34 60 40 29 58 #SUP: 2520
3 5 34 60 40 29 52 #SUP: 2513
3 5 34 60 40 29 52 58 #SUP: 2513
3 5 34 60 40 52 #SUP: 2513
3 5 34 60 40 52 58 #SUP: 2513
3 5 34 60 29 #SUP: 2538
3 5 34 60 29 58 #SUP: 2538
3 5 34 60 29 52 #SUP: 2531
3 5 34 60 29 52 58 #SUP: 2531
3 5 34 60 52 #SUP: 2531
3 5 34 60 52 58 #SUP: 2531
3 5 34 40 #SUP: 2553
3 5 34 40 58 #SUP: 2553
3 5 34 40 29 #SUP: 2553
3 5 34 40 29 58 #SUP: 2553
3 5 34 40 29 52 #SUP: 2546
3 5 34 40 29 52 58 #SUP: 2546
3 5 34 40 52 #SUP: 2546
3 5 34 40 52 58 #SUP: 2546
3 5 34 29 #SUP: 2572
3 5 34 29 58 #SUP: 2572
3 5 34 29 52 #SUP: 2565
3 5 34 29 52 58 #SUP: 2565
3 5 34 52 #SUP: 2565
3 5 34 52 58 #SUP: 2565
3 5 62 #SUP: 2546
3 5 62 58 #SUP: 2546
3 5 62 7 #SUP: 2475
3 5 62 7 58 #SUP: 2475
3 5 62 7 60 #SUP: 2442
3 5 62 7 60 58 #SUP: 2442
3 5 62 7 60 40 #SUP: 2429
3 5 62 7 60 40 58 #SUP: 2429
3 5 62 7 60 40 29 #SUP: 2429
3 5 62 7 60 40 29 58 #SUP: 2429
3 5 62 7 60 40 29 52 #SUP: 2420
3 5 62 7 60 40 29 52 58 #SUP: 2420
3 5 62 7 60 40 52 #SUP: 2420
3 5 62 7 60 40 52 58 #SUP: 2420
3 5 62 7 60 29 #SUP: 2442
3 5 62 7 60 29 58 #SUP: 2442
3 5 62 7 60 29 52 #SUP: 2433
3 5 62 7 60 29 52 58 #SUP: 2433
3 5 62 7 60 52 #SUP: 2433
3 5 62 7 60 52 58 #SUP: 2433
3 5 62 7 40 #SUP: 2462
3 5 62 7 40 58 #SUP: 2462
3 5 62 7 40 29 #SUP: 2462
3 5 62 7 40 29 58 #SUP: 2462
3 5 62 7 40 29 52 #SUP: 2453
3 5 62 7 40 29 52 58 #SUP: 2453
3 5 62 7 40 52 #SUP: 2453
3 5 62 7 40 52 58 #SUP: 2453
3 5 62 7 29 #SUP: 2475
3 5 62 7 29 58 #SUP: 2475
3 5 62 7 29 52 #SUP: 2466
3 5 62 7 29 52 58 #SUP: 2466
3 5 62 7 52 #SUP: 2466
3 5 62 7 52 58 #SUP: 2466
3 5 62 36 #SUP: 2453
3 5 62 36 58 #SUP: 2453
3 5 62 36 60 #SUP: 2420
3 5 62 36 60 58 #SUP: 2420
3 5 62 36 60 40 #SUP: 2407
3 5 62 36 60 40 58 #SUP: 2407
3 5 62 36 60 40 29 #SUP: 2407
3 5 62 36 60 40 29 58 #SUP: 2407
3 5 62 36 60 40 29 52 #SUP: 2398
3 5 62 36 60 40 29 52 58 #SUP: 2398
3 5 62 36 60 40 52 #SUP: 2398
3 5 62 36 60 40 52 58 #SUP: 2398
3 5 62 36 60 29 #SUP: 2420
3 5 62 36 60 29 58 #SUP: 2420
3 5 62 36 60 29 52 #SUP: 2411
3 5 62 36 60 29 52 58 #SUP: 2411
3 5 62 36 60 52 #SUP: 2411
3 5 62 36 60 52 58 #SUP: 2411
3 5 62 36 40 #SUP: 2440
3 5 62 36 40 58 #SUP: 2440
3 5 62 36 40 29 #SUP: 2440
3 5 62 36 40 29 58 #SUP: 2440
3 5 62 36 40 29 52 #SUP: 2431
3 5 62 36 40 29 52 58 #SUP: 2431
3 5 62 36 40 52 #SUP: 2431
3 5 62 36 40 52 58 #SUP: 2431
3 5 62 36 29 #SUP: 2453
3 5 62 36 29 58 #SUP: 2453
3 5 62 36 29 52 #SUP: 2444
3 5 62 36 29 52 58 #SUP: 2444
3 5 62 36 52 #SUP: 2444
3 5 62 36 52 58 #SUP: 2444
3 5 62 60 #SUP: 2513
3 5 62 60 58 #SUP: 2513
3 5 62 60 40 #SUP: 2500
3 5 62 60 40 58 #SUP: 2500
3 5 62 60 40 29 #SUP: 2500
3 5 62 60 40 29 58 #SUP: 2500
3 5 62 60 40 29 52 #SUP: 2491
3 5 62 60 40 29 52 58 #SUP: 2491
3 5 62 60 40 52 #SUP: 2491
3 5 62 60 40 52 58 #SUP: 2491
3 5 62 60 29 #SUP: 2513
3 5 62 60 29 58 #SUP: 2513
3 5 62 60 29 52 #SUP: 2504
3 5 62 60 29 52 58 #SUP: 2504
3 5 62 60 52 #SUP: 2504
3 5 62 60 52 58 #SUP: 2504
3 5 62 40 #SUP: 2533
3 5 62 40 58 #SUP: 2533
3 5 62 40 29 #SUP: 2533
3 5 62 40 29 58 #SUP: 2533
3 5 62 40 29 52 #SUP: 2524
3 5 62 40 29 52 58 #SUP: 2524
3 5 62 40 52 #SUP: 2524
3 5 62 40 52 58 #SUP: 2524
3 5 62 29 #SUP: 2546
3 5 62 29 58 #SUP: 2546
3 5 62 29 52 #SUP: 2537
3 5 62 29 52 58 #SUP: 2537
3 5 62 52 #SUP: 2537
3 5 62 52 58 #SUP: 2537
3 5 7 #SUP: 2568
3 5 7 58 #SUP: 2568
3 5 7 36 #SUP: 2475
3 5 7 36 58 #SUP: 2475
3 5 7 36 60 #SUP: 2441
3 5 7 36 60 58 #SUP: 2441
3 5 7 36 60 40 #SUP: 2421
3 5 7 36 60 40 58 #SUP: 2421
3 5 7 36 60 40 29 #SUP: 2421
3 5 7 36 60 40 29 58 #SUP: 2421
3 5 7 36 60 40 29 52 #SUP: 2412
3 5 7 36 60 40 29 52 58 #SUP: 2412
3 5 7 36 60 40 52 #SUP: 2412
3 5 7 36 60 40 52 58 #SUP: 2412
3 5 7 36 60 29 #SUP: 2441
3 5 7 36 60 29 58 #SUP: 2441
3 5 7 36 60 29 52 #SUP: 2432
3 5 7 36 60 29 52 58 #SUP: 2432
3 5 7 36 60 52 #SUP: 2432
3 5 7 36 60 52 58 #SUP: 2432
3 5 7 36 40 #SUP: 2454
3 5 7 36 40 58 #SUP: 2454
3 5 7 36 40 29 #SUP: 2454
3 5 7 36 40 29 58 #SUP: 2454
3 5 7 36 40 29 52 #SUP: 2445
3 5 7 36 40 29 52 58 #SUP: 2445
3 5 7 36 40 52 #SUP: 2445
3 5 7 36 40 52 58 #SUP: 2445
3 5 7 36 29 #SUP: 2475
3 5 7 36 29 58 #SUP: 2475
3 5 7 36 29 52 #SUP: 2466
3 5 7 36 29 52 58 #SUP: 2466
3 5 7 36 52 #SUP: 2466
3 5 7 36 52 58 #SUP: 2466
3 5 7 60 #SUP: 2534
3 5 7 60 58 #SUP: 2534
3 5 7 60 40 #SUP: 2514
3 5 7 60 40 58 #SUP: 2514
3 5 7 60 40 29 #SUP: 2514
3 5 7 60 40 29 58 #SUP: 2514
3 5 7 60 40 29 52 #SUP: 2505
3 5 7 60 40 29 52 58 #SUP: 2505
3 5 7 60 40 52 #SUP: 2505
3 5 7 60 40 52 58 #SUP: 2505
3 5 7 60 29 #SUP: 2534
3 5 7 60 29 58 #SUP: 2534
3 5 7 60 29 52 #SUP: 2525
3 5 7 60 29 52 58 #SUP: 2525
3 5 7 60 52 #SUP: 2525
3 5 7 60 52 58 #SUP: 2525
3 5 7 40 #SUP: 2547
3 5 7 40 58 #SUP: 2547
3 5 7 40 29 #SUP: 2547
3 5 7 40 29 58 #SUP: 2547
3 5 7 40 29 52 #SUP: 2538
3 5 7 40 29 52 58 #SUP: 2538
3 5 7 40 52 #SUP: 2538
3 5 7 40 52 58 #SUP: 2538
3 5 7 29 #SUP: 2568
3 5 7 29 58 #SUP: 2568
3 5 7 29 52 #SUP: 2559
3 5 7 29 52 58 #SUP: 2559
3 5 7 52 #SUP: 2559
3 5 7 52 58 #SUP: 2559
3 5 36 #SUP: 2546
3 5 36 58 #SUP: 2546
3 5 36 60 #SUP: 2512
3 5 36 60 58 #SUP: 2512
3 5 36 60 40 #SUP: 2492
3 5 36 60 40 58 #SUP: 2492
3 5 36 60 40 29 #SUP: 2492
3 5 36 60 40 29 58 #SUP: 2492
3 5 36 60 40 29 52 #SUP: 2483
3 5 36 60 40 29 52 58 #SUP: 2483
3 5 36 60 40 52 #SUP: 2483
3 5 36 60 40 52 58 #SUP: 2483
3 5 36 60 29 #SUP: 2512
3 5 36 60 29 58 #SUP: 2512
3 5 36 60 29 52 #SUP: 2503
3 5 36 60 29 52 58 #SUP: 2503
3 5 36 60 52 #SUP: 2503
3 5 36 60 52 58 #SUP: 2503
3 5 36 40 #SUP: 2525
3 5 36 40 58 #SUP: 2525
3 5 36 40 29 #SUP: 2525
3 5 36 40 29 58 #SUP: 2525
3 5 36 40 29 52 #SUP: 2516
3 5 36 40 29 52 58 #SUP: 2516
3 5 36 40 52 #SUP: 2516
3 5 36 40 52 58 #SUP: 2516
3 5 36 29 #SUP: 2546
3 5 36 29 58 #SUP: 2546
3 5 36 29 52 #SUP: 2537
3 5 36 29 52 58 #SUP: 2537
3 5 36 52 #SUP: 2537
3 5 36 52 58 #SUP: 2537
3 5 60 #SUP: 2605
3 5 60 58 #SUP: 2605
3 5 60 40 #SUP: 2585
3 5 60 40 58 #SUP: 2585
3 5 60 40 29 #SUP: 2585
3 5 60 40 29 58 #SUP: 2585
3 5 60 40 29 52 #SUP: 2576
3 5 60 40 29 52 58 #SUP: 2576
3 5 60 40 52 #SUP: 2576
3 5 60 40 52 58 #SUP: 2576
3 5 60 29 #SUP: 2605
3 5 60 29 58 #SUP: 2605
3 5 60 29 52 #SUP: 2596
3 5 60 29 52 58 #SUP: 2596
3 5 60 52 #SUP: 2596
3 5 60 52 58 #SUP: 2596
3 5 40 #SUP: 2618
3 5 40 58 #SUP: 2618
3 5 40 29 #SUP: 2618
3 5 40 29 58 #SUP: 2618
3 5 40 29 52 #SUP: 2609
3 5 40 29 52 58 #SUP: 2609
3 5 40 52 #SUP: 2609
3 5 40 52 58 #SUP: 2609
3 5 29 #SUP: 2639
3 5 29 58 #SUP: 2639
3 5 29 52 #SUP: 2630
3 5 29 52 58 #SUP: 2630
3 5 52 #SUP: 2630
3 5 52 58 #SUP: 2630
3 48 #SUP: 2672
3 48 58 #SUP: 2672
3 48 66 #SUP: 2563
3 48 66 58 #SUP: 2563
3 48 66 56 #SUP: 2428
3 48 66 56 58 #SUP: 2428
3 48 66 56 36 #SUP: 2402
3 48 66 56 36 58 #SUP: 2402
3 48 66 56 36 60 #SUP: 2402
3 48 66 56 36 60 58 #SUP: 2402
3 48 66 56 36 60 29 #SUP: 2402
3 48 66 56 36 60 29 58 #SUP: 2402
3 48 66 56 36 60 29 52 #SUP: 2398
3 48 66 56 36 60 29 52 58 #SUP: 2398
3 48 66 56 36 60 52 #SUP: 2398
3 48 66 56 36 60 52 58 #SUP: 2398
3 48 66 56 36 29 #SUP: 2402
3 48 66 56 36 29 58 #SUP: 2402
3 48 66 56 36 29 52 #SUP: 2398
3 48 66 56 36 29 52 58 #SUP: 2398
3 48 66 56 36 52 #SUP: 2398
3 48 66 56 36 52 58 #SUP: 2398
3 48 66 56 60 #SUP: 2428
3 48 66 56 60 58 #SUP: 2428
3 48 66 56 60 40 #SUP: 2405
3 48 66 56 60 40 58 #SUP: 2405
3 48 66 56 60 40 29 #SUP: 2405
3 48 66 56 60 40 29 58 #SUP: 2405
3 48 66 56 60 40 29 52 #SUP: 2401
3 48 66 56 60 40 29 52 58 #SUP: 2401
3 48 66 56 60 40 52 #SUP: 2401
3 48 66 56 60 40 52 58 #SUP: 2401
3 48 66 56 60 29 #SUP: 2428
3 48 66 56 60 29 58 #SUP: 2428
3 48 66 56 60 29 52 #SUP: 2424
3 48 66 56 60 29 52 58 #SUP: 2424
3 48 66 56 60 52 #SUP: 2424
3 48 66 56 60 52 58 #SUP: 2424
3 48 66 56 40 #SUP: 2405
3 48 66 56 40 58 #SUP: 2405
3 48 66 56 40 29 #SUP: 2405
3 48 66 56 40 29 58 #SUP: 2405
3 48 66 56 40 29 52 #SUP: 2401
3 48 66 56 40 29 52 58 #SUP: 2401
3 48 66 56 40 52 #SUP: 2401
3 48 66 56 40 52 58 #SUP: 2401
3 48 66 56 29 #SUP: 2428
3 48 66 56 29 58 #SUP: 2428
3 48 66 56 29 52 #SUP: 2424
3 48 66 56 29 52 58 #SUP: 2424
3 48 66 56 52 #SUP: 2424
3 48 66 56 52 58 #SUP: 2424
3 48 66 34 #SUP: 2444
3 48 66 34 58 #SUP: 2444
3 48 66 34 36 #SUP: 2418
3 48 66 34 36 58 #SUP: 2418
3 48 66 34 36 60 #SUP: 2418
3 48 66 34 36 60 58 #SUP: 2418
3 48 66 34 36 60 40 #SUP: 2397
3 48 66 34 36 60 40 58 #SUP: 2397
3 48 66 34 36 60 40 29 #SUP: 2397
3 48 66 34 36 60 40 29 58 #SUP: 2397
3 48 66 34 36 60 29 #SUP: 2418
3 48 66 34 36 60 29 58 #SUP: 2418
3 48 66 34 36 60 29 52 #SUP: 2411
3 48 66 34 36 60 29 52 58 #SUP: 2411
3 48 66 34 36 60 52 #SUP: 2411
3 48 66 34 36 60 52 58 #SUP: 2411
3 48 66 34 36 40 #SUP: 2397
3 48 66 34 36 40 58 #SUP: 2397
3 48 66 34 36 40 29 #SUP: 2397
3 48 66 34 36 40 29 58 #SUP: 2397
3 48 66 34 36 29 #SUP: 2418
3 48 66 34 36 29 58 #SUP: 2418
3 48 66 34 36 29 52 #SUP: 2411
3 48 66 34 36 29 52 58 #SUP: 2411
3 48 66 34 36 52 #SUP: 2411
3 48 66 34 36 52 58 #SUP: 2411
3 48 66 34 60 #SUP: 2444
3 48 66 34 60 58 #SUP: 2444
3 48 66 34 60 40 #SUP: 2423
3 48 66 34 60 40 58 #SUP: 2423
3 48 66 34 60 40 29 #SUP: 2423
3 48 66 34 60 40 29 58 #SUP: 2423
3 48 66 34 60 40 29 52 #SUP: 2416
3 48 66 34 60 40 29 52 58 #SUP: 2416
3 48 66 34 60 40 52 #SUP: 2416
3 48 66 34 60 40 52 58 #SUP: 2416
3 48 66 34 60 29 #SUP: 2444
3 48 66 34 60 29 58 #SUP: 2444
3 48 66 34 60 29 52 #SUP: 2437
3 48 66 34 60 29 52 58 #SUP: 2437
3 48 66 34 60 52 #SUP: 2437
3 48 66 34 60 52 58 #SUP: 2437
3 48 66 34 40 #SUP: 2423
3 48 66 34 40 58 #SUP: 2423
3 48 66 34 40 29 #SUP: 2423
3 48 66 34 40 29 58 #SUP: 2423
3 48 66 34 40 29 52 #SUP: 2416
3 48 66 34 40 29 52 58 #SUP: 2416
3 48 66 34 40 52 #SUP: 2416
3 48 66 34 40 52 58 #SUP: 2416
3 48 66 34 29 #SUP: 2444
3 48 66 34 29 58 #SUP: 2444
3 48 66 34 29 52 #SUP: 2437
3 48 66 34 29 52 58 #SUP: 2437
3 48 66 34 52 #SUP: 2437
3 48 66 34 52 58 #SUP: 2437
3 48 66 62 #SUP: 2451
3 48 66 62 58 #SUP: 2451
3 48 66 62 36 #SUP: 2425
3 48 66 62 36 58 #SUP: 2425
3 48 66 62 36 60 #SUP: 2425
3 48 66 62 36 60 58 #SUP: 2425
3 48 66 62 36 60 40 #SUP: 2410
3 48 66 62 36 60 40 58 #SUP: 2410
3 48 66 62 36 60 40 29 #SUP: 2410
3 48 66 62 36 60 40 29 58 #SUP: 2410
3 48 66 62 36 60 40 29 52 #SUP: 2401
3 48 66 62 36 60 40 29 52 58 #SUP: 2401
3 48 66 62 36 60 40 52 #SUP: 2401
3 48 66 62 36 60 40 52 58 #SUP: 2401
3 48 66 62 36 60 29 #SUP: 2425
3 48 66 62 36 60 29 58 #SUP: 2425
3 48 66 62 36 60 29 52 #SUP: 2416
3 48 66 62 36 60 29 52 58 #SUP: 2416
3 48 66 62 36 60 52 #SUP: 2416
3 48 66 62 36 60 52 58 #SUP: 2416
3 48 66 62 36 40 #SUP: 2410
3 48 66 62 36 40 58 #SUP: 2410
3 48 66 62 36 40 29 #SUP: 2410
3 48 66 62 36 40 29 58 #SUP: 2410
3 48 66 62 36 40 29 52 #SUP: 2401
3 48 66 62 36 40 29 52 58 #SUP: 2401
3 48 66 62 36 40 52 #SUP: 2401
3 48 66 62 36 40 52 58 #SUP: 2401
3 48 66 62 36 29 #SUP: 2425
3 48 66 62 36 29 58 #SUP: 2425
3 48 66 62 36 29 52 #SUP: 2416
3 48 66 62 36 29 52 58 #SUP: 2416
3 48 66 62 36 52 #SUP: 2416
3 48 66 62 36 52 58 #SUP: 2416
3 48 66 62 60 #SUP: 2451
3 48 66 62 60 58 #SUP: 2451
3 48 66 62 60 40 #SUP: 2436
3 48 66 62 60 40 58 #SUP: 2436
3 48 66 62 60 40 29 #SUP: 2436
3 48 66 62 60 40 29 58 #SUP: 2436
3 48 66 62 60 40 29 52 #SUP: 2427
3 48 66 62 60 40 29 52 58 #SUP: 2427
3 48 66 62 60 40 52 #SUP: 2427
3 48 66 62 60 40 52 58 #SUP: 2427
3 48 66 62 60 29 #SUP: 2451
3 48 66 62 60 29 58 #SUP: 2451
3 48 66 62 60 29 52 #SUP: 2442
3 48 66 62 60 29 52 58 #SUP: 2442
3 48 66 62 60 52 #SUP: 2442
3 48 66 62 60 52 58 #SUP: 2442
3 48 66 62 40 #SUP: 2436
3 48 66 62 40 58 #SUP: 2436
3 48 66 62 40 29 #SUP: 2436
3 48 66 62 40 29 58 #SUP: 2436
3 48 66 62 40 29 52 #SUP: 2427
3 48 66 62 40 29 52 58 #SUP: 2427
3 48 66 62 40 52 #SUP: 2427
3 48 66 62 40 52 58 #SUP: 2427
3 48 66 62 29 #SUP: 2451
3 48 66 62 29 58 #SUP: 2451
3 48 66 62 29 52 #SUP: 2442
3 48 66 62 29 52 58 #SUP: 2442
3 48 66 62 52 #SUP: 2442
3 48 66 62 52 58 #SUP: 2442
3 48 66 7 #SUP: 2490
3 48 66 7 58 #SUP: 2490
3 48 66 7 36 #SUP: 2464
3 48 66 7 36 58 #SUP: 2464
3 48 66 7 36 60 #SUP: 2464
3 48 66 7 36 60 58 #SUP: 2464
3 48 66 7 36 60 40 #SUP: 2440
3 48 66 7 36 60 40 58 #SUP: 2440
3 48 66 7 36 60 40 29 #SUP: 2440
3 48 66 7 36 60 40 29 58 #SUP: 2440
3 48 66 7 36 60 40 29 52 #SUP: 2431
3 48 66 7 36 60 40 29 52 58 #SUP: 2431
3 48 66 7 36 60 40 52 #SUP: 2431
3 48 66 7 36 60 40 52 58 #SUP: 2431
3 48 66 7 36 60 29 #SUP: 2464
3 48 66 7 36 60 29 58 #SUP: 2464
3 48 66 7 36 60 29 52 #SUP: 2455
3 48 66 7 36 60 29 52 58 #SUP: 2455
3 48 66 7 36 60 52 #SUP: 2455
3 48 66 7 36 60 52 58 #SUP: 2455
3 48 66 7 36 40 #SUP: 2440
3 48 66 7 36 40 58 #SUP: 2440
3 48 66 7 36 40 29 #SUP: 2440
3 48 66 7 36 40 29 58 #SUP: 2440
3 48 66 7 36 40 29 52 #SUP: 2431
3 48 66 7 36 40 29 52 58 #SUP: 2431
3 48 66 7 36 40 52 #SUP: 2431
3 48 66 7 36 40 52 58 #SUP: 2431
3 48 66 7 36 29 #SUP: 2464
3 48 66 7 36 29 58 #SUP: 2464
3 48 66 7 36 29 52 #SUP: 2455
3 48 66 7 36 29 52 58 #SUP: 2455
3 48 66 7 36 52 #SUP: 2455
3 48 66 7 36 52 58 #SUP: 2455
3 48 66 7 60 #SUP: 2490
3 48 66 7 60 58 #SUP: 2490
3 48 66 7 60 40 #SUP: 2466
3 48 66 7 60 40 58 #SUP: 2466
3 48 66 7 60 40 29 #SUP: 2466
3 48 66 7 60 40 29 58 #SUP: 2466
3 48 66 7 60 40 29 52 #SUP: 2457
3 48 66 7 60 40 29 52 58 #SUP: 2457
3 48 66 7 60 40 52 #SUP: 2457
3 48 66 7 60 40 52 58 #SUP: 2457
3 48 66 7 60 29 #SUP: 2490
3 48 66 7 60 29 58 #SUP: 2490
3 48 66 7 60 29 52 #SUP: 2481
3 48 66 7 60 29 52 58 #SUP: 2481
3 48 66 7 60 52 #SUP: 2481
3 48 66 7 60 52 58 #SUP: 2481
3 48 66 7 40 #SUP: 2466
3 48 66 7 40 58 #SUP: 2466
3 48 66 7 40 29 #SUP: 2466
3 48 66 7 40 29 58 #SUP: 2466
3 48 66 7 40 29 52 #SUP: 2457
3 48 66 7 40 29 52 58 #SUP: 2457
3 48 66 7 40 52 #SUP: 2457
3 48 66 7 40 52 58 #SUP: 2457
3 48 66 7 29 #SUP: 2490
3 48 66 7 29 58 #SUP: 2490
3 48 66 7 29 52 #SUP: 2481
3 48 66 7 29 52 58 #SUP: 2481
3 48 66 7 52 #SUP: 2481
3 48 66 7 52 58 #SUP: 2481
3 48 66 36 #SUP: 2537
3 48 66 36 58 #SUP: 2537
3 48 66 36 60 #SUP: 2537
3 48 66 36 60 58 #SUP: 2537
3 48 66 36 60 40 #SUP: 2513
3 48 66 36 60 40 58 #SUP: 2513
3 48 66 36 60 40 29 #SUP: 2513
3 48 66 36 60 40 29 58 #SUP: 2513
3 48 66 36 60 40 29 52 #SUP: 2504
3 48 66 36 60 40 29 52 58 #SUP: 2504
3 48 66 36 60 40 52 #SUP: 2504
3 48 66 36 60 40 52 58 #SUP: 2504
3 48 66 36 60 29 #SUP: 2537
3 48 66 36 60 29 58 #SUP: 2537
3 48 66 36 60 29 52 #SUP: 2528
3 48 66 36 60 29 52 58 #SUP: 2528
3 48 66 36 60 52 #SUP: 2528
3 48 66 36 60 52 58 #SUP: 2528
3 48 66 36 40 #SUP: 2513
3 48 66 36 40 58 #SUP: 2513
3 48 66 36 40 29 #SUP: 2513
3 48 66 36 40 29 58 #SUP: 2513
3 48 66 36 40 29 52 #SUP: 2504
3 48 66 36 40 29 52 58 #SUP: 2504
3 48 66 36 40 52 #SUP: 2504
3 48 66 36 40 52 58 #SUP: 2504
3 48 66 36 29 #SUP: 2537
3 48 66 36 29 58 #SUP: 2537
3 48 66 36 29 52 #SUP: 2528
3 48 66 36 29 52 58 #SUP: 2528
3 48 66 36 52 #SUP: 2528
3 48 66 36 52 58 #SUP: 2528
3 48 66 60 #SUP: 2563
3 48 66 60 58 #SUP: 2563
3 48 66 60 40 #SUP: 2539
3 48 66 60 40 58 #SUP: 2539
3 48 66 60 40 29 #SUP: 2539
3 48 66 60 40 29 58 #SUP: 2539
3 48 66 60 40 29 52 #SUP: 2530
3 48 66 60 40 29 52 58 #SUP: 2530
3 48 66 60 40 52 #SUP: 2530
3 48 66 60 40 52 58 #SUP: 2530
3 48 66 60 29 #SUP: 2563
3 48 66 60 29 58 #SUP: 2563
3 48 66 60 29 52 #SUP: 2554
3 48 66 60 29 52 58 #SUP: 2554
3 48 66 60 52 #SUP: 2554
3 48 66 60 52 58 #SUP: 2554
3 48 66 40 #SUP: 2539
3 48 66 40 58 #SUP: 2539
3 48 66 40 29 #SUP: 2539
3 48 66 40 29 58 #SUP: 2539
3 48 66 40 29 52 #SUP: 2530
3 48 66 40 29 52 58 #SUP: 2530
3 48 66 40 52 #SUP: 2530
3 48 66 40 52 58 #SUP: 2530
3 48 66 29 #SUP: 2563
3 48 66 29 58 #SUP: 2563
3 48 66 29 52 #SUP: 2554
3 48 66 29 52 58 #SUP: 2554
3 48 66 52 #SUP: 2554
3 48 66 52 58 #SUP: 2554
3 48 56 #SUP: 2537
3 48 56 58 #SUP: 2537
3 48 56 34 #SUP: 2421
3 48 56 34 58 #SUP: 2421
3 48 56 34 60 #SUP: 2399
3 48 56 34 60 58 #SUP: 2399
3 48 56 34 60 29 #SUP: 2399
3 48 56 34 60 29 58 #SUP: 2399
3 48 56 34 40 #SUP: 2398
3 48 56 34 40 58 #SUP: 2398
3 48 56 34 40 29 #SUP: 2398
3 48 56 34 40 29 58 #SUP: 2398
3 48 56 34 29 #SUP: 2421
3 48 56 34 29 58 #SUP: 2421
3 48 56 34 29 52 #SUP: 2417
3 48 56 34 29 52 58 #SUP: 2417
3 48 56 34 52 #SUP: 2417
3 48 56 34 52 58 #SUP: 2417
3 48 56 62 #SUP: 2460
3 48 56 62 58 #SUP: 2460
3 48 56 62 36 #SUP: 2434
3 48 56 62 36 58 #SUP: 2434
3 48 56 62 36 60 #SUP: 2413
3 48 56 62 36 60 58 #SUP: 2413
3 48 56 62 36 60 40 #SUP: 2399
3 48 56 62 36 60 40 58 #SUP: 2399
3 48 56 62 36 60 40 29 #SUP: 2399
3 48 56 62 36 60 40 29 58 #SUP: 2399
3 48 56 62 36 60 29 #SUP: 2413
3 48 56 62 36 60 29 58 #SUP: 2413
3 48 56 62 36 60 29 52 #SUP: 2409
3 48 56 62 36 60 29 52 58 #SUP: 2409
3 48 56 62 36 60 52 #SUP: 2409
3 48 56 62 36 60 52 58 #SUP: 2409
3 48 56 62 36 40 #SUP: 2420
3 48 56 62 36 40 58 #SUP: 2420
3 48 56 62 36 40 29 #SUP: 2420
3 48 56 62 36 40 29 58 #SUP: 2420
3 48 56 62 36 40 29 52 #SUP: 2416
3 48 56 62 36 40 29 52 58 #SUP: 2416
3 48 56 62 36 40 52 #SUP: 2416
3 48 56 62 36 40 52 58 #SUP: 2416
3 48 56 62 36 29 #SUP: 2434
3 48 56 62 36 29 58 #SUP: 2434
3 48 56 62 36 29 52 #SUP: 2430
3 48 56 62 36 29 52 58 #SUP: 2430
3 48 56 62 36 52 #SUP: 2430
3 48 56 62 36 52 58 #SUP: 2430
3 48 56 62 60 #SUP: 2439
3 48 56 62 60 58 #SUP: 2439
3 48 56 62 60 40 #SUP: 2425
3 48 56 62 60 40 58 #SUP: 2425
3 48 56 62 60 40 29 #SUP: 2425
3 48 56 62 60 40 29 58 #SUP: 2425
3 48 56 62 60 40 29 52 #SUP: 2421
3 48 56 62 60 40 29 52 58 #SUP: 2421
3 48 56 62 60 40 52 #SUP: 2421
3 48 56 62 60 40 52 58 #SUP: 2421
3 48 56 62 60 29 #SUP: 2439
3 48 56 62 60 29 58 #SUP: 2439
3 48 56 62 60 29 52 #SUP: 2435
3 48 56 62 60 29 52 58 #SUP: 2435
3 48 56 62 60 52 #SUP: 2435
3 48 56 62 60 52 58 #SUP: 2435
3 48 56 62 40 #SUP: 2446
3 48 56 62 40 58 #SUP: 2446
3 48 56 62 40 29 #SUP: 2446
3 48 56 62 40 29 58 #SUP: 2446
3 48 56 62 40 29 52 #SUP: 2442
3 48 56 62 40 29 52 58 #SUP: 2442
3 48 56 62 40 52 #SUP: 2442
3 48 56 62 40 52 58 #SUP: 2442
3 48 56 62 29 #SUP: 2460
3 48 56 62 29 58 #SUP: 2460
3 48 56 62 29 52 #SUP: 2456
3 48 56 62 29 52 58 #SUP: 2456
3 48 56 62 52 #SUP: 2456
3 48 56 62 52 58 #SUP: 2456
3 48 56 7 #SUP: 2463
3 48 56 7 58 #SUP: 2463
3 48 56 7 36 #SUP: 2437
3 48 56 7 36 58 #SUP: 2437
3 48 56 7 36 60 #SUP: 2415
3 48 56 7 36 60 58 #SUP: 2415
3 48 56 7 36 60 29 #SUP: 2415
3 48 56 7 36 60 29 58 #SUP: 2415
3 48 56 7 36 60 29 52 #SUP: 2411
3 48 56 7 36 60 29 52 58 #SUP: 2411
3 48 56 7 36 60 52 #SUP: 2411
3 48 56 7 36 60 52 58 #SUP: 2411
3 48 56 7 36 40 #SUP: 2412
3 48 56 7 36 40 58 #SUP: 2412
3 48 56 7 36 40 29 #SUP: 2412
3 48 56 7 36 40 29 58 #SUP: 2412
3 48 56 7 36 40 29 52 #SUP: 2408
3 48 56 7 36 40 29 52 58 #SUP: 2408
3 48 56 7 36 40 52 #SUP: 2408
3 48 56 7 36 40 52 58 #SUP: 2408
3 48 56 7 36 29 #SUP: 2437
3 48 56 7 36 29 58 #SUP: 2437
3 48 56 7 36 29 52 #SUP: 2433
3 48 56 7 36 29 52 58 #SUP: 2433
3 48 56 7 36 52 #SUP: 2433
3 48 56 7 36 52 58 #SUP: 2433
3 48 56 7 60 #SUP: 2441
3 48 56 7 60 58 #SUP: 2441
3 48 56 7 60 40 #SUP: 2417
3 48 56 7 60 40 58 #SUP: 2417
3 48 56 7 60 40 29 #SUP: 2417
3 48 56 7 60 40 29 58 #SUP: 2417
3 48 56 7 60 40 29 52 #SUP: 2413
3 48 56 7 60 40 29 52 58 #SUP: 2413
3 48 56 7 60 40 52 #SUP: 2413
3 48 56 7 60 40 52 58 #SUP: 2413
3 48 56 7 60 29 #SUP: 2441
3 48 56 7 60 29 58 #SUP: 2441
3 48 56 7 60 29 52 #SUP: 2437
3 48 56 7 60 29 52 58 #SUP: 2437
3 48 56 7 60 52 #SUP: 2437
3 48 56 7 60 52 58 #SUP: 2437
3 48 56 7 40 #SUP: 2438
3 48 56 7 40 58 #SUP: 2438
3 48 56 7 40 29 #SUP: 2438
3 48 56 7 40 29 58 #SUP: 2438
3 48 56 7 40 29 52 #SUP: 2434
3 48 56 7 40 29 52 58 #SUP: 2434
3 48 56 7 40 52 #SUP: 2434
3 48 56 7 40 52 58 #SUP: 2434
3 48 56 7 29 #SUP: 2463
3 48 56 7 29 58 #SUP: 2463
3 48 56 7 29 52 #SUP: 2459
3 48 56 7 29 52 58 #SUP: 2459
3 48 56 7 52 #SUP: 2459
3 48 56 7 52 58 #SUP: 2459
3 48 56 36 #SUP: 2511
3 48 56 36 58 #SUP: 2511
3 48 56 36 60 #SUP: 2489
3 48 56 36 60 58 #SUP: 2489
3 48 56 36 60 40 #SUP: 2465
3 48 56 36 60 40 58 #SUP: 2465
3 48 56 36 60 40 29 #SUP: 2465
3 48 56 36 60 40 29 58 #SUP: 2465
3 48 56 36 60 40 29 52 #SUP: 2461
3 48 56 36 60 40 29 52 58 #SUP: 2461
3 48 56 36 60 40 52 #SUP: 2461
3 48 56 36 60 40 52 58 #SUP: 2461
3 48 56 36 60 29 #SUP: 2489
3 48 56 36 60 29 58 #SUP: 2489
3 48 56 36 60 29 52 #SUP: 2485
3 48 56 36 60 29 52 58 #SUP: 2485
3 48 56 36 60 52 #SUP: 2485
3 48 56 36 60 52 58 #SUP: 2485
3 48 56 36 40 #SUP: 2486
3 48 56 36 40 58 #SUP: 2486
3 48 56 36 40 29 #SUP: 2486
3 48 56 36 40 29 58 #SUP: 2486
3 48 56 36 40 29 52 #SUP: 2482
3 48 56 36 40 29 52 58 #SUP: 2482
3 48 56 36 40 52 #SUP: 2482
3 48 56 36 40 52 58 #SUP: 2482
3 48 56 36 29 #SUP: 2511
3 48 56 36 29 58 #SUP: 2511
3 48 56 36 29 52 #SUP: 2507
3 48 56 36 29 52 58 #SUP: 2507
3 48 56 36 52 #SUP: 2507
3 48 56 36 52 58 #SUP: 2507
3 48 56 60 #SUP: 2515
3 48 56 60 58 #SUP: 2515
3 48 56 60 40 #SUP: 2491
3 48 56 60 40 58 #SUP: 2491
3 48 56 60 40 29 #SUP: 2491
3 48 56 60 40 29 58 #SUP: 2491
3 48 56 60 40 29 52 #SUP: 2487
3 48 56 60 40 29 52 58 #SUP: 2487
3 48 56 60 40 52 #SUP: 2487
3 48 56 60 40 52 58 #SUP: 2487
3 48 56 60 29 #SUP: 2515
3 48 56 60 29 58 #SUP: 2515
3 48 56 60 29 52 #SUP: 2511
3 48 56 60 29 52 58 #SUP: 2511
3 48 56 60 52 #SUP: 2511
3 48 56 60 52 58 #SUP: 2511
3 48 56 40 #SUP: 2512
3 48 56 40 58 #SUP: 2512
3 48 56 40 29 #SUP: 2512
3 48 56 40 29 58 #SUP: 2512
3 48 56 40 29 52 #SUP: 2508
3 48 56 40 29 52 58 #SUP: 2508
3 48 56 40 52 #SUP: 2508
3 48 56 40 52 58 #SUP: 2508
3 48 56 29 #SUP: 2537
3 48 56 29 58 #SUP: 2537
3 48 56 29 52 #SUP: 2533
3 48 56 29 52 58 #SUP: 2533
3 48 56 52 #SUP: 2533
3 48 56 52 58 #SUP: 2533
3 48 34 #SUP: 2539
3 48 34 58 #SUP: 2539
3 48 34 62 #SUP: 2433
3 48 34 62 58 #SUP: 2433
3 48 34 62 36 #SUP: 2407
3 48 34 62 36 58 #SUP: 2407
3 48 34 62 36 29 #SUP: 2407
3 48 34 62 36 29 58 #SUP: 2407
3 48 34 62 36 29 52 #SUP: 2400
3 48 34 62 36 29 52 58 #SUP: 2400
3 48 34 62 36 52 #SUP: 2400
3 48 34 62 36 52 58 #SUP: 2400
3 48 34 62 60 #SUP: 2412
3 48 34 62 60 58 #SUP: 2412
3 48 34 62 60 40 #SUP: 2400
3 48 34 62 60 40 58 #SUP: 2400
3 48 34 62 60 40 29 #SUP: 2400
3 48 34 62 60 40 29 58 #SUP: 2400
3 48 34 62 60 29 #SUP: 2412
3 48 34 62 60 29 58 #SUP: 2412
3 48 34 62 60 29 52 #SUP: 2405
3 48 34 62 60 29 52 58 #SUP: 2405
3 48 34 62 60 52 #SUP: 2405
3 48 34 62 60 52 58 #SUP: 2405
3 48 34 62 40 #SUP: 2421
3 48 34 62 40 58 #SUP: 2421
3 48 34 62 40 29 #SUP: 2421
3 48 34 62 40 29 58 #SUP: 2421
3 48 34 62 40 29 52 #SUP: 2414
3 48 34 62 40 29 52 58 #SUP: 2414
3 48 34 62 40 52 #SUP: 2414
3 48 34 62 40 52 58 #SUP: 2414
3 48 34 62 29 #SUP: 2433
3 48 34 62 29 58 #SUP: 2433
3 48 34 62 29 52 #SUP: 2426
3 48 34 62 29 52 58 #SUP: 2426
3 48 34 62 52 #SUP: 2426
3 48 34 62 52 58 #SUP: 2426
3 48 34 7 #SUP: 2465
3 48 34 7 58 #SUP: 2465
3 48 34 7 36 #SUP: 2439
3 48 34 7 36 58 #SUP: 2439
3 48 34 7 36 60 #SUP: 2417
3 48 34 7 36 60 58 #SUP: 2417
3 48 34 7 36 60 29 #SUP: 2417
3 48 34 7 36 60 29 58 #SUP: 2417
3 48 34 7 36 60 29 52 #SUP: 2410
3 48 34 7 36 60 29 52 58 #SUP: 2410
3 48 34 7 36 60 52 #SUP: 2410
3 48 34 7 36 60 52 58 #SUP: 2410
3 48 34 7 36 40 #SUP: 2416
3 48 34 7 36 40 58 #SUP: 2416
3 48 34 7 36 40 29 #SUP: 2416
3 48 34 7 36 40 29 58 #SUP: 2416
3 48 34 7 36 40 29 52 #SUP: 2409
3 48 34 7 36 40 29 52 58 #SUP: 2409
3 48 34 7 36 40 52 #SUP: 2409
3 48 34 7 36 40 52 58 #SUP: 2409
3 48 34 7 36 29 #SUP: 2439
3 48 34 7 36 29 58 #SUP: 2439
3 48 34 7 36 29 52 #SUP: 2432
3 48 34 7 36 29 52 58 #SUP: 2432
3 48 34 7 36 52 #SUP: 2432
3 48 34 7 36 52 58 #SUP: 2432
3 48 34 7 60 #SUP: 2443
3 48 34 7 60 58 #SUP: 2443
3 48 34 7 60 40 #SUP: 2421
3 48 34 7 60 40 58 #SUP: 2421
3 48 34 7 60 40 29 #SUP: 2421
3 48 34 7 60 40 29 58 #SUP: 2421
3 48 34 7 60 40 29 52 #SUP: 2414
3 48 34 7 60 40 29 52 58 #SUP: 2414
3 48 34 7 60 40 52 #SUP: 2414
3 48 34 7 60 40 52 58 #SUP: 2414
3 48 34 7 60 29 #SUP: 2443
3 48 34 7 60 29 58 #SUP: 2443
3 48 34 7 60 29 52 #SUP: 2436
3 48 34 7 60 29 52 58 #SUP: 2436
3 48 34 7 60 52 #SUP: 2436
3 48 34 7 60 52 58 #SUP: 2436
3 48 34 7 40 #SUP: 2442
3 48 34 7 40 58 #SUP: 2442
3 48 34 7 40 29 #SUP: 2442
3 48 34 7 40 29 58 #SUP: 2442
3 48 34 7 40 29 52 #SUP: 2435
3 48 34 7 40 29 52 58 #SUP: 2435
3 48 34 7 40 52 #SUP: 2435
3 48 34 7 40 52 58 #SUP: 2435
3 48 34 7 29 #SUP: 2465
3 48 34 7 29 58 #SUP: 2465
3 48 34 7 29 52 #SUP: 2458
3 48 34 7 29 52 58 #SUP: 2458
3 48 34 7 52 #SUP: 2458
3 48 34 7 52 58 #SUP: 2458
3 48 34 36 #SUP: 2513
3 48 34 36 58 #SUP: 2513
3 48 34 36 60 #SUP: 2491
3 48 34 36 60 58 #SUP: 2491
3 48 34 36 60 40 #SUP: 2469
3 48 34 36 60 40 58 #SUP: 2469
3 48 34 36 60 40 29 #SUP: 2469
3 48 34 36 60 40 29 58 #SUP: 2469
3 48 34 36 60 40 29 52 #SUP: 2462
3 48 34 36 60 40 29 52 58 #SUP: 2462
3 48 34 36 60 40 52 #SUP: 2462
3 48 34 36 60 40 52 58 #SUP: 2462
3 48 34 36 60 29 #SUP: 2491
3 48 34 36 60 29 58 #SUP: 2491
3 48 34 36 60 29 52 #SUP: 2484
3 48 34 36 60 29 52 58 #SUP: 2484
3 48 34 36 60 52 #SUP: 2484
3 48 34 36 60 52 58 #SUP: 2484
3 48 34 36 40 #SUP: 2490
3 48 34 36 40 58 #SUP: 2490
3 48 34 36 40 29 #SUP: 2490
3 48 34 36 40 29 58 #SUP: 2490
3 48 34 36 40 29 52 #SUP: 2483
3 48 34 36 40 29 52 58 #SUP: 2483
3 48 34 36 40 52 #SUP: 2483
3 48 34 36 40 52 58 #SUP: 2483
3 48 34 36 29 #SUP: 2513
3 48 34 36 29 58 #SUP: 2513
3 48 34 36 29 52 #SUP: 2506
3 48 34 36 29 52 58 #SUP: 2506
3 48 34 36 52 #SUP: 2506
3 48 34 36 52 58 #SUP: 2506
3 48 34 60 #SUP: 2517
3 48 34 60 58 #SUP: 2517
3 48 34 60 40 #SUP: 2495
3 48 34 60 40 58 #SUP: 2495
3 48 34 60 40 29 #SUP: 2495
3 48 34 60 40 29 58 #SUP: 2495
3 48 34 60 40 29 52 #SUP: 2488
3 48 34 60 40 29 52 58 #SUP: 2488
3 48 34 60 40 52 #SUP: 2488
3 48 34 60 40 52 58 #SUP: 2488
3 48 34 60 29 #SUP: 2517
3 48 34 60 29 58 #SUP: 2517
3 48 34 60 29 52 #SUP: 2510
3 48 34 60 29 52 58 #SUP: 2510
3 48 34 60 52 #SUP: 2510
3 48 34 60 52 58 #SUP: 2510
3 48 34 40 #SUP: 2516
3 48 34 40 58 #SUP: 2516
3 48 34 40 29 #SUP: 2516
3 48 34 40 29 58 #SUP: 2516
3 48 34 40 29 52 #SUP: 2509
3 48 34 40 29 52 58 #SUP: 2509
3 48 34 40 52 #SUP: 2509
3 48 34 40 52 58 #SUP: 2509
3 48 34 29 #SUP: 2539
3 48 34 29 58 #SUP: 2539
3 48 34 29 52 #SUP: 2532
3 48 34 29 52 58 #SUP: 2532
3 48 34 52 #SUP: 2532
3 48 34 52 58 #SUP: 2532
3 48 62 #SUP: 2557
3 48 62 58 #SUP: 2557
3 48 62 7 #SUP: 2483
3 48 62 7 58 #SUP: 2483
3 48 62 7 36 #SUP: 2457
3 48 62 7 36 58 #SUP: 2457
3 48 62 7 36 60 #SUP: 2436
3 48 62 7 36 60 58 #SUP: 2436
3 48 62 7 36 60 40 #SUP: 2421
3 48 62 7 36 60 40 58 #SUP: 2421
3 48 62 7 36 60 40 29 #SUP: 2421
3 48 62 7 36 60 40 29 58 #SUP: 2421
3 48 62 7 36 60 40 29 52 #SUP: 2412
3 48 62 7 36 60 40 29 52 58 #SUP: 2412
3 48 62 7 36 60 40 52 #SUP: 2412
3 48 62 7 36 60 40 52 58 #SUP: 2412
3 48 62 7 36 60 29 #SUP: 2436
3 48 62 7 36 60 29 58 #SUP: 2436
3 48 62 7 36 60 29 52 #SUP: 2427
3 48 62 7 36 60 29 52 58 #SUP: 2427
3 48 62 7 36 60 52 #SUP: 2427
3 48 62 7 36 60 52 58 #SUP: 2427
3 48 62 7 36 40 #SUP: 2442
3 48 62 7 36 40 58 #SUP: 2442
3 48 62 7 36 40 29 #SUP: 2442
3 48 62 7 36 40 29 58 #SUP: 2442
3 48 62 7 36 40 29 52 #SUP: 2433
3 48 62 7 36 40 29 52 58 #SUP: 2433
3 48 62 7 36 40 52 #SUP: 2433
3 48 62 7 36 40 52 58 #SUP: 2433
3 48 62 7 36 29 #SUP: 2457
3 48 62 7 36 29 58 #SUP: 2457
3 48 62 7 36 29 52 #SUP: 2448
3 48 62 7 36 29 52 58 #SUP: 2448
3 48 62 7 36 52 #SUP: 2448
3 48 62 7 36 52 58 #SUP: 2448
3 48 62 7 60 #SUP: 2462
3 48 62 7 60 58 #SUP: 2462
3 48 62 7 60 40 #SUP: 2447
3 48 62 7 60 40 58 #SUP: 2447
3 48 62 7 60 40 29 #SUP: 2447
3 48 62 7 60 40 29 58 #SUP: 2447
3 48 62 7 60 40 29 52 #SUP: 2438
3 48 62 7 60 40 29 52 58 #SUP: 2438
3 48 62 7 60 40 52 #SUP: 2438
3 48 62 7 60 40 52 58 #SUP: 2438
3 48 62 7 60 29 #SUP: 2462
3 48 62 7 60 29 58 #SUP: 2462
3 48 62 7 60 29 52 #SUP: 2453
3 48 62 7 60 29 52 58 #SUP: 2453
3 48 62 7 60 52 #SUP: 2453
3 48 62 7 60 52 58 #SUP: 2453
3 48 62 7 40 #SUP: 2468
3 48 62 7 40 58 #SUP: 2468
3 48 62 7 40 29 #SUP: 2468
3 48 62 7 40 29 58 #SUP: 2468
3 48 62 7 40 29 52 #SUP: 2459
3 48 62 7 40 29 52 58 #SUP: 2459
3 48 62 7 40 52 #SUP: 2459
3 48 62 7 40 52 58 #SUP: 2459
3 48 62 7 29 #SUP: 2483
3 48 62 7 29 58 #SUP: 2483
3 48 62 7 29 52 #SUP: 2474
3 48 62 7 29 52 58 #SUP: 2474
3 48 62 7 52 #SUP: 2474
3 48 62 7 52 58 #SUP: 2474
3 48 62 36 #SUP: 2531
3 48 62 36 58 #SUP: 2531
3 48 62 36 60 #SUP: 2510
3 48 62 36 60 58 #SUP: 2510
3 48 62 36 60 40 #SUP: 2495
3 48 62 36 60 40 58 #SUP: 2495
3 48 62 36 60 40 29 #SUP: 2495
3 48 62 36 60 40 29 58 #SUP: 2495
3 48 62 36 60 40 29 52 #SUP: 2486
3 48 62 36 60 40 29 52 58 #SUP: 2486
3 48 62 36 60 40 52 #SUP: 2486
3 48 62 36 60 40 52 58 #SUP: 2486
3 48 62 36 60 29 #SUP: 2510
3 48 62 36 60 29 58 #SUP: 2510
3 48 62 36 60 29 52 #SUP: 2501
3 48 62 36 60 29 52 58 #SUP: 2501
3 48 62 36 60 52 #SUP: 2501
3 48 62 36 60 52 58 #SUP: 2501
3 48 62 36 40 #SUP: 2516
3 48 62 36 40 58 #SUP: 2516
3 48 62 36 40 29 #SUP: 2516
3 48 62 36 40 29 58 #SUP: 2516
3 48 62 36 40 29 52 #SUP: 2507
3 48 62 36 40 29 52 58 #SUP: 2507
3 48 62 36 40 52 #SUP: 2507
3 48 62 36 40 52 58 #SUP: 2507
3 48 62 36 29 #SUP: 2531
3 48 62 36 29 58 #SUP: 2531
3 48 62 36 29 52 #SUP: 2522
3 48 62 36 29 52 58 #SUP: 2522
3 48 62 36 52 #SUP: 2522
3 48 62 36 52 58 #SUP: 2522
3 48 62 60 #SUP: 2536
3 48 62 60 58 #SUP: 2536
3 48 62 60 40 #SUP: 2521
3 48 62 60 40 58 #SUP: 2521
3 48 62 60 40 29 #SUP: 2521
3 48 62 60 40 29 58 #SUP: 2521
3 48 62 60 40 29 52 #SUP: 2512
3 48 62 60 40 29 52 58 #SUP: 2512
3 48 62 60 40 52 #SUP: 2512
3 48 62 60 40 52 58 #SUP: 2512
3 48 62 60 29 #SUP: 2536
3 48 62 60 29 58 #SUP: 2536
3 48 62 60 29 52 #SUP: 2527
3 48 62 60 29 52 58 #SUP: 2527
3 48 62 60 52 #SUP: 2527
3 48 62 60 52 58 #SUP: 2527
3 48 62 40 #SUP: 2542
3 48 62 40 58 #SUP: 2542
3 48 62 40 29 #SUP: 2542
3 48 62 40 29 58 #SUP: 2542
3 48 62 40 29 52 #SUP: 2533
3 48 62 40 29 52 58 #SUP: 2533
3 48 62 40 52 #SUP: 2533
3 48 62 40 52 58 #SUP: 2533
3 48 62 29 #SUP: 2557
3 48 62 29 58 #SUP: 2557
3 48 62 29 52 #SUP: 2548
3 48 62 29 52 58 #SUP: 2548
3 48 62 52 #SUP: 2548
3 48 62 52 58 #SUP: 2548
3 48 7 #SUP: 2598
3 48 7 58 #SUP: 2598
3 48 7 36 #SUP: 2572
3 48 7 36 58 #SUP: 2572
3 48 7 36 60 #SUP: 2550
3 48 7 36 60 58 #SUP: 2550
3 48 7 36 60 40 #SUP: 2525
3 48 7 36 60 40 58 #SUP: 2525
3 48 7 36 60 40 29 #SUP: 2525
3 48 7 36 60 40 29 58 #SUP: 2525
3 48 7 36 60 40 29 52 #SUP: 2516
3 48 7 36 60 40 29 52 58 #SUP: 2516
3 48 7 36 60 40 52 #SUP: 2516
3 48 7 36 60 40 52 58 #SUP: 2516
3 48 7 36 60 29 #SUP: 2550
3 48 7 36 60 29 58 #SUP: 2550
3 48 7 36 60 29 52 #SUP: 2541
3 48 7 36 60 29 52 58 #SUP: 2541
3 48 7 36 60 52 #SUP: 2541
3 48 7 36 60 52 58 #SUP: 2541
3 48 7 36 40 #SUP: 2546
3 48 7 36 40 58 #SUP: 2546
3 48 7 36 40 29 #SUP: 2546
3 48 7 36 40 29 58 #SUP: 2546
3 48 7 36 40 29 52 #SUP: 2537
3 48 7 36 40 29 52 58 #SUP: 2537
3 48 7 36 40 52 #SUP: 2537
3 48 7 36 40 52 58 #SUP: 2537
3 48 7 36 29 #SUP: 2572
3 48 7 36 29 58 #SUP: 2572
3 48 7 36 29 52 #SUP: 2563
3 48 7 36 29 52 58 #SUP: 2563
3 48 7 36 52 #SUP: 2563
3 48 7 36 52 58 #SUP: 2563
3 48 7 60 #SUP: 2576
3 48 7 60 58 #SUP: 2576
3 48 7 60 40 #SUP: 2551
3 48 7 60 40 58 #SUP: 2551
3 48 7 60 40 29 #SUP: 2551
3 48 7 60 40 29 58 #SUP: 2551
3 48 7 60 40 29 52 #SUP: 2542
3 48 7 60 40 29 52 58 #SUP: 2542
3 48 7 60 40 52 #SUP: 2542
3 48 7 60 40 52 58 #SUP: 2542
3 48 7 60 29 #SUP: 2576
3 48 7 60 29 58 #SUP: 2576
3 48 7 60 29 52 #SUP: 2567
3 48 7 60 29 52 58 #SUP: 2567
3 48 7 60 52 #SUP: 2567
3 48 7 60 52 58 #SUP: 2567
3 48 7 40 #SUP: 2572
3 48 7 40 58 #SUP: 2572
3 48 7 40 29 #SUP: 2572
3 48 7 40 29 58 #SUP: 2572
3 48 7 40 29 52 #SUP: 2563
3 48 7 40 29 52 58 #SUP: 2563
3 48 7 40 52 #SUP: 2563
3 48 7 40 52 58 #SUP: 2563
3 48 7 29 #SUP: 2598
3 48 7 29 58 #SUP: 2598
3 48 7 29 52 #SUP: 2589
3 48 7 29 52 58 #SUP: 2589
3 48 7 52 #SUP: 2589
3 48 7 52 58 #SUP: 2589
3 48 36 #SUP: 2646
3 48 36 58 #SUP: 2646
3 48 36 60 #SUP: 2624
3 48 36 60 58 #SUP: 2624
3 48 36 60 40 #SUP: 2599
3 48 36 60 40 58 #SUP: 2599
3 48 36 60 40 29 #SUP: 2599
3 48 36 60 40 29 58 #SUP: 2599
3 48 36 60 40 29 52 #SUP: 2590
3 48 36 60 40 29 52 58 #SUP: 2590
3 48 36 60 40 52 #SUP: 2590
3 48 36 60 40 52 58 #SUP: 2590
3 48 36 60 29 #SUP: 2624
3 48 36 60 29 58 #SUP: 2624
3 48 36 60 29 52 #SUP: 2615
3 48 36 60 29 52 58 #SUP: 2615
3 48 36 60 52 #SUP: 2615
3 48 36 60 52 58 #SUP: 2615
3 48 36 40 #SUP: 2620
3 48 36 40 58 #SUP: 2620
3 48 36 40 29 #SUP: 2620
3 48 36 40 29 58 #SUP: 2620
3 48 36 40 29 52 #SUP: 2611
3 48 36 40 29 52 58 #SUP: 2611
3 48 36 40 52 #SUP: 2611
3 48 36 40 52 58 #SUP: 2611
3 48 36 29 #SUP: 2646
3 48 36 29 58 #SUP: 2646
3 48 36 29 52 #SUP: 2637
3 48 36 29 52 58 #SUP: 2637
3 48 36 52 #SUP: 2637
3 48 36 52 58 #SUP: 2637
3 48 60 #SUP: 2650
3 48 60 58 #SUP: 2650
3 48 60 40 #SUP: 2625
3 48 60 40 58 #SUP: 2625
3 48 60 40 29 #SUP: 2625
3 48 60 40 29 58 #SUP: 2625
3 48 60 40 29 52 #SUP: 2616
3 48 60 40 29 52 58 #SUP: 2616
3 48 60 40 52 #SUP: 2616
3 48 60 40 52 58 #SUP: 2616
3 48 60 29 #SUP: 2650
3 48 60 29 58 #SUP: 2650
3 48 60 29 52 #SUP: 2641
3 48 60 29 52 58 #SUP: 2641
3 48 60 52 #SUP: 2641
3 48 60 52 58 #SUP: 2641
3 48 40 #SUP: 2646
3 48 40 58 #SUP: 2646
3 48 40 29 #SUP: 2646
3 48 40 29 58 #SUP: 2646
3 48 40 29 52 #SUP: 2637
3 48 40 29 52 58 #SUP: 2637
3 48 40 52 #SUP: 2637
3 48 40 52 58 #SUP: 2637
3 48 29 #SUP: 2672
3 48 29 58 #SUP: 2672
3 48 29 52 #SUP: 2663
3 48 29 52 58 #SUP: 2663
3 48 52 #SUP: 2663
3 48 52 58 #SUP: 2663
3 66 #SUP: 2703
3 66 58 #SUP: 2703
3 66 56 #SUP: 2568
3 66 56 58 #SUP: 2568
3 66 56 34 #SUP: 2466
3 66 56 34 58 #SUP: 2466
3 66 56 34 62 #SUP: 2397
3 66 56 34 62 58 #SUP: 2397
3 66 56 34 62 60 #SUP: 2397
3 66 56 34 62 60 58 #SUP: 2397
3 66 56 34 62 60 29 #SUP: 2397
3 66 56 34 62 60 29 58 #SUP: 2397
3 66 56 34 62 29 #SUP: 2397
3 66 56 34 62 29 58 #SUP: 2397
3 66 56 34 60 #SUP: 2466
3 66 56 34 60 58 #SUP: 2466
3 66 56 34 60 40 #SUP: 2445
3 66 56 34 60 40 58 #SUP: 2445
3 66 56 34 60 40 29 #SUP: 2445
3 66 56 34 60 40 29 58 #SUP: 2445
3 66 56 34 60 40 29 52 #SUP: 2441
3 66 56 34 60 40 29 52 58 #SUP: 2441
3 66 56 34 60 40 52 #SUP: 2441
3 66 56 34 60 40 52 58 #SUP: 2441
3 66 56 34 60 29 #SUP: 2466
3 66 56 34 60 29 58 #SUP: 2466
3 66 56 34 60 29 52 #SUP: 2462
3 66 56 34 60 29 52 58 #SUP: 2462
3 66 56 34 60 52 #SUP: 2462
3 66 56 34 60 52 58 #SUP: 2462
3 66 56 34 40 #SUP: 2445
3 66 56 34 40 58 #SUP: 2445
3 66 56 34 40 29 #SUP: 2445
3 66 56 34 40 29 58 #SUP: 2445
3 66 56 34 40 29 52 #SUP: 2441
3 66 56 34 40 29 52 58 #SUP: 2441
3 66 56 34 40 52 #SUP: 2441
3 66 56 34 40 52 58 #SUP: 2441
3 66 56 34 29 #SUP: 2466
3 66 56 34 29 58 #SUP: 2466
3 66 56 34 29 52 #SUP: 2462
3 66 56 34 29 52 58 #SUP: 2462
3 66 56 34 52 #SUP: 2462
3 66 56 34 52 58 #SUP: 2462
3 66 56 62 #SUP: 2494
3 66 56 62 58 #SUP: 2494
3 66 56 62 7 #SUP: 2421
3 66 56 62 7 58 #SUP: 2421
3 66 56 62 7 60 #SUP: 2421
3 66 56 62 7 60 58 #SUP: 2421
3 66 56 62 7 60 40 #SUP: 2407
3 66 56 62 7 60 40 58 #SUP: 2407
3 66 56 62 7 60 40 29 #SUP: 2407
3 66 56 62 7 60 40 29 58 #SUP: 2407
3 66 56 62 7 60 40 29 52 #SUP: 2403
3 66 56 62 7 60 40 29 52 58 #SUP: 2403
3 66 56 62 7 60 40 52 #SUP: 2403
3 66 56 62 7 60 40 52 58 #SUP: 2403
3 66 56 62 7 60 29 #SUP: 2421
3 66 56 62 7 60 29 58 #SUP: 2421
3 66 56 62 7 60 29 52 #SUP: 2417
3 66 56 62 7 60 29 52 58 #SUP: 2417
3 66 56 62 7 60 52 #SUP: 2417
3 66 56 62 7 60 52 58 #SUP: 2417
3 66 56 62 7 40 #SUP: 2407
3 66 56 62 7 40 58 #SUP: 2407
3 66 56 62 7 40 29 #SUP: 2407
3 66 56 62 7 40 29 58 #SUP: 2407
3 66 56 62 7 40 29 52 #SUP: 2403
3 66 56 62 7 40 29 52 58 #SUP: 2403
3 66 56 62 7 40 52 #SUP: 2403
3 66 56 62 7 40 52 58 #SUP: 2403
3 66 56 62 7 29 #SUP: 2421
3 66 56 62 7 29 58 #SUP: 2421
3 66 56 62 7 29 52 #SUP: 2417
3 66 56 62 7 29 52 58 #SUP: 2417
3 66 56 62 7 52 #SUP: 2417
3 66 56 62 7 52 58 #SUP: 2417
3 66 56 62 36 #SUP: 2401
3 66 56 62 36 58 #SUP: 2401
3 66 56 62 36 60 #SUP: 2401
3 66 56 62 36 60 58 #SUP: 2401
3 66 56 62 36 60 29 #SUP: 2401
3 66 56 62 36 60 29 58 #SUP: 2401
3 66 56 62 36 60 29 52 #SUP: 2397
3 66 56 62 36 60 29 52 58 #SUP: 2397
3 66 56 62 36 60 52 #SUP: 2397
3 66 56 62 36 60 52 58 #SUP: 2397
3 66 56 62 36 29 #SUP: 2401
3 66 56 62 36 29 58 #SUP: 2401
3 66 56 62 36 29 52 #SUP: 2397
3 66 56 62 36 29 52 58 #SUP: 2397
3 66 56 62 36 52 #SUP: 2397
3 66 56 62 36 52 58 #SUP: 2397
3 66 56 62 60 #SUP: 2494
3 66 56 62 60 58 #SUP: 2494
3 66 56 62 60 40 #SUP: 2480
3 66 56 62 60 40 58 #SUP: 2480
3 66 56 62 60 40 29 #SUP: 2480
3 66 56 62 60 40 29 58 #SUP: 2480
3 66 56 62 60 40 29 52 #SUP: 2476
3 66 56 62 60 40 29 52 58 #SUP: 2476
3 66 56 62 60 40 52 #SUP: 2476
3 66 56 62 60 40 52 58 #SUP: 2476
3 66 56 62 60 29 #SUP: 2494
3 66 56 62 60 29 58 #SUP: 2494
3 66 56 62 60 29 52 #SUP: 2490
3 66 56 62 60 29 52 58 #SUP: 2490
3 66 56 62 60 52 #SUP: 2490
3 66 56 62 60 52 58 #SUP: 2490
3 66 56 62 40 #SUP: 2480
3 66 56 62 40 58 #SUP: 2480
3 66 56 62 40 29 #SUP: 2480
3 66 56 62 40 29 58 #SUP: 2480
3 66 56 62 40 29 52 #SUP: 2476
3 66 56 62 40 29 52 58 #SUP: 2476
3 66 56 62 40 52 #SUP: 2476
3 66 56 62 40 52 58 #SUP: 2476
3 66 56 62 29 #SUP: 2494
3 66 56 62 29 58 #SUP: 2494
3 66 56 62 29 52 #SUP: 2490
3 66 56 62 29 52 58 #SUP: 2490
3 66 56 62 52 #SUP: 2490
3 66 56 62 52 58 #SUP: 2490
3 66 56 7 #SUP: 2495
3 66 56 7 58 #SUP: 2495
3 66 56 7 36 #SUP: 2402
3 66 56 7 36 58 #SUP: 2402
3 66 56 7 36 60 #SUP: 2402
3 66 56 7 36 60 58 #SUP: 2402
3 66 56 7 36 60 29 #SUP: 2402
3 66 56 7 36 60 29 58 #SUP: 2402
3 66 56 7 36 60 29 52 #SUP: 2398
3 66 56 7 36 60 29 52 58 #SUP: 2398
3 66 56 7 36 60 52 #SUP: 2398
3 66 56 7 36 60 52 58 #SUP: 2398
3 66 56 7 36 29 #SUP: 2402
3 66 56 7 36 29 58 #SUP: 2402
3 66 56 7 36 29 52 #SUP: 2398
3 66 56 7 36 29 52 58 #SUP: 2398
3 66 56 7 36 52 #SUP: 2398
3 66 56 7 36 52 58 #SUP: 2398
3 66 56 7 60 #SUP: 2495
3 66 56 7 60 58 #SUP: 2495
3 66 56 7 60 40 #SUP: 2472
3 66 56 7 60 40 58 #SUP: 2472
3 66 56 7 60 40 29 #SUP: 2472
3 66 56 7 60 40 29 58 #SUP: 2472
3 66 56 7 60 40 29 52 #SUP: 2468
3 66 56 7 60 40 29 52 58 #SUP: 2468
3 66 56 7 60 40 52 #SUP: 2468
3 66 56 7 60 40 52 58 #SUP: 2468
3 66 56 7 60 29 #SUP: 2495
3 66 56 7 60 29 58 #SUP: 2495
3 66 56 7 60 29 52 #SUP: 2491
3 66 56 7 60 29 52 58 #SUP: 2491
3 66 56 7 60 52 #SUP: 2491
3 66 56 7 60 52 58 #SUP: 2491
3 66 56 7 40 #SUP: 2472
3 66 56 7 40 58 #SUP: 2472
3 66 56 7 40 29 #SUP: 2472
3 66 56 7 40 29 58 #SUP: 2472
3 66 56 7 40 29 52 #SUP: 2468
3 66 56 7 40 29 52 58 #SUP: 2468
3 66 56 7 40 52 #SUP: 2468
3 66 56 7 40 52 58 #SUP: 2468
3 66 56 7 29 #SUP: 2495
3 66 56 7 29 58 #SUP: 2495
3 66 56 7 29 52 #SUP: 2491
3 66 56 7 29 52 58 #SUP: 2491
3 66 56 7 52 #SUP: 2491
3 66 56 7 52 58 #SUP: 2491
3 66 56 36 #SUP: 2475
3 66 56 36 58 #SUP: 2475
3 66 56 36 60 #SUP: 2475
3 66 56 36 60 58 #SUP: 2475
3 66 56 36 60 40 #SUP: 2452
3 66 56 36 60 40 58 #SUP: 2452
3 66 56 36 60 40 29 #SUP: 2452
3 66 56 36 60 40 29 58 #SUP: 2452
3 66 56 36 60 40 29 52 #SUP: 2448
3 66 56 36 60 40 29 52 58 #SUP: 2448
3 66 56 36 60 40 52 #SUP: 2448
3 66 56 36 60 40 52 58 #SUP: 2448
3 66 56 36 60 29 #SUP: 2475
3 66 56 36 60 29 58 #SUP: 2475
3 66 56 36 60 29 52 #SUP: 2471
3 66 56 36 60 29 52 58 #SUP: 2471
3 66 56 36 60 52 #SUP: 2471
3 66 56 36 60 52 58 #SUP: 2471
3 66 56 36 40 #SUP: 2452
3 66 56 36 40 58 #SUP: 2452
3 66 56 36 40 29 #SUP: 2452
3 66 56 36 40 29 58 #SUP: 2452
3 66 56 36 40 29 52 #SUP: 2448
3 66 56 36 40 29 52 58 #SUP: 2448
3 66 56 36 40 52 #SUP: 2448
3 66 56 36 40 52 58 #SUP: 2448
3 66 56 36 29 #SUP: 2475
3 66 56 36 29 58 #SUP: 2475
3 66 56 36 29 52 #SUP: 2471
3 66 56 36 29 52 58 #SUP: 2471
3 66 56 36 52 #SUP: 2471
3 66 56 36 52 58 #SUP: 2471
3 66 56 60 #SUP: 2568
3 66 56 60 58 #SUP: 2568
3 66 56 60 40 #SUP: 2545
3 66 56 60 40 58 #SUP: 2545
3 66 56 60 40 29 #SUP: 2545
3 66 56 60 40 29 58 #SUP: 2545
3 66 56 60 40 29 52 #SUP: 2541
3 66 56 60 40 29 52 58 #SUP: 2541
3 66 56 60 40 52 #SUP: 2541
3 66 56 60 40 52 58 #SUP: 2541
3 66 56 60 29 #SUP: 2568
3 66 56 60 29 58 #SUP: 2568
3 66 56 60 29 52 #SUP: 2564
3 66 56 60 29 52 58 #SUP: 2564
3 66 56 60 52 #SUP: 2564
3 66 56 60 52 58 #SUP: 2564
3 66 56 40 #SUP: 2545
3 66 56 40 58 #SUP: 2545
3 66 56 40 29 #SUP: 2545
3 66 56 40 29 58 #SUP: 2545
3 66 56 40 29 52 #SUP: 2541
3 66 56 40 29 52 58 #SUP: 2541
3 66 56 40 52 #SUP: 2541
3 66 56 40 52 58 #SUP: 2541
3 66 56 29 #SUP: 2568
3 66 56 29 58 #SUP: 2568
3 66 56 29 52 #SUP: 2564
3 66 56 29 52 58 #SUP: 2564
3 66 56 52 #SUP: 2564
3 66 56 52 58 #SUP: 2564
3 66 34 #SUP: 2584
3 66 34 58 #SUP: 2584
3 66 34 62 #SUP: 2481
3 66 34 62 58 #SUP: 2481
3 66 34 62 7 #SUP: 2408
3 66 34 62 7 58 #SUP: 2408
3 66 34 62 7 60 #SUP: 2408
3 66 34 62 7 60 58 #SUP: 2408
3 66 34 62 7 60 29 #SUP: 2408
3 66 34 62 7 60 29 58 #SUP: 2408
3 66 34 62 7 60 29 52 #SUP: 2401
3 66 34 62 7 60 29 52 58 #SUP: 2401
3 66 34 62 7 60 52 #SUP: 2401
3 66 34 62 7 60 52 58 #SUP: 2401
3 66 34 62 7 29 #SUP: 2408
3 66 34 62 7 29 58 #SUP: 2408
3 66 34 62 7 29 52 #SUP: 2401
3 66 34 62 7 29 52 58 #SUP: 2401
3 66 34 62 7 52 #SUP: 2401
3 66 34 62 7 52 58 #SUP: 2401
3 66 34 62 60 #SUP: 2481
3 66 34 62 60 58 #SUP: 2481
3 66 34 62 60 40 #SUP: 2469
3 66 34 62 60 40 58 #SUP: 2469
3 66 34 62 60 40 29 #SUP: 2469
3 66 34 62 60 40 29 58 #SUP: 2469
3 66 34 62 60 40 29 52 #SUP: 2462
3 66 34 62 60 40 29 52 58 #SUP: 2462
3 66 34 62 60 40 52 #SUP: 2462
3 66 34 62 60 40 52 58 #SUP: 2462
3 66 34 62 60 29 #SUP: 2481
3 66 34 62 60 29 58 #SUP: 2481
3 66 34 62 60 29 52 #SUP: 2474
3 66 34 62 60 29 52 58 #SUP: 2474
3 66 34 62 60 52 #SUP: 2474
3 66 34 62 60 52 58 #SUP: 2474
3 66 34 62 40 #SUP: 2469
3 66 34 62 40 58 #SUP: 2469
3 66 34 62 40 29 #SUP: 2469
3 66 34 62 40 29 58 #SUP: 2469
3 66 34 62 40 29 52 #SUP: 2462
3 66 34 62 40 29 52 58 #SUP: 2462
3 66 34 62 40 52 #SUP: 2462
3 66 34 62 40 52 58 #SUP: 2462
3 66 34 62 29 #SUP: 2481
3 66 34 62 29 58 #SUP: 2481
3 66 34 62 29 52 #SUP: 2474
3 66 34 62 29 52 58 #SUP: 2474
3 66 34 62 52 #SUP: 2474
3 66 34 62 52 58 #SUP: 2474
3 66 34 7 #SUP: 2511
3 66 34 7 58 #SUP: 2511
3 66 34 7 36 #SUP: 2418
3 66 34 7 36 58 #SUP: 2418
3 66 34 7 36 60 #SUP: 2418
3 66 34 7 36 60 58 #SUP: 2418
3 66 34 7 36 60 40 #SUP: 2397
3 66 34 7 36 60 40 58 #SUP: 2397
3 66 34 7 36 60 40 29 #SUP: 2397
3 66 34 7 36 60 40 29 58 #SUP: 2397
3 66 34 7 36 60 29 #SUP: 2418
3 66 34 7 36 60 29 58 #SUP: 2418
3 66 34 7 36 60 29 52 #SUP: 2411
3 66 34 7 36 60 29 52 58 #SUP: 2411
3 66 34 7 36 60 52 #SUP: 2411
3 66 34 7 36 60 52 58 #SUP: 2411
3 66 34 7 36 40 #SUP: 2397
3 66 34 7 36 40 58 #SUP: 2397
3 66 34 7 36 40 29 #SUP: 2397
3 66 34 7 36 40 29 58 #SUP: 2397
3 66 34 7 36 29 #SUP: 2418
3 66 34 7 36 29 58 #SUP: 2418
3 66 34 7 36 29 52 #SUP: 2411
3 66 34 7 36 29 52 58 #SUP: 2411
3 66 34 7 36 52 #SUP: 2411
3 66 34 7 36 52 58 #SUP: 2411
3 66 34 7 60 #SUP: 2511
3 66 34 7 60 58 #SUP: 2511
3 66 34 7 60 40 #SUP: 2490
3 66 34 7 60 40 58 #SUP: 2490
3 66 34 7 60 40 29 #SUP: 2490
3 66 34 7 60 40 29 58 #SUP: 2490
3 66 34 7 60 40 29 52 #SUP: 2483
3 66 34 7 60 40 29 52 58 #SUP: 2483
3 66 34 7 60 40 52 #SUP: 2483
3 66 34 7 60 40 52 58 #SUP: 2483
3 66 34 7 60 29 #SUP: 2511
3 66 34 7 60 29 58 #SUP: 2511
3 66 34 7 60 29 52 #SUP: 2504
3 66 34 7 60 29 52 58 #SUP: 2504
3 66 34 7 60 52 #SUP: 2504
3 66 34 7 60 52 58 #SUP: 2504
3 66 34 7 40 #SUP: 2490
3 66 34 7 40 58 #SUP: 2490
3 66 34 7 40 29 #SUP: 2490
3 66 34 7 40 29 58 #SUP: 2490
3 66 34 7 40 29 52 #SUP: 2483
3 66 34 7 40 29 52 58 #SUP: 2483
3 66 34 7 40 52 #SUP: 2483
3 66 34 7 40 52 58 #SUP: 2483
3 66 34 7 29 #SUP: 2511
3 66 34 7 29 58 #SUP: 2511
3 66 34 7 29 52 #SUP: 2504
3 66 34 7 29 52 58 #SUP: 2504
3 66 34 7 52 #SUP: 2504
3 66 34 7 52 58 #SUP: 2504
3 66 34 36 #SUP: 2491
3 66 34 36 58 #SUP: 2491
3 66 34 36 60 #SUP: 2491
3 66 34 36 60 58 #SUP: 2491
3 66 34 36 60 40 #SUP: 2470
3 66 34 36 60 40 58 #SUP: 2470
3 66 34 36 60 40 29 #SUP: 2470
3 66 34 36 60 40 29 58 #SUP: 2470
3 66 34 36 60 40 29 52 #SUP: 2463
3 66 34 36 60 40 29 52 58 #SUP: 2463
3 66 34 36 60 40 52 #SUP: 2463
3 66 34 36 60 40 52 58 #SUP: 2463
3 66 34 36 60 29 #SUP: 2491
3 66 34 36 60 29 58 #SUP: 2491
3 66 34 36 60 29 52 #SUP: 2484
3 66 34 36 60 29 52 58 #SUP: 2484
3 66 34 36 60 52 #SUP: 2484
3 66 34 36 60 52 58 #SUP: 2484
3 66 34 36 40 #SUP: 2470
3 66 34 36 40 58 #SUP: 2470
3 66 34 36 40 29 #SUP: 2470
3 66 34 36 40 29 58 #SUP: 2470
3 66 34 36 40 29 52 #SUP: 2463
3 66 34 36 40 29 52 58 #SUP: 2463
3 66 34 36 40 52 #SUP: 2463
3 66 34 36 40 52 58 #SUP: 2463
3 66 34 36 29 #SUP: 2491
3 66 34 36 29 58 #SUP: 2491
3 66 34 36 29 52 #SUP: 2484
3 66 34 36 29 52 58 #SUP: 2484
3 66 34 36 52 #SUP: 2484
3 66 34 36 52 58 #SUP: 2484
3 66 34 60 #SUP: 2584
3 66 34 60 58 #SUP: 2584
3 66 34 60 40 #SUP: 2563
3 66 34 60 40 58 #SUP: 2563
3 66 34 60 40 29 #SUP: 2563
3 66 34 60 40 29 58 #SUP: 2563
3 66 34 60 40 29 52 #SUP: 2556
3 66 34 60 40 29 52 58 #SUP: 2556
3 66 34 60 40 52 #SUP: 2556
3 66 34 60 40 52 58 #SUP: 2556
3 66 34 60 29 #SUP: 2584
3 66 34 60 29 58 #SUP: 2584
3 66 34 60 29 52 #SUP: 2577
3 66 34 60 29 52 58 #SUP: 2577
3 66 34 60 52 #SUP: 2577
3 66 34 60 52 58 #SUP: 2577
3 66 34 40 #SUP: 2563
3 66 34 40 58 #SUP: 2563
3 66 34 40 29 #SUP: 2563
3 66 34 40 29 58 #SUP: 2563
3 66 34 40 29 52 #SUP: 2556
3 66 34 40 29 52 58 #SUP: 2556
3 66 34 40 52 #SUP: 2556
3 66 34 40 52 58 #SUP: 2556
3 66 34 29 #SUP: 2584
3 66 34 29 58 #SUP: 2584
3 66 34 29 52 #SUP: 2577
3 66 34 29 52 58 #SUP: 2577
3 66 34 52 #SUP: 2577
3 66 34 52 58 #SUP: 2577
3 66 62 #SUP: 2591
3 66 62 58 #SUP: 2591
3 66 62 7 #SUP: 2518
3 66 62 7 58 #SUP: 2518
3 66 62 7 36 #SUP: 2425
3 66 62 7 36 58 #SUP: 2425
3 66 62 7 36 60 #SUP: 2425
3 66 62 7 36 60 58 #SUP: 2425
3 66 62 7 36 60 40 #SUP: 2410
3 66 62 7 36 60 40 58 #SUP: 2410
3 66 62 7 36 60 40 29 #SUP: 2410
3 66 62 7 36 60 40 29 58 #SUP: 2410
3 66 62 7 36 60 40 29 52 #SUP: 2401
3 66 62 7 36 60 40 29 52 58 #SUP: 2401
3 66 62 7 36 60 40 52 #SUP: 2401
3 66 62 7 36 60 40 52 58 #SUP: 2401
3 66 62 7 36 60 29 #SUP: 2425
3 66 62 7 36 60 29 58 #SUP: 2425
3 66 62 7 36 60 29 52 #SUP: 2416
3 66 62 7 36 60 29 52 58 #SUP: 2416
3 66 62 7 36 60 52 #SUP: 2416
3 66 62 7 36 60 52 58 #SUP: 2416
3 66 62 7 36 40 #SUP: 2410
3 66 62 7 36 40 58 #SUP: 2410
3 66 62 7 36 40 29 #SUP: 2410
3 66 62 7 36 40 29 58 #SUP: 2410
3 66 62 7 36 40 29 52 #SUP: 2401
3 66 62 7 36 40 29 52 58 #SUP: 2401
3 66 62 7 36 40 52 #SUP: 2401
3 66 62 7 36 40 52 58 #SUP: 2401
3 66 62 7 36 29 #SUP: 2425
3 66 62 7 36 29 58 #SUP: 2425
3 66 62 7 36 29 52 #SUP: 2416
3 66 62 7 36 29 52 58 #SUP: 2416
3 66 62 7 36 52 #SUP: 2416
3 66 62 7 36 52 58 #SUP: 2416
3 66 62 7 60 #SUP: 2518
3 66 62 7 60 58 #SUP: 2518
3 66 62 7 60 40 #SUP: 2503
3 66 62 7 60 40 58 #SUP: 2503
3 66 62 7 60 40 29 #SUP: 2503
3 66 62 7 60 40 29 58 #SUP: 2503
3 66 62 7 60 40 29 52 #SUP: 2494
3 66 62 7 60 40 29 52 58 #SUP: 2494
3 66 62 7 60 40 52 #SUP: 2494
3 66 62 7 60 40 52 58 #SUP: 2494
3 66 62 7 60 29 #SUP: 2518
3 66 62 7 60 29 58 #SUP: 2518
3 66 62 7 60 29 52 #SUP: 2509
3 66 62 7 60 29 52 58 #SUP: 2509
3 66 62 7 60 52 #SUP: 2509
3 66 62 7 60 52 58 #SUP: 2509
3 66 62 7 40 #SUP: 2503
3 66 62 7 40 58 #SUP: 2503
3 66 62 7 40 29 #SUP: 2503
3 66 62 7 40 29 58 #SUP: 2503
3 66 62 7 40 29 52 #SUP: 2494
3 66 62 7 40 29 52 58 #SUP: 2494
3 66 62 7 40 52 #SUP: 2494
3 66 62 7 40 52 58 #SUP: 2494
3 66 62 7 29 #SUP: 2518
3 66 62 7 29 58 #SUP: 2518
3 66 62 7 29 52 #SUP: 2509
3 66 62 7 29 52 58 #SUP: 2509
3 66 62 7 52 #SUP: 2509
3 66 62 7 52 58 #SUP: 2509
3 66 62 36 #SUP: 2498
3 66 62 36 58 #SUP: 2498
3 66 62 36 60 #SUP: 2498
3 66 62 36 60 58 #SUP: 2498
3 66 62 36 60 40 #SUP: 2483
3 66 62 36 60 40 58 #SUP: 2483
3 66 62 36 60 40 29 #SUP: 2483
3 66 62 36 60 40 29 58 #SUP: 2483
3 66 62 36 60 40 29 52 #SUP: 2474
3 66 62 36 60 40 29 52 58 #SUP: 2474
3 66 62 36 60 40 52 #SUP: 2474
3 66 62 36 60 40 52 58 #SUP: 2474
3 66 62 36 60 29 #SUP: 2498
3 66 62 36 60 29 58 #SUP: 2498
3 66 62 36 60 29 52 #SUP: 2489
3 66 62 36 60 29 52 58 #SUP: 2489
3 66 62 36 60 52 #SUP: 2489
3 66 62 36 60 52 58 #SUP: 2489
3 66 62 36 40 #SUP: 2483
3 66 62 36 40 58 #SUP: 2483
3 66 62 36 40 29 #SUP: 2483
3 66 62 36 40 29 58 #SUP: 2483
3 66 62 36 40 29 52 #SUP: 2474
3 66 62 36 40 29 52 58 #SUP: 2474
3 66 62 36 40 52 #SUP: 2474
3 66 62 36 40 52 58 #SUP: 2474
3 66 62 36 29 #SUP: 2498
3 66 62 36 29 58 #SUP: 2498
3 66 62 36 29 52 #SUP: 2489
3 66 62 36 29 52 58 #SUP: 2489
3 66 62 36 52 #SUP: 2489
3 66 62 36 52 58 #SUP: 2489
3 66 62 60 #SUP: 2591
3 66 62 60 58 #SUP: 2591
3 66 62 60 40 #SUP: 2576
3 66 62 60 40 58 #SUP: 2576
3 66 62 60 40 29 #SUP: 2576
3 66 62 60 40 29 58 #SUP: 2576
3 66 62 60 40 29 52 #SUP: 2567
3 66 62 60 40 29 52 58 #SUP: 2567
3 66 62 60 40 52 #SUP: 2567
3 66 62 60 40 52 58 #SUP: 2567
3 66 62 60 29 #SUP: 2591
3 66 62 60 29 58 #SUP: 2591
3 66 62 60 29 52 #SUP: 2582
3 66 62 60 29 52 58 #SUP: 2582
3 66 62 60 52 #SUP: 2582
3 66 62 60 52 58 #SUP: 2582
3 66 62 40 #SUP: 2576
3 66 62 40 58 #SUP: 2576
3 66 62 40 29 #SUP: 2576
3 66 62 40 29 58 #SUP: 2576
3 66 62 40 29 52 #SUP: 2567
3 66 62 40 29 52 58 #SUP: 2567
3 66 62 40 52 #SUP: 2567
3 66 62 40 52 58 #SUP: 2567
3 66 62 29 #SUP: 2591
3 66 62 29 58 #SUP: 2591
3 66 62 29 52 #SUP: 2582
3 66 62 29 52 58 #SUP: 2582
3 66 62 52 #SUP: 2582
3 66 62 52 58 #SUP: 2582
3 66 7 #SUP: 2630
3 66 7 58 #SUP: 2630
3 66 7 36 #SUP: 2537
3 66 7 36 58 #SUP: 2537
3 66 7 36 60 #SUP: 2537
3 66 7 36 60 58 #SUP: 2537
3 66 7 36 60 40 #SUP: 2513
3 66 7 36 60 40 58 #SUP: 2513
3 66 7 36 60 40 29 #SUP: 2513
3 66 7 36 60 40 29 58 #SUP: 2513
3 66 7 36 60 40 29 52 #SUP: 2504
3 66 7 36 60 40 29 52 58 #SUP: 2504
3 66 7 36 60 40 52 #SUP: 2504
3 66 7 36 60 40 52 58 #SUP: 2504
3 66 7 36 60 29 #SUP: 2537
3 66 7 36 60 29 58 #SUP: 2537
3 66 7 36 60 29 52 #SUP: 2528
3 66 7 36 60 29 52 58 #SUP: 2528
3 66 7 36 60 52 #SUP: 2528
3 66 7 36 60 52 58 #SUP: 2528
3 66 7 36 40 #SUP: 2513
3 66 7 36 40 58 #SUP: 2513
3 66 7 36 40 29 #SUP: 2513
3 66 7 36 40 29 58 #SUP: 2513
3 66 7 36 40 29 52 #SUP: 2504
3 66 7 36 40 29 52 58 #SUP: 2504
3 66 7 36 40 52 #SUP: 2504
3 66 7 36 40 52 58 #SUP: 2504
3 66 7 36 29 #SUP: 2537
3 66 7 36 29 58 #SUP: 2537
3 66 7 36 29 52 #SUP: 2528
3 66 7 36 29 52 58 #SUP: 2528
3 66 7 36 52 #SUP: 2528
3 66 7 36 52 58 #SUP: 2528
3 66 7 60 #SUP: 2630
3 66 7 60 58 #SUP: 2630
3 66 7 60 40 #SUP: 2606
3 66 7 60 40 58 #SUP: 2606
3 66 7 60 40 29 #SUP: 2606
3 66 7 60 40 29 58 #SUP: 2606
3 66 7 60 40 29 52 #SUP: 2597
3 66 7 60 40 29 52 58 #SUP: 2597
3 66 7 60 40 52 #SUP: 2597
3 66 7 60 40 52 58 #SUP: 2597
3 66 7 60 29 #SUP: 2630
3 66 7 60 29 58 #SUP: 2630
3 66 7 60 29 52 #SUP: 2621
3 66 7 60 29 52 58 #SUP: 2621
3 66 7 60 52 #SUP: 2621
3 66 7 60 52 58 #SUP: 2621
3 66 7 40 #SUP: 2606
3 66 7 40 58 #SUP: 2606
3 66 7 40 29 #SUP: 2606
3 66 7 40 29 58 #SUP: 2606
3 66 7 40 29 52 #SUP: 2597
3 66 7 40 29 52 58 #SUP: 2597
3 66 7 40 52 #SUP: 2597
3 66 7 40 52 58 #SUP: 2597
3 66 7 29 #SUP: 2630
3 66 7 29 58 #SUP: 2630
3 66 7 29 52 #SUP: 2621
3 66 7 29 52 58 #SUP: 2621
3 66 7 52 #SUP: 2621
3 66 7 52 58 #SUP: 2621
3 66 36 #SUP: 2610
3 66 36 58 #SUP: 2610
3 66 36 60 #SUP: 2610
3 66 36 60 58 #SUP: 2610
3 66 36 60 40 #SUP: 2586
3 66 36 60 40 58 #SUP: 2586
3 66 36 60 40 29 #SUP: 2586
3 66 36 60 40 29 58 #SUP: 2586
3 66 36 60 40 29 52 #SUP: 2577
3 66 36 60 40 29 52 58 #SUP: 2577
3 66 36 60 40 52 #SUP: 2577
3 66 36 60 40 52 58 #SUP: 2577
3 66 36 60 29 #SUP: 2610
3 66 36 60 29 58 #SUP: 2610
3 66 36 60 29 52 #SUP: 2601
3 66 36 60 29 52 58 #SUP: 2601
3 66 36 60 52 #SUP: 2601
3 66 36 60 52 58 #SUP: 2601
3 66 36 40 #SUP: 2586
3 66 36 40 58 #SUP: 2586
3 66 36 40 29 #SUP: 2586
3 66 36 40 29 58 #SUP: 2586
3 66 36 40 29 52 #SUP: 2577
3 66 36 40 29 52 58 #SUP: 2577
3 66 36 40 52 #SUP: 2577
3 66 36 40 52 58 #SUP: 2577
3 66 36 29 #SUP: 2610
3 66 36 29 58 #SUP: 2610
3 66 36 29 52 #SUP: 2601
3 66 36 29 52 58 #SUP: 2601
3 66 36 52 #SUP: 2601
3 66 36 52 58 #SUP: 2601
3 66 60 #SUP: 2703
3 66 60 58 #SUP: 2703
3 66 60 40 #SUP: 2679
3 66 60 40 58 #SUP: 2679
3 66 60 40 29 #SUP: 2679
3 66 60 40 29 58 #SUP: 2679
3 66 60 40 29 52 #SUP: 2670
3 66 60 40 29 52 58 #SUP: 2670
3 66 60 40 52 #SUP: 2670
3 66 60 40 52 58 #SUP: 2670
3 66 60 29 #SUP: 2703
3 66 60 29 58 #SUP: 2703
3 66 60 29 52 #SUP: 2694
3 66 60 29 52 58 #SUP: 2694
3 66 60 52 #SUP: 2694
3 66 60 52 58 #SUP: 2694
3 66 40 #SUP: 2679
3 66 40 58 #SUP: 2679
3 66 40 29 #SUP: 2679
3 66 40 29 58 #SUP: 2679
3 66 40 29 52 #SUP: 2670
3 66 40 29 52 58 #SUP: 2670
3 66 40 52 #SUP: 2670
3 66 40 52 58 #SUP: 2670
3 66 29 #SUP: 2703
3 66 29 58 #SUP: 2703
3 66 29 52 #SUP: 2694
3 66 29 52 58 #SUP: 2694
3 66 52 #SUP: 2694
3 66 52 58 #SUP: 2694
3 56 #SUP: 2704
3 56 58 #SUP: 2704
3 56 34 #SUP: 2588
3 56 34 58 #SUP: 2588
3 56 34 62 #SUP: 2516
3 56 34 62 58 #SUP: 2516
3 56 34 62 7 #SUP: 2442
3 56 34 62 7 58 #SUP: 2442
3 56 34 62 7 60 #SUP: 2409
3 56 34 62 7 60 58 #SUP: 2409
3 56 34 62 7 60 40 #SUP: 2397
3 56 34 62 7 60 40 58 #SUP: 2397
3 56 34 62 7 60 40 29 #SUP: 2397
3 56 34 62 7 60 40 29 58 #SUP: 2397
3 56 34 62 7 60 29 #SUP: 2409
3 56 34 62 7 60 29 58 #SUP: 2409
3 56 34 62 7 60 29 52 #SUP: 2405
3 56 34 62 7 60 29 52 58 #SUP: 2405
3 56 34 62 7 60 52 #SUP: 2405
3 56 34 62 7 60 52 58 #SUP: 2405
3 56 34 62 7 40 #SUP: 2430
3 56 34 62 7 40 58 #SUP: 2430
3 56 34 62 7 40 29 #SUP: 2430
3 56 34 62 7 40 29 58 #SUP: 2430
3 56 34 62 7 40 29 52 #SUP: 2426
3 56 34 62 7 40 29 52 58 #SUP: 2426
3 56 34 62 7 40 52 #SUP: 2426
3 56 34 62 7 40 52 58 #SUP: 2426
3 56 34 62 7 29 #SUP: 2442
3 56 34 62 7 29 58 #SUP: 2442
3 56 34 62 7 29 52 #SUP: 2438
3 56 34 62 7 29 52 58 #SUP: 2438
3 56 34 62 7 52 #SUP: 2438
3 56 34 62 7 52 58 #SUP: 2438
3 56 34 62 36 #SUP: 2423
3 56 34 62 36 58 #SUP: 2423
3 56 34 62 36 40 #SUP: 2411
3 56 34 62 36 40 58 #SUP: 2411
3 56 34 62 36 40 29 #SUP: 2411
3 56 34 62 36 40 29 58 #SUP: 2411
3 56 34 62 36 40 29 52 #SUP: 2407
3 56 34 62 36 40 29 52 58 #SUP: 2407
3 56 34 62 36 40 52 #SUP: 2407
3 56 34 62 36 40 52 58 #SUP: 2407
3 56 34 62 36 29 #SUP: 2423
3 56 34 62 36 29 58 #SUP: 2423
3 56 34 62 36 29 52 #SUP: 2419
3 56 34 62 36 29 52 58 #SUP: 2419
3 56 34 62 36 52 #SUP: 2419
3 56 34 62 36 52 58 #SUP: 2419
3 56 34 62 60 #SUP: 2483
3 56 34 62 60 58 #SUP: 2483
3 56 34 62 60 40 #SUP: 2471
3 56 34 62 60 40 58 #SUP: 2471
3 56 34 62 60 40 29 #SUP: 2471
3 56 34 62 60 40 29 58 #SUP: 2471
3 56 34 62 60 40 29 52 #SUP: 2467
3 56 34 62 60 40 29 52 58 #SUP: 2467
3 56 34 62 60 40 52 #SUP: 2467
3 56 34 62 60 40 52 58 #SUP: 2467
3 56 34 62 60 29 #SUP: 2483
3 56 34 62 60 29 58 #SUP: 2483
3 56 34 62 60 29 52 #SUP: 2479
3 56 34 62 60 29 52 58 #SUP: 2479
3 56 34 62 60 52 #SUP: 2479
3 56 34 62 60 52 58 #SUP: 2479
3 56 34 62 40 #SUP: 2504
3 56 34 62 40 58 #SUP: 2504
3 56 34 62 40 29 #SUP: 2504
3 56 34 62 40 29 58 #SUP: 2504
3 56 34 62 40 29 52 #SUP: 2500
3 56 34 62 40 29 52 58 #SUP: 2500
3 56 34 62 40 52 #SUP: 2500
3 56 34 62 40 52 58 #SUP: 2500
3 56 34 62 29 #SUP: 2516
3 56 34 62 29 58 #SUP: 2516
3 56 34 62 29 52 #SUP: 2512
3 56 34 62 29 52 58 #SUP: 2512
3 56 34 62 52 #SUP: 2512
3 56 34 62 52 58 #SUP: 2512
3 56 34 7 #SUP: 2514
3 56 34 7 58 #SUP: 2514
3 56 34 7 36 #SUP: 2421
3 56 34 7 36 58 #SUP: 2421
3 56 34 7 36 40 #SUP: 2398
3 56 34 7 36 40 58 #SUP: 2398
3 56 34 7 36 40 29 #SUP: 2398
3 56 34 7 36 40 29 58 #SUP: 2398
3 56 34 7 36 29 #SUP: 2421
3 56 34 7 36 29 58 #SUP: 2421
3 56 34 7 36 29 52 #SUP: 2417
3 56 34 7 36 29 52 58 #SUP: 2417
3 56 34 7 36 52 #SUP: 2417
3 56 34 7 36 52 58 #SUP: 2417
3 56 34 7 60 #SUP: 2480
3 56 34 7 60 58 #SUP: 2480
3 56 34 7 60 40 #SUP: 2458
3 56 34 7 60 40 58 #SUP: 2458
3 56 34 7 60 40 29 #SUP: 2458
3 56 34 7 60 40 29 58 #SUP: 2458
3 56 34 7 60 40 29 52 #SUP: 2454
3 56 34 7 60 40 29 52 58 #SUP: 2454
3 56 34 7 60 40 52 #SUP: 2454
3 56 34 7 60 40 52 58 #SUP: 2454
3 56 34 7 60 29 #SUP: 2480
3 56 34 7 60 29 58 #SUP: 2480
3 56 34 7 60 29 52 #SUP: 2476
3 56 34 7 60 29 52 58 #SUP: 2476
3 56 34 7 60 52 #SUP: 2476
3 56 34 7 60 52 58 #SUP: 2476
3 56 34 7 40 #SUP: 2491
3 56 34 7 40 58 #SUP: 2491
3 56 34 7 40 29 #SUP: 2491
3 56 34 7 40 29 58 #SUP: 2491
3 56 34 7 40 29 52 #SUP: 2487
3 56 34 7 40 29 52 58 #SUP: 2487
3 56 34 7 40 52 #SUP: 2487
3 56 34 7 40 52 58 #SUP: 2487
3 56 34 7 29 #SUP: 2514
3 56 34 7 29 58 #SUP: 2514
3 56 34 7 29 52 #SUP: 2510
3 56 34 7 29 52 58 #SUP: 2510
3 56 34 7 52 #SUP: 2510
3 56 34 7 52 58 #SUP: 2510
3 56 34 36 #SUP: 2495
3 56 34 36 58 #SUP: 2495
3 56 34 36 60 #SUP: 2461
3 56 34 36 60 58 #SUP: 2461
3 56 34 36 60 40 #SUP: 2439
3 56 34 36 60 40 58 #SUP: 2439
3 56 34 36 60 40 29 #SUP: 2439
3 56 34 36 60 40 29 58 #SUP: 2439
3 56 34 36 60 40 29 52 #SUP: 2435
3 56 34 36 60 40 29 52 58 #SUP: 2435
3 56 34 36 60 40 52 #SUP: 2435
3 56 34 36 60 40 52 58 #SUP: 2435
3 56 34 36 60 29 #SUP: 2461
3 56 34 36 60 29 58 #SUP: 2461
3 56 34 36 60 29 52 #SUP: 2457
3 56 34 36 60 29 52 58 #SUP: 2457
3 56 34 36 60 52 #SUP: 2457
3 56 34 36 60 52 58 #SUP: 2457
3 56 34 36 40 #SUP: 2472
3 56 34 36 40 58 #SUP: 2472
3 56 34 36 40 29 #SUP: 2472
3 56 34 36 40 29 58 #SUP: 2472
3 56 34 36 40 29 52 #SUP: 2468
3 56 34 36 40 29 52 58 #SUP: 2468
3 56 34 36 40 52 #SUP: 2468
3 56 34 36 40 52 58 #SUP: 2468
3 56 34 36 29 #SUP: 2495
3 56 34 36 29 58 #SUP: 2495
3 56 34 36 29 52 #SUP: 2491
3 56 34 36 29 52 58 #SUP: 2491
3 56 34 36 52 #SUP: 2491
3 56 34 36 52 58 #SUP: 2491
3 56 34 60 #SUP: 2554
3 56 34 60 58 #SUP: 2554
3 56 34 60 40 #SUP: 2532
3 56 34 60 40 58 #SUP: 2532
3 56 34 60 40 29 #SUP: 2532
3 56 34 60 40 29 58 #SUP: 2532
3 56 34 60 40 29 52 #SUP: 2528
3 56 34 60 40 29 52 58 #SUP: 2528
3 56 34 60 40 52 #SUP: 2528
3 56 34 60 40 52 58 #SUP: 2528
3 56 34 60 29 #SUP: 2554
3 56 34 60 29 58 #SUP: 2554
3 56 34 60 29 52 #SUP: 2550
3 56 34 60 29 52 58 #SUP: 2550
3 56 34 60 52 #SUP: 2550
3 56 34 60 52 58 #SUP: 2550
3 56 34 40 #SUP: 2565
3 56 34 40 58 #SUP: 2565
3 56 34 40 29 #SUP: 2565
3 56 34 40 29 58 #SUP: 2565
3 56 34 40 29 52 #SUP: 2561
3 56 34 40 29 52 58 #SUP: 2561
3 56 34 40 52 #SUP: 2561
3 56 34 40 52 58 #SUP: 2561
3 56 34 29 #SUP: 2588
3 56 34 29 58 #SUP: 2588
3 56 34 29 52 #SUP: 2584
3 56 34 29 52 58 #SUP: 2584
3 56 34 52 #SUP: 2584
3 56 34 52 58 #SUP: 2584
3 56 62 #SUP: 2627
3 56 62 58 #SUP: 2627
3 56 62 7 #SUP: 2553
3 56 62 7 58 #SUP: 2553
3 56 62 7 36 #SUP: 2460
3 56 62 7 36 58 #SUP: 2460
3 56 62 7 36 60 #SUP: 2427
3 56 62 7 36 60 58 #SUP: 2427
3 56 62 7 36 60 40 #SUP: 2413
3 56 62 7 36 60 40 58 #SUP: 2413
3 56 62 7 36 60 40 29 #SUP: 2413
3 56 62 7 36 60 40 29 58 #SUP: 2413
3 56 62 7 36 60 40 29 52 #SUP: 2409
3 56 62 7 36 60 40 29 52 58 #SUP: 2409
3 56 62 7 36 60 40 52 #SUP: 2409
3 56 62 7 36 60 40 52 58 #SUP: 2409
3 56 62 7 36 60 29 #SUP: 2427
3 56 62 7 36 60 29 58 #SUP: 2427
3 56 62 7 36 60 29 52 #SUP: 2423
3 56 62 7 36 60 29 52 58 #SUP: 2423
3 56 62 7 36 60 52 #SUP: 2423
3 56 62 7 36 60 52 58 #SUP: 2423
3 56 62 7 36 40 #SUP: 2446
3 56 62 7 36 40 58 #SUP: 2446
3 56 62 7 36 40 29 #SUP: 2446
3 56 62 7 36 40 29 58 #SUP: 2446
3 56 62 7 36 40 29 52 #SUP: 2442
3 56 62 7 36 40 29 52 58 #SUP: 2442
3 56 62 7 36 40 52 #SUP: 2442
3 56 62 7 36 40 52 58 #SUP: 2442
3 56 62 7 36 29 #SUP: 2460
3 56 62 7 36 29 58 #SUP: 2460
3 56 62 7 36 29 52 #SUP: 2456
3 56 62 7 36 29 52 58 #SUP: 2456
3 56 62 7 36 52 #SUP: 2456
3 56 62 7 36 52 58 #SUP: 2456
3 56 62 7 60 #SUP: 2520
3 56 62 7 60 58 #SUP: 2520
3 56 62 7 60 40 #SUP: 2506
3 56 62 7 60 40 58 #SUP: 2506
3 56 62 7 60 40 29 #SUP: 2506
3 56 62 7 60 40 29 58 #SUP: 2506
3 56 62 7 60 40 29 52 #SUP: 2502
3 56 62 7 60 40 29 52 58 #SUP: 2502
3 56 62 7 60 40 52 #SUP: 2502
3 56 62 7 60 40 52 58 #SUP: 2502
3 56 62 7 60 29 #SUP: 2520
3 56 62 7 60 29 58 #SUP: 2520
3 56 62 7 60 29 52 #SUP: 2516
3 56 62 7 60 29 52 58 #SUP: 2516
3 56 62 7 60 52 #SUP: 2516
3 56 62 7 60 52 58 #SUP: 2516
3 56 62 7 40 #SUP: 2539
3 56 62 7 40 58 #SUP: 2539
3 56 62 7 40 29 #SUP: 2539
3 56 62 7 40 29 58 #SUP: 2539
3 56 62 7 40 29 52 #SUP: 2535
3 56 62 7 40 29 52 58 #SUP: 2535
3 56 62 7 40 52 #SUP: 2535
3 56 62 7 40 52 58 #SUP: 2535
3 56 62 7 29 #SUP: 2553
3 56 62 7 29 58 #SUP: 2553
3 56 62 7 29 52 #SUP: 2549
3 56 62 7 29 52 58 #SUP: 2549
3 56 62 7 52 #SUP: 2549
3 56 62 7 52 58 #SUP: 2549
3 56 62 36 #SUP: 2534
3 56 62 36 58 #SUP: 2534
3 56 62 36 60 #SUP: 2501
3 56 62 36 60 58 #SUP: 2501
3 56 62 36 60 40 #SUP: 2487
3 56 62 36 60 40 58 #SUP: 2487
3 56 62 36 60 40 29 #SUP: 2487
3 56 62 36 60 40 29 58 #SUP: 2487
3 56 62 36 60 40 29 52 #SUP: 2483
3 56 62 36 60 40 29 52 58 #SUP: 2483
3 56 62 36 60 40 52 #SUP: 2483
3 56 62 36 60 40 52 58 #SUP: 2483
3 56 62 36 60 29 #SUP: 2501
3 56 62 36 60 29 58 #SUP: 2501
3 56 62 36 60 29 52 #SUP: 2497
3 56 62 36 60 29 52 58 #SUP: 2497
3 56 62 36 60 52 #SUP: 2497
3 56 62 36 60 52 58 #SUP: 2497
3 56 62 36 40 #SUP: 2520
3 56 62 36 40 58 #SUP: 2520
3 56 62 36 40 29 #SUP: 2520
3 56 62 36 40 29 58 #SUP: 2520
3 56 62 36 40 29 52 #SUP: 2516
3 56 62 36 40 29 52 58 #SUP: 2516
3 56 62 36 40 52 #SUP: 2516
3 56 62 36 40 52 58 #SUP: 2516
3 56 62 36 29 #SUP: 2534
3 56 62 36 29 58 #SUP: 2534
3 56 62 36 29 52 #SUP: 2530
3 56 62 36 29 52 58 #SUP: 2530
3 56 62 36 52 #SUP: 2530
3 56 62 36 52 58 #SUP: 2530
3 56 62 60 #SUP: 2594
3 56 62 60 58 #SUP: 2594
3 56 62 60 40 #SUP: 2580
3 56 62 60 40 58 #SUP: 2580
3 56 62 60 40 29 #SUP: 2580
3 56 62 60 40 29 58 #SUP: 2580
3 56 62 60 40 29 52 #SUP: 2576
3 56 62 60 40 29 52 58 #SUP: 2576
3 56 62 60 40 52 #SUP: 2576
3 56 62 60 40 52 58 #SUP: 2576
3 56 62 60 29 #SUP: 2594
3 56 62 60 29 58 #SUP: 2594
3 56 62 60 29 52 #SUP: 2590
3 56 62 60 29 52 58 #SUP: 2590
3 56 62 60 52 #SUP: 2590
3 56 62 60 52 58 #SUP: 2590
3 56 62 40 #SUP: 2613
3 56 62 40 58 #SUP: 2613
3 56 62 40 29 #SUP: 2613
3 56 62 40 29 58 #SUP: 2613
3 56 62 40 29 52 #SUP: 2609
3 56 62 40 29 52 58 #SUP: 2609
3 56 62 40 52 #SUP: 2609
3 56 62 40 52 58 #SUP: 2609
3 56 62 29 #SUP: 2627
3 56 62 29 58 #SUP: 2627
3 56 62 29 52 #SUP: 2623
3 56 62 29 52 58 #SUP: 2623
3 56 62 52 #SUP: 2623
3 56 62 52 58 #SUP: 2623
3 56 7 #SUP: 2630
3 56 7 58 #SUP: 2630
3 56 7 36 #SUP: 2537
3 56 7 36 58 #SUP: 2537
3 56 7 36 60 #SUP: 2503
3 56 7 36 60 58 #SUP: 2503
3 56 7 36 60 40 #SUP: 2479
3 56 7 36 60 40 58 #SUP: 2479
3 56 7 36 60 40 29 #SUP: 2479
3 56 7 36 60 40 29 58 #SUP: 2479
3 56 7 36 60 40 29 52 #SUP: 2475
3 56 7 36 60 40 29 52 58 #SUP: 2475
3 56 7 36 60 40 52 #SUP: 2475
3 56 7 36 60 40 52 58 #SUP: 2475
3 56 7 36 60 29 #SUP: 2503
3 56 7 36 60 29 58 #SUP: 2503
3 56 7 36 60 29 52 #SUP: 2499
3 56 7 36 60 29 52 58 #SUP: 2499
3 56 7 36 60 52 #SUP: 2499
3 56 7 36 60 52 58 #SUP: 2499
3 56 7 36 40 #SUP: 2512
3 56 7 36 40 58 #SUP: 2512
3 56 7 36 40 29 #SUP: 2512
3 56 7 36 40 29 58 #SUP: 2512
3 56 7 36 40 29 52 #SUP: 2508
3 56 7 36 40 29 52 58 #SUP: 2508
3 56 7 36 40 52 #SUP: 2508
3 56 7 36 40 52 58 #SUP: 2508
3 56 7 36 29 #SUP: 2537
3 56 7 36 29 58 #SUP: 2537
3 56 7 36 29 52 #SUP: 2533
3 56 7 36 29 52 58 #SUP: 2533
3 56 7 36 52 #SUP: 2533
3 56 7 36 52 58 #SUP: 2533
3 56 7 60 #SUP: 2596
3 56 7 60 58 #SUP: 2596
3 56 7 60 40 #SUP: 2572
3 56 7 60 40 58 #SUP: 2572
3 56 7 60 40 29 #SUP: 2572
3 56 7 60 40 29 58 #SUP: 2572
3 56 7 60 40 29 52 #SUP: 2568
3 56 7 60 40 29 52 58 #SUP: 2568
3 56 7 60 40 52 #SUP: 2568
3 56 7 60 40 52 58 #SUP: 2568
3 56 7 60 29 #SUP: 2596
3 56 7 60 29 58 #SUP: 2596
3 56 7 60 29 52 #SUP: 2592
3 56 7 60 29 52 58 #SUP: 2592
3 56 7 60 52 #SUP: 2592
3 56 7 60 52 58 #SUP: 2592
3 56 7 40 #SUP: 2605
3 56 7 40 58 #SUP: 2605
3 56 7 40 29 #SUP: 2605
3 56 7 40 29 58 #SUP: 2605
3 56 7 40 29 52 #SUP: 2601
3 56 7 40 29 52 58 #SUP: 2601
3 56 7 40 52 #SUP: 2601
3 56 7 40 52 58 #SUP: 2601
3 56 7 29 #SUP: 2630
3 56 7 29 58 #SUP: 2630
3 56 7 29 52 #SUP: 2626
3 56 7 29 52 58 #SUP: 2626
3 56 7 52 #SUP: 2626
3 56 7 52 58 #SUP: 2626
3 56 36 #SUP: 2611
3 56 36 58 #SUP: 2611
3 56 36 60 #SUP: 2577
3 56 36 60 58 #SUP: 2577
3 56 36 60 40 #SUP: 2553
3 56 36 60 40 58 #SUP: 2553
3 56 36 60 40 29 #SUP: 2553
3 56 36 60 40 29 58 #SUP: 2553
3 56 36 60 40 29 52 #SUP: 2549
3 56 36 60 40 29 52 58 #SUP: 2549
3 56 36 60 40 52 #SUP: 2549
3 56 36 60 40 52 58 #SUP: 2549
3 56 36 60 29 #SUP: 2577
3 56 36 60 29 58 #SUP: 2577
3 56 36 60 29 52 #SUP: 2573
3 56 36 60 29 52 58 #SUP: 2573
3 56 36 60 52 #SUP: 2573
3 56 36 60 52 58 #SUP: 2573
3 56 36 40 #SUP: 2586
3 56 36 40 58 #SUP: 2586
3 56 36 40 29 #SUP: 2586
3 56 36 40 29 58 #SUP: 2586
3 56 36 40 29 52 #SUP: 2582
3 56 36 40 29 52 58 #SUP: 2582
3 56 36 40 52 #SUP: 2582
3 56 36 40 52 58 #SUP: 2582
3 56 36 29 #SUP: 2611
3 56 36 29 58 #SUP: 2611
3 56 36 29 52 #SUP: 2607
3 56 36 29 52 58 #SUP: 2607
3 56 36 52 #SUP: 2607
3 56 36 52 58 #SUP: 2607
3 56 60 #SUP: 2670
3 56 60 58 #SUP: 2670
3 56 60 40 #SUP: 2646
3 56 60 40 58 #SUP: 2646
3 56 60 40 29 #SUP: 2646
3 56 60 40 29 58 #SUP: 2646
3 56 60 40 29 52 #SUP: 2642
3 56 60 40 29 52 58 #SUP: 2642
3 56 60 40 52 #SUP: 2642
3 56 60 40 52 58 #SUP: 2642
3 56 60 29 #SUP: 2670
3 56 60 29 58 #SUP: 2670
3 56 60 29 52 #SUP: 2666
3 56 60 29 52 58 #SUP: 2666
3 56 60 52 #SUP: 2666
3 56 60 52 58 #SUP: 2666
3 56 40 #SUP: 2679
3 56 40 58 #SUP: 2679
3 56 40 29 #SUP: 2679
3 56 40 29 58 #SUP: 2679
3 56 40 29 52 #SUP: 2675
3 56 40 29 52 58 #SUP: 2675
3 56 40 52 #SUP: 2675
3 56 40 52 58 #SUP: 2675
3 56 29 #SUP: 2704
3 56 29 58 #SUP: 2704
3 56 29 52 #SUP: 2700
3 56 29 52 58 #SUP: 2700
3 56 52 #SUP: 2700
3 56 52 58 #SUP: 2700
3 34 #SUP: 2706
3 34 58 #SUP: 2706
3 34 62 #SUP: 2600
3 34 62 58 #SUP: 2600
3 34 62 7 #SUP: 2526
3 34 62 7 58 #SUP: 2526
3 34 62 7 36 #SUP: 2433
3 34 62 7 36 58 #SUP: 2433
3 34 62 7 36 60 #SUP: 2400
3 34 62 7 36 60 58 #SUP: 2400
3 34 62 7 36 60 29 #SUP: 2400
3 34 62 7 36 60 29 58 #SUP: 2400
3 34 62 7 36 40 #SUP: 2421
3 34 62 7 36 40 58 #SUP: 2421
3 34 62 7 36 40 29 #SUP: 2421
3 34 62 7 36 40 29 58 #SUP: 2421
3 34 62 7 36 40 29 52 #SUP: 2414
3 34 62 7 36 40 29 52 58 #SUP: 2414
3 34 62 7 36 40 52 #SUP: 2414
3 34 62 7 36 40 52 58 #SUP: 2414
3 34 62 7 36 29 #SUP: 2433
3 34 62 7 36 29 58 #SUP: 2433
3 34 62 7 36 29 52 #SUP: 2426
3 34 62 7 36 29 52 58 #SUP: 2426
3 34 62 7 36 52 #SUP: 2426
3 34 62 7 36 52 58 #SUP: 2426
3 34 62 7 60 #SUP: 2493
3 34 62 7 60 58 #SUP: 2493
3 34 62 7 60 40 #SUP: 2481
3 34 62 7 60 40 58 #SUP: 2481
3 34 62 7 60 40 29 #SUP: 2481
3 34 62 7 60 40 29 58 #SUP: 2481
3 34 62 7 60 40 29 52 #SUP: 2474
3 34 62 7 60 40 29 52 58 #SUP: 2474
3 34 62 7 60 40 52 #SUP: 2474
3 34 62 7 60 40 52 58 #SUP: 2474
3 34 62 7 60 29 #SUP: 2493
3 34 62 7 60 29 58 #SUP: 2493
3 34 62 7 60 29 52 #SUP: 2486
3 34 62 7 60 29 52 58 #SUP: 2486
3 34 62 7 60 52 #SUP: 2486
3 34 62 7 60 52 58 #SUP: 2486
3 34 62 7 40 #SUP: 2514
3 34 62 7 40 58 #SUP: 2514
3 34 62 7 40 29 #SUP: 2514
3 34 62 7 40 29 58 #SUP: 2514
3 34 62 7 40 29 52 #SUP: 2507
3 34 62 7 40 29 52 58 #SUP: 2507
3 34 62 7 40 52 #SUP: 2507
3 34 62 7 40 52 58 #SUP: 2507
3 34 62 7 29 #SUP: 2526
3 34 62 7 29 58 #SUP: 2526
3 34 62 7 29 52 #SUP: 2519
3 34 62 7 29 52 58 #SUP: 2519
3 34 62 7 52 #SUP: 2519
3 34 62 7 52 58 #SUP: 2519
3 34 62 36 #SUP: 2507
3 34 62 36 58 #SUP: 2507
3 34 62 36 60 #SUP: 2474
3 34 62 36 60 58 #SUP: 2474
3 34 62 36 60 40 #SUP: 2462
3 34 62 36 60 40 58 #SUP: 2462
3 34 62 36 60 40 29 #SUP: 2462
3 34 62 36 60 40 29 58 #SUP: 2462
3 34 62 36 60 40 29 52 #SUP: 2455
3 34 62 36 60 40 29 52 58 #SUP: 2455
3 34 62 36 60 40 52 #SUP: 2455
3 34 62 36 60 40 52 58 #SUP: 2455
3 34 62 36 60 29 #SUP: 2474
3 34 62 36 60 29 58 #SUP: 2474
3 34 62 36 60 29 52 #SUP: 2467
3 34 62 36 60 29 52 58 #SUP: 2467
3 34 62 36 60 52 #SUP: 2467
3 34 62 36 60 52 58 #SUP: 2467
3 34 62 36 40 #SUP: 2495
3 34 62 36 40 58 #SUP: 2495
3 34 62 36 40 29 #SUP: 2495
3 34 62 36 40 29 58 #SUP: 2495
3 34 62 36 40 29 52 #SUP: 2488
3 34 62 36 40 29 52 58 #SUP: 2488
3 34 62 36 40 52 #SUP: 2488
3 34 62 36 40 52 58 #SUP: 2488
3 34 62 36 29 #SUP: 2507
3 34 62 36 29 58 #SUP: 2507
3 34 62 36 29 52 #SUP: 2500
3 34 62 36 29 52 58 #SUP: 2500
3 34 62 36 52 #SUP: 2500
3 34 62 36 52 58 #SUP: 2500
3 34 62 60 #SUP: 2567
3 34 62 60 58 #SUP: 2567
3 34 62 60 40 #SUP: 2555
3 34 62 60 40 58 #SUP: 2555
3 34 62 60 40 29 #SUP: 2555
3 34 62 60 40 29 58 #SUP: 2555
3 34 62 60 40 29 52 #SUP: 2548
3 34 62 60 40 29 52 58 #SUP: 2548
3 34 62 60 40 52 #SUP: 2548
3 34 62 60 40 52 58 #SUP: 2548
3 34 62 60 29 #SUP: 2567
3 34 62 60 29 58 #SUP: 2567
3 34 62 60 29 52 #SUP: 2560
3 34 62 60 29 52 58 #SUP: 2560
3 34 62 60 52 #SUP: 2560
3 34 62 60 52 58 #SUP: 2560
3 34 62 40 #SUP: 2588
3 34 62 40 58 #SUP: 2588
3 34 62 40 29 #SUP: 2588
3 34 62 40 29 58 #SUP: 2588
3 34 62 40 29 52 #SUP: 2581
3 34 62 40 29 52 58 #SUP: 2581
3 34 62 40 52 #SUP: 2581
3 34 62 40 52 58 #SUP: 2581
3 34 62 29 #SUP: 2600
3 34 62 29 58 #SUP: 2600
3 34 62 29 52 #SUP: 2593
3 34 62 29 52 58 #SUP: 2593
3 34 62 52 #SUP: 2593
3 34 62 52 58 #SUP: 2593
3 34 7 #SUP: 2632
3 34 7 58 #SUP: 2632
3 34 7 36 #SUP: 2539
3 34 7 36 58 #SUP: 2539
3 34 7 36 60 #SUP: 2505
3 34 7 36 60 58 #SUP: 2505
3 34 7 36 60 40 #SUP: 2483
3 34 7 36 60 40 58 #SUP: 2483
3 34 7 36 60 40 29 #SUP: 2483
3 34 7 36 60 40 29 58 #SUP: 2483
3 34 7 36 60 40 29 52 #SUP: 2476
3 34 7 36 60 40 29 52 58 #SUP: 2476
3 34 7 36 60 40 52 #SUP: 2476
3 34 7 36 60 40 52 58 #SUP: 2476
3 34 7 36 60 29 #SUP: 2505
3 34 7 36 60 29 58 #SUP: 2505
3 34 7 36 60 29 52 #SUP: 2498
3 34 7 36 60 29 52 58 #SUP: 2498
3 34 7 36 60 52 #SUP: 2498
3 34 7 36 60 52 58 #SUP: 2498
3 34 7 36 40 #SUP: 2516
3 34 7 36 40 58 #SUP: 2516
3 34 7 36 40 29 #SUP: 2516
3 34 7 36 40 29 58 #SUP: 2516
3 34 7 36 40 29 52 #SUP: 2509
3 34 7 36 40 29 52 58 #SUP: 2509
3 34 7 36 40 52 #SUP: 2509
3 34 7 36 40 52 58 #SUP: 2509
3 34 7 36 29 #SUP: 2539
3 34 7 36 29 58 #SUP: 2539
3 34 7 36 29 52 #SUP: 2532
3 34 7 36 29 52 58 #SUP: 2532
3 34 7 36 52 #SUP: 2532
3 34 7 36 52 58 #SUP: 2532
3 34 7 60 #SUP: 2598
3 34 7 60 58 #SUP: 2598
3 34 7 60 40 #SUP: 2576
3 34 7 60 40 58 #SUP: 2576
3 34 7 60 40 29 #SUP: 2576
3 34 7 60 40 29 58 #SUP: 2576
3 34 7 60 40 29 52 #SUP: 2569
3 34 7 60 40 29 52 58 #SUP: 2569
3 34 7 60 40 52 #SUP: 2569
3 34 7 60 40 52 58 #SUP: 2569
3 34 7 60 29 #SUP: 2598
3 34 7 60 29 58 #SUP: 2598
3 34 7 60 29 52 #SUP: 2591
3 34 7 60 29 52 58 #SUP: 2591
3 34 7 60 52 #SUP: 2591
3 34 7 60 52 58 #SUP: 2591
3 34 7 40 #SUP: 2609
3 34 7 40 58 #SUP: 2609
3 34 7 40 29 #SUP: 2609
3 34 7 40 29 58 #SUP: 2609
3 34 7 40 29 52 #SUP: 2602
3 34 7 40 29 52 58 #SUP: 2602
3 34 7 40 52 #SUP: 2602
3 34 7 40 52 58 #SUP: 2602
3 34 7 29 #SUP: 2632
3 34 7 29 58 #SUP: 2632
3 34 7 29 52 #SUP: 2625
3 34 7 29 52 58 #SUP: 2625
3 34 7 52 #SUP: 2625
3 34 7 52 58 #SUP: 2625
3 34 36 #SUP: 2613
3 34 36 58 #SUP: 2613
3 34 36 60 #SUP: 2579
3 34 36 60 58 #SUP: 2579
3 34 36 60 40 #SUP: 2557
3 34 36 60 40 58 #SUP: 2557
3 34 36 60 40 29 #SUP: 2557
3 34 36 60 40 29 58 #SUP: 2557
3 34 36 60 40 29 52 #SUP: 2550
3 34 36 60 40 29 52 58 #SUP: 2550
3 34 36 60 40 52 #SUP: 2550
3 34 36 60 40 52 58 #SUP: 2550
3 34 36 60 29 #SUP: 2579
3 34 36 60 29 58 #SUP: 2579
3 34 36 60 29 52 #SUP: 2572
3 34 36 60 29 52 58 #SUP: 2572
3 34 36 60 52 #SUP: 2572
3 34 36 60 52 58 #SUP: 2572
3 34 36 40 #SUP: 2590
3 34 36 40 58 #SUP: 2590
3 34 36 40 29 #SUP: 2590
3 34 36 40 29 58 #SUP: 2590
3 34 36 40 29 52 #SUP: 2583
3 34 36 40 29 52 58 #SUP: 2583
3 34 36 40 52 #SUP: 2583
3 34 36 40 52 58 #SUP: 2583
3 34 36 29 #SUP: 2613
3 34 36 29 58 #SUP: 2613
3 34 36 29 52 #SUP: 2606
3 34 36 29 52 58 #SUP: 2606
3 34 36 52 #SUP: 2606
3 34 36 52 58 #SUP: 2606
3 34 60 #SUP: 2672
3 34 60 58 #SUP: 2672
3 34 60 40 #SUP: 2650
3 34 60 40 58 #SUP: 2650
3 34 60 40 29 #SUP: 2650
3 34 60 40 29 58 #SUP: 2650
3 34 60 40 29 52 #SUP: 2643
3 34 60 40 29 52 58 #SUP: 2643
3 34 60 40 52 #SUP: 2643
3 34 60 40 52 58 #SUP: 2643
3 34 60 29 #SUP: 2672
3 34 60 29 58 #SUP: 2672
3 34 60 29 52 #SUP: 2665
3 34 60 29 52 58 #SUP: 2665
3 34 60 52 #SUP: 2665
3 34 60 52 58 #SUP: 2665
3 34 40 #SUP: 2683
3 34 40 58 #SUP: 2683
3 34 40 29 #SUP: 2683
3 34 40 29 58 #SUP: 2683
3 34 40 29 52 #SUP: 2676
3 34 40 29 52 58 #SUP: 2676
3 34 40 52 #SUP: 2676
3 34 40 52 58 #SUP: 2676
3 34 29 #SUP: 2706
3 34 29 58 #SUP: 2706
3 34 29 52 #SUP: 2699
3 34 29 52 58 #SUP: 2699
3 34 52 #SUP: 2699
3 34 52 58 #SUP: 2699
3 62 #SUP: 2724
3 62 58 #SUP: 2724
3 62 7 #SUP: 2650
3 62 7 58 #SUP: 2650
3 62 7 36 #SUP: 2557
3 62 7 36 58 #SUP: 2557
3 62 7 36 60 #SUP: 2524
3 62 7 36 60 58 #SUP: 2524
3 62 7 36 60 40 #SUP: 2509
3 62 7 36 60 40 58 #SUP: 2509
3 62 7 36 60 40 29 #SUP: 2509
3 62 7 36 60 40 29 58 #SUP: 2509
3 62 7 36 60 40 29 52 #SUP: 2500
3 62 7 36 60 40 29 52 58 #SUP: 2500
3 62 7 36 60 40 52 #SUP: 2500
3 62 7 36 60 40 52 58 #SUP: 2500
3 62 7 36 60 29 #SUP: 2524
3 62 7 36 60 29 58 #SUP: 2524
3 62 7 36 60 29 52 #SUP: 2515
3 62 7 36 60 29 52 58 #SUP: 2515
3 62 7 36 60 52 #SUP: 2515
3 62 7 36 60 52 58 #SUP: 2515
3 62 7 36 40 #SUP: 2542
3 62 7 36 40 58 #SUP: 2542
3 62 7 36 40 29 #SUP: 2542
3 62 7 36 40 29 58 #SUP: 2542
3 62 7 36 40 29 52 #SUP: 2533
3 62 7 36 40 29 52 58 #SUP: 2533
3 62 7 36 40 52 #SUP: 2533
3 62 7 36 40 52 58 #SUP: 2533
3 62 7 36 29 #SUP: 2557
3 62 7 36 29 58 #SUP: 2557
3 62 7 36 29 52 #SUP: 2548
3 62 7 36 29 52 58 #SUP: 2548
3 62 7 36 52 #SUP: 2548
3 62 7 36 52 58 #SUP: 2548
3 62 7 60 #SUP: 2617
3 62 7 60 58 #SUP: 2617
3 62 7 60 40 #SUP: 2602
3 62 7 60 40 58 #SUP: 2602
3 62 7 60 40 29 #SUP: 2602
3 62 7 60 40 29 58 #SUP: 2602
3 62 7 60 40 29 52 #SUP: 2593
3 62 7 60 40 29 52 58 #SUP: 2593
3 62 7 60 40 52 #SUP: 2593
3 62 7 60 40 52 58 #SUP: 2593
3 62 7 60 29 #SUP: 2617
3 62 7 60 29 58 #SUP: 2617
3 62 7 60 29 52 #SUP: 2608
3 62 7 60 29 52 58 #SUP: 2608
3 62 7 60 52 #SUP: 2608
3 62 7 60 52 58 #SUP: 2608
3 62 7 40 #SUP: 2635
3 62 7 40 58 #SUP: 2635
3 62 7 40 29 #SUP: 2635
3 62 7 40 29 58 #SUP: 2635
3 62 7 40 29 52 #SUP: 2626
3 62 7 40 29 52 58 #SUP: 2626
3 62 7 40 52 #SUP: 2626
3 62 7 40 52 58 #SUP: 2626
3 62 7 29 #SUP: 2650
3 62 7 29 58 #SUP: 2650
3 62 7 29 52 #SUP: 2641
3 62 7 29 52 58 #SUP: 2641
3 62 7 52 #SUP: 2641
3 62 7 52 58 #SUP: 2641
3 62 36 #SUP: 2631
3 62 36 58 #SUP: 2631
3 62 36 60 #SUP: 2598
3 62 36 60 58 #SUP: 2598
3 62 36 60 40 #SUP: 2583
3 62 36 60 40 58 #SUP: 2583
3 62 36 60 40 29 #SUP: 2583
3 62 36 60 40 29 58 #SUP: 2583
3 62 36 60 40 29 52 #SUP: 2574
3 62 36 60 40 29 52 58 #SUP: 2574
3 62 36 60 40 52 #SUP: 2574
3 62 36 60 40 52 58 #SUP: 2574
3 62 36 60 29 #SUP: 2598
3 62 36 60 29 58 #SUP: 2598
3 62 36 60 29 52 #SUP: 2589
3 62 36 60 29 52 58 #SUP: 2589
3 62 36 60 52 #SUP: 2589
3 62 36 60 52 58 #SUP: 2589
3 62 36 40 #SUP: 2616
3 62 36 40 58 #SUP: 2616
3 62 36 40 29 #SUP: 2616
3 62 36 40 29 58 #SUP: 2616
3 62 36 40 29 52 #SUP: 2607
3 62 36 40 29 52 58 #SUP: 2607
3 62 36 40 52 #SUP: 2607
3 62 36 40 52 58 #SUP: 2607
3 62 36 29 #SUP: 2631
3 62 36 29 58 #SUP: 2631
3 62 36 29 52 #SUP: 2622
3 62 36 29 52 58 #SUP: 2622
3 62 36 52 #SUP: 2622
3 62 36 52 58 #SUP: 2622
3 62 60 #SUP: 2691
3 62 60 58 #SUP: 2691
3 62 60 40 #SUP: 2676
3 62 60 40 58 #SUP: 2676
3 62 60 40 29 #SUP: 2676
3 62 60 40 29 58 #SUP: 2676
3 62 60 40 29 52 #SUP: 2667
3 62 60 40 29 52 58 #SUP: 2667
3 62 60 40 52 #SUP: 2667
3 62 60 40 52 58 #SUP: 2667
3 62 60 29 #SUP: 2691
3 62 60 29 58 #SUP: 2691
3 62 60 29 52 #SUP: 2682
3 62 60 29 52 58 #SUP: 2682
3 62 60 52 #SUP: 2682
3 62 60 52 58 #SUP: 2682
3 62 40 #SUP: 2709
3 62 40 58 #SUP: 2709
3 62 40 29 #SUP: 2709
3 62 40 29 58 #SUP: 2709
3 62 40 29 52 #SUP: 2700
3 62 40 29 52 58 #SUP: 2700
3 62 40 52 #SUP: 2700
3 62 40 52 58 #SUP: 2700
3 62 29 #SUP: 2724
3 62 29 58 #SUP: 2724
3 62 29 52 #SUP: 2715
3 62 29 52 58 #SUP: 2715
3 62 52 #SUP: 2715
3 62 52 58 #SUP: 2715
3 7 #SUP: 2765
3 7 58 #SUP: 2765
3 7 36 #SUP: 2672
3 7 36 58 #SUP: 2672
3 7 36 60 #SUP: 2638
3 7 36 60 58 #SUP: 2638
3 7 36 60 40 #SUP: 2613
3 7 36 60 40 58 #SUP: 2613
3 7 36 60 40 29 #SUP: 2613
3 7 36 60 40 29 58 #SUP: 2613
3 7 36 60 40 29 52 #SUP: 2604
3 7 36 60 40 29 52 58 #SUP: 2604
3 7 36 60 40 52 #SUP: 2604
3 7 36 60 40 52 58 #SUP: 2604
3 7 36 60 29 #SUP: 2638
3 7 36 60 29 58 #SUP: 2638
3 7 36 60 29 52 #SUP: 2629
3 7 36 60 29 52 58 #SUP: 2629
3 7 36 60 52 #SUP: 2629
3 7 36 60 52 58 #SUP: 2629
3 7 36 40 #SUP: 2646
3 7 36 40 58 #SUP: 2646
3 7 36 40 29 #SUP: 2646
3 7 36 40 29 58 #SUP: 2646
3 7 36 40 29 52 #SUP: 2637
3 7 36 40 29 52 58 #SUP: 2637
3 7 36 40 52 #SUP: 2637
3 7 36 40 52 58 #SUP: 2637
3 7 36 29 #SUP: 2672
3 7 36 29 58 #SUP: 2672
3 7 36 29 52 #SUP: 2663
3 7 36 29 52 58 #SUP: 2663
3 7 36 52 #SUP: 2663
3 7 36 52 58 #SUP: 2663
3 7 60 #SUP: 2731
3 7 60 58 #SUP: 2731
3 7 60 40 #SUP: 2706
3 7 60 40 58 #SUP: 2706
3 7 60 40 29 #SUP: 2706
3 7 60 40 29 58 #SUP: 2706
3 7 60 40 29 52 #SUP: 2697
3 7 60 40 29 52 58 #SUP: 2697
3 7 60 40 52 #SUP: 2697
3 7 60 40 52 58 #SUP: 2697
3 7 60 29 #SUP: 2731
3 7 60 29 58 #SUP: 2731
3 7 60 29 52 #SUP: 2722
3 7 60 29 52 58 #SUP: 2722
3 7 60 52 #SUP: 2722
3 7 60 52 58 #SUP: 2722
3 7 40 #SUP: 2739
3 7 40 58 #SUP: 2739
3 7 40 29 #SUP: 2739
3 7 40 29 58 #SUP: 2739
3 7 40 29 52 #SUP: 2730
3 7 40 29 52 58 #SUP: 2730
3 7 40 52 #SUP: 2730
3 7 40 52 58 #SUP: 2730
3 7 29 #SUP: 2765
3 7 29 58 #SUP: 2765
3 7 29 52 #SUP: 2756
3 7 29 52 58 #SUP: 2756
3 7 52 #SUP: 2756
3 7 52 58 #SUP: 2756
3 36 #SUP: 2746
3 36 58 #SUP: 2746
3 36 60 #SUP: 2712
3 36 60 58 #SUP: 2712
3 36 60 40 #SUP: 2687
3 36 60 40 58 #SUP: 2687
3 36 60 40 29 #SUP: 2687
3 36 60 40 29 58 #SUP: 2687
3 36 60 40 29 52 #SUP: 2678
3 36 60 40 29 52 58 #SUP: 2678
3 36 60 40 52 #SUP: 2678
3 36 60 40 52 58 #SUP: 2678
3 36 60 29 #SUP: 2712
3 36 60 29 58 #SUP: 2712
3 36 60 29 52 #SUP: 2703
3 36 60 29 52 58 #SUP: 2703
3 36 60 52 #SUP: 2703
3 36 60 52 58 #SUP: 2703
3 36 40 #SUP: 2720
3 36 40 58 #SUP: 2720
3 36 40 29 #SUP: 2720
3 36 40 29 58 #SUP: 2720
3 36 40 29 52 #SUP: 2711
3 36 40 29 52 58 #SUP: 2711
3 36 40 52 #SUP: 2711
3 36 40 52 58 #SUP: 2711
3 36 29 #SUP: 2746
3 36 29 58 #SUP: 2746
3 36 29 52 #SUP: 2737
3 36 29 52 58 #SUP: 2737
3 36 52 #SUP: 2737
3 36 52 58 #SUP: 2737
3 60 #SUP: 2805
3 60 58 #SUP: 2805
3 60 40 #SUP: 2780
3 60 40 58 #SUP: 2780
3 60 40 29 #SUP: 2780
3 60 40 29 58 #SUP: 2780
3 60 40 29 52 #SUP: 2771
3 60 40 29 52 58 #SUP: 2771
3 60 40 52 #SUP: 2771
3 60 40 52 58 #SUP: 2771
3 60 29 #SUP: 2805
3 60 29 58 #SUP: 2805
3 60 29 52 #SUP: 2796
3 60 29 52 58 #SUP: 2796
3 60 52 #SUP: 2796
3 60 52 58 #SUP: 2796
3 40 #SUP: 2813
3 40 58 #SUP: 2813
3 40 29 #SUP: 2813
3 40 29 58 #SUP: 2813
3 40 29 52 #SUP: 2804
3 40 29 52 58 #SUP: 2804
3 40 52 #SUP: 2804
3 40 52 58 #SUP: 2804
3 29 #SUP: 2839
3 29 58 #SUP: 2839
3 29 52 #SUP: 2830
3 29 52 58 #SUP: 2830
3 52 #SUP: 2830
3 52 58 #SUP: 2830
25 #SUP: 2860
25 9 #SUP: 2543
25 9 48 #SUP: 2432
25 9 48 36 #SUP: 2413
25 9 48 36 60 #SUP: 2400
25 9 48 36 60 58 #SUP: 2399
25 9 48 36 29 #SUP: 2407
25 9 48 36 29 52 #SUP: 2400
25 9 48 36 29 52 58 #SUP: 2399
25 9 48 36 29 58 #SUP: 2406
25 9 48 36 52 #SUP: 2406
25 9 48 36 52 58 #SUP: 2405
25 9 48 36 58 #SUP: 2412
25 9 48 60 #SUP: 2419
25 9 48 60 40 #SUP: 2397
25 9 48 60 29 #SUP: 2413
25 9 48 60 29 52 #SUP: 2406
25 9 48 60 29 52 58 #SUP: 2405
25 9 48 60 29 58 #SUP: 2412
25 9 48 60 52 #SUP: 2412
25 9 48 60 52 58 #SUP: 2411
25 9 48 60 58 #SUP: 2418
25 9 48 40 #SUP: 2410
25 9 48 40 29 #SUP: 2404
25 9 48 40 29 52 #SUP: 2397
25 9 48 40 29 58 #SUP: 2403
25 9 48 40 52 #SUP: 2403
25 9 48 40 52 58 #SUP: 2402
25 9 48 40 58 #SUP: 2409
25 9 48 29 #SUP: 2426
25 9 48 29 52 #SUP: 2419
25 9 48 29 52 58 #SUP: 2418
25 9 48 29 58 #SUP: 2425
25 9 48 52 #SUP: 2425
25 9 48 52 58 #SUP: 2424
25 9 48 58 #SUP: 2431
25 9 66 #SUP: 2409
25 9 66 60 #SUP: 2409
25 9 66 60 29 #SUP: 2405
25 9 66 60 29 52 #SUP: 2398
25 9 66 60 29 52 58 #SUP: 2397
25 9 66 60 29 58 #SUP: 2404
25 9 66 60 52 #SUP: 2402
25 9 66 60 52 58 #SUP: 2401
25 9 66 60 58 #SUP: 2408
25 9 66 29 #SUP: 2405
25 9 66 29 52 #SUP: 2398
25 9 66 29 52 58 #SUP: 2397
25 9 66 29 58 #SUP: 2404
25 9 66 52 #SUP: 2402
25 9 66 52 58 #SUP: 2401
25 9 66 58 #SUP: 2408
25 9 56 #SUP: 2433
25 9 56 60 #SUP: 2410
25 9 56 60 29 #SUP: 2404
25 9 56 60 29 52 #SUP: 2400
25 9 56 60 29 52 58 #SUP: 2399
25 9 56 60 29 58 #SUP: 2403
25 9 56 60 52 #SUP: 2406
25 9 56 60 52 58 #SUP: 2405
25 9 56 60 58 #SUP: 2409
25 9 56 40 #SUP: 2411
25 9 56 40 29 #SUP: 2405
25 9 56 40 29 52 #SUP: 2401
25 9 56 40 29 52 58 #SUP: 2400
25 9 56 40 29 58 #SUP: 2404
25 9 56 40 52 #SUP: 2407
25 9 56 40 52 58 #SUP: 2406
25 9 56 40 58 #SUP: 2410
25 9 56 29 #SUP: 2427
25 9 56 29 52 #SUP: 2423
25 9 56 29 52 58 #SUP: 2422
25 9 56 29 58 #SUP: 2426
25 9 56 52 #SUP: 2429
25 9 56 52 58 #SUP: 2428
25 9 56 58 #SUP: 2432
25 9 34 #SUP: 2429
25 9 34 60 #SUP: 2406
25 9 34 60 29 #SUP: 2404
25 9 34 60 29 52 #SUP: 2397
25 9 34 60 29 58 #SUP: 2403
25 9 34 60 52 #SUP: 2399
25 9 34 60 52 58 #SUP: 2398
25 9 34 60 58 #SUP: 2405
25 9 34 40 #SUP: 2409
25 9 34 40 29 #SUP: 2407
25 9 34 40 29 52 #SUP: 2400
25 9 34 40 29 52 58 #SUP: 2399
25 9 34 40 29 58 #SUP: 2406
25 9 34 40 52 #SUP: 2402
25 9 34 40 52 58 #SUP: 2401
25 9 34 40 58 #SUP: 2408
25 9 34 29 #SUP: 2427
25 9 34 29 52 #SUP: 2420
25 9 34 29 52 58 #SUP: 2419
25 9 34 29 58 #SUP: 2426
25 9 34 52 #SUP: 2422
25 9 34 52 58 #SUP: 2421
25 9 34 58 #SUP: 2428
25 9 62 #SUP: 2433
25 9 62 58 #SUP: 2433
25 9 62 60 #SUP: 2410
25 9 62 60 58 #SUP: 2410
25 9 62 60 40 #SUP: 2398
25 9 62 60 40 58 #SUP: 2398
25 9 62 60 29 #SUP: 2404
25 9 62 60 29 58 #SUP: 2404
25 9 62 60 29 52 #SUP: 2397
25 9 62 60 29 52 58 #SUP: 2397
25 9 62 60 52 #SUP: 2403
25 9 62 60 52 58 #SUP: 2403
25 9 62 40 #SUP: 2421
25 9 62 40 58 #SUP: 2421
25 9 62 40 29 #SUP: 2415
25 9 62 40 29 58 #SUP: 2415
25 9 62 40 29 52 #SUP: 2408
25 9 62 40 29 52 58 #SUP: 2408
25 9 62 40 52 #SUP: 2414
25 9 62 40 52 58 #SUP: 2414
25 9 62 29 #SUP: 2427
25 9 62 29 58 #SUP: 2427
25 9 62 29 52 #SUP: 2420
25 9 62 29 52 58 #SUP: 2420
25 9 62 52 #SUP: 2426
25 9 62 52 58 #SUP: 2426
25 9 7 #SUP: 2427
25 9 7 60 #SUP: 2404
25 9 7 60 29 #SUP: 2404
25 9 7 60 29 52 #SUP: 2397
25 9 7 60 29 58 #SUP: 2403
25 9 7 60 52 #SUP: 2397
25 9 7 60 58 #SUP: 2403
25 9 7 40 #SUP: 2405
25 9 7 40 29 #SUP: 2405
25 9 7 40 29 52 #SUP: 2398
25 9 7 40 29 52 58 #SUP: 2397
25 9 7 40 29 58 #SUP: 2404
25 9 7 40 52 #SUP: 2398
25 9 7 40 52 58 #SUP: 2397
25 9 7 40 58 #SUP: 2404
25 9 7 29 #SUP: 2427
25 9 7 29 52 #SUP: 2420
25 9 7 29 52 58 #SUP: 2419
25 9 7 29 58 #SUP: 2426
25 9 7 52 #SUP: 2420
25 9 7 52 58 #SUP: 2419
25 9 7 58 #SUP: 2426
25 9 36 #SUP: 2477
25 9 36 60 #SUP: 2454
25 9 36 60 40 #SUP: 2432
25 9 36 60 40 29 #SUP: 2426
25 9 36 60 40 29 52 #SUP: 2419
25 9 36 60 40 29 52 58 #SUP: 2418
25 9 36 60 40 29 58 #SUP: 2425
25 9 36 60 40 52 #SUP: 2425
25 9 36 60 40 52 58 #SUP: 2424
25 9 36 60 40 58 #SUP: 2431
25 9 36 60 29 #SUP: 2448
25 9 36 60 29 52 #SUP: 2441
25 9 36 60 29 52 58 #SUP: 2440
25 9 36 60 29 58 #SUP: 2447
25 9 36 60 52 #SUP: 2447
25 9 36 60 52 58 #SUP: 2446
25 9 36 60 58 #SUP: 2453
25 9 36 40 #SUP: 2455
25 9 36 40 29 #SUP: 2449
25 9 36 40 29 52 #SUP: 2442
25 9 36 40 29 52 58 #SUP: 2441
25 9 36 40 29 58 #SUP: 2448
25 9 36 40 52 #SUP: 2448
25 9 36 40 52 58 #SUP: 2447
25 9 36 40 58 #SUP: 2454
25 9 36 29 #SUP: 2471
25 9 36 29 52 #SUP: 2464
25 9 36 29 52 58 #SUP: 2463
25 9 36 29 58 #SUP: 2470
25 9 36 52 #SUP: 2470
25 9 36 52 58 #SUP: 2469
25 9 36 58 #SUP: 2476
25 9 60 #SUP: 2520
25 9 60 40 #SUP: 2498
25 9 60 40 29 #SUP: 2492
25 9 60 40 29 52 #SUP: 2485
25 9 60 40 29 52 58 #SUP: 2484
25 9 60 40 29 58 #SUP: 2491
25 9 60 40 52 #SUP: 2491
25 9 60 40 52 58 #SUP: 2490
25 9 60 40 58 #SUP: 2497
25 9 60 29 #SUP: 2514
25 9 60 29 52 #SUP: 2507
25 9 60 29 52 58 #SUP: 2506
25 9 60 29 58 #SUP: 2513
25 9 60 52 #SUP: 2513
25 9 60 52 58 #SUP: 2512
25 9 60 58 #SUP: 2519
25 9 40 #SUP: 2521
25 9 40 29 #SUP: 2515
25 9 40 29 52 #SUP: 2508
25 9 40 29 52 58 #SUP: 2507
25 9 40 29 58 #SUP: 2514
25 9 40 52 #SUP: 2514
25 9 40 52 58 #SUP: 2513
25 9 40 58 #SUP: 2520
25 9 29 #SUP: 2537
25 9 29 52 #SUP: 2530
25 9 29 52 58 #SUP: 2529
25 9 29 58 #SUP: 2536
25 9 52 #SUP: 2536
25 9 52 58 #SUP: 2535
25 9 58 #SUP: 2542
25 5 #SUP: 2649
25 5 48 #SUP: 2538
25 5 48 66 #SUP: 2446
25 5 48 66 36 #SUP: 2427
25 5 48 66 36 60 #SUP: 2427
25 5 48 66 36 60 40 #SUP: 2407
25 5 48 66 36 60 40 29 #SUP: 2403
25 5 48 66 36 60 40 29 58 #SUP: 2402
25 5 48 66 36 60 40 52 #SUP: 2397
25 5 48 66 36 60 40 58 #SUP: 2406
25 5 48 66 36 60 29 #SUP: 2423
25 5 48 66 36 60 29 52 #SUP: 2413
25 5 48 66 36 60 29 52 58 #SUP: 2412
25 5 48 66 36 60 29 58 #SUP: 2422
25 5 48 66 36 60 52 #SUP: 2417
25 5 48 66 36 60 52 58 #SUP: 2416
25 5 48 66 36 60 58 #SUP: 2426
25 5 48 66 36 40 #SUP: 2407
25 5 48 66 36 40 29 #SUP: 2403
25 5 48 66 36 40 29 58 #SUP: 2402
25 5 48 66 36 40 52 #SUP: 2397
25 5 48 66 36 40 58 #SUP: 2406
25 5 48 66 36 29 #SUP: 2423
25 5 48 66 36 29 52 #SUP: 2413
25 5 48 66 36 29 52 58 #SUP: 2412
25 5 48 66 36 29 58 #SUP: 2422
25 5 48 66 36 52 #SUP: 2417
25 5 48 66 36 52 58 #SUP: 2416
25 5 48 66 36 58 #SUP: 2426
25 5 48 66 60 #SUP: 2446
25 5 48 66 60 40 #SUP: 2426
25 5 48 66 60 40 29 #SUP: 2422
25 5 48 66 60 40 29 52 #SUP: 2412
25 5 48 66 60 40 29 52 58 #SUP: 2411
25 5 48 66 60 40 29 58 #SUP: 2421
25 5 48 66 60 40 52 #SUP: 2416
25 5 48 66 60 40 52 58 #SUP: 2415
25 5 48 66 60 40 58 #SUP: 2425
25 5 48 66 60 29 #SUP: 2442
25 5 48 66 60 29 52 #SUP: 2432
25 5 48 66 60 29 52 58 #SUP: 2431
25 5 48 66 60 29 58 #SUP: 2441
25 5 48 66 60 52 #SUP: 2436
25 5 48 66 60 52 58 #SUP: 2435
25 5 48 66 60 58 #SUP: 2445
25 5 48 66 40 #SUP: 2426
25 5 48 66 40 29 #SUP: 2422
25 5 48 66 40 29 52 #SUP: 2412
25 5 48 66 40 29 52 58 #SUP: 2411
25 5 48 66 40 29 58 #SUP: 2421
25 5 48 66 40 52 #SUP: 2416
25 5 48 66 40 52 58 #SUP: 2415
25 5 48 66 40 58 #SUP: 2425
25 5 48 66 29 #SUP: 2442
25 5 48 66 29 52 #SUP: 2432
25 5 48 66 29 52 58 #SUP: 2431
25 5 48 66 29 58 #SUP: 2441
25 5 48 66 52 #SUP: 2436
25 5 48 66 52 58 #SUP: 2435
25 5 48 66 58 #SUP: 2445
25 5 48 34 #SUP: 2459
25 5 48 34 36 #SUP: 2440
25 5 48 34 36 60 #SUP: 2422
25 5 48 34 36 60 40 #SUP: 2404
25 5 48 34 36 60 40 29 #SUP: 2400
25 5 48 34 36 60 40 29 58 #SUP: 2399
25 5 48 34 36 60 40 58 #SUP: 2403
25 5 48 34 36 60 29 #SUP: 2418
25 5 48 34 36 60 29 52 #SUP: 2410
25 5 48 34 36 60 29 52 58 #SUP: 2409
25 5 48 34 36 60 29 58 #SUP: 2417
25 5 48 34 36 60 52 #SUP: 2414
25 5 48 34 36 60 52 58 #SUP: 2413
25 5 48 34 36 60 58 #SUP: 2421
25 5 48 34 36 40 #SUP: 2421
25 5 48 34 36 40 29 #SUP: 2417
25 5 48 34 36 40 29 52 #SUP: 2409
25 5 48 34 36 40 29 52 58 #SUP: 2408
25 5 48 34 36 40 29 58 #SUP: 2416
25 5 48 34 36 40 52 #SUP: 2413
25 5 48 34 36 40 52 58 #SUP: 2412
25 5 48 34 36 40 58 #SUP: 2420
25 5 48 34 36 29 #SUP: 2436
25 5 48 34 36 29 52 #SUP: 2428
25 5 48 34 36 29 52 58 #SUP: 2427
25 5 48 34 36 29 58 #SUP: 2435
25 5 48 34 36 52 #SUP: 2432
25 5 48 34 36 52 58 #SUP: 2431
25 5 48 34 36 58 #SUP: 2439
25 5 48 34 60 #SUP: 2441
25 5 48 34 60 40 #SUP: 2423
25 5 48 34 60 40 29 #SUP: 2419
25 5 48 34 60 40 29 52 #SUP: 2411
25 5 48 34 60 40 29 52 58 #SUP: 2410
25 5 48 34 60 40 29 58 #SUP: 2418
25 5 48 34 60 40 52 #SUP: 2415
25 5 48 34 60 40 52 58 #SUP: 2414
25 5 48 34 60 40 58 #SUP: 2422
25 5 48 34 60 29 #SUP: 2437
25 5 48 34 60 29 52 #SUP: 2429
25 5 48 34 60 29 52 58 #SUP: 2428
25 5 48 34 60 29 58 #SUP: 2436
25 5 48 34 60 52 #SUP: 2433
25 5 48 34 60 52 58 #SUP: 2432
25 5 48 34 60 58 #SUP: 2440
25 5 48 34 40 #SUP: 2440
25 5 48 34 40 29 #SUP: 2436
25 5 48 34 40 29 52 #SUP: 2428
25 5 48 34 40 29 52 58 #SUP: 2427
25 5 48 34 40 29 58 #SUP: 2435
25 5 48 34 40 52 #SUP: 2432
25 5 48 34 40 52 58 #SUP: 2431
25 5 48 34 40 58 #SUP: 2439
25 5 48 34 29 #SUP: 2455
25 5 48 34 29 52 #SUP: 2447
25 5 48 34 29 52 58 #SUP: 2446
25 5 48 34 29 58 #SUP: 2454
25 5 48 34 52 #SUP: 2451
25 5 48 34 52 58 #SUP: 2450
25 5 48 34 58 #SUP: 2458
25 5 48 62 #SUP: 2439
25 5 48 62 58 #SUP: 2439
25 5 48 62 36 #SUP: 2420
25 5 48 62 36 58 #SUP: 2420
25 5 48 62 36 60 #SUP: 2403
25 5 48 62 36 60 58 #SUP: 2403
25 5 48 62 36 60 29 #SUP: 2399
25 5 48 62 36 60 29 58 #SUP: 2399
25 5 48 62 36 40 #SUP: 2407
25 5 48 62 36 40 58 #SUP: 2407
25 5 48 62 36 40 29 #SUP: 2403
25 5 48 62 36 40 29 58 #SUP: 2403
25 5 48 62 36 40 52 #SUP: 2397
25 5 48 62 36 40 52 58 #SUP: 2397
25 5 48 62 36 29 #SUP: 2416
25 5 48 62 36 29 58 #SUP: 2416
25 5 48 62 36 29 52 #SUP: 2406
25 5 48 62 36 29 52 58 #SUP: 2406
25 5 48 62 36 52 #SUP: 2410
25 5 48 62 36 52 58 #SUP: 2410
25 5 48 62 60 #SUP: 2422
25 5 48 62 60 58 #SUP: 2422
25 5 48 62 60 40 #SUP: 2409
25 5 48 62 60 40 58 #SUP: 2409
25 5 48 62 60 40 29 #SUP: 2405
25 5 48 62 60 40 29 58 #SUP: 2405
25 5 48 62 60 40 52 #SUP: 2399
25 5 48 62 60 40 52 58 #SUP: 2399
25 5 48 62 60 29 #SUP: 2418
25 5 48 62 60 29 58 #SUP: 2418
25 5 48 62 60 29 52 #SUP: 2408
25 5 48 62 60 29 52 58 #SUP: 2408
25 5 48 62 60 52 #SUP: 2412
25 5 48 62 60 52 58 #SUP: 2412
25 5 48 62 40 #SUP: 2426
25 5 48 62 40 58 #SUP: 2426
25 5 48 62 40 29 #SUP: 2422
25 5 48 62 40 29 58 #SUP: 2422
25 5 48 62 40 29 52 #SUP: 2412
25 5 48 62 40 29 52 58 #SUP: 2412
25 5 48 62 40 52 #SUP: 2416
25 5 48 62 40 52 58 #SUP: 2416
25 5 48 62 29 #SUP: 2435
25 5 48 62 29 58 #SUP: 2435
25 5 48 62 29 52 #SUP: 2425
25 5 48 62 29 52 58 #SUP: 2425
25 5 48 62 52 #SUP: 2429
25 5 48 62 52 58 #SUP: 2429
25 5 48 7 #SUP: 2429
25 5 48 7 36 #SUP: 2410
25 5 48 7 36 29 #SUP: 2408
25 5 48 7 36 29 52 #SUP: 2398
25 5 48 7 36 29 52 58 #SUP: 2397
25 5 48 7 36 29 58 #SUP: 2407
25 5 48 7 36 52 #SUP: 2400
25 5 48 7 36 52 58 #SUP: 2399
25 5 48 7 36 58 #SUP: 2409
25 5 48 7 60 #SUP: 2411
25 5 48 7 60 29 #SUP: 2409
25 5 48 7 60 29 52 #SUP: 2399
25 5 48 7 60 29 52 58 #SUP: 2398
25 5 48 7 60 29 58 #SUP: 2408
25 5 48 7 60 52 #SUP: 2401
25 5 48 7 60 52 58 #SUP: 2400
25 5 48 7 60 58 #SUP: 2410
25 5 48 7 40 #SUP: 2408
25 5 48 7 40 29 #SUP: 2406
25 5 48 7 40 29 58 #SUP: 2405
25 5 48 7 40 52 #SUP: 2398
25 5 48 7 40 52 58 #SUP: 2397
25 5 48 7 40 58 #SUP: 2407
25 5 48 7 29 #SUP: 2427
25 5 48 7 29 52 #SUP: 2417
25 5 48 7 29 52 58 #SUP: 2416
25 5 48 7 29 58 #SUP: 2426
25 5 48 7 52 #SUP: 2419
25 5 48 7 52 58 #SUP: 2418
25 5 48 7 58 #SUP: 2428
25 5 48 36 #SUP: 2519
25 5 48 36 60 #SUP: 2501
25 5 48 36 60 40 #SUP: 2481
25 5 48 36 60 40 29 #SUP: 2477
25 5 48 36 60 40 29 52 #SUP: 2467
25 5 48 36 60 40 29 52 58 #SUP: 2466
25 5 48 36 60 40 29 58 #SUP: 2476
25 5 48 36 60 40 52 #SUP: 2471
25 5 48 36 60 40 52 58 #SUP: 2470
25 5 48 36 60 40 58 #SUP: 2480
25 5 48 36 60 29 #SUP: 2497
25 5 48 36 60 29 52 #SUP: 2487
25 5 48 36 60 29 52 58 #SUP: 2486
25 5 48 36 60 29 58 #SUP: 2496
25 5 48 36 60 52 #SUP: 2491
25 5 48 36 60 52 58 #SUP: 2490
25 5 48 36 60 58 #SUP: 2500
25 5 48 36 40 #SUP: 2498
25 5 48 36 40 29 #SUP: 2494
25 5 48 36 40 29 52 #SUP: 2484
25 5 48 36 40 29 52 58 #SUP: 2483
25 5 48 36 40 29 58 #SUP: 2493
25 5 48 36 40 52 #SUP: 2488
25 5 48 36 40 52 58 #SUP: 2487
25 5 48 36 40 58 #SUP: 2497
25 5 48 36 29 #SUP: 2515
25 5 48 36 29 52 #SUP: 2505
25 5 48 36 29 52 58 #SUP: 2504
25 5 48 36 29 58 #SUP: 2514
25 5 48 36 52 #SUP: 2509
25 5 48 36 52 58 #SUP: 2508
25 5 48 36 58 #SUP: 2518
25 5 48 60 #SUP: 2520
25 5 48 60 40 #SUP: 2500
25 5 48 60 40 29 #SUP: 2496
25 5 48 60 40 29 52 #SUP: 2486
25 5 48 60 40 29 52 58 #SUP: 2485
25 5 48 60 40 29 58 #SUP: 2495
25 5 48 60 40 52 #SUP: 2490
25 5 48 60 40 52 58 #SUP: 2489
25 5 48 60 40 58 #SUP: 2499
25 5 48 60 29 #SUP: 2516
25 5 48 60 29 52 #SUP: 2506
25 5 48 60 29 52 58 #SUP: 2505
25 5 48 60 29 58 #SUP: 2515
25 5 48 60 52 #SUP: 2510
25 5 48 60 52 58 #SUP: 2509
25 5 48 60 58 #SUP: 2519
25 5 48 40 #SUP: 2517
25 5 48 40 29 #SUP: 2513
25 5 48 40 29 52 #SUP: 2503
25 5 48 40 29 52 58 #SUP: 2502
25 5 48 40 29 58 #SUP: 2512
25 5 48 40 52 #SUP: 2507
25 5 48 40 52 58 #SUP: 2506
25 5 48 40 58 #SUP: 2516
25 5 48 29 #SUP: 2534
25 5 48 29 52 #SUP: 2524
25 5 48 29 52 58 #SUP: 2523
25 5 48 29 58 #SUP: 2533
25 5 48 52 #SUP: 2528
25 5 48 52 58 #SUP: 2527
25 5 48 58 #SUP: 2537
25 5 66 #SUP: 2540
25 5 66 34 #SUP: 2461
25 5 66 34 60 #SUP: 2461
25 5 66 34 60 40 #SUP: 2443
25 5 66 34 60 40 29 #SUP: 2439
25 5 66 34 60 40 29 52 #SUP: 2431
25 5 66 34 60 40 29 52 58 #SUP: 2430
25 5 66 34 60 40 29 58 #SUP: 2438
25 5 66 34 60 40 52 #SUP: 2435
25 5 66 34 60 40 52 58 #SUP: 2434
25 5 66 34 60 40 58 #SUP: 2442
25 5 66 34 60 29 #SUP: 2457
25 5 66 34 60 29 52 #SUP: 2449
25 5 66 34 60 29 52 58 #SUP: 2448
25 5 66 34 60 29 58 #SUP: 2456
25 5 66 34 60 52 #SUP: 2453
25 5 66 34 60 52 58 #SUP: 2452
25 5 66 34 60 58 #SUP: 2460
25 5 66 34 40 #SUP: 2443
25 5 66 34 40 29 #SUP: 2439
25 5 66 34 40 29 52 #SUP: 2431
25 5 66 34 40 29 52 58 #SUP: 2430
25 5 66 34 40 29 58 #SUP: 2438
25 5 66 34 40 52 #SUP: 2435
25 5 66 34 40 52 58 #SUP: 2434
25 5 66 34 40 58 #SUP: 2442
25 5 66 34 29 #SUP: 2457
25 5 66 34 29 52 #SUP: 2449
25 5 66 34 29 52 58 #SUP: 2448
25 5 66 34 29 58 #SUP: 2456
25 5 66 34 52 #SUP: 2453
25 5 66 34 52 58 #SUP: 2452
25 5 66 34 58 #SUP: 2460
25 5 66 62 #SUP: 2446
25 5 66 62 58 #SUP: 2446
25 5 66 62 60 #SUP: 2446
25 5 66 62 60 58 #SUP: 2446
25 5 66 62 60 40 #SUP: 2433
25 5 66 62 60 40 58 #SUP: 2433
25 5 66 62 60 40 29 #SUP: 2429
25 5 66 62 60 40 29 58 #SUP: 2429
25 5 66 62 60 40 29 52 #SUP: 2419
25 5 66 62 60 40 29 52 58 #SUP: 2419
25 5 66 62 60 40 52 #SUP: 2423
25 5 66 62 60 40 52 58 #SUP: 2423
25 5 66 62 60 29 #SUP: 2442
25 5 66 62 60 29 58 #SUP: 2442
25 5 66 62 60 29 52 #SUP: 2432
25 5 66 62 60 29 52 58 #SUP: 2432
25 5 66 62 60 52 #SUP: 2436
25 5 66 62 60 52 58 #SUP: 2436
25 5 66 62 40 #SUP: 2433
25 5 66 62 40 58 #SUP: 2433
25 5 66 62 40 29 #SUP: 2429
25 5 66 62 40 29 58 #SUP: 2429
25 5 66 62 40 29 52 #SUP: 2419
25 5 66 62 40 29 52 58 #SUP: 2419
25 5 66 62 40 52 #SUP: 2423
25 5 66 62 40 52 58 #SUP: 2423
25 5 66 62 29 #SUP: 2442
25 5 66 62 29 58 #SUP: 2442
25 5 66 62 29 52 #SUP: 2432
25 5 66 62 29 52 58 #SUP: 2432
25 5 66 62 52 #SUP: 2436
25 5 66 62 52 58 #SUP: 2436
25 5 66 7 #SUP: 2431
25 5 66 7 60 #SUP: 2431
25 5 66 7 60 40 #SUP: 2411
25 5 66 7 60 40 29 #SUP: 2409
25 5 66 7 60 40 29 52 #SUP: 2399
25 5 66 7 60 40 29 52 58 #SUP: 2398
25 5 66 7 60 40 29 58 #SUP: 2408
25 5 66 7 60 40 52 #SUP: 2401
25 5 66 7 60 40 52 58 #SUP: 2400
25 5 66 7 60 40 58 #SUP: 2410
25 5 66 7 60 29 #SUP: 2429
25 5 66 7 60 29 52 #SUP: 2419
25 5 66 7 60 29 52 58 #SUP: 2418
25 5 66 7 60 29 58 #SUP: 2428
25 5 66 7 60 52 #SUP: 2421
25 5 66 7 60 52 58 #SUP: 2420
25 5 66 7 60 58 #SUP: 2430
25 5 66 7 40 #SUP: 2411
25 5 66 7 40 29 #SUP: 2409
25 5 66 7 40 29 52 #SUP: 2399
25 5 66 7 40 29 52 58 #SUP: 2398
25 5 66 7 40 29 58 #SUP: 2408
25 5 66 7 40 52 #SUP: 2401
25 5 66 7 40 52 58 #SUP: 2400
25 5 66 7 40 58 #SUP: 2410
25 5 66 7 29 #SUP: 2429
25 5 66 7 29 52 #SUP: 2419
25 5 66 7 29 52 58 #SUP: 2418
25 5 66 7 29 58 #SUP: 2428
25 5 66 7 52 #SUP: 2421
25 5 66 7 52 58 #SUP: 2420
25 5 66 7 58 #SUP: 2430
25 5 66 36 #SUP: 2474
25 5 66 36 60 #SUP: 2474
25 5 66 36 60 40 #SUP: 2454
25 5 66 36 60 40 29 #SUP: 2450
25 5 66 36 60 40 29 52 #SUP: 2440
25 5 66 36 60 40 29 52 58 #SUP: 2439
25 5 66 36 60 40 29 58 #SUP: 2449
25 5 66 36 60 40 52 #SUP: 2444
25 5 66 36 60 40 52 58 #SUP: 2443
25 5 66 36 60 40 58 #SUP: 2453
25 5 66 36 60 29 #SUP: 2470
25 5 66 36 60 29 52 #SUP: 2460
25 5 66 36 60 29 52 58 #SUP: 2459
25 5 66 36 60 29 58 #SUP: 2469
25 5 66 36 60 52 #SUP: 2464
25 5 66 36 60 52 58 #SUP: 2463
25 5 66 36 60 58 #SUP: 2473
25 5 66 36 40 #SUP: 2454
25 5 66 36 40 29 #SUP: 2450
25 5 66 36 40 29 52 #SUP: 2440
25 5 66 36 40 29 52 58 #SUP: 2439
25 5 66 36 40 29 58 #SUP: 2449
25 5 66 36 40 52 #SUP: 2444
25 5 66 36 40 52 58 #SUP: 2443
25 5 66 36 40 58 #SUP: 2453
25 5 66 36 29 #SUP: 2470
25 5 66 36 29 52 #SUP: 2460
25 5 66 36 29 52 58 #SUP: 2459
25 5 66 36 29 58 #SUP: 2469
25 5 66 36 52 #SUP: 2464
25 5 66 36 52 58 #SUP: 2463
25 5 66 36 58 #SUP: 2473
25 5 66 60 #SUP: 2540
25 5 66 60 40 #SUP: 2520
25 5 66 60 40 29 #SUP: 2516
25 5 66 60 40 29 52 #SUP: 2506
25 5 66 60 40 29 52 58 #SUP: 2505
25 5 66 60 40 29 58 #SUP: 2515
25 5 66 60 40 52 #SUP: 2510
25 5 66 60 40 52 58 #SUP: 2509
25 5 66 60 40 58 #SUP: 2519
25 5 66 60 29 #SUP: 2536
25 5 66 60 29 52 #SUP: 2526
25 5 66 60 29 52 58 #SUP: 2525
25 5 66 60 29 58 #SUP: 2535
25 5 66 60 52 #SUP: 2530
25 5 66 60 52 58 #SUP: 2529
25 5 66 60 58 #SUP: 2539
25 5 66 40 #SUP: 2520
25 5 66 40 29 #SUP: 2516
25 5 66 40 29 52 #SUP: 2506
25 5 66 40 29 52 58 #SUP: 2505
25 5 66 40 29 58 #SUP: 2515
25 5 66 40 52 #SUP: 2510
25 5 66 40 52 58 #SUP: 2509
25 5 66 40 58 #SUP: 2519
25 5 66 29 #SUP: 2536
25 5 66 29 52 #SUP: 2526
25 5 66 29 52 58 #SUP: 2525
25 5 66 29 58 #SUP: 2535
25 5 66 52 #SUP: 2530
25 5 66 52 58 #SUP: 2529
25 5 66 58 #SUP: 2539
25 5 56 #SUP: 2493
25 5 56 34 #SUP: 2429
25 5 56 34 60 #SUP: 2401
25 5 56 34 60 29 #SUP: 2397
25 5 56 34 60 52 #SUP: 2397
25 5 56 34 60 58 #SUP: 2400
25 5 56 34 40 #SUP: 2410
25 5 56 34 40 29 #SUP: 2406
25 5 56 34 40 29 52 #SUP: 2402
25 5 56 34 40 29 52 58 #SUP: 2401
25 5 56 34 40 29 58 #SUP: 2405
25 5 56 34 40 52 #SUP: 2406
25 5 56 34 40 52 58 #SUP: 2405
25 5 56 34 40 58 #SUP: 2409
25 5 56 34 29 #SUP: 2425
25 5 56 34 29 52 #SUP: 2421
25 5 56 34 29 52 58 #SUP: 2420
25 5 56 34 29 58 #SUP: 2424
25 5 56 34 52 #SUP: 2425
25 5 56 34 52 58 #SUP: 2424
25 5 56 34 58 #SUP: 2428
25 5 56 62 #SUP: 2421
25 5 56 62 58 #SUP: 2421
25 5 56 62 40 #SUP: 2409
25 5 56 62 40 58 #SUP: 2409
25 5 56 62 40 29 #SUP: 2405
25 5 56 62 40 29 58 #SUP: 2405
25 5 56 62 40 29 52 #SUP: 2401
25 5 56 62 40 29 52 58 #SUP: 2401
25 5 56 62 40 52 #SUP: 2405
25 5 56 62 40 52 58 #SUP: 2405
25 5 56 62 29 #SUP: 2417
25 5 56 62 29 58 #SUP: 2417
25 5 56 62 29 52 #SUP: 2413
25 5 56 62 29 52 58 #SUP: 2413
25 5 56 62 52 #SUP: 2417
25 5 56 62 52 58 #SUP: 2417
25 5 56 7 #SUP: 2402
25 5 56 7 29 #SUP: 2400
25 5 56 7 29 58 #SUP: 2399
25 5 56 7 52 #SUP: 2398
25 5 56 7 52 58 #SUP: 2397
25 5 56 7 58 #SUP: 2401
25 5 56 36 #SUP: 2427
25 5 56 36 60 #SUP: 2399
25 5 56 36 60 58 #SUP: 2398
25 5 56 36 40 #SUP: 2407
25 5 56 36 40 29 #SUP: 2403
25 5 56 36 40 29 52 #SUP: 2399
25 5 56 36 40 29 52 58 #SUP: 2398
25 5 56 36 40 29 58 #SUP: 2402
25 5 56 36 40 52 #SUP: 2403
25 5 56 36 40 52 58 #SUP: 2402
25 5 56 36 40 58 #SUP: 2406
25 5 56 36 29 #SUP: 2423
25 5 56 36 29 52 #SUP: 2419
25 5 56 36 29 52 58 #SUP: 2418
25 5 56 36 29 58 #SUP: 2422
25 5 56 36 52 #SUP: 2423
25 5 56 36 52 58 #SUP: 2422
25 5 56 36 58 #SUP: 2426
25 5 56 60 #SUP: 2465
25 5 56 60 40 #SUP: 2446
25 5 56 60 40 29 #SUP: 2442
25 5 56 60 40 29 52 #SUP: 2438
25 5 56 60 40 29 52 58 #SUP: 2437
25 5 56 60 40 29 58 #SUP: 2441
25 5 56 60 40 52 #SUP: 2442
25 5 56 60 40 52 58 #SUP: 2441
25 5 56 60 40 58 #SUP: 2445
25 5 56 60 29 #SUP: 2461
25 5 56 60 29 52 #SUP: 2457
25 5 56 60 29 52 58 #SUP: 2456
25 5 56 60 29 58 #SUP: 2460
25 5 56 60 52 #SUP: 2461
25 5 56 60 52 58 #SUP: 2460
25 5 56 60 58 #SUP: 2464
25 5 56 40 #SUP: 2473
25 5 56 40 29 #SUP: 2469
25 5 56 40 29 52 #SUP: 2465
25 5 56 40 29 52 58 #SUP: 2464
25 5 56 40 29 58 #SUP: 2468
25 5 56 40 52 #SUP: 2469
25 5 56 40 52 58 #SUP: 2468
25 5 56 40 58 #SUP: 2472
25 5 56 29 #SUP: 2489
25 5 56 29 52 #SUP: 2485
25 5 56 29 52 58 #SUP: 2484
25 5 56 29 58 #SUP: 2488
25 5 56 52 #SUP: 2489
25 5 56 52 58 #SUP: 2488
25 5 56 58 #SUP: 2492
25 5 34 #SUP: 2570
25 5 34 62 #SUP: 2472
25 5 34 62 58 #SUP: 2472
25 5 34 62 36 #SUP: 2406
25 5 34 62 36 58 #SUP: 2406
25 5 34 62 36 29 #SUP: 2402
25 5 34 62 36 29 58 #SUP: 2402
25 5 34 62 36 52 #SUP: 2398
25 5 34 62 36 52 58 #SUP: 2398
25 5 34 62 60 #SUP: 2445
25 5 34 62 60 58 #SUP: 2445
25 5 34 62 60 40 #SUP: 2434
25 5 34 62 60 40 58 #SUP: 2434
25 5 34 62 60 40 29 #SUP: 2430
25 5 34 62 60 40 29 58 #SUP: 2430
25 5 34 62 60 40 29 52 #SUP: 2422
25 5 34 62 60 40 29 52 58 #SUP: 2422
25 5 34 62 60 40 52 #SUP: 2426
25 5 34 62 60 40 52 58 #SUP: 2426
25 5 34 62 60 29 #SUP: 2441
25 5 34 62 60 29 58 #SUP: 2441
25 5 34 62 60 29 52 #SUP: 2433
25 5 34 62 60 29 52 58 #SUP: 2433
25 5 34 62 60 52 #SUP: 2437
25 5 34 62 60 52 58 #SUP: 2437
25 5 34 62 40 #SUP: 2461
25 5 34 62 40 58 #SUP: 2461
25 5 34 62 40 29 #SUP: 2457
25 5 34 62 40 29 58 #SUP: 2457
25 5 34 62 40 29 52 #SUP: 2449
25 5 34 62 40 29 52 58 #SUP: 2449
25 5 34 62 40 52 #SUP: 2453
25 5 34 62 40 52 58 #SUP: 2453
25 5 34 62 29 #SUP: 2468
25 5 34 62 29 58 #SUP: 2468
25 5 34 62 29 52 #SUP: 2460
25 5 34 62 29 52 58 #SUP: 2460
25 5 34 62 52 #SUP: 2464
25 5 34 62 52 58 #SUP: 2464
25 5 34 7 #SUP: 2465
25 5 34 7 36 #SUP: 2399
25 5 34 7 36 29 #SUP: 2397
25 5 34 7 36 58 #SUP: 2398
25 5 34 7 60 #SUP: 2437
25 5 34 7 60 40 #SUP: 2419
25 5 34 7 60 40 29 #SUP: 2417
25 5 34 7 60 40 29 52 #SUP: 2409
25 5 34 7 60 40 29 52 58 #SUP: 2408
25 5 34 7 60 40 29 58 #SUP: 2416
25 5 34 7 60 40 52 #SUP: 2411
25 5 34 7 60 40 52 58 #SUP: 2410
25 5 34 7 60 40 58 #SUP: 2418
25 5 34 7 60 29 #SUP: 2435
25 5 34 7 60 29 52 #SUP: 2427
25 5 34 7 60 29 52 58 #SUP: 2426
25 5 34 7 60 29 58 #SUP: 2434
25 5 34 7 60 52 #SUP: 2429
25 5 34 7 60 52 58 #SUP: 2428
25 5 34 7 60 58 #SUP: 2436
25 5 34 7 40 #SUP: 2446
25 5 34 7 40 29 #SUP: 2444
25 5 34 7 40 29 52 #SUP: 2436
25 5 34 7 40 29 52 58 #SUP: 2435
25 5 34 7 40 29 58 #SUP: 2443
25 5 34 7 40 52 #SUP: 2438
25 5 34 7 40 52 58 #SUP: 2437
25 5 34 7 40 58 #SUP: 2445
25 5 34 7 29 #SUP: 2463
25 5 34 7 29 52 #SUP: 2455
25 5 34 7 29 52 58 #SUP: 2454
25 5 34 7 29 58 #SUP: 2462
25 5 34 7 52 #SUP: 2457
25 5 34 7 52 58 #SUP: 2456
25 5 34 7 58 #SUP: 2464
25 5 34 36 #SUP: 2504
25 5 34 36 60 #SUP: 2476
25 5 34 36 60 40 #SUP: 2458
25 5 34 36 60 40 29 #SUP: 2454
25 5 34 36 60 40 29 52 #SUP: 2446
25 5 34 36 60 40 29 52 58 #SUP: 2445
25 5 34 36 60 40 29 58 #SUP: 2453
25 5 34 36 60 40 52 #SUP: 2450
25 5 34 36 60 40 52 58 #SUP: 2449
25 5 34 36 60 40 58 #SUP: 2457
25 5 34 36 60 29 #SUP: 2472
25 5 34 36 60 29 52 #SUP: 2464
25 5 34 36 60 29 52 58 #SUP: 2463
25 5 34 36 60 29 58 #SUP: 2471
25 5 34 36 60 52 #SUP: 2468
25 5 34 36 60 52 58 #SUP: 2467
25 5 34 36 60 58 #SUP: 2475
25 5 34 36 40 #SUP: 2485
25 5 34 36 40 29 #SUP: 2481
25 5 34 36 40 29 52 #SUP: 2473
25 5 34 36 40 29 52 58 #SUP: 2472
25 5 34 36 40 29 58 #SUP: 2480
25 5 34 36 40 52 #SUP: 2477
25 5 34 36 40 52 58 #SUP: 2476
25 5 34 36 40 58 #SUP: 2484
25 5 34 36 29 #SUP: 2500
25 5 34 36 29 52 #SUP: 2492
25 5 34 36 29 52 58 #SUP: 2491
25 5 34 36 29 58 #SUP: 2499
25 5 34 36 52 #SUP: 2496
25 5 34 36 52 58 #SUP: 2495
25 5 34 36 58 #SUP: 2503
25 5 34 60 #SUP: 2542
25 5 34 60 40 #SUP: 2524
25 5 34 60 40 29 #SUP: 2520
25 5 34 60 40 29 52 #SUP: 2512
25 5 34 60 40 29 52 58 #SUP: 2511
25 5 34 60 40 29 58 #SUP: 2519
25 5 34 60 40 52 #SUP: 2516
25 5 34 60 40 52 58 #SUP: 2515
25 5 34 60 40 58 #SUP: 2523
25 5 34 60 29 #SUP: 2538
25 5 34 60 29 52 #SUP: 2530
25 5 34 60 29 52 58 #SUP: 2529
25 5 34 60 29 58 #SUP: 2537
25 5 34 60 52 #SUP: 2534
25 5 34 60 52 58 #SUP: 2533
25 5 34 60 58 #SUP: 2541
25 5 34 40 #SUP: 2551
25 5 34 40 29 #SUP: 2547
25 5 34 40 29 52 #SUP: 2539
25 5 34 40 29 52 58 #SUP: 2538
25 5 34 40 29 58 #SUP: 2546
25 5 34 40 52 #SUP: 2543
25 5 34 40 52 58 #SUP: 2542
25 5 34 40 58 #SUP: 2550
25 5 34 29 #SUP: 2566
25 5 34 29 52 #SUP: 2558
25 5 34 29 52 58 #SUP: 2557
25 5 34 29 58 #SUP: 2565
25 5 34 52 #SUP: 2562
25 5 34 52 58 #SUP: 2561
25 5 34 58 #SUP: 2569
25 5 62 #SUP: 2550
25 5 62 58 #SUP: 2550
25 5 62 7 #SUP: 2441
25 5 62 7 58 #SUP: 2441
25 5 62 7 60 #SUP: 2414
25 5 62 7 60 58 #SUP: 2414
25 5 62 7 60 40 #SUP: 2401
25 5 62 7 60 40 58 #SUP: 2401
25 5 62 7 60 40 29 #SUP: 2399
25 5 62 7 60 40 29 58 #SUP: 2399
25 5 62 7 60 29 #SUP: 2412
25 5 62 7 60 29 58 #SUP: 2412
25 5 62 7 60 29 52 #SUP: 2402
25 5 62 7 60 29 52 58 #SUP: 2402
25 5 62 7 60 52 #SUP: 2404
25 5 62 7 60 52 58 #SUP: 2404
25 5 62 7 40 #SUP: 2428
25 5 62 7 40 58 #SUP: 2428
25 5 62 7 40 29 #SUP: 2426
25 5 62 7 40 29 58 #SUP: 2426
25 5 62 7 40 29 52 #SUP: 2416
25 5 62 7 40 29 52 58 #SUP: 2416
25 5 62 7 40 52 #SUP: 2418
25 5 62 7 40 52 58 #SUP: 2418
25 5 62 7 29 #SUP: 2439
25 5 62 7 29 58 #SUP: 2439
25 5 62 7 29 52 #SUP: 2429
25 5 62 7 29 52 58 #SUP: 2429
25 5 62 7 52 #SUP: 2431
25 5 62 7 52 58 #SUP: 2431
25 5 62 36 #SUP: 2484
25 5 62 36 58 #SUP: 2484
25 5 62 36 60 #SUP: 2457
25 5 62 36 60 58 #SUP: 2457
25 5 62 36 60 40 #SUP: 2444
25 5 62 36 60 40 58 #SUP: 2444
25 5 62 36 60 40 29 #SUP: 2440
25 5 62 36 60 40 29 58 #SUP: 2440
25 5 62 36 60 40 29 52 #SUP: 2430
25 5 62 36 60 40 29 52 58 #SUP: 2430
25 5 62 36 60 40 52 #SUP: 2434
25 5 62 36 60 40 52 58 #SUP: 2434
25 5 62 36 60 29 #SUP: 2453
25 5 62 36 60 29 58 #SUP: 2453
25 5 62 36 60 29 52 #SUP: 2443
25 5 62 36 60 29 52 58 #SUP: 2443
25 5 62 36 60 52 #SUP: 2447
25 5 62 36 60 52 58 #SUP: 2447
25 5 62 36 40 #SUP: 2471
25 5 62 36 40 58 #SUP: 2471
25 5 62 36 40 29 #SUP: 2467
25 5 62 36 40 29 58 #SUP: 2467
25 5 62 36 40 29 52 #SUP: 2457
25 5 62 36 40 29 52 58 #SUP: 2457
25 5 62 36 40 52 #SUP: 2461
25 5 62 36 40 52 58 #SUP: 2461
25 5 62 36 29 #SUP: 2480
25 5 62 36 29 58 #SUP: 2480
25 5 62 36 29 52 #SUP: 2470
25 5 62 36 29 52 58 #SUP: 2470
25 5 62 36 52 #SUP: 2474
25 5 62 36 52 58 #SUP: 2474
25 5 62 60 #SUP: 2523
25 5 62 60 58 #SUP: 2523
25 5 62 60 40 #SUP: 2510
25 5 62 60 40 58 #SUP: 2510
25 5 62 60 40 29 #SUP: 2506
25 5 62 60 40 29 58 #SUP: 2506
25 5 62 60 40 29 52 #SUP: 2496
25 5 62 60 40 29 52 58 #SUP: 2496
25 5 62 60 40 52 #SUP: 2500
25 5 62 60 40 52 58 #SUP: 2500
25 5 62 60 29 #SUP: 2519
25 5 62 60 29 58 #SUP: 2519
25 5 62 60 29 52 #SUP: 2509
25 5 62 60 29 52 58 #SUP: 2509
25 5 62 60 52 #SUP: 2513
25 5 62 60 52 58 #SUP: 2513
25 5 62 40 #SUP: 2537
25 5 62 40 58 #SUP: 2537
25 5 62 40 29 #SUP: 2533
25 5 62 40 29 58 #SUP: 2533
25 5 62 40 29 52 #SUP: 2523
25 5 62 40 29 52 58 #SUP: 2523
25 5 62 40 52 #SUP: 2527
25 5 62 40 52 58 #SUP: 2527
25 5 62 29 #SUP: 2546
25 5 62 29 58 #SUP: 2546
25 5 62 29 52 #SUP: 2536
25 5 62 29 52 58 #SUP: 2536
25 5 62 52 #SUP: 2540
25 5 62 52 58 #SUP: 2540
25 5 7 #SUP: 2540
25 5 7 36 #SUP: 2474
25 5 7 36 60 #SUP: 2446
25 5 7 36 60 40 #SUP: 2426
25 5 7 36 60 40 29 #SUP: 2424
25 5 7 36 60 40 29 52 #SUP: 2414
25 5 7 36 60 40 29 52 58 #SUP: 2413
25 5 7 36 60 40 29 58 #SUP: 2423
25 5 7 36 60 40 52 #SUP: 2416
25 5 7 36 60 40 52 58 #SUP: 2415
25 5 7 36 60 40 58 #SUP: 2425
25 5 7 36 60 29 #SUP: 2444
25 5 7 36 60 29 52 #SUP: 2434
25 5 7 36 60 29 52 58 #SUP: 2433
25 5 7 36 60 29 58 #SUP: 2443
25 5 7 36 60 52 #SUP: 2436
25 5 7 36 60 52 58 #SUP: 2435
25 5 7 36 60 58 #SUP: 2445
25 5 7 36 40 #SUP: 2453
25 5 7 36 40 29 #SUP: 2451
25 5 7 36 40 29 52 #SUP: 2441
25 5 7 36 40 29 52 58 #SUP: 2440
25 5 7 36 40 29 58 #SUP: 2450
25 5 7 36 40 52 #SUP: 2443
25 5 7 36 40 52 58 #SUP: 2442
25 5 7 36 40 58 #SUP: 2452
25 5 7 36 29 #SUP: 2472
25 5 7 36 29 52 #SUP: 2462
25 5 7 36 29 52 58 #SUP: 2461
25 5 7 36 29 58 #SUP: 2471
25 5 7 36 52 #SUP: 2464
25 5 7 36 52 58 #SUP: 2463
25 5 7 36 58 #SUP: 2473
25 5 7 60 #SUP: 2512
25 5 7 60 40 #SUP: 2492
25 5 7 60 40 29 #SUP: 2490
25 5 7 60 40 29 52 #SUP: 2480
25 5 7 60 40 29 52 58 #SUP: 2479
25 5 7 60 40 29 58 #SUP: 2489
25 5 7 60 40 52 #SUP: 2482
25 5 7 60 40 52 58 #SUP: 2481
25 5 7 60 40 58 #SUP: 2491
25 5 7 60 29 #SUP: 2510
25 5 7 60 29 52 #SUP: 2500
25 5 7 60 29 52 58 #SUP: 2499
25 5 7 60 29 58 #SUP: 2509
25 5 7 60 52 #SUP: 2502
25 5 7 60 52 58 #SUP: 2501
25 5 7 60 58 #SUP: 2511
25 5 7 40 #SUP: 2519
25 5 7 40 29 #SUP: 2517
25 5 7 40 29 52 #SUP: 2507
25 5 7 40 29 52 58 #SUP: 2506
25 5 7 40 29 58 #SUP: 2516
25 5 7 40 52 #SUP: 2509
25 5 7 40 52 58 #SUP: 2508
25 5 7 40 58 #SUP: 2518
25 5 7 29 #SUP: 2538
25 5 7 29 52 #SUP: 2528
25 5 7 29 52 58 #SUP: 2527
25 5 7 29 58 #SUP: 2537
25 5 7 52 #SUP: 2530
25 5 7 52 58 #SUP: 2529
25 5 7 58 #SUP: 2539
25 5 36 #SUP: 2583
25 5 36 60 #SUP: 2555
25 5 36 60 40 #SUP: 2535
25 5 36 60 40 29 #SUP: 2531
25 5 36 60 40 29 52 #SUP: 2521
25 5 36 60 40 29 52 58 #SUP: 2520
25 5 36 60 40 29 58 #SUP: 2530
25 5 36 60 40 52 #SUP: 2525
25 5 36 60 40 52 58 #SUP: 2524
25 5 36 60 40 58 #SUP: 2534
25 5 36 60 29 #SUP: 2551
25 5 36 60 29 52 #SUP: 2541
25 5 36 60 29 52 58 #SUP: 2540
25 5 36 60 29 58 #SUP: 2550
25 5 36 60 52 #SUP: 2545
25 5 36 60 52 58 #SUP: 2544
25 5 36 60 58 #SUP: 2554
25 5 36 40 #SUP: 2562
25 5 36 40 29 #SUP: 2558
25 5 36 40 29 52 #SUP: 2548
25 5 36 40 29 52 58 #SUP: 2547
25 5 36 40 29 58 #SUP: 2557
25 5 36 40 52 #SUP: 2552
25 5 36 40 52 58 #SUP: 2551
25 5 36 40 58 #SUP: 2561
25 5 36 29 #SUP: 2579
25 5 36 29 52 #SUP: 2569
25 5 36 29 52 58 #SUP: 2568
25 5 36 29 58 #SUP: 2578
25 5 36 52 #SUP: 2573
25 5 36 52 58 #SUP: 2572
25 5 36 58 #SUP: 2582
25 5 60 #SUP: 2621
25 5 60 40 #SUP: 2601
25 5 60 40 29 #SUP: 2597
25 5 60 40 29 52 #SUP: 2587
25 5 60 40 29 52 58 #SUP: 2586
25 5 60 40 29 58 #SUP: 2596
25 5 60 40 52 #SUP: 2591
25 5 60 40 52 58 #SUP: 2590
25 5 60 40 58 #SUP: 2600
25 5 60 29 #SUP: 2617
25 5 60 29 52 #SUP: 2607
25 5 60 29 52 58 #SUP: 2606
25 5 60 29 58 #SUP: 2616
25 5 60 52 #SUP: 2611
25 5 60 52 58 #SUP: 2610
25 5 60 58 #SUP: 2620
25 5 40 #SUP: 2628
25 5 40 29 #SUP: 2624
25 5 40 29 52 #SUP: 2614
25 5 40 29 52 58 #SUP: 2613
25 5 40 29 58 #SUP: 2623
25 5 40 52 #SUP: 2618
25 5 40 52 58 #SUP: 2617
25 5 40 58 #SUP: 2627
25 5 29 #SUP: 2645
25 5 29 52 #SUP: 2635
25 5 29 52 58 #SUP: 2634
25 5 29 58 #SUP: 2644
25 5 52 #SUP: 2639
25 5 52 58 #SUP: 2638
25 5 58 #SUP: 2648
25 48 #SUP: 2749
25 48 66 #SUP: 2621
25 48 66 56 #SUP: 2458
25 48 66 56 36 #SUP: 2439
25 48 66 56 36 60 #SUP: 2439
25 48 66 56 36 60 40 #SUP: 2416
25 48 66 56 36 60 40 29 #SUP: 2408
25 48 66 56 36 60 40 29 52 #SUP: 2404
25 48 66 56 36 60 40 29 52 58 #SUP: 2403
25 48 66 56 36 60 40 29 58 #SUP: 2407
25 48 66 56 36 60 40 52 #SUP: 2412
25 48 66 56 36 60 40 52 58 #SUP: 2411
25 48 66 56 36 60 40 58 #SUP: 2415
25 48 66 56 36 60 29 #SUP: 2431
25 48 66 56 36 60 29 52 #SUP: 2427
25 48 66 56 36 60 29 52 58 #SUP: 2426
25 48 66 56 36 60 29 58 #SUP: 2430
25 48 66 56 36 60 52 #SUP: 2435
25 48 66 56 36 60 52 58 #SUP: 2434
25 48 66 56 36 60 58 #SUP: 2438
25 48 66 56 36 40 #SUP: 2416
25 48 66 56 36 40 29 #SUP: 2408
25 48 66 56 36 40 29 52 #SUP: 2404
25 48 66 56 36 40 29 52 58 #SUP: 2403
25 48 66 56 36 40 29 58 #SUP: 2407
25 48 66 56 36 40 52 #SUP: 2412
25 48 66 56 36 40 52 58 #SUP: 2411
25 48 66 56 36 40 58 #SUP: 2415
25 48 66 56 36 29 #SUP: 2431
25 48 66 56 36 29 52 #SUP: 2427
25 48 66 56 36 29 52 58 #SUP: 2426
25 48 66 56 36 29 58 #SUP: 2430
25 48 66 56 36 52 #SUP: 2435
25 48 66 56 36 52 58 #SUP: 2434
25 48 66 56 36 58 #SUP: 2438
25 48 66 56 60 #SUP: 2458
25 48 66 56 60 40 #SUP: 2435
25 48 66 56 60 40 29 #SUP: 2427
25 48 66 56 60 40 29 52 #SUP: 2423
25 48 66 56 60 40 29 52 58 #SUP: 2422
25 48 66 56 60 40 29 58 #SUP: 2426
25 48 66 56 60 40 52 #SUP: 2431
25 48 66 56 60 40 52 58 #SUP: 2430
25 48 66 56 60 40 58 #SUP: 2434
25 48 66 56 60 29 #SUP: 2450
25 48 66 56 60 29 52 #SUP: 2446
25 48 66 56 60 29 52 58 #SUP: 2445
25 48 66 56 60 29 58 #SUP: 2449
25 48 66 56 60 52 #SUP: 2454
25 48 66 56 60 52 58 #SUP: 2453
25 48 66 56 60 58 #SUP: 2457
25 48 66 56 40 #SUP: 2435
25 48 66 56 40 29 #SUP: 2427
25 48 66 56 40 29 52 #SUP: 2423
25 48 66 56 40 29 52 58 #SUP: 2422
25 48 66 56 40 29 58 #SUP: 2426
25 48 66 56 40 52 #SUP: 2431
25 48 66 56 40 52 58 #SUP: 2430
25 48 66 56 40 58 #SUP: 2434
25 48 66 56 29 #SUP: 2450
25 48 66 56 29 52 #SUP: 2446
25 48 66 56 29 52 58 #SUP: 2445
25 48 66 56 29 58 #SUP: 2449
25 48 66 56 52 #SUP: 2454
25 48 66 56 52 58 #SUP: 2453
25 48 66 56 58 #SUP: 2457
25 48 66 34 #SUP: 2491
25 48 66 34 36 #SUP: 2472
25 48 66 34 36 60 #SUP: 2472
25 48 66 34 36 60 40 #SUP: 2451
25 48 66 34 36 60 40 29 #SUP: 2447
25 48 66 34 36 60 40 29 52 #SUP: 2439
25 48 66 34 36 60 40 29 52 58 #SUP: 2438
25 48 66 34 36 60 40 29 58 #SUP: 2446
25 48 66 34 36 60 40 52 #SUP: 2443
25 48 66 34 36 60 40 52 58 #SUP: 2442
25 48 66 34 36 60 40 58 #SUP: 2450
25 48 66 34 36 60 29 #SUP: 2468
25 48 66 34 36 60 29 52 #SUP: 2460
25 48 66 34 36 60 29 52 58 #SUP: 2459
25 48 66 34 36 60 29 58 #SUP: 2467
25 48 66 34 36 60 52 #SUP: 2464
25 48 66 34 36 60 52 58 #SUP: 2463
25 48 66 34 36 60 58 #SUP: 2471
25 48 66 34 36 40 #SUP: 2451
25 48 66 34 36 40 29 #SUP: 2447
25 48 66 34 36 40 29 52 #SUP: 2439
25 48 66 34 36 40 29 52 58 #SUP: 2438
25 48 66 34 36 40 29 58 #SUP: 2446
25 48 66 34 36 40 52 #SUP: 2443
25 48 66 34 36 40 52 58 #SUP: 2442
25 48 66 34 36 40 58 #SUP: 2450
25 48 66 34 36 29 #SUP: 2468
25 48 66 34 36 29 52 #SUP: 2460
25 48 66 34 36 29 52 58 #SUP: 2459
25 48 66 34 36 29 58 #SUP: 2467
25 48 66 34 36 52 #SUP: 2464
25 48 66 34 36 52 58 #SUP: 2463
25 48 66 34 36 58 #SUP: 2471
25 48 66 34 60 #SUP: 2491
25 48 66 34 60 40 #SUP: 2470
25 48 66 34 60 40 29 #SUP: 2466
25 48 66 34 60 40 29 52 #SUP: 2458
25 48 66 34 60 40 29 52 58 #SUP: 2457
25 48 66 34 60 40 29 58 #SUP: 2465
25 48 66 34 60 40 52 #SUP: 2462
25 48 66 34 60 40 52 58 #SUP: 2461
25 48 66 34 60 40 58 #SUP: 2469
25 48 66 34 60 29 #SUP: 2487
25 48 66 34 60 29 52 #SUP: 2479
25 48 66 34 60 29 52 58 #SUP: 2478
25 48 66 34 60 29 58 #SUP: 2486
25 48 66 34 60 52 #SUP: 2483
25 48 66 34 60 52 58 #SUP: 2482
25 48 66 34 60 58 #SUP: 2490
25 48 66 34 40 #SUP: 2470
25 48 66 34 40 29 #SUP: 2466
25 48 66 34 40 29 52 #SUP: 2458
25 48 66 34 40 29 52 58 #SUP: 2457
25 48 66 34 40 29 58 #SUP: 2465
25 48 66 34 40 52 #SUP: 2462
25 48 66 34 40 52 58 #SUP: 2461
25 48 66 34 40 58 #SUP: 2469
25 48 66 34 29 #SUP: 2487
25 48 66 34 29 52 #SUP: 2479
25 48 66 34 29 52 58 #SUP: 2478
25 48 66 34 29 58 #SUP: 2486
25 48 66 34 52 #SUP: 2483
25 48 66 34 52 58 #SUP: 2482
25 48 66 34 58 #SUP: 2490
25 48 66 62 #SUP: 2506
25 48 66 62 58 #SUP: 2506
25 48 66 62 36 #SUP: 2487
25 48 66 62 36 58 #SUP: 2487
25 48 66 62 36 60 #SUP: 2487
25 48 66 62 36 60 58 #SUP: 2487
25 48 66 62 36 60 40 #SUP: 2472
25 48 66 62 36 60 40 58 #SUP: 2472
25 48 66 62 36 60 40 29 #SUP: 2464
25 48 66 62 36 60 40 29 58 #SUP: 2464
25 48 66 62 36 60 40 29 52 #SUP: 2454
25 48 66 62 36 60 40 29 52 58 #SUP: 2454
25 48 66 62 36 60 40 52 #SUP: 2462
25 48 66 62 36 60 40 52 58 #SUP: 2462
25 48 66 62 36 60 29 #SUP: 2479
25 48 66 62 36 60 29 58 #SUP: 2479
25 48 66 62 36 60 29 52 #SUP: 2469
25 48 66 62 36 60 29 52 58 #SUP: 2469
25 48 66 62 36 60 52 #SUP: 2477
25 48 66 62 36 60 52 58 #SUP: 2477
25 48 66 62 36 40 #SUP: 2472
25 48 66 62 36 40 58 #SUP: 2472
25 48 66 62 36 40 29 #SUP: 2464
25 48 66 62 36 40 29 58 #SUP: 2464
25 48 66 62 36 40 29 52 #SUP: 2454
25 48 66 62 36 40 29 52 58 #SUP: 2454
25 48 66 62 36 40 52 #SUP: 2462
25 48 66 62 36 40 52 58 #SUP: 2462
25 48 66 62 36 29 #SUP: 2479
25 48 66 62 36 29 58 #SUP: 2479
25 48 66 62 36 29 52 #SUP: 2469
25 48 66 62 36 29 52 58 #SUP: 2469
25 48 66 62 36 52 #SUP: 2477
25 48 66 62 36 52 58 #SUP: 2477
25 48 66 62 60 #SUP: 2506
25 48 66 62 60 58 #SUP: 2506
25 48 66 62 60 40 #SUP: 2491
25 48 66 62 60 40 58 #SUP: 2491
25 48 66 62 60 40 29 #SUP: 2483
25 48 66 62 60 40 29 58 #SUP: 2483
25 48 66 62 60 40 29 52 #SUP: 2473
25 48 66 62 60 40 29 52 58 #SUP: 2473
25 48 66 62 60 40 52 #SUP: 2481
25 48 66 62 60 40 52 58 #SUP: 2481
25 48 66 62 60 29 #SUP: 2498
25 48 66 62 60 29 58 #SUP: 2498
25 48 66 62 60 29 52 #SUP: 2488
25 48 66 62 60 29 52 58 #SUP: 2488
25 48 66 62 60 52 #SUP: 2496
25 48 66 62 60 52 58 #SUP: 2496
25 48 66 62 40 #SUP: 2491
25 48 66 62 40 58 #SUP: 2491
25 48 66 62 40 29 #SUP: 2483
25 48 66 62 40 29 58 #SUP: 2483
25 48 66 62 40 29 52 #SUP: 2473
25 48 66 62 40 29 52 58 #SUP: 2473
25 48 66 62 40 52 #SUP: 2481
25 48 66 62 40 52 58 #SUP: 2481
25 48 66 62 29 #SUP: 2498
25 48 66 62 29 58 #SUP: 2498
25 48 66 62 29 52 #SUP: 2488
25 48 66 62 29 52 58 #SUP: 2488
25 48 66 62 52 #SUP: 2496
25 48 66 62 52 58 #SUP: 2496
25 48 66 7 #SUP: 2506
25 48 66 7 36 #SUP: 2487
25 48 66 7 36 60 #SUP: 2487
25 48 66 7 36 60 40 #SUP: 2463
25 48 66 7 36 60 40 29 #SUP: 2459
25 48 66 7 36 60 40 29 52 #SUP: 2449
25 48 66 7 36 60 40 29 52 58 #SUP: 2448
25 48 66 7 36 60 40 29 58 #SUP: 2458
25 48 66 7 36 60 40 52 #SUP: 2453
25 48 66 7 36 60 40 52 58 #SUP: 2452
25 48 66 7 36 60 40 58 #SUP: 2462
25 48 66 7 36 60 29 #SUP: 2483
25 48 66 7 36 60 29 52 #SUP: 2473
25 48 66 7 36 60 29 52 58 #SUP: 2472
25 48 66 7 36 60 29 58 #SUP: 2482
25 48 66 7 36 60 52 #SUP: 2477
25 48 66 7 36 60 52 58 #SUP: 2476
25 48 66 7 36 60 58 #SUP: 2486
25 48 66 7 36 40 #SUP: 2463
25 48 66 7 36 40 29 #SUP: 2459
25 48 66 7 36 40 29 52 #SUP: 2449
25 48 66 7 36 40 29 52 58 #SUP: 2448
25 48 66 7 36 40 29 58 #SUP: 2458
25 48 66 7 36 40 52 #SUP: 2453
25 48 66 7 36 40 52 58 #SUP: 2452
25 48 66 7 36 40 58 #SUP: 2462
25 48 66 7 36 29 #SUP: 2483
25 48 66 7 36 29 52 #SUP: 2473
25 48 66 7 36 29 52 58 #SUP: 2472
25 48 66 7 36 29 58 #SUP: 2482
25 48 66 7 36 52 #SUP: 2477
25 48 66 7 36 52 58 #SUP: 2476
25 48 66 7 36 58 #SUP: 2486
25 48 66 7 60 #SUP: 2506
25 48 66 7 60 40 #SUP: 2482
25 48 66 7 60 40 29 #SUP: 2478
25 48 66 7 60 40 29 52 #SUP: 2468
25 48 66 7 60 40 29 52 58 #SUP: 2467
25 48 66 7 60 40 29 58 #SUP: 2477
25 48 66 7 60 40 52 #SUP: 2472
25 48 66 7 60 40 52 58 #SUP: 2471
25 48 66 7 60 40 58 #SUP: 2481
25 48 66 7 60 29 #SUP: 2502
25 48 66 7 60 29 52 #SUP: 2492
25 48 66 7 60 29 52 58 #SUP: 2491
25 48 66 7 60 29 58 #SUP: 2501
25 48 66 7 60 52 #SUP: 2496
25 48 66 7 60 52 58 #SUP: 2495
25 48 66 7 60 58 #SUP: 2505
25 48 66 7 40 #SUP: 2482
25 48 66 7 40 29 #SUP: 2478
25 48 66 7 40 29 52 #SUP: 2468
25 48 66 7 40 29 52 58 #SUP: 2467
25 48 66 7 40 29 58 #SUP: 2477
25 48 66 7 40 52 #SUP: 2472
25 48 66 7 40 52 58 #SUP: 2471
25 48 66 7 40 58 #SUP: 2481
25 48 66 7 29 #SUP: 2502
25 48 66 7 29 52 #SUP: 2492
25 48 66 7 29 52 58 #SUP: 2491
25 48 66 7 29 58 #SUP: 2501
25 48 66 7 52 #SUP: 2496
25 48 66 7 52 58 #SUP: 2495
25 48 66 7 58 #SUP: 2505
25 48 66 36 #SUP: 2602
25 48 66 36 60 #SUP: 2602
25 48 66 36 60 40 #SUP: 2578
25 48 66 36 60 40 29 #SUP: 2570
25 48 66 36 60 40 29 52 #SUP: 2560
25 48 66 36 60 40 29 52 58 #SUP: 2559
25 48 66 36 60 40 29 58 #SUP: 2569
25 48 66 36 60 40 52 #SUP: 2568
25 48 66 36 60 40 52 58 #SUP: 2567
25 48 66 36 60 40 58 #SUP: 2577
25 48 66 36 60 29 #SUP: 2594
25 48 66 36 60 29 52 #SUP: 2584
25 48 66 36 60 29 52 58 #SUP: 2583
25 48 66 36 60 29 58 #SUP: 2593
25 48 66 36 60 52 #SUP: 2592
25 48 66 36 60 52 58 #SUP: 2591
25 48 66 36 60 58 #SUP: 2601
25 48 66 36 40 #SUP: 2578
25 48 66 36 40 29 #SUP: 2570
25 48 66 36 40 29 52 #SUP: 2560
25 48 66 36 40 29 52 58 #SUP: 2559
25 48 66 36 40 29 58 #SUP: 2569
25 48 66 36 40 52 #SUP: 2568
25 48 66 36 40 52 58 #SUP: 2567
25 48 66 36 40 58 #SUP: 2577
25 48 66 36 29 #SUP: 2594
25 48 66 36 29 52 #SUP: 2584
25 48 66 36 29 52 58 #SUP: 2583
25 48 66 36 29 58 #SUP: 2593
25 48 66 36 52 #SUP: 2592
25 48 66 36 52 58 #SUP: 2591
25 48 66 36 58 #SUP: 2601
25 48 66 60 #SUP: 2621
25 48 66 60 40 #SUP: 2597
25 48 66 60 40 29 #SUP: 2589
25 48 66 60 40 29 52 #SUP: 2579
25 48 66 60 40 29 52 58 #SUP: 2578
25 48 66 60 40 29 58 #SUP: 2588
25 48 66 60 40 52 #SUP: 2587
25 48 66 60 40 52 58 #SUP: 2586
25 48 66 60 40 58 #SUP: 2596
25 48 66 60 29 #SUP: 2613
25 48 66 60 29 52 #SUP: 2603
25 48 66 60 29 52 58 #SUP: 2602
25 48 66 60 29 58 #SUP: 2612
25 48 66 60 52 #SUP: 2611
25 48 66 60 52 58 #SUP: 2610
25 48 66 60 58 #SUP: 2620
25 48 66 40 #SUP: 2597
25 48 66 40 29 #SUP: 2589
25 48 66 40 29 52 #SUP: 2579
25 48 66 40 29 52 58 #SUP: 2578
25 48 66 40 29 58 #SUP: 2588
25 48 66 40 52 #SUP: 2587
25 48 66 40 52 58 #SUP: 2586
25 48 66 40 58 #SUP: 2596
25 48 66 29 #SUP: 2613
25 48 66 29 52 #SUP: 2603
25 48 66 29 52 58 #SUP: 2602
25 48 66 29 58 #SUP: 2612
25 48 66 52 #SUP: 2611
25 48 66 52 58 #SUP: 2610
25 48 66 58 #SUP: 2620
25 48 56 #SUP: 2586
25 48 56 34 #SUP: 2457
25 48 56 34 36 #SUP: 2438
25 48 56 34 36 60 #SUP: 2420
25 48 56 34 36 60 40 #SUP: 2398
25 48 56 34 36 60 40 58 #SUP: 2397
25 48 56 34 36 60 29 #SUP: 2416
25 48 56 34 36 60 29 52 #SUP: 2412
25 48 56 34 36 60 29 52 58 #SUP: 2411
25 48 56 34 36 60 29 58 #SUP: 2415
25 48 56 34 36 60 52 #SUP: 2416
25 48 56 34 36 60 52 58 #SUP: 2415
25 48 56 34 36 60 58 #SUP: 2419
25 48 56 34 36 40 #SUP: 2415
25 48 56 34 36 40 29 #SUP: 2411
25 48 56 34 36 40 29 52 #SUP: 2407
25 48 56 34 36 40 29 52 58 #SUP: 2406
25 48 56 34 36 40 29 58 #SUP: 2410
25 48 56 34 36 40 52 #SUP: 2411
25 48 56 34 36 40 52 58 #SUP: 2410
25 48 56 34 36 40 58 #SUP: 2414
25 48 56 34 36 29 #SUP: 2434
25 48 56 34 36 29 52 #SUP: 2430
25 48 56 34 36 29 52 58 #SUP: 2429
25 48 56 34 36 29 58 #SUP: 2433
25 48 56 34 36 52 #SUP: 2434
25 48 56 34 36 52 58 #SUP: 2433
25 48 56 34 36 58 #SUP: 2437
25 48 56 34 60 #SUP: 2439
25 48 56 34 60 40 #SUP: 2417
25 48 56 34 60 40 29 #SUP: 2413
25 48 56 34 60 40 29 52 #SUP: 2409
25 48 56 34 60 40 29 52 58 #SUP: 2408
25 48 56 34 60 40 29 58 #SUP: 2412
25 48 56 34 60 40 52 #SUP: 2413
25 48 56 34 60 40 52 58 #SUP: 2412
25 48 56 34 60 40 58 #SUP: 2416
25 48 56 34 60 29 #SUP: 2435
25 48 56 34 60 29 52 #SUP: 2431
25 48 56 34 60 29 52 58 #SUP: 2430
25 48 56 34 60 29 58 #SUP: 2434
25 48 56 34 60 52 #SUP: 2435
25 48 56 34 60 52 58 #SUP: 2434
25 48 56 34 60 58 #SUP: 2438
25 48 56 34 40 #SUP: 2434
25 48 56 34 40 29 #SUP: 2430
25 48 56 34 40 29 52 #SUP: 2426
25 48 56 34 40 29 52 58 #SUP: 2425
25 48 56 34 40 29 58 #SUP: 2429
25 48 56 34 40 52 #SUP: 2430
25 48 56 34 40 52 58 #SUP: 2429
25 48 56 34 40 58 #SUP: 2433
25 48 56 34 29 #SUP: 2453
25 48 56 34 29 52 #SUP: 2449
25 48 56 34 29 52 58 #SUP: 2448
25 48 56 34 29 58 #SUP: 2452
25 48 56 34 52 #SUP: 2453
25 48 56 34 52 58 #SUP: 2452
25 48 56 34 58 #SUP: 2456
25 48 56 62 #SUP: 2498
25 48 56 62 58 #SUP: 2498
25 48 56 62 7 #SUP: 2399
25 48 56 62 7 58 #SUP: 2399
25 48 56 62 36 #SUP: 2479
25 48 56 62 36 58 #SUP: 2479
25 48 56 62 36 60 #SUP: 2462
25 48 56 62 36 60 58 #SUP: 2462
25 48 56 62 36 60 40 #SUP: 2448
25 48 56 62 36 60 40 58 #SUP: 2448
25 48 56 62 36 60 40 29 #SUP: 2436
25 48 56 62 36 60 40 29 58 #SUP: 2436
25 48 56 62 36 60 40 29 52 #SUP: 2432
25 48 56 62 36 60 40 29 52 58 #SUP: 2432
25 48 56 62 36 60 40 52 #SUP: 2444
25 48 56 62 36 60 40 52 58 #SUP: 2444
25 48 56 62 36 60 29 #SUP: 2450
25 48 56 62 36 60 29 58 #SUP: 2450
25 48 56 62 36 60 29 52 #SUP: 2446
25 48 56 62 36 60 29 52 58 #SUP: 2446
25 48 56 62 36 60 52 #SUP: 2458
25 48 56 62 36 60 52 58 #SUP: 2458
25 48 56 62 36 40 #SUP: 2465
25 48 56 62 36 40 58 #SUP: 2465
25 48 56 62 36 40 29 #SUP: 2453
25 48 56 62 36 40 29 58 #SUP: 2453
25 48 56 62 36 40 29 52 #SUP: 2449
25 48 56 62 36 40 29 52 58 #SUP: 2449
25 48 56 62 36 40 52 #SUP: 2461
25 48 56 62 36 40 52 58 #SUP: 2461
25 48 56 62 36 29 #SUP: 2467
25 48 56 62 36 29 58 #SUP: 2467
25 48 56 62 36 29 52 #SUP: 2463
25 48 56 62 36 29 52 58 #SUP: 2463
25 48 56 62 36 52 #SUP: 2475
25 48 56 62 36 52 58 #SUP: 2475
25 48 56 62 60 #SUP: 2481
25 48 56 62 60 58 #SUP: 2481
25 48 56 62 60 40 #SUP: 2467
25 48 56 62 60 40 58 #SUP: 2467
25 48 56 62 60 40 29 #SUP: 2455
25 48 56 62 60 40 29 58 #SUP: 2455
25 48 56 62 60 40 29 52 #SUP: 2451
25 48 56 62 60 40 29 52 58 #SUP: 2451
25 48 56 62 60 40 52 #SUP: 2463
25 48 56 62 60 40 52 58 #SUP: 2463
25 48 56 62 60 29 #SUP: 2469
25 48 56 62 60 29 58 #SUP: 2469
25 48 56 62 60 29 52 #SUP: 2465
25 48 56 62 60 29 52 58 #SUP: 2465
25 48 56 62 60 52 #SUP: 2477
25 48 56 62 60 52 58 #SUP: 2477
25 48 56 62 40 #SUP: 2484
25 48 56 62 40 58 #SUP: 2484
25 48 56 62 40 29 #SUP: 2472
25 48 56 62 40 29 58 #SUP: 2472
25 48 56 62 40 29 52 #SUP: 2468
25 48 56 62 40 29 52 58 #SUP: 2468
25 48 56 62 40 52 #SUP: 2480
25 48 56 62 40 52 58 #SUP: 2480
25 48 56 62 29 #SUP: 2486
25 48 56 62 29 58 #SUP: 2486
25 48 56 62 29 52 #SUP: 2482
25 48 56 62 29 52 58 #SUP: 2482
25 48 56 62 52 #SUP: 2494
25 48 56 62 52 58 #SUP: 2494
25 48 56 7 #SUP: 2487
25 48 56 7 36 #SUP: 2468
25 48 56 7 36 60 #SUP: 2450
25 48 56 7 36 60 40 #SUP: 2426
25 48 56 7 36 60 40 29 #SUP: 2420
25 48 56 7 36 60 40 29 52 #SUP: 2416
25 48 56 7 36 60 40 29 52 58 #SUP: 2415
25 48 56 7 36 60 40 29 58 #SUP: 2419
25 48 56 7 36 60 40 52 #SUP: 2422
25 48 56 7 36 60 40 52 58 #SUP: 2421
25 48 56 7 36 60 40 58 #SUP: 2425
25 48 56 7 36 60 29 #SUP: 2444
25 48 56 7 36 60 29 52 #SUP: 2440
25 48 56 7 36 60 29 52 58 #SUP: 2439
25 48 56 7 36 60 29 58 #SUP: 2443
25 48 56 7 36 60 52 #SUP: 2446
25 48 56 7 36 60 52 58 #SUP: 2445
25 48 56 7 36 60 58 #SUP: 2449
25 48 56 7 36 40 #SUP: 2443
25 48 56 7 36 40 29 #SUP: 2437
25 48 56 7 36 40 29 52 #SUP: 2433
25 48 56 7 36 40 29 52 58 #SUP: 2432
25 48 56 7 36 40 29 58 #SUP: 2436
25 48 56 7 36 40 52 #SUP: 2439
25 48 56 7 36 40 52 58 #SUP: 2438
25 48 56 7 36 40 58 #SUP: 2442
25 48 56 7 36 29 #SUP: 2462
25 48 56 7 36 29 52 #SUP: 2458
25 48 56 7 36 29 52 58 #SUP: 2457
25 48 56 7 36 29 58 #SUP: 2461
25 48 56 7 36 52 #SUP: 2464
25 48 56 7 36 52 58 #SUP: 2463
25 48 56 7 36 58 #SUP: 2467
25 48 56 7 60 #SUP: 2469
25 48 56 7 60 40 #SUP: 2445
25 48 56 7 60 40 29 #SUP: 2439
25 48 56 7 60 40 29 52 #SUP: 2435
25 48 56 7 60 40 29 52 58 #SUP: 2434
25 48 56 7 60 40 29 58 #SUP: 2438
25 48 56 7 60 40 52 #SUP: 2441
25 48 56 7 60 40 52 58 #SUP: 2440
25 48 56 7 60 40 58 #SUP: 2444
25 48 56 7 60 29 #SUP: 2463
25 48 56 7 60 29 52 #SUP: 2459
25 48 56 7 60 29 52 58 #SUP: 2458
25 48 56 7 60 29 58 #SUP: 2462
25 48 56 7 60 52 #SUP: 2465
25 48 56 7 60 52 58 #SUP: 2464
25 48 56 7 60 58 #SUP: 2468
25 48 56 7 40 #SUP: 2462
25 48 56 7 40 29 #SUP: 2456
25 48 56 7 40 29 52 #SUP: 2452
25 48 56 7 40 29 52 58 #SUP: 2451
25 48 56 7 40 29 58 #SUP: 2455
25 48 56 7 40 52 #SUP: 2458
25 48 56 7 40 52 58 #SUP: 2457
25 48 56 7 40 58 #SUP: 2461
25 48 56 7 29 #SUP: 2481
25 48 56 7 29 52 #SUP: 2477
25 48 56 7 29 52 58 #SUP: 2476
25 48 56 7 29 58 #SUP: 2480
25 48 56 7 52 #SUP: 2483
25 48 56 7 52 58 #SUP: 2482
25 48 56 7 58 #SUP: 2486
25 48 56 36 #SUP: 2567
25 48 56 36 60 #SUP: 2549
25 48 56 36 60 40 #SUP: 2525
25 48 56 36 60 40 29 #SUP: 2513
25 48 56 36 60 40 29 52 #SUP: 2509
25 48 56 36 60 40 29 52 58 #SUP: 2508
25 48 56 36 60 40 29 58 #SUP: 2512
25 48 56 36 60 40 52 #SUP: 2521
25 48 56 36 60 40 52 58 #SUP: 2520
25 48 56 36 60 40 58 #SUP: 2524
25 48 56 36 60 29 #SUP: 2537
25 48 56 36 60 29 52 #SUP: 2533
25 48 56 36 60 29 52 58 #SUP: 2532
25 48 56 36 60 29 58 #SUP: 2536
25 48 56 36 60 52 #SUP: 2545
25 48 56 36 60 52 58 #SUP: 2544
25 48 56 36 60 58 #SUP: 2548
25 48 56 36 40 #SUP: 2542
25 48 56 36 40 29 #SUP: 2530
25 48 56 36 40 29 52 #SUP: 2526
25 48 56 36 40 29 52 58 #SUP: 2525
25 48 56 36 40 29 58 #SUP: 2529
25 48 56 36 40 52 #SUP: 2538
25 48 56 36 40 52 58 #SUP: 2537
25 48 56 36 40 58 #SUP: 2541
25 48 56 36 29 #SUP: 2555
25 48 56 36 29 52 #SUP: 2551
25 48 56 36 29 52 58 #SUP: 2550
25 48 56 36 29 58 #SUP: 2554
25 48 56 36 52 #SUP: 2563
25 48 56 36 52 58 #SUP: 2562
25 48 56 36 58 #SUP: 2566
25 48 56 60 #SUP: 2568
25 48 56 60 40 #SUP: 2544
25 48 56 60 40 29 #SUP: 2532
25 48 56 60 40 29 52 #SUP: 2528
25 48 56 60 40 29 52 58 #SUP: 2527
25 48 56 60 40 29 58 #SUP: 2531
25 48 56 60 40 52 #SUP: 2540
25 48 56 60 40 52 58 #SUP: 2539
25 48 56 60 40 58 #SUP: 2543
25 48 56 60 29 #SUP: 2556
25 48 56 60 29 52 #SUP: 2552
25 48 56 60 29 52 58 #SUP: 2551
25 48 56 60 29 58 #SUP: 2555
25 48 56 60 52 #SUP: 2564
25 48 56 60 52 58 #SUP: 2563
25 48 56 60 58 #SUP: 2567
25 48 56 40 #SUP: 2561
25 48 56 40 29 #SUP: 2549
25 48 56 40 29 52 #SUP: 2545
25 48 56 40 29 52 58 #SUP: 2544
25 48 56 40 29 58 #SUP: 2548
25 48 56 40 52 #SUP: 2557
25 48 56 40 52 58 #SUP: 2556
25 48 56 40 58 #SUP: 2560
25 48 56 29 #SUP: 2574
25 48 56 29 52 #SUP: 2570
25 48 56 29 52 58 #SUP: 2569
25 48 56 29 58 #SUP: 2573
25 48 56 52 #SUP: 2582
25 48 56 52 58 #SUP: 2581
25 48 56 58 #SUP: 2585
25 48 34 #SUP: 2601
25 48 34 62 #SUP: 2487
25 48 34 62 58 #SUP: 2487
25 48 34 62 36 #SUP: 2468
25 48 34 62 36 58 #SUP: 2468
25 48 34 62 36 60 #SUP: 2451
25 48 34 62 36 60 58 #SUP: 2451
25 48 34 62 36 60 40 #SUP: 2439
25 48 34 62 36 60 40 58 #SUP: 2439
25 48 34 62 36 60 40 29 #SUP: 2435
25 48 34 62 36 60 40 29 58 #SUP: 2435
25 48 34 62 36 60 40 29 52 #SUP: 2427
25 48 34 62 36 60 40 29 52 58 #SUP: 2427
25 48 34 62 36 60 40 52 #SUP: 2431
25 48 34 62 36 60 40 52 58 #SUP: 2431
25 48 34 62 36 60 29 #SUP: 2447
25 48 34 62 36 60 29 58 #SUP: 2447
25 48 34 62 36 60 29 52 #SUP: 2439
25 48 34 62 36 60 29 52 58 #SUP: 2439
25 48 34 62 36 60 52 #SUP: 2443
25 48 34 62 36 60 52 58 #SUP: 2443
25 48 34 62 36 40 #SUP: 2456
25 48 34 62 36 40 58 #SUP: 2456
25 48 34 62 36 40 29 #SUP: 2452
25 48 34 62 36 40 29 58 #SUP: 2452
25 48 34 62 36 40 29 52 #SUP: 2444
25 48 34 62 36 40 29 52 58 #SUP: 2444
25 48 34 62 36 40 52 #SUP: 2448
25 48 34 62 36 40 52 58 #SUP: 2448
25 48 34 62 36 29 #SUP: 2464
25 48 34 62 36 29 58 #SUP: 2464
25 48 34 62 36 29 52 #SUP: 2456
25 48 34 62 36 29 52 58 #SUP: 2456
25 48 34 62 36 52 #SUP: 2460
25 48 34 62 36 52 58 #SUP: 2460
25 48 34 62 60 #SUP: 2470
25 48 34 62 60 58 #SUP: 2470
25 48 34 62 60 40 #SUP: 2458
25 48 34 62 60 40 58 #SUP: 2458
25 48 34 62 60 40 29 #SUP: 2454
25 48 34 62 60 40 29 58 #SUP: 2454
25 48 34 62 60 40 29 52 #SUP: 2446
25 48 34 62 60 40 29 52 58 #SUP: 2446
25 48 34 62 60 40 52 #SUP: 2450
25 48 34 62 60 40 52 58 #SUP: 2450
25 48 34 62 60 29 #SUP: 2466
25 48 34 62 60 29 58 #SUP: 2466
25 48 34 62 60 29 52 #SUP: 2458
25 48 34 62 60 29 52 58 #SUP: 2458
25 48 34 62 60 52 #SUP: 2462
25 48 34 62 60 52 58 #SUP: 2462
25 48 34 62 40 #SUP: 2475
25 48 34 62 40 58 #SUP: 2475
25 48 34 62 40 29 #SUP: 2471
25 48 34 62 40 29 58 #SUP: 2471
25 48 34 62 40 29 52 #SUP: 2463
25 48 34 62 40 29 52 58 #SUP: 2463
25 48 34 62 40 52 #SUP: 2467
25 48 34 62 40 52 58 #SUP: 2467
25 48 34 62 29 #SUP: 2483
25 48 34 62 29 58 #SUP: 2483
25 48 34 62 29 52 #SUP: 2475
25 48 34 62 29 52 58 #SUP: 2475
25 48 34 62 52 #SUP: 2479
25 48 34 62 52 58 #SUP: 2479
25 48 34 7 #SUP: 2492
25 48 34 7 36 #SUP: 2473
25 48 34 7 36 60 #SUP: 2455
25 48 34 7 36 60 40 #SUP: 2433
25 48 34 7 36 60 40 29 #SUP: 2431
25 48 34 7 36 60 40 29 52 #SUP: 2423
25 48 34 7 36 60 40 29 52 58 #SUP: 2422
25 48 34 7 36 60 40 29 58 #SUP: 2430
25 48 34 7 36 60 40 52 #SUP: 2425
25 48 34 7 36 60 40 52 58 #SUP: 2424
25 48 34 7 36 60 40 58 #SUP: 2432
25 48 34 7 36 60 29 #SUP: 2453
25 48 34 7 36 60 29 52 #SUP: 2445
25 48 34 7 36 60 29 52 58 #SUP: 2444
25 48 34 7 36 60 29 58 #SUP: 2452
25 48 34 7 36 60 52 #SUP: 2447
25 48 34 7 36 60 52 58 #SUP: 2446
25 48 34 7 36 60 58 #SUP: 2454
25 48 34 7 36 40 #SUP: 2450
25 48 34 7 36 40 29 #SUP: 2448
25 48 34 7 36 40 29 52 #SUP: 2440
25 48 34 7 36 40 29 52 58 #SUP: 2439
25 48 34 7 36 40 29 58 #SUP: 2447
25 48 34 7 36 40 52 #SUP: 2442
25 48 34 7 36 40 52 58 #SUP: 2441
25 48 34 7 36 40 58 #SUP: 2449
25 48 34 7 36 29 #SUP: 2471
25 48 34 7 36 29 52 #SUP: 2463
25 48 34 7 36 29 52 58 #SUP: 2462
25 48 34 7 36 29 58 #SUP: 2470
25 48 34 7 36 52 #SUP: 2465
25 48 34 7 36 52 58 #SUP: 2464
25 48 34 7 36 58 #SUP: 2472
25 48 34 7 60 #SUP: 2474
25 48 34 7 60 40 #SUP: 2452
25 48 34 7 60 40 29 #SUP: 2450
25 48 34 7 60 40 29 52 #SUP: 2442
25 48 34 7 60 40 29 52 58 #SUP: 2441
25 48 34 7 60 40 29 58 #SUP: 2449
25 48 34 7 60 40 52 #SUP: 2444
25 48 34 7 60 40 52 58 #SUP: 2443
25 48 34 7 60 40 58 #SUP: 2451
25 48 34 7 60 29 #SUP: 2472
25 48 34 7 60 29 52 #SUP: 2464
25 48 34 7 60 29 52 58 #SUP: 2463
25 48 34 7 60 29 58 #SUP: 2471
25 48 34 7 60 52 #SUP: 2466
25 48 34 7 60 52 58 #SUP: 2465
25 48 34 7 60 58 #SUP: 2473
25 48 34 7 40 #SUP: 2469
25 48 34 7 40 29 #SUP: 2467
25 48 34 7 40 29 52 #SUP: 2459
25 48 34 7 40 29 52 58 #SUP: 2458
25 48 34 7 40 29 58 #SUP: 2466
25 48 34 7 40 52 #SUP: 2461
25 48 34 7 40 52 58 #SUP: 2460
25 48 34 7 40 58 #SUP: 2468
25 48 34 7 29 #SUP: 2490
25 48 34 7 29 52 #SUP: 2482
25 48 34 7 29 52 58 #SUP: 2481
25 48 34 7 29 58 #SUP: 2489
25 48 34 7 52 #SUP: 2484
25 48 34 7 52 58 #SUP: 2483
25 48 34 7 58 #SUP: 2491
25 48 34 36 #SUP: 2582
25 48 34 36 60 #SUP: 2564
25 48 34 36 60 40 #SUP: 2542
25 48 34 36 60 40 29 #SUP: 2538
25 48 34 36 60 40 29 52 #SUP: 2530
25 48 34 36 60 40 29 52 58 #SUP: 2529
25 48 34 36 60 40 29 58 #SUP: 2537
25 48 34 36 60 40 52 #SUP: 2534
25 48 34 36 60 40 52 58 #SUP: 2533
25 48 34 36 60 40 58 #SUP: 2541
25 48 34 36 60 29 #SUP: 2560
25 48 34 36 60 29 52 #SUP: 2552
25 48 34 36 60 29 52 58 #SUP: 2551
25 48 34 36 60 29 58 #SUP: 2559
25 48 34 36 60 52 #SUP: 2556
25 48 34 36 60 52 58 #SUP: 2555
25 48 34 36 60 58 #SUP: 2563
25 48 34 36 40 #SUP: 2559
25 48 34 36 40 29 #SUP: 2555
25 48 34 36 40 29 52 #SUP: 2547
25 48 34 36 40 29 52 58 #SUP: 2546
25 48 34 36 40 29 58 #SUP: 2554
25 48 34 36 40 52 #SUP: 2551
25 48 34 36 40 52 58 #SUP: 2550
25 48 34 36 40 58 #SUP: 2558
25 48 34 36 29 #SUP: 2578
25 48 34 36 29 52 #SUP: 2570
25 48 34 36 29 52 58 #SUP: 2569
25 48 34 36 29 58 #SUP: 2577
25 48 34 36 52 #SUP: 2574
25 48 34 36 52 58 #SUP: 2573
25 48 34 36 58 #SUP: 2581
25 48 34 60 #SUP: 2583
25 48 34 60 40 #SUP: 2561
25 48 34 60 40 29 #SUP: 2557
25 48 34 60 40 29 52 #SUP: 2549
25 48 34 60 40 29 52 58 #SUP: 2548
25 48 34 60 40 29 58 #SUP: 2556
25 48 34 60 40 52 #SUP: 2553
25 48 34 60 40 52 58 #SUP: 2552
25 48 34 60 40 58 #SUP: 2560
25 48 34 60 29 #SUP: 2579
25 48 34 60 29 52 #SUP: 2571
25 48 34 60 29 52 58 #SUP: 2570
25 48 34 60 29 58 #SUP: 2578
25 48 34 60 52 #SUP: 2575
25 48 34 60 52 58 #SUP: 2574
25 48 34 60 58 #SUP: 2582
25 48 34 40 #SUP: 2578
25 48 34 40 29 #SUP: 2574
25 48 34 40 29 52 #SUP: 2566
25 48 34 40 29 52 58 #SUP: 2565
25 48 34 40 29 58 #SUP: 2573
25 48 34 40 52 #SUP: 2570
25 48 34 40 52 58 #SUP: 2569
25 48 34 40 58 #SUP: 2577
25 48 34 29 #SUP: 2597
25 48 34 29 52 #SUP: 2589
25 48 34 29 52 58 #SUP: 2588
25 48 34 29 58 #SUP: 2596
25 48 34 52 #SUP: 2593
25 48 34 52 58 #SUP: 2592
25 48 34 58 #SUP: 2600
25 48 62 #SUP: 2627
25 48 62 58 #SUP: 2627
25 48 62 7 #SUP: 2510
25 48 62 7 58 #SUP: 2510
25 48 62 7 36 #SUP: 2491
25 48 62 7 36 58 #SUP: 2491
25 48 62 7 36 60 #SUP: 2474
25 48 62 7 36 60 58 #SUP: 2474
25 48 62 7 36 60 40 #SUP: 2459
25 48 62 7 36 60 40 58 #SUP: 2459
25 48 62 7 36 60 40 29 #SUP: 2453
25 48 62 7 36 60 40 29 58 #SUP: 2453
25 48 62 7 36 60 40 29 52 #SUP: 2443
25 48 62 7 36 60 40 29 52 58 #SUP: 2443
25 48 62 7 36 60 40 52 #SUP: 2449
25 48 62 7 36 60 40 52 58 #SUP: 2449
25 48 62 7 36 60 29 #SUP: 2468
25 48 62 7 36 60 29 58 #SUP: 2468
25 48 62 7 36 60 29 52 #SUP: 2458
25 48 62 7 36 60 29 52 58 #SUP: 2458
25 48 62 7 36 60 52 #SUP: 2464
25 48 62 7 36 60 52 58 #SUP: 2464
25 48 62 7 36 40 #SUP: 2476
25 48 62 7 36 40 58 #SUP: 2476
25 48 62 7 36 40 29 #SUP: 2470
25 48 62 7 36 40 29 58 #SUP: 2470
25 48 62 7 36 40 29 52 #SUP: 2460
25 48 62 7 36 40 29 52 58 #SUP: 2460
25 48 62 7 36 40 52 #SUP: 2466
25 48 62 7 36 40 52 58 #SUP: 2466
25 48 62 7 36 29 #SUP: 2485
25 48 62 7 36 29 58 #SUP: 2485
25 48 62 7 36 29 52 #SUP: 2475
25 48 62 7 36 29 52 58 #SUP: 2475
25 48 62 7 36 52 #SUP: 2481
25 48 62 7 36 52 58 #SUP: 2481
25 48 62 7 60 #SUP: 2493
25 48 62 7 60 58 #SUP: 2493
25 48 62 7 60 40 #SUP: 2478
25 48 62 7 60 40 58 #SUP: 2478
25 48 62 7 60 40 29 #SUP: 2472
25 48 62 7 60 40 29 58 #SUP: 2472
25 48 62 7 60 40 29 52 #SUP: 2462
25 48 62 7 60 40 29 52 58 #SUP: 2462
25 48 62 7 60 40 52 #SUP: 2468
25 48 62 7 60 40 52 58 #SUP: 2468
25 48 62 7 60 29 #SUP: 2487
25 48 62 7 60 29 58 #SUP: 2487
25 48 62 7 60 29 52 #SUP: 2477
25 48 62 7 60 29 52 58 #SUP: 2477
25 48 62 7 60 52 #SUP: 2483
25 48 62 7 60 52 58 #SUP: 2483
25 48 62 7 40 #SUP: 2495
25 48 62 7 40 58 #SUP: 2495
25 48 62 7 40 29 #SUP: 2489
25 48 62 7 40 29 58 #SUP: 2489
25 48 62 7 40 29 52 #SUP: 2479
25 48 62 7 40 29 52 58 #SUP: 2479
25 48 62 7 40 52 #SUP: 2485
25 48 62 7 40 52 58 #SUP: 2485
25 48 62 7 29 #SUP: 2504
25 48 62 7 29 58 #SUP: 2504
25 48 62 7 29 52 #SUP: 2494
25 48 62 7 29 52 58 #SUP: 2494
25 48 62 7 52 #SUP: 2500
25 48 62 7 52 58 #SUP: 2500
25 48 62 36 #SUP: 2608
25 48 62 36 58 #SUP: 2608
25 48 62 36 60 #SUP: 2591
25 48 62 36 60 58 #SUP: 2591
25 48 62 36 60 40 #SUP: 2576
25 48 62 36 60 40 58 #SUP: 2576
25 48 62 36 60 40 29 #SUP: 2564
25 48 62 36 60 40 29 58 #SUP: 2564
25 48 62 36 60 40 29 52 #SUP: 2554
25 48 62 36 60 40 29 52 58 #SUP: 2554
25 48 62 36 60 40 52 #SUP: 2566
25 48 62 36 60 40 52 58 #SUP: 2566
25 48 62 36 60 29 #SUP: 2579
25 48 62 36 60 29 58 #SUP: 2579
25 48 62 36 60 29 52 #SUP: 2569
25 48 62 36 60 29 52 58 #SUP: 2569
25 48 62 36 60 52 #SUP: 2581
25 48 62 36 60 52 58 #SUP: 2581
25 48 62 36 40 #SUP: 2593
25 48 62 36 40 58 #SUP: 2593
25 48 62 36 40 29 #SUP: 2581
25 48 62 36 40 29 58 #SUP: 2581
25 48 62 36 40 29 52 #SUP: 2571
25 48 62 36 40 29 52 58 #SUP: 2571
25 48 62 36 40 52 #SUP: 2583
25 48 62 36 40 52 58 #SUP: 2583
25 48 62 36 29 #SUP: 2596
25 48 62 36 29 58 #SUP: 2596
25 48 62 36 29 52 #SUP: 2586
25 48 62 36 29 52 58 #SUP: 2586
25 48 62 36 52 #SUP: 2598
25 48 62 36 52 58 #SUP: 2598
25 48 62 60 #SUP: 2610
25 48 62 60 58 #SUP: 2610
25 48 62 60 40 #SUP: 2595
25 48 62 60 40 58 #SUP: 2595
25 48 62 60 40 29 #SUP: 2583
25 48 62 60 40 29 58 #SUP: 2583
25 48 62 60 40 29 52 #SUP: 2573
25 48 62 60 40 29 52 58 #SUP: 2573
25 48 62 60 40 52 #SUP: 2585
25 48 62 60 40 52 58 #SUP: 2585
25 48 62 60 29 #SUP: 2598
25 48 62 60 29 58 #SUP: 2598
25 48 62 60 29 52 #SUP: 2588
25 48 62 60 29 52 58 #SUP: 2588
25 48 62 60 52 #SUP: 2600
25 48 62 60 52 58 #SUP: 2600
25 48 62 40 #SUP: 2612
25 48 62 40 58 #SUP: 2612
25 48 62 40 29 #SUP: 2600
25 48 62 40 29 58 #SUP: 2600
25 48 62 40 29 52 #SUP: 2590
25 48 62 40 29 52 58 #SUP: 2590
25 48 62 40 52 #SUP: 2602
25 48 62 40 52 58 #SUP: 2602
25 48 62 29 #SUP: 2615
25 48 62 29 58 #SUP: 2615
25 48 62 29 52 #SUP: 2605
25 48 62 29 52 58 #SUP: 2605
25 48 62 52 #SUP: 2617
25 48 62 52 58 #SUP: 2617
25 48 7 #SUP: 2632
25 48 7 36 #SUP: 2613
25 48 7 36 60 #SUP: 2595
25 48 7 36 60 40 #SUP: 2570
25 48 7 36 60 40 29 #SUP: 2564
25 48 7 36 60 40 29 52 #SUP: 2554
25 48 7 36 60 40 29 52 58 #SUP: 2553
25 48 7 36 60 40 29 58 #SUP: 2563
25 48 7 36 60 40 52 #SUP: 2560
25 48 7 36 60 40 52 58 #SUP: 2559
25 48 7 36 60 40 58 #SUP: 2569
25 48 7 36 60 29 #SUP: 2589
25 48 7 36 60 29 52 #SUP: 2579
25 48 7 36 60 29 52 58 #SUP: 2578
25 48 7 36 60 29 58 #SUP: 2588
25 48 7 36 60 52 #SUP: 2585
25 48 7 36 60 52 58 #SUP: 2584
25 48 7 36 60 58 #SUP: 2594
25 48 7 36 40 #SUP: 2587
25 48 7 36 40 29 #SUP: 2581
25 48 7 36 40 29 52 #SUP: 2571
25 48 7 36 40 29 52 58 #SUP: 2570
25 48 7 36 40 29 58 #SUP: 2580
25 48 7 36 40 52 #SUP: 2577
25 48 7 36 40 52 58 #SUP: 2576
25 48 7 36 40 58 #SUP: 2586
25 48 7 36 29 #SUP: 2607
25 48 7 36 29 52 #SUP: 2597
25 48 7 36 29 52 58 #SUP: 2596
25 48 7 36 29 58 #SUP: 2606
25 48 7 36 52 #SUP: 2603
25 48 7 36 52 58 #SUP: 2602
25 48 7 36 58 #SUP: 2612
25 48 7 60 #SUP: 2614
25 48 7 60 40 #SUP: 2589
25 48 7 60 40 29 #SUP: 2583
25 48 7 60 40 29 52 #SUP: 2573
25 48 7 60 40 29 52 58 #SUP: 2572
25 48 7 60 40 29 58 #SUP: 2582
25 48 7 60 40 52 #SUP: 2579
25 48 7 60 40 52 58 #SUP: 2578
25 48 7 60 40 58 #SUP: 2588
25 48 7 60 29 #SUP: 2608
25 48 7 60 29 52 #SUP: 2598
25 48 7 60 29 52 58 #SUP: 2597
25 48 7 60 29 58 #SUP: 2607
25 48 7 60 52 #SUP: 2604
25 48 7 60 52 58 #SUP: 2603
25 48 7 60 58 #SUP: 2613
25 48 7 40 #SUP: 2606
25 48 7 40 29 #SUP: 2600
25 48 7 40 29 52 #SUP: 2590
25 48 7 40 29 52 58 #SUP: 2589
25 48 7 40 29 58 #SUP: 2599
25 48 7 40 52 #SUP: 2596
25 48 7 40 52 58 #SUP: 2595
25 48 7 40 58 #SUP: 2605
25 48 7 29 #SUP: 2626
25 48 7 29 52 #SUP: 2616
25 48 7 29 52 58 #SUP: 2615
25 48 7 29 58 #SUP: 2625
25 48 7 52 #SUP: 2622
25 48 7 52 58 #SUP: 2621
25 48 7 58 #SUP: 2631
25 48 36 #SUP: 2730
25 48 36 60 #SUP: 2712
25 48 36 60 40 #SUP: 2687
25 48 36 60 40 29 #SUP: 2675
25 48 36 60 40 29 52 #SUP: 2665
25 48 36 60 40 29 52 58 #SUP: 2664
25 48 36 60 40 29 58 #SUP: 2674
25 48 36 60 40 52 #SUP: 2677
25 48 36 60 40 52 58 #SUP: 2676
25 48 36 60 40 58 #SUP: 2686
25 48 36 60 29 #SUP: 2700
25 48 36 60 29 52 #SUP: 2690
25 48 36 60 29 52 58 #SUP: 2689
25 48 36 60 29 58 #SUP: 2699
25 48 36 60 52 #SUP: 2702
25 48 36 60 52 58 #SUP: 2701
25 48 36 60 58 #SUP: 2711
25 48 36 40 #SUP: 2704
25 48 36 40 29 #SUP: 2692
25 48 36 40 29 52 #SUP: 2682
25 48 36 40 29 52 58 #SUP: 2681
25 48 36 40 29 58 #SUP: 2691
25 48 36 40 52 #SUP: 2694
25 48 36 40 52 58 #SUP: 2693
25 48 36 40 58 #SUP: 2703
25 48 36 29 #SUP: 2718
25 48 36 29 52 #SUP: 2708
25 48 36 29 52 58 #SUP: 2707
25 48 36 29 58 #SUP: 2717
25 48 36 52 #SUP: 2720
25 48 36 52 58 #SUP: 2719
25 48 36 58 #SUP: 2729
25 48 60 #SUP: 2731
25 48 60 40 #SUP: 2706
25 48 60 40 29 #SUP: 2694
25 48 60 40 29 52 #SUP: 2684
25 48 60 40 29 52 58 #SUP: 2683
25 48 60 40 29 58 #SUP: 2693
25 48 60 40 52 #SUP: 2696
25 48 60 40 52 58 #SUP: 2695
25 48 60 40 58 #SUP: 2705
25 48 60 29 #SUP: 2719
25 48 60 29 52 #SUP: 2709
25 48 60 29 52 58 #SUP: 2708
25 48 60 29 58 #SUP: 2718
25 48 60 52 #SUP: 2721
25 48 60 52 58 #SUP: 2720
25 48 60 58 #SUP: 2730
25 48 40 #SUP: 2723
25 48 40 29 #SUP: 2711
25 48 40 29 52 #SUP: 2701
25 48 40 29 52 58 #SUP: 2700
25 48 40 29 58 #SUP: 2710
25 48 40 52 #SUP: 2713
25 48 40 52 58 #SUP: 2712
25 48 40 58 #SUP: 2722
25 48 29 #SUP: 2737
25 48 29 52 #SUP: 2727
25 48 29 52 58 #SUP: 2726
25 48 29 58 #SUP: 2736
25 48 52 #SUP: 2739
25 48 52 58 #SUP: 2738
25 48 58 #SUP: 2748
25 66 #SUP: 2715
25 66 56 #SUP: 2552
25 66 56 34 #SUP: 2441
25 66 56 34 60 #SUP: 2441
25 66 56 34 60 40 #SUP: 2420
25 66 56 34 60 40 29 #SUP: 2416
25 66 56 34 60 40 29 52 #SUP: 2412
25 66 56 34 60 40 29 52 58 #SUP: 2411
25 66 56 34 60 40 29 58 #SUP: 2415
25 66 56 34 60 40 52 #SUP: 2416
25 66 56 34 60 40 52 58 #SUP: 2415
25 66 56 34 60 40 58 #SUP: 2419
25 66 56 34 60 29 #SUP: 2437
25 66 56 34 60 29 52 #SUP: 2433
25 66 56 34 60 29 52 58 #SUP: 2432
25 66 56 34 60 29 58 #SUP: 2436
25 66 56 34 60 52 #SUP: 2437
25 66 56 34 60 52 58 #SUP: 2436
25 66 56 34 60 58 #SUP: 2440
25 66 56 34 40 #SUP: 2420
25 66 56 34 40 29 #SUP: 2416
25 66 56 34 40 29 52 #SUP: 2412
25 66 56 34 40 29 52 58 #SUP: 2411
25 66 56 34 40 29 58 #SUP: 2415
25 66 56 34 40 52 #SUP: 2416
25 66 56 34 40 52 58 #SUP: 2415
25 66 56 34 40 58 #SUP: 2419
25 66 56 34 29 #SUP: 2437
25 66 56 34 29 52 #SUP: 2433
25 66 56 34 29 52 58 #SUP: 2432
25 66 56 34 29 58 #SUP: 2436
25 66 56 34 52 #SUP: 2437
25 66 56 34 52 58 #SUP: 2436
25 66 56 34 58 #SUP: 2440
25 66 56 62 #SUP: 2471
25 66 56 62 58 #SUP: 2471
25 66 56 62 36 #SUP: 2405
25 66 56 62 36 58 #SUP: 2405
25 66 56 62 36 60 #SUP: 2405
25 66 56 62 36 60 58 #SUP: 2405
25 66 56 62 36 60 29 #SUP: 2397
25 66 56 62 36 60 29 58 #SUP: 2397
25 66 56 62 36 60 52 #SUP: 2401
25 66 56 62 36 60 52 58 #SUP: 2401
25 66 56 62 36 29 #SUP: 2397
25 66 56 62 36 29 58 #SUP: 2397
25 66 56 62 36 52 #SUP: 2401
25 66 56 62 36 52 58 #SUP: 2401
25 66 56 62 60 #SUP: 2471
25 66 56 62 60 58 #SUP: 2471
25 66 56 62 60 40 #SUP: 2457
25 66 56 62 60 40 58 #SUP: 2457
25 66 56 62 60 40 29 #SUP: 2449
25 66 56 62 60 40 29 58 #SUP: 2449
25 66 56 62 60 40 29 52 #SUP: 2445
25 66 56 62 60 40 29 52 58 #SUP: 2445
25 66 56 62 60 40 52 #SUP: 2453
25 66 56 62 60 40 52 58 #SUP: 2453
25 66 56 62 60 29 #SUP: 2463
25 66 56 62 60 29 58 #SUP: 2463
25 66 56 62 60 29 52 #SUP: 2459
25 66 56 62 60 29 52 58 #SUP: 2459
25 66 56 62 60 52 #SUP: 2467
25 66 56 62 60 52 58 #SUP: 2467
25 66 56 62 40 #SUP: 2457
25 66 56 62 40 58 #SUP: 2457
25 66 56 62 40 29 #SUP: 2449
25 66 56 62 40 29 58 #SUP: 2449
25 66 56 62 40 29 52 #SUP: 2445
25 66 56 62 40 29 52 58 #SUP: 2445
25 66 56 62 40 52 #SUP: 2453
25 66 56 62 40 52 58 #SUP: 2453
25 66 56 62 29 #SUP: 2463
25 66 56 62 29 58 #SUP: 2463
25 66 56 62 29 52 #SUP: 2459
25 66 56 62 29 52 58 #SUP: 2459
25 66 56 62 52 #SUP: 2467
25 66 56 62 52 58 #SUP: 2467
25 66 56 7 #SUP: 2455
25 66 56 7 60 #SUP: 2455
25 66 56 7 60 40 #SUP: 2432
25 66 56 7 60 40 29 #SUP: 2428
25 66 56 7 60 40 29 52 #SUP: 2424
25 66 56 7 60 40 29 52 58 #SUP: 2423
25 66 56 7 60 40 29 58 #SUP: 2427
25 66 56 7 60 40 52 #SUP: 2428
25 66 56 7 60 40 52 58 #SUP: 2427
25 66 56 7 60 40 58 #SUP: 2431
25 66 56 7 60 29 #SUP: 2451
25 66 56 7 60 29 52 #SUP: 2447
25 66 56 7 60 29 52 58 #SUP: 2446
25 66 56 7 60 29 58 #SUP: 2450
25 66 56 7 60 52 #SUP: 2451
25 66 56 7 60 52 58 #SUP: 2450
25 66 56 7 60 58 #SUP: 2454
25 66 56 7 40 #SUP: 2432
25 66 56 7 40 29 #SUP: 2428
25 66 56 7 40 29 52 #SUP: 2424
25 66 56 7 40 29 52 58 #SUP: 2423
25 66 56 7 40 29 58 #SUP: 2427
25 66 56 7 40 52 #SUP: 2428
25 66 56 7 40 52 58 #SUP: 2427
25 66 56 7 40 58 #SUP: 2431
25 66 56 7 29 #SUP: 2451
25 66 56 7 29 52 #SUP: 2447
25 66 56 7 29 52 58 #SUP: 2446
25 66 56 7 29 58 #SUP: 2450
25 66 56 7 52 #SUP: 2451
25 66 56 7 52 58 #SUP: 2450
25 66 56 7 58 #SUP: 2454
25 66 56 36 #SUP: 2486
25 66 56 36 60 #SUP: 2486
25 66 56 36 60 40 #SUP: 2463
25 66 56 36 60 40 29 #SUP: 2455
25 66 56 36 60 40 29 52 #SUP: 2451
25 66 56 36 60 40 29 52 58 #SUP: 2450
25 66 56 36 60 40 29 58 #SUP: 2454
25 66 56 36 60 40 52 #SUP: 2459
25 66 56 36 60 40 52 58 #SUP: 2458
25 66 56 36 60 40 58 #SUP: 2462
25 66 56 36 60 29 #SUP: 2478
25 66 56 36 60 29 52 #SUP: 2474
25 66 56 36 60 29 52 58 #SUP: 2473
25 66 56 36 60 29 58 #SUP: 2477
25 66 56 36 60 52 #SUP: 2482
25 66 56 36 60 52 58 #SUP: 2481
25 66 56 36 60 58 #SUP: 2485
25 66 56 36 40 #SUP: 2463
25 66 56 36 40 29 #SUP: 2455
25 66 56 36 40 29 52 #SUP: 2451
25 66 56 36 40 29 52 58 #SUP: 2450
25 66 56 36 40 29 58 #SUP: 2454
25 66 56 36 40 52 #SUP: 2459
25 66 56 36 40 52 58 #SUP: 2458
25 66 56 36 40 58 #SUP: 2462
25 66 56 36 29 #SUP: 2478
25 66 56 36 29 52 #SUP: 2474
25 66 56 36 29 52 58 #SUP: 2473
25 66 56 36 29 58 #SUP: 2477
25 66 56 36 52 #SUP: 2482
25 66 56 36 52 58 #SUP: 2481
25 66 56 36 58 #SUP: 2485
25 66 56 60 #SUP: 2552
25 66 56 60 40 #SUP: 2529
25 66 56 60 40 29 #SUP: 2521
25 66 56 60 40 29 52 #SUP: 2517
25 66 56 60 40 29 52 58 #SUP: 2516
25 66 56 60 40 29 58 #SUP: 2520
25 66 56 60 40 52 #SUP: 2525
25 66 56 60 40 52 58 #SUP: 2524
25 66 56 60 40 58 #SUP: 2528
25 66 56 60 29 #SUP: 2544
25 66 56 60 29 52 #SUP: 2540
25 66 56 60 29 52 58 #SUP: 2539
25 66 56 60 29 58 #SUP: 2543
25 66 56 60 52 #SUP: 2548
25 66 56 60 52 58 #SUP: 2547
25 66 56 60 58 #SUP: 2551
25 66 56 40 #SUP: 2529
25 66 56 40 29 #SUP: 2521
25 66 56 40 29 52 #SUP: 2517
25 66 56 40 29 52 58 #SUP: 2516
25 66 56 40 29 58 #SUP: 2520
25 66 56 40 52 #SUP: 2525
25 66 56 40 52 58 #SUP: 2524
25 66 56 40 58 #SUP: 2528
25 66 56 29 #SUP: 2544
25 66 56 29 52 #SUP: 2540
25 66 56 29 52 58 #SUP: 2539
25 66 56 29 58 #SUP: 2543
25 66 56 52 #SUP: 2548
25 66 56 52 58 #SUP: 2547
25 66 56 58 #SUP: 2551
25 66 34 #SUP: 2585
25 66 34 62 #SUP: 2478
25 66 34 62 58 #SUP: 2478
25 66 34 62 36 #SUP: 2412
25 66 34 62 36 58 #SUP: 2412
25 66 34 62 36 60 #SUP: 2412
25 66 34 62 36 60 58 #SUP: 2412
25 66 34 62 36 60 40 #SUP: 2400
25 66 34 62 36 60 40 58 #SUP: 2400
25 66 34 62 36 60 29 #SUP: 2408
25 66 34 62 36 60 29 58 #SUP: 2408
25 66 34 62 36 60 29 52 #SUP: 2400
25 66 34 62 36 60 29 52 58 #SUP: 2400
25 66 34 62 36 60 52 #SUP: 2404
25 66 34 62 36 60 52 58 #SUP: 2404
25 66 34 62 36 40 #SUP: 2400
25 66 34 62 36 40 58 #SUP: 2400
25 66 34 62 36 29 #SUP: 2408
25 66 34 62 36 29 58 #SUP: 2408
25 66 34 62 36 29 52 #SUP: 2400
25 66 34 62 36 29 52 58 #SUP: 2400
25 66 34 62 36 52 #SUP: 2404
25 66 34 62 36 52 58 #SUP: 2404
25 66 34 62 60 #SUP: 2478
25 66 34 62 60 58 #SUP: 2478
25 66 34 62 60 40 #SUP: 2466
25 66 34 62 60 40 58 #SUP: 2466
25 66 34 62 60 40 29 #SUP: 2462
25 66 34 62 60 40 29 58 #SUP: 2462
25 66 34 62 60 40 29 52 #SUP: 2454
25 66 34 62 60 40 29 52 58 #SUP: 2454
25 66 34 62 60 40 52 #SUP: 2458
25 66 34 62 60 40 52 58 #SUP: 2458
25 66 34 62 60 29 #SUP: 2474
25 66 34 62 60 29 58 #SUP: 2474
25 66 34 62 60 29 52 #SUP: 2466
25 66 34 62 60 29 52 58 #SUP: 2466
25 66 34 62 60 52 #SUP: 2470
25 66 34 62 60 52 58 #SUP: 2470
25 66 34 62 40 #SUP: 2466
25 66 34 62 40 58 #SUP: 2466
25 66 34 62 40 29 #SUP: 2462
25 66 34 62 40 29 58 #SUP: 2462
25 66 34 62 40 29 52 #SUP: 2454
25 66 34 62 40 29 52 58 #SUP: 2454
25 66 34 62 40 52 #SUP: 2458
25 66 34 62 40 52 58 #SUP: 2458
25 66 34 62 29 #SUP: 2474
25 66 34 62 29 58 #SUP: 2474
25 66 34 62 29 52 #SUP: 2466
25 66 34 62 29 52 58 #SUP: 2466
25 66 34 62 52 #SUP: 2470
25 66 34 62 52 58 #SUP: 2470
25 66 34 7 #SUP: 2476
25 66 34 7 36 #SUP: 2410
25 66 34 7 36 60 #SUP: 2410
25 66 34 7 36 60 29 #SUP: 2408
25 66 34 7 36 60 29 52 #SUP: 2400
25 66 34 7 36 60 29 52 58 #SUP: 2399
25 66 34 7 36 60 29 58 #SUP: 2407
25 66 34 7 36 60 52 #SUP: 2402
25 66 34 7 36 60 52 58 #SUP: 2401
25 66 34 7 36 60 58 #SUP: 2409
25 66 34 7 36 29 #SUP: 2408
25 66 34 7 36 29 52 #SUP: 2400
25 66 34 7 36 29 52 58 #SUP: 2399
25 66 34 7 36 29 58 #SUP: 2407
25 66 34 7 36 52 #SUP: 2402
25 66 34 7 36 52 58 #SUP: 2401
25 66 34 7 36 58 #SUP: 2409
25 66 34 7 60 #SUP: 2476
25 66 34 7 60 40 #SUP: 2455
25 66 34 7 60 40 29 #SUP: 2453
25 66 34 7 60 40 29 52 #SUP: 2445
25 66 34 7 60 40 29 52 58 #SUP: 2444
25 66 34 7 60 40 29 58 #SUP: 2452
25 66 34 7 60 40 52 #SUP: 2447
25 66 34 7 60 40 52 58 #SUP: 2446
25 66 34 7 60 40 58 #SUP: 2454
25 66 34 7 60 29 #SUP: 2474
25 66 34 7 60 29 52 #SUP: 2466
25 66 34 7 60 29 52 58 #SUP: 2465
25 66 34 7 60 29 58 #SUP: 2473
25 66 34 7 60 52 #SUP: 2468
25 66 34 7 60 52 58 #SUP: 2467
25 66 34 7 60 58 #SUP: 2475
25 66 34 7 40 #SUP: 2455
25 66 34 7 40 29 #SUP: 2453
25 66 34 7 40 29 52 #SUP: 2445
25 66 34 7 40 29 52 58 #SUP: 2444
25 66 34 7 40 29 58 #SUP: 2452
25 66 34 7 40 52 #SUP: 2447
25 66 34 7 40 52 58 #SUP: 2446
25 66 34 7 40 58 #SUP: 2454
25 66 34 7 29 #SUP: 2474
25 66 34 7 29 52 #SUP: 2466
25 66 34 7 29 52 58 #SUP: 2465
25 66 34 7 29 58 #SUP: 2473
25 66 34 7 52 #SUP: 2468
25 66 34 7 52 58 #SUP: 2467
25 66 34 7 58 #SUP: 2475
25 66 34 36 #SUP: 2519
25 66 34 36 60 #SUP: 2519
25 66 34 36 60 40 #SUP: 2498
25 66 34 36 60 40 29 #SUP: 2494
25 66 34 36 60 40 29 52 #SUP: 2486
25 66 34 36 60 40 29 52 58 #SUP: 2485
25 66 34 36 60 40 29 58 #SUP: 2493
25 66 34 36 60 40 52 #SUP: 2490
25 66 34 36 60 40 52 58 #SUP: 2489
25 66 34 36 60 40 58 #SUP: 2497
25 66 34 36 60 29 #SUP: 2515
25 66 34 36 60 29 52 #SUP: 2507
25 66 34 36 60 29 52 58 #SUP: 2506
25 66 34 36 60 29 58 #SUP: 2514
25 66 34 36 60 52 #SUP: 2511
25 66 34 36 60 52 58 #SUP: 2510
25 66 34 36 60 58 #SUP: 2518
25 66 34 36 40 #SUP: 2498
25 66 34 36 40 29 #SUP: 2494
25 66 34 36 40 29 52 #SUP: 2486
25 66 34 36 40 29 52 58 #SUP: 2485
25 66 34 36 40 29 58 #SUP: 2493
25 66 34 36 40 52 #SUP: 2490
25 66 34 36 40 52 58 #SUP: 2489
25 66 34 36 40 58 #SUP: 2497
25 66 34 36 29 #SUP: 2515
25 66 34 36 29 52 #SUP: 2507
25 66 34 36 29 52 58 #SUP: 2506
25 66 34 36 29 58 #SUP: 2514
25 66 34 36 52 #SUP: 2511
25 66 34 36 52 58 #SUP: 2510
25 66 34 36 58 #SUP: 2518
25 66 34 60 #SUP: 2585
25 66 34 60 40 #SUP: 2564
25 66 34 60 40 29 #SUP: 2560
25 66 34 60 40 29 52 #SUP: 2552
25 66 34 60 40 29 52 58 #SUP: 2551
25 66 34 60 40 29 58 #SUP: 2559
25 66 34 60 40 52 #SUP: 2556
25 66 34 60 40 52 58 #SUP: 2555
25 66 34 60 40 58 #SUP: 2563
25 66 34 60 29 #SUP: 2581
25 66 34 60 29 52 #SUP: 2573
25 66 34 60 29 52 58 #SUP: 2572
25 66 34 60 29 58 #SUP: 2580
25 66 34 60 52 #SUP: 2577
25 66 34 60 52 58 #SUP: 2576
25 66 34 60 58 #SUP: 2584
25 66 34 40 #SUP: 2564
25 66 34 40 29 #SUP: 2560
25 66 34 40 29 52 #SUP: 2552
25 66 34 40 29 52 58 #SUP: 2551
25 66 34 40 29 58 #SUP: 2559
25 66 34 40 52 #SUP: 2556
25 66 34 40 52 58 #SUP: 2555
25 66 34 40 58 #SUP: 2563
25 66 34 29 #SUP: 2581
25 66 34 29 52 #SUP: 2573
25 66 34 29 52 58 #SUP: 2572
25 66 34 29 58 #SUP: 2580
25 66 34 52 #SUP: 2577
25 66 34 52 58 #SUP: 2576
25 66 34 58 #SUP: 2584
25 66 62 #SUP: 2600
25 66 62 58 #SUP: 2600
25 66 62 7 #SUP: 2485
25 66 62 7 58 #SUP: 2485
25 66 62 7 36 #SUP: 2419
25 66 62 7 36 58 #SUP: 2419
25 66 62 7 36 60 #SUP: 2419
25 66 62 7 36 60 58 #SUP: 2419
25 66 62 7 36 60 40 #SUP: 2404
25 66 62 7 36 60 40 58 #SUP: 2404
25 66 62 7 36 60 40 29 #SUP: 2400
25 66 62 7 36 60 40 29 58 #SUP: 2400
25 66 62 7 36 60 29 #SUP: 2415
25 66 62 7 36 60 29 58 #SUP: 2415
25 66 62 7 36 60 29 52 #SUP: 2405
25 66 62 7 36 60 29 52 58 #SUP: 2405
25 66 62 7 36 60 52 #SUP: 2409
25 66 62 7 36 60 52 58 #SUP: 2409
25 66 62 7 36 40 #SUP: 2404
25 66 62 7 36 40 58 #SUP: 2404
25 66 62 7 36 40 29 #SUP: 2400
25 66 62 7 36 40 29 58 #SUP: 2400
25 66 62 7 36 29 #SUP: 2415
25 66 62 7 36 29 58 #SUP: 2415
25 66 62 7 36 29 52 #SUP: 2405
25 66 62 7 36 29 52 58 #SUP: 2405
25 66 62 7 36 52 #SUP: 2409
25 66 62 7 36 52 58 #SUP: 2409
25 66 62 7 60 #SUP: 2485
25 66 62 7 60 58 #SUP: 2485
25 66 62 7 60 40 #SUP: 2470
25 66 62 7 60 40 58 #SUP: 2470
25 66 62 7 60 40 29 #SUP: 2466
25 66 62 7 60 40 29 58 #SUP: 2466
25 66 62 7 60 40 29 52 #SUP: 2456
25 66 62 7 60 40 29 52 58 #SUP: 2456
25 66 62 7 60 40 52 #SUP: 2460
25 66 62 7 60 40 52 58 #SUP: 2460
25 66 62 7 60 29 #SUP: 2481
25 66 62 7 60 29 58 #SUP: 2481
25 66 62 7 60 29 52 #SUP: 2471
25 66 62 7 60 29 52 58 #SUP: 2471
25 66 62 7 60 52 #SUP: 2475
25 66 62 7 60 52 58 #SUP: 2475
25 66 62 7 40 #SUP: 2470
25 66 62 7 40 58 #SUP: 2470
25 66 62 7 40 29 #SUP: 2466
25 66 62 7 40 29 58 #SUP: 2466
25 66 62 7 40 29 52 #SUP: 2456
25 66 62 7 40 29 52 58 #SUP: 2456
25 66 62 7 40 52 #SUP: 2460
25 66 62 7 40 52 58 #SUP: 2460
25 66 62 7 29 #SUP: 2481
25 66 62 7 29 58 #SUP: 2481
25 66 62 7 29 52 #SUP: 2471
25 66 62 7 29 52 58 #SUP: 2471
25 66 62 7 52 #SUP: 2475
25 66 62 7 52 58 #SUP: 2475
25 66 62 36 #SUP: 2534
25 66 62 36 58 #SUP: 2534
25 66 62 36 60 #SUP: 2534
25 66 62 36 60 58 #SUP: 2534
25 66 62 36 60 40 #SUP: 2519
25 66 62 36 60 40 58 #SUP: 2519
25 66 62 36 60 40 29 #SUP: 2511
25 66 62 36 60 40 29 58 #SUP: 2511
25 66 62 36 60 40 29 52 #SUP: 2501
25 66 62 36 60 40 29 52 58 #SUP: 2501
25 66 62 36 60 40 52 #SUP: 2509
25 66 62 36 60 40 52 58 #SUP: 2509
25 66 62 36 60 29 #SUP: 2526
25 66 62 36 60 29 58 #SUP: 2526
25 66 62 36 60 29 52 #SUP: 2516
25 66 62 36 60 29 52 58 #SUP: 2516
25 66 62 36 60 52 #SUP: 2524
25 66 62 36 60 52 58 #SUP: 2524
25 66 62 36 40 #SUP: 2519
25 66 62 36 40 58 #SUP: 2519
25 66 62 36 40 29 #SUP: 2511
25 66 62 36 40 29 58 #SUP: 2511
25 66 62 36 40 29 52 #SUP: 2501
25 66 62 36 40 29 52 58 #SUP: 2501
25 66 62 36 40 52 #SUP: 2509
25 66 62 36 40 52 58 #SUP: 2509
25 66 62 36 29 #SUP: 2526
25 66 62 36 29 58 #SUP: 2526
25 66 62 36 29 52 #SUP: 2516
25 66 62 36 29 52 58 #SUP: 2516
25 66 62 36 52 #SUP: 2524
25 66 62 36 52 58 #SUP: 2524
25 66 62 60 #SUP: 2600
25 66 62 60 58 #SUP: 2600
25 66 62 60 40 #SUP: 2585
25 66 62 60 40 58 #SUP: 2585
25 66 62 60 40 29 #SUP: 2577
25 66 62 60 40 29 58 #SUP: 2577
25 66 62 60 40 29 52 #SUP: 2567
25 66 62 60 40 29 52 58 #SUP: 2567
25 66 62 60 40 52 #SUP: 2575
25 66 62 60 40 52 58 #SUP: 2575
25 66 62 60 29 #SUP: 2592
25 66 62 60 29 58 #SUP: 2592
25 66 62 60 29 52 #SUP: 2582
25 66 62 60 29 52 58 #SUP: 2582
25 66 62 60 52 #SUP: 2590
25 66 62 60 52 58 #SUP: 2590
25 66 62 40 #SUP: 2585
25 66 62 40 58 #SUP: 2585
25 66 62 40 29 #SUP: 2577
25 66 62 40 29 58 #SUP: 2577
25 66 62 40 29 52 #SUP: 2567
25 66 62 40 29 52 58 #SUP: 2567
25 66 62 40 52 #SUP: 2575
25 66 62 40 52 58 #SUP: 2575
25 66 62 29 #SUP: 2592
25 66 62 29 58 #SUP: 2592
25 66 62 29 52 #SUP: 2582
25 66 62 29 52 58 #SUP: 2582
25 66 62 52 #SUP: 2590
25 66 62 52 58 #SUP: 2590
25 66 7 #SUP: 2600
25 66 7 36 #SUP: 2534
25 66 7 36 60 #SUP: 2534
25 66 7 36 60 40 #SUP: 2510
25 66 7 36 60 40 29 #SUP: 2506
25 66 7 36 60 40 29 52 #SUP: 2496
25 66 7 36 60 40 29 52 58 #SUP: 2495
25 66 7 36 60 40 29 58 #SUP: 2505
25 66 7 36 60 40 52 #SUP: 2500
25 66 7 36 60 40 52 58 #SUP: 2499
25 66 7 36 60 40 58 #SUP: 2509
25 66 7 36 60 29 #SUP: 2530
25 66 7 36 60 29 52 #SUP: 2520
25 66 7 36 60 29 52 58 #SUP: 2519
25 66 7 36 60 29 58 #SUP: 2529
25 66 7 36 60 52 #SUP: 2524
25 66 7 36 60 52 58 #SUP: 2523
25 66 7 36 60 58 #SUP: 2533
25 66 7 36 40 #SUP: 2510
25 66 7 36 40 29 #SUP: 2506
25 66 7 36 40 29 52 #SUP: 2496
25 66 7 36 40 29 52 58 #SUP: 2495
25 66 7 36 40 29 58 #SUP: 2505
25 66 7 36 40 52 #SUP: 2500
25 66 7 36 40 52 58 #SUP: 2499
25 66 7 36 40 58 #SUP: 2509
25 66 7 36 29 #SUP: 2530
25 66 7 36 29 52 #SUP: 2520
25 66 7 36 29 52 58 #SUP: 2519
25 66 7 36 29 58 #SUP: 2529
25 66 7 36 52 #SUP: 2524
25 66 7 36 52 58 #SUP: 2523
25 66 7 36 58 #SUP: 2533
25 66 7 60 #SUP: 2600
25 66 7 60 40 #SUP: 2576
25 66 7 60 40 29 #SUP: 2572
25 66 7 60 40 29 52 #SUP: 2562
25 66 7 60 40 29 52 58 #SUP: 2561
25 66 7 60 40 29 58 #SUP: 2571
25 66 7 60 40 52 #SUP: 2566
25 66 7 60 40 52 58 #SUP: 2565
25 66 7 60 40 58 #SUP: 2575
25 66 7 60 29 #SUP: 2596
25 66 7 60 29 52 #SUP: 2586
25 66 7 60 29 52 58 #SUP: 2585
25 66 7 60 29 58 #SUP: 2595
25 66 7 60 52 #SUP: 2590
25 66 7 60 52 58 #SUP: 2589
25 66 7 60 58 #SUP: 2599
25 66 7 40 #SUP: 2576
25 66 7 40 29 #SUP: 2572
25 66 7 40 29 52 #SUP: 2562
25 66 7 40 29 52 58 #SUP: 2561
25 66 7 40 29 58 #SUP: 2571
25 66 7 40 52 #SUP: 2566
25 66 7 40 52 58 #SUP: 2565
25 66 7 40 58 #SUP: 2575
25 66 7 29 #SUP: 2596
25 66 7 29 52 #SUP: 2586
25 66 7 29 52 58 #SUP: 2585
25 66 7 29 58 #SUP: 2595
25 66 7 52 #SUP: 2590
25 66 7 52 58 #SUP: 2589
25 66 7 58 #SUP: 2599
25 66 36 #SUP: 2649
25 66 36 60 #SUP: 2649
25 66 36 60 40 #SUP: 2625
25 66 36 60 40 29 #SUP: 2617
25 66 36 60 40 29 52 #SUP: 2607
25 66 36 60 40 29 52 58 #SUP: 2606
25 66 36 60 40 29 58 #SUP: 2616
25 66 36 60 40 52 #SUP: 2615
25 66 36 60 40 52 58 #SUP: 2614
25 66 36 60 40 58 #SUP: 2624
25 66 36 60 29 #SUP: 2641
25 66 36 60 29 52 #SUP: 2631
25 66 36 60 29 52 58 #SUP: 2630
25 66 36 60 29 58 #SUP: 2640
25 66 36 60 52 #SUP: 2639
25 66 36 60 52 58 #SUP: 2638
25 66 36 60 58 #SUP: 2648
25 66 36 40 #SUP: 2625
25 66 36 40 29 #SUP: 2617
25 66 36 40 29 52 #SUP: 2607
25 66 36 40 29 52 58 #SUP: 2606
25 66 36 40 29 58 #SUP: 2616
25 66 36 40 52 #SUP: 2615
25 66 36 40 52 58 #SUP: 2614
25 66 36 40 58 #SUP: 2624
25 66 36 29 #SUP: 2641
25 66 36 29 52 #SUP: 2631
25 66 36 29 52 58 #SUP: 2630
25 66 36 29 58 #SUP: 2640
25 66 36 52 #SUP: 2639
25 66 36 52 58 #SUP: 2638
25 66 36 58 #SUP: 2648
25 66 60 #SUP: 2715
25 66 60 40 #SUP: 2691
25 66 60 40 29 #SUP: 2683
25 66 60 40 29 52 #SUP: 2673
25 66 60 40 29 52 58 #SUP: 2672
25 66 60 40 29 58 #SUP: 2682
25 66 60 40 52 #SUP: 2681
25 66 60 40 52 58 #SUP: 2680
25 66 60 40 58 #SUP: 2690
25 66 60 29 #SUP: 2707
25 66 60 29 52 #SUP: 2697
25 66 60 29 52 58 #SUP: 2696
25 66 60 29 58 #SUP: 2706
25 66 60 52 #SUP: 2705
25 66 60 52 58 #SUP: 2704
25 66 60 58 #SUP: 2714
25 66 40 #SUP: 2691
25 66 40 29 #SUP: 2683
25 66 40 29 52 #SUP: 2673
25 66 40 29 52 58 #SUP: 2672
25 66 40 29 58 #SUP: 2682
25 66 40 52 #SUP: 2681
25 66 40 52 58 #SUP: 2680
25 66 40 58 #SUP: 2690
25 66 29 #SUP: 2707
25 66 29 52 #SUP: 2697
25 66 29 52 58 #SUP: 2696
25 66 29 58 #SUP: 2706
25 66 52 #SUP: 2705
25 66 52 58 #SUP: 2704
25 66 58 #SUP: 2714
25 56 #SUP: 2697
25 56 34 #SUP: 2568
25 56 34 62 #SUP: 2484
25 56 34 62 58 #SUP: 2484
25 56 34 62 36 #SUP: 2418
25 56 34 62 36 58 #SUP: 2418
25 56 34 62 36 40 #SUP: 2406
25 56 34 62 36 40 58 #SUP: 2406
25 56 34 62 36 40 29 #SUP: 2402
25 56 34 62 36 40 29 58 #SUP: 2402
25 56 34 62 36 40 29 52 #SUP: 2398
25 56 34 62 36 40 29 52 58 #SUP: 2398
25 56 34 62 36 40 52 #SUP: 2402
25 56 34 62 36 40 52 58 #SUP: 2402
25 56 34 62 36 29 #SUP: 2414
25 56 34 62 36 29 58 #SUP: 2414
25 56 34 62 36 29 52 #SUP: 2410
25 56 34 62 36 29 52 58 #SUP: 2410
25 56 34 62 36 52 #SUP: 2414
25 56 34 62 36 52 58 #SUP: 2414
25 56 34 62 60 #SUP: 2457
25 56 34 62 60 58 #SUP: 2457
25 56 34 62 60 40 #SUP: 2445
25 56 34 62 60 40 58 #SUP: 2445
25 56 34 62 60 40 29 #SUP: 2441
25 56 34 62 60 40 29 58 #SUP: 2441
25 56 34 62 60 40 29 52 #SUP: 2437
25 56 34 62 60 40 29 52 58 #SUP: 2437
25 56 34 62 60 40 52 #SUP: 2441
25 56 34 62 60 40 52 58 #SUP: 2441
25 56 34 62 60 29 #SUP: 2453
25 56 34 62 60 29 58 #SUP: 2453
25 56 34 62 60 29 52 #SUP: 2449
25 56 34 62 60 29 52 58 #SUP: 2449
25 56 34 62 60 52 #SUP: 2453
25 56 34 62 60 52 58 #SUP: 2453
25 56 34 62 40 #SUP: 2472
25 56 34 62 40 58 #SUP: 2472
25 56 34 62 40 29 #SUP: 2468
25 56 34 62 40 29 58 #SUP: 2468
25 56 34 62 40 29 52 #SUP: 2464
25 56 34 62 40 29 52 58 #SUP: 2464
25 56 34 62 40 52 #SUP: 2468
25 56 34 62 40 52 58 #SUP: 2468
25 56 34 62 29 #SUP: 2480
25 56 34 62 29 58 #SUP: 2480
25 56 34 62 29 52 #SUP: 2476
25 56 34 62 29 52 58 #SUP: 2476
25 56 34 62 52 #SUP: 2480
25 56 34 62 52 58 #SUP: 2480
25 56 34 7 #SUP: 2475
25 56 34 7 36 #SUP: 2409
25 56 34 7 36 29 #SUP: 2407
25 56 34 7 36 29 52 #SUP: 2403
25 56 34 7 36 29 52 58 #SUP: 2402
25 56 34 7 36 29 58 #SUP: 2406
25 56 34 7 36 52 #SUP: 2405
25 56 34 7 36 52 58 #SUP: 2404
25 56 34 7 36 58 #SUP: 2408
25 56 34 7 60 #SUP: 2447
25 56 34 7 60 40 #SUP: 2425
25 56 34 7 60 40 29 #SUP: 2423
25 56 34 7 60 40 29 52 #SUP: 2419
25 56 34 7 60 40 29 52 58 #SUP: 2418
25 56 34 7 60 40 29 58 #SUP: 2422
25 56 34 7 60 40 52 #SUP: 2421
25 56 34 7 60 40 52 58 #SUP: 2420
25 56 34 7 60 40 58 #SUP: 2424
25 56 34 7 60 29 #SUP: 2445
25 56 34 7 60 29 52 #SUP: 2441
25 56 34 7 60 29 52 58 #SUP: 2440
25 56 34 7 60 29 58 #SUP: 2444
25 56 34 7 60 52 #SUP: 2443
25 56 34 7 60 52 58 #SUP: 2442
25 56 34 7 60 58 #SUP: 2446
25 56 34 7 40 #SUP: 2452
25 56 34 7 40 29 #SUP: 2450
25 56 34 7 40 29 52 #SUP: 2446
25 56 34 7 40 29 52 58 #SUP: 2445
25 56 34 7 40 29 58 #SUP: 2449
25 56 34 7 40 52 #SUP: 2448
25 56 34 7 40 52 58 #SUP: 2447
25 56 34 7 40 58 #SUP: 2451
25 56 34 7 29 #SUP: 2473
25 56 34 7 29 52 #SUP: 2469
25 56 34 7 29 52 58 #SUP: 2468
25 56 34 7 29 58 #SUP: 2472
25 56 34 7 52 #SUP: 2471
25 56 34 7 52 58 #SUP: 2470
25 56 34 7 58 #SUP: 2474
25 56 34 36 #SUP: 2502
25 56 34 36 60 #SUP: 2474
25 56 34 36 60 40 #SUP: 2452
25 56 34 36 60 40 29 #SUP: 2448
25 56 34 36 60 40 29 52 #SUP: 2444
25 56 34 36 60 40 29 52 58 #SUP: 2443
25 56 34 36 60 40 29 58 #SUP: 2447
25 56 34 36 60 40 52 #SUP: 2448
25 56 34 36 60 40 52 58 #SUP: 2447
25 56 34 36 60 40 58 #SUP: 2451
25 56 34 36 60 29 #SUP: 2470
25 56 34 36 60 29 52 #SUP: 2466
25 56 34 36 60 29 52 58 #SUP: 2465
25 56 34 36 60 29 58 #SUP: 2469
25 56 34 36 60 52 #SUP: 2470
25 56 34 36 60 52 58 #SUP: 2469
25 56 34 36 60 58 #SUP: 2473
25 56 34 36 40 #SUP: 2479
25 56 34 36 40 29 #SUP: 2475
25 56 34 36 40 29 52 #SUP: 2471
25 56 34 36 40 29 52 58 #SUP: 2470
25 56 34 36 40 29 58 #SUP: 2474
25 56 34 36 40 52 #SUP: 2475
25 56 34 36 40 52 58 #SUP: 2474
25 56 34 36 40 58 #SUP: 2478
25 56 34 36 29 #SUP: 2498
25 56 34 36 29 52 #SUP: 2494
25 56 34 36 29 52 58 #SUP: 2493
25 56 34 36 29 58 #SUP: 2497
25 56 34 36 52 #SUP: 2498
25 56 34 36 52 58 #SUP: 2497
25 56 34 36 58 #SUP: 2501
25 56 34 60 #SUP: 2540
25 56 34 60 40 #SUP: 2518
25 56 34 60 40 29 #SUP: 2514
25 56 34 60 40 29 52 #SUP: 2510
25 56 34 60 40 29 52 58 #SUP: 2509
25 56 34 60 40 29 58 #SUP: 2513
25 56 34 60 40 52 #SUP: 2514
25 56 34 60 40 52 58 #SUP: 2513
25 56 34 60 40 58 #SUP: 2517
25 56 34 60 29 #SUP: 2536
25 56 34 60 29 52 #SUP: 2532
25 56 34 60 29 52 58 #SUP: 2531
25 56 34 60 29 58 #SUP: 2535
25 56 34 60 52 #SUP: 2536
25 56 34 60 52 58 #SUP: 2535
25 56 34 60 58 #SUP: 2539
25 56 34 40 #SUP: 2545
25 56 34 40 29 #SUP: 2541
25 56 34 40 29 52 #SUP: 2537
25 56 34 40 29 52 58 #SUP: 2536
25 56 34 40 29 58 #SUP: 2540
25 56 34 40 52 #SUP: 2541
25 56 34 40 52 58 #SUP: 2540
25 56 34 40 58 #SUP: 2544
25 56 34 29 #SUP: 2564
25 56 34 29 52 #SUP: 2560
25 56 34 29 52 58 #SUP: 2559
25 56 34 29 58 #SUP: 2563
25 56 34 52 #SUP: 2564
25 56 34 52 58 #SUP: 2563
25 56 34 58 #SUP: 2567
25 56 62 #SUP: 2609
25 56 62 58 #SUP: 2609
25 56 62 7 #SUP: 2510
25 56 62 7 58 #SUP: 2510
25 56 62 7 36 #SUP: 2444
25 56 62 7 36 58 #SUP: 2444
25 56 62 7 36 60 #SUP: 2417
25 56 62 7 36 60 58 #SUP: 2417
25 56 62 7 36 60 40 #SUP: 2403
25 56 62 7 36 60 40 58 #SUP: 2403
25 56 62 7 36 60 40 29 #SUP: 2397
25 56 62 7 36 60 40 29 58 #SUP: 2397
25 56 62 7 36 60 40 52 #SUP: 2399
25 56 62 7 36 60 40 52 58 #SUP: 2399
25 56 62 7 36 60 29 #SUP: 2411
25 56 62 7 36 60 29 58 #SUP: 2411
25 56 62 7 36 60 29 52 #SUP: 2407
25 56 62 7 36 60 29 52 58 #SUP: 2407
25 56 62 7 36 60 52 #SUP: 2413
25 56 62 7 36 60 52 58 #SUP: 2413
25 56 62 7 36 40 #SUP: 2430
25 56 62 7 36 40 58 #SUP: 2430
25 56 62 7 36 40 29 #SUP: 2424
25 56 62 7 36 40 29 58 #SUP: 2424
25 56 62 7 36 40 29 52 #SUP: 2420
25 56 62 7 36 40 29 52 58 #SUP: 2420
25 56 62 7 36 40 52 #SUP: 2426
25 56 62 7 36 40 52 58 #SUP: 2426
25 56 62 7 36 29 #SUP: 2438
25 56 62 7 36 29 58 #SUP: 2438
25 56 62 7 36 29 52 #SUP: 2434
25 56 62 7 36 29 52 58 #SUP: 2434
25 56 62 7 36 52 #SUP: 2440
25 56 62 7 36 52 58 #SUP: 2440
25 56 62 7 60 #SUP: 2483
25 56 62 7 60 58 #SUP: 2483
25 56 62 7 60 40 #SUP: 2469
25 56 62 7 60 40 58 #SUP: 2469
25 56 62 7 60 40 29 #SUP: 2463
25 56 62 7 60 40 29 58 #SUP: 2463
25 56 62 7 60 40 29 52 #SUP: 2459
25 56 62 7 60 40 29 52 58 #SUP: 2459
25 56 62 7 60 40 52 #SUP: 2465
25 56 62 7 60 40 52 58 #SUP: 2465
25 56 62 7 60 29 #SUP: 2477
25 56 62 7 60 29 58 #SUP: 2477
25 56 62 7 60 29 52 #SUP: 2473
25 56 62 7 60 29 52 58 #SUP: 2473
25 56 62 7 60 52 #SUP: 2479
25 56 62 7 60 52 58 #SUP: 2479
25 56 62 7 40 #SUP: 2496
25 56 62 7 40 58 #SUP: 2496
25 56 62 7 40 29 #SUP: 2490
25 56 62 7 40 29 58 #SUP: 2490
25 56 62 7 40 29 52 #SUP: 2486
25 56 62 7 40 29 52 58 #SUP: 2486
25 56 62 7 40 52 #SUP: 2492
25 56 62 7 40 52 58 #SUP: 2492
25 56 62 7 29 #SUP: 2504
25 56 62 7 29 58 #SUP: 2504
25 56 62 7 29 52 #SUP: 2500
25 56 62 7 29 52 58 #SUP: 2500
25 56 62 7 52 #SUP: 2506
25 56 62 7 52 58 #SUP: 2506
25 56 62 36 #SUP: 2543
25 56 62 36 58 #SUP: 2543
25 56 62 36 60 #SUP: 2516
25 56 62 36 60 58 #SUP: 2516
25 56 62 36 60 40 #SUP: 2502
25 56 62 36 60 40 58 #SUP: 2502
25 56 62 36 60 40 29 #SUP: 2490
25 56 62 36 60 40 29 58 #SUP: 2490
25 56 62 36 60 40 29 52 #SUP: 2486
25 56 62 36 60 40 29 52 58 #SUP: 2486
25 56 62 36 60 40 52 #SUP: 2498
25 56 62 36 60 40 52 58 #SUP: 2498
25 56 62 36 60 29 #SUP: 2504
25 56 62 36 60 29 58 #SUP: 2504
25 56 62 36 60 29 52 #SUP: 2500
25 56 62 36 60 29 52 58 #SUP: 2500
25 56 62 36 60 52 #SUP: 2512
25 56 62 36 60 52 58 #SUP: 2512
25 56 62 36 40 #SUP: 2529
25 56 62 36 40 58 #SUP: 2529
25 56 62 36 40 29 #SUP: 2517
25 56 62 36 40 29 58 #SUP: 2517
25 56 62 36 40 29 52 #SUP: 2513
25 56 62 36 40 29 52 58 #SUP: 2513
25 56 62 36 40 52 #SUP: 2525
25 56 62 36 40 52 58 #SUP: 2525
25 56 62 36 29 #SUP: 2531
25 56 62 36 29 58 #SUP: 2531
25 56 62 36 29 52 #SUP: 2527
25 56 62 36 29 52 58 #SUP: 2527
25 56 62 36 52 #SUP: 2539
25 56 62 36 52 58 #SUP: 2539
25 56 62 60 #SUP: 2582
25 56 62 60 58 #SUP: 2582
25 56 62 60 40 #SUP: 2568
25 56 62 60 40 58 #SUP: 2568
25 56 62 60 40 29 #SUP: 2556
25 56 62 60 40 29 58 #SUP: 2556
25 56 62 60 40 29 52 #SUP: 2552
25 56 62 60 40 29 52 58 #SUP: 2552
25 56 62 60 40 52 #SUP: 2564
25 56 62 60 40 52 58 #SUP: 2564
25 56 62 60 29 #SUP: 2570
25 56 62 60 29 58 #SUP: 2570
25 56 62 60 29 52 #SUP: 2566
25 56 62 60 29 52 58 #SUP: 2566
25 56 62 60 52 #SUP: 2578
25 56 62 60 52 58 #SUP: 2578
25 56 62 40 #SUP: 2595
25 56 62 40 58 #SUP: 2595
25 56 62 40 29 #SUP: 2583
25 56 62 40 29 58 #SUP: 2583
25 56 62 40 29 52 #SUP: 2579
25 56 62 40 29 52 58 #SUP: 2579
25 56 62 40 52 #SUP: 2591
25 56 62 40 52 58 #SUP: 2591
25 56 62 29 #SUP: 2597
25 56 62 29 58 #SUP: 2597
25 56 62 29 52 #SUP: 2593
25 56 62 29 52 58 #SUP: 2593
25 56 62 52 #SUP: 2605
25 56 62 52 58 #SUP: 2605
25 56 7 #SUP: 2598
25 56 7 36 #SUP: 2532
25 56 7 36 60 #SUP: 2504
25 56 7 36 60 40 #SUP: 2480
25 56 7 36 60 40 29 #SUP: 2474
25 56 7 36 60 40 29 52 #SUP: 2470
25 56 7 36 60 40 29 52 58 #SUP: 2469
25 56 7 36 60 40 29 58 #SUP: 2473
25 56 7 36 60 40 52 #SUP: 2476
25 56 7 36 60 40 52 58 #SUP: 2475
25 56 7 36 60 40 58 #SUP: 2479
25 56 7 36 60 29 #SUP: 2498
25 56 7 36 60 29 52 #SUP: 2494
25 56 7 36 60 29 52 58 #SUP: 2493
25 56 7 36 60 29 58 #SUP: 2497
25 56 7 36 60 52 #SUP: 2500
25 56 7 36 60 52 58 #SUP: 2499
25 56 7 36 60 58 #SUP: 2503
25 56 7 36 40 #SUP: 2507
25 56 7 36 40 29 #SUP: 2501
25 56 7 36 40 29 52 #SUP: 2497
25 56 7 36 40 29 52 58 #SUP: 2496
25 56 7 36 40 29 58 #SUP: 2500
25 56 7 36 40 52 #SUP: 2503
25 56 7 36 40 52 58 #SUP: 2502
25 56 7 36 40 58 #SUP: 2506
25 56 7 36 29 #SUP: 2526
25 56 7 36 29 52 #SUP: 2522
25 56 7 36 29 52 58 #SUP: 2521
25 56 7 36 29 58 #SUP: 2525
25 56 7 36 52 #SUP: 2528
25 56 7 36 52 58 #SUP: 2527
25 56 7 36 58 #SUP: 2531
25 56 7 60 #SUP: 2570
25 56 7 60 40 #SUP: 2546
25 56 7 60 40 29 #SUP: 2540
25 56 7 60 40 29 52 #SUP: 2536
25 56 7 60 40 29 52 58 #SUP: 2535
25 56 7 60 40 29 58 #SUP: 2539
25 56 7 60 40 52 #SUP: 2542
25 56 7 60 40 52 58 #SUP: 2541
25 56 7 60 40 58 #SUP: 2545
25 56 7 60 29 #SUP: 2564
25 56 7 60 29 52 #SUP: 2560
25 56 7 60 29 52 58 #SUP: 2559
25 56 7 60 29 58 #SUP: 2563
25 56 7 60 52 #SUP: 2566
25 56 7 60 52 58 #SUP: 2565
25 56 7 60 58 #SUP: 2569
25 56 7 40 #SUP: 2573
25 56 7 40 29 #SUP: 2567
25 56 7 40 29 52 #SUP: 2563
25 56 7 40 29 52 58 #SUP: 2562
25 56 7 40 29 58 #SUP: 2566
25 56 7 40 52 #SUP: 2569
25 56 7 40 52 58 #SUP: 2568
25 56 7 40 58 #SUP: 2572
25 56 7 29 #SUP: 2592
25 56 7 29 52 #SUP: 2588
25 56 7 29 52 58 #SUP: 2587
25 56 7 29 58 #SUP: 2591
25 56 7 52 #SUP: 2594
25 56 7 52 58 #SUP: 2593
25 56 7 58 #SUP: 2597
25 56 36 #SUP: 2631
25 56 36 60 #SUP: 2603
25 56 36 60 40 #SUP: 2579
25 56 36 60 40 29 #SUP: 2567
25 56 36 60 40 29 52 #SUP: 2563
25 56 36 60 40 29 52 58 #SUP: 2562
25 56 36 60 40 29 58 #SUP: 2566
25 56 36 60 40 52 #SUP: 2575
25 56 36 60 40 52 58 #SUP: 2574
25 56 36 60 40 58 #SUP: 2578
25 56 36 60 29 #SUP: 2591
25 56 36 60 29 52 #SUP: 2587
25 56 36 60 29 52 58 #SUP: 2586
25 56 36 60 29 58 #SUP: 2590
25 56 36 60 52 #SUP: 2599
25 56 36 60 52 58 #SUP: 2598
25 56 36 60 58 #SUP: 2602
25 56 36 40 #SUP: 2606
25 56 36 40 29 #SUP: 2594
25 56 36 40 29 52 #SUP: 2590
25 56 36 40 29 52 58 #SUP: 2589
25 56 36 40 29 58 #SUP: 2593
25 56 36 40 52 #SUP: 2602
25 56 36 40 52 58 #SUP: 2601
25 56 36 40 58 #SUP: 2605
25 56 36 29 #SUP: 2619
25 56 36 29 52 #SUP: 2615
25 56 36 29 52 58 #SUP: 2614
25 56 36 29 58 #SUP: 2618
25 56 36 52 #SUP: 2627
25 56 36 52 58 #SUP: 2626
25 56 36 58 #SUP: 2630
25 56 60 #SUP: 2669
25 56 60 40 #SUP: 2645
25 56 60 40 29 #SUP: 2633
25 56 60 40 29 52 #SUP: 2629
25 56 60 40 29 52 58 #SUP: 2628
25 56 60 40 29 58 #SUP: 2632
25 56 60 40 52 #SUP: 2641
25 56 60 40 52 58 #SUP: 2640
25 56 60 40 58 #SUP: 2644
25 56 60 29 #SUP: 2657
25 56 60 29 52 #SUP: 2653
25 56 60 29 52 58 #SUP: 2652
25 56 60 29 58 #SUP: 2656
25 56 60 52 #SUP: 2665
25 56 60 52 58 #SUP: 2664
25 56 60 58 #SUP: 2668
25 56 40 #SUP: 2672
25 56 40 29 #SUP: 2660
25 56 40 29 52 #SUP: 2656
25 56 40 29 52 58 #SUP: 2655
25 56 40 29 58 #SUP: 2659
25 56 40 52 #SUP: 2668
25 56 40 52 58 #SUP: 2667
25 56 40 58 #SUP: 2671
25 56 29 #SUP: 2685
25 56 29 52 #SUP: 2681
25 56 29 52 58 #SUP: 2680
25 56 29 58 #SUP: 2684
25 56 52 #SUP: 2693
25 56 52 58 #SUP: 2692
25 56 58 #SUP: 2696
25 34 #SUP: 2712
25 34 62 #SUP: 2598
25 34 62 58 #SUP: 2598
25 34 62 7 #SUP: 2489
25 34 62 7 58 #SUP: 2489
25 34 62 7 36 #SUP: 2423
25 34 62 7 36 58 #SUP: 2423
25 34 62 7 36 40 #SUP: 2411
25 34 62 7 36 40 58 #SUP: 2411
25 34 62 7 36 40 29 #SUP: 2409
25 34 62 7 36 40 29 58 #SUP: 2409
25 34 62 7 36 40 29 52 #SUP: 2401
25 34 62 7 36 40 29 52 58 #SUP: 2401
25 34 62 7 36 40 52 #SUP: 2403
25 34 62 7 36 40 52 58 #SUP: 2403
25 34 62 7 36 29 #SUP: 2421
25 34 62 7 36 29 58 #SUP: 2421
25 34 62 7 36 29 52 #SUP: 2413
25 34 62 7 36 29 52 58 #SUP: 2413
25 34 62 7 36 52 #SUP: 2415
25 34 62 7 36 52 58 #SUP: 2415
25 34 62 7 60 #SUP: 2462
25 34 62 7 60 58 #SUP: 2462
25 34 62 7 60 40 #SUP: 2450
25 34 62 7 60 40 58 #SUP: 2450
25 34 62 7 60 40 29 #SUP: 2448
25 34 62 7 60 40 29 58 #SUP: 2448
25 34 62 7 60 40 29 52 #SUP: 2440
25 34 62 7 60 40 29 52 58 #SUP: 2440
25 34 62 7 60 40 52 #SUP: 2442
25 34 62 7 60 40 52 58 #SUP: 2442
25 34 62 7 60 29 #SUP: 2460
25 34 62 7 60 29 58 #SUP: 2460
25 34 62 7 60 29 52 #SUP: 2452
25 34 62 7 60 29 52 58 #SUP: 2452
25 34 62 7 60 52 #SUP: 2454
25 34 62 7 60 52 58 #SUP: 2454
25 34 62 7 40 #SUP: 2477
25 34 62 7 40 58 #SUP: 2477
25 34 62 7 40 29 #SUP: 2475
25 34 62 7 40 29 58 #SUP: 2475
25 34 62 7 40 29 52 #SUP: 2467
25 34 62 7 40 29 52 58 #SUP: 2467
25 34 62 7 40 52 #SUP: 2469
25 34 62 7 40 52 58 #SUP: 2469
25 34 62 7 29 #SUP: 2487
25 34 62 7 29 58 #SUP: 2487
25 34 62 7 29 52 #SUP: 2479
25 34 62 7 29 52 58 #SUP: 2479
25 34 62 7 52 #SUP: 2481
25 34 62 7 52 58 #SUP: 2481
25 34 62 36 #SUP: 2532
25 34 62 36 58 #SUP: 2532
25 34 62 36 60 #SUP: 2505
25 34 62 36 60 58 #SUP: 2505
25 34 62 36 60 40 #SUP: 2493
25 34 62 36 60 40 58 #SUP: 2493
25 34 62 36 60 40 29 #SUP: 2489
25 34 62 36 60 40 29 58 #SUP: 2489
25 34 62 36 60 40 29 52 #SUP: 2481
25 34 62 36 60 40 29 52 58 #SUP: 2481
25 34 62 36 60 40 52 #SUP: 2485
25 34 62 36 60 40 52 58 #SUP: 2485
25 34 62 36 60 29 #SUP: 2501
25 34 62 36 60 29 58 #SUP: 2501
25 34 62 36 60 29 52 #SUP: 2493
25 34 62 36 60 29 52 58 #SUP: 2493
25 34 62 36 60 52 #SUP: 2497
25 34 62 36 60 52 58 #SUP: 2497
25 34 62 36 40 #SUP: 2520
25 34 62 36 40 58 #SUP: 2520
25 34 62 36 40 29 #SUP: 2516
25 34 62 36 40 29 58 #SUP: 2516
25 34 62 36 40 29 52 #SUP: 2508
25 34 62 36 40 29 52 58 #SUP: 2508
25 34 62 36 40 52 #SUP: 2512
25 34 62 36 40 52 58 #SUP: 2512
25 34 62 36 29 #SUP: 2528
25 34 62 36 29 58 #SUP: 2528
25 34 62 36 29 52 #SUP: 2520
25 34 62 36 29 52 58 #SUP: 2520
25 34 62 36 52 #SUP: 2524
25 34 62 36 52 58 #SUP: 2524
25 34 62 60 #SUP: 2571
25 34 62 60 58 #SUP: 2571
25 34 62 60 40 #SUP: 2559
25 34 62 60 40 58 #SUP: 2559
25 34 62 60 40 29 #SUP: 2555
25 34 62 60 40 29 58 #SUP: 2555
25 34 62 60 40 29 52 #SUP: 2547
25 34 62 60 40 29 52 58 #SUP: 2547
25 34 62 60 40 52 #SUP: 2551
25 34 62 60 40 52 58 #SUP: 2551
25 34 62 60 29 #SUP: 2567
25 34 62 60 29 58 #SUP: 2567
25 34 62 60 29 52 #SUP: 2559
25 34 62 60 29 52 58 #SUP: 2559
25 34 62 60 52 #SUP: 2563
25 34 62 60 52 58 #SUP: 2563
25 34 62 40 #SUP: 2586
25 34 62 40 58 #SUP: 2586
25 34 62 40 29 #SUP: 2582
25 34 62 40 29 58 #SUP: 2582
25 34 62 40 29 52 #SUP: 2574
25 34 62 40 29 52 58 #SUP: 2574
25 34 62 40 52 #SUP: 2578
25 34 62 40 52 58 #SUP: 2578
25 34 62 29 #SUP: 2594
25 34 62 29 58 #SUP: 2594
25 34 62 29 52 #SUP: 2586
25 34 62 29 52 58 #SUP: 2586
25 34 62 52 #SUP: 2590
25 34 62 52 58 #SUP: 2590
25 34 7 #SUP: 2603
25 34 7 36 #SUP: 2537
25 34 7 36 60 #SUP: 2509
25 34 7 36 60 40 #SUP: 2487
25 34 7 36 60 40 29 #SUP: 2485
25 34 7 36 60 40 29 52 #SUP: 2477
25 34 7 36 60 40 29 52 58 #SUP: 2476
25 34 7 36 60 40 29 58 #SUP: 2484
25 34 7 36 60 40 52 #SUP: 2479
25 34 7 36 60 40 52 58 #SUP: 2478
25 34 7 36 60 40 58 #SUP: 2486
25 34 7 36 60 29 #SUP: 2507
25 34 7 36 60 29 52 #SUP: 2499
25 34 7 36 60 29 52 58 #SUP: 2498
25 34 7 36 60 29 58 #SUP: 2506
25 34 7 36 60 52 #SUP: 2501
25 34 7 36 60 52 58 #SUP: 2500
25 34 7 36 60 58 #SUP: 2508
25 34 7 36 40 #SUP: 2514
25 34 7 36 40 29 #SUP: 2512
25 34 7 36 40 29 52 #SUP: 2504
25 34 7 36 40 29 52 58 #SUP: 2503
25 34 7 36 40 29 58 #SUP: 2511
25 34 7 36 40 52 #SUP: 2506
25 34 7 36 40 52 58 #SUP: 2505
25 34 7 36 40 58 #SUP: 2513
25 34 7 36 29 #SUP: 2535
25 34 7 36 29 52 #SUP: 2527
25 34 7 36 29 52 58 #SUP: 2526
25 34 7 36 29 58 #SUP: 2534
25 34 7 36 52 #SUP: 2529
25 34 7 36 52 58 #SUP: 2528
25 34 7 36 58 #SUP: 2536
25 34 7 60 #SUP: 2575
25 34 7 60 40 #SUP: 2553
25 34 7 60 40 29 #SUP: 2551
25 34 7 60 40 29 52 #SUP: 2543
25 34 7 60 40 29 52 58 #SUP: 2542
25 34 7 60 40 29 58 #SUP: 2550
25 34 7 60 40 52 #SUP: 2545
25 34 7 60 40 52 58 #SUP: 2544
25 34 7 60 40 58 #SUP: 2552
25 34 7 60 29 #SUP: 2573
25 34 7 60 29 52 #SUP: 2565
25 34 7 60 29 52 58 #SUP: 2564
25 34 7 60 29 58 #SUP: 2572
25 34 7 60 52 #SUP: 2567
25 34 7 60 52 58 #SUP: 2566
25 34 7 60 58 #SUP: 2574
25 34 7 40 #SUP: 2580
25 34 7 40 29 #SUP: 2578
25 34 7 40 29 52 #SUP: 2570
25 34 7 40 29 52 58 #SUP: 2569
25 34 7 40 29 58 #SUP: 2577
25 34 7 40 52 #SUP: 2572
25 34 7 40 52 58 #SUP: 2571
25 34 7 40 58 #SUP: 2579
25 34 7 29 #SUP: 2601
25 34 7 29 52 #SUP: 2593
25 34 7 29 52 58 #SUP: 2592
25 34 7 29 58 #SUP: 2600
25 34 7 52 #SUP: 2595
25 34 7 52 58 #SUP: 2594
25 34 7 58 #SUP: 2602
25 34 36 #SUP: 2646
25 34 36 60 #SUP: 2618
25 34 36 60 40 #SUP: 2596
25 34 36 60 40 29 #SUP: 2592
25 34 36 60 40 29 52 #SUP: 2584
25 34 36 60 40 29 52 58 #SUP: 2583
25 34 36 60 40 29 58 #SUP: 2591
25 34 36 60 40 52 #SUP: 2588
25 34 36 60 40 52 58 #SUP: 2587
25 34 36 60 40 58 #SUP: 2595
25 34 36 60 29 #SUP: 2614
25 34 36 60 29 52 #SUP: 2606
25 34 36 60 29 52 58 #SUP: 2605
25 34 36 60 29 58 #SUP: 2613
25 34 36 60 52 #SUP: 2610
25 34 36 60 52 58 #SUP: 2609
25 34 36 60 58 #SUP: 2617
25 34 36 40 #SUP: 2623
25 34 36 40 29 #SUP: 2619
25 34 36 40 29 52 #SUP: 2611
25 34 36 40 29 52 58 #SUP: 2610
25 34 36 40 29 58 #SUP: 2618
25 34 36 40 52 #SUP: 2615
25 34 36 40 52 58 #SUP: 2614
25 34 36 40 58 #SUP: 2622
25 34 36 29 #SUP: 2642
25 34 36 29 52 #SUP: 2634
25 34 36 29 52 58 #SUP: 2633
25 34 36 29 58 #SUP: 2641
25 34 36 52 #SUP: 2638
25 34 36 52 58 #SUP: 2637
25 34 36 58 #SUP: 2645
25 34 60 #SUP: 2684
25 34 60 40 #SUP: 2662
25 34 60 40 29 #SUP: 2658
25 34 60 40 29 52 #SUP: 2650
25 34 60 40 29 52 58 #SUP: 2649
25 34 60 40 29 58 #SUP: 2657
25 34 60 40 52 #SUP: 2654
25 34 60 40 52 58 #SUP: 2653
25 34 60 40 58 #SUP: 2661
25 34 60 29 #SUP: 2680
25 34 60 29 52 #SUP: 2672
25 34 60 29 52 58 #SUP: 2671
25 34 60 29 58 #SUP: 2679
25 34 60 52 #SUP: 2676
25 34 60 52 58 #SUP: 2675
25 34 60 58 #SUP: 2683
25 34 40 #SUP: 2689
25 34 40 29 #SUP: 2685
25 34 40 29 52 #SUP: 2677
25 34 40 29 52 58 #SUP: 2676
25 34 40 29 58 #SUP: 2684
25 34 40 52 #SUP: 2681
25 34 40 52 58 #SUP: 2680
25 34 40 58 #SUP: 2688
25 34 29 #SUP: 2708
25 34 29 52 #SUP: 2700
25 34 29 52 58 #SUP: 2699
25 34 29 58 #SUP: 2707
25 34 52 #SUP: 2704
25 34 52 58 #SUP: 2703
25 34 58 #SUP: 2711
25 62 #SUP: 2738
25 62 58 #SUP: 2738
25 62 7 #SUP: 2621
25 62 7 58 #SUP: 2621
25 62 7 36 #SUP: 2555
25 62 7 36 58 #SUP: 2555
25 62 7 36 60 #SUP: 2528
25 62 7 36 60 58 #SUP: 2528
25 62 7 36 60 40 #SUP: 2513
25 62 7 36 60 40 58 #SUP: 2513
25 62 7 36 60 40 29 #SUP: 2507
25 62 7 36 60 40 29 58 #SUP: 2507
25 62 7 36 60 40 29 52 #SUP: 2497
25 62 7 36 60 40 29 52 58 #SUP: 2497
25 62 7 36 60 40 52 #SUP: 2503
25 62 7 36 60 40 52 58 #SUP: 2503
25 62 7 36 60 29 #SUP: 2522
25 62 7 36 60 29 58 #SUP: 2522
25 62 7 36 60 29 52 #SUP: 2512
25 62 7 36 60 29 52 58 #SUP: 2512
25 62 7 36 60 52 #SUP: 2518
25 62 7 36 60 52 58 #SUP: 2518
25 62 7 36 40 #SUP: 2540
25 62 7 36 40 58 #SUP: 2540
25 62 7 36 40 29 #SUP: 2534
25 62 7 36 40 29 58 #SUP: 2534
25 62 7 36 40 29 52 #SUP: 2524
25 62 7 36 40 29 52 58 #SUP: 2524
25 62 7 36 40 52 #SUP: 2530
25 62 7 36 40 52 58 #SUP: 2530
25 62 7 36 29 #SUP: 2549
25 62 7 36 29 58 #SUP: 2549
25 62 7 36 29 52 #SUP: 2539
25 62 7 36 29 52 58 #SUP: 2539
25 62 7 36 52 #SUP: 2545
25 62 7 36 52 58 #SUP: 2545
25 62 7 60 #SUP: 2594
25 62 7 60 58 #SUP: 2594
25 62 7 60 40 #SUP: 2579
25 62 7 60 40 58 #SUP: 2579
25 62 7 60 40 29 #SUP: 2573
25 62 7 60 40 29 58 #SUP: 2573
25 62 7 60 40 29 52 #SUP: 2563
25 62 7 60 40 29 52 58 #SUP: 2563
25 62 7 60 40 52 #SUP: 2569
25 62 7 60 40 52 58 #SUP: 2569
25 62 7 60 29 #SUP: 2588
25 62 7 60 29 58 #SUP: 2588
25 62 7 60 29 52 #SUP: 2578
25 62 7 60 29 52 58 #SUP: 2578
25 62 7 60 52 #SUP: 2584
25 62 7 60 52 58 #SUP: 2584
25 62 7 40 #SUP: 2606
25 62 7 40 58 #SUP: 2606
25 62 7 40 29 #SUP: 2600
25 62 7 40 29 58 #SUP: 2600
25 62 7 40 29 52 #SUP: 2590
25 62 7 40 29 52 58 #SUP: 2590
25 62 7 40 52 #SUP: 2596
25 62 7 40 52 58 #SUP: 2596
25 62 7 29 #SUP: 2615
25 62 7 29 58 #SUP: 2615
25 62 7 29 52 #SUP: 2605
25 62 7 29 52 58 #SUP: 2605
25 62 7 52 #SUP: 2611
25 62 7 52 58 #SUP: 2611
25 62 36 #SUP: 2672
25 62 36 58 #SUP: 2672
25 62 36 60 #SUP: 2645
25 62 36 60 58 #SUP: 2645
25 62 36 60 40 #SUP: 2630
25 62 36 60 40 58 #SUP: 2630
25 62 36 60 40 29 #SUP: 2618
25 62 36 60 40 29 58 #SUP: 2618
25 62 36 60 40 29 52 #SUP: 2608
25 62 36 60 40 29 52 58 #SUP: 2608
25 62 36 60 40 52 #SUP: 2620
25 62 36 60 40 52 58 #SUP: 2620
25 62 36 60 29 #SUP: 2633
25 62 36 60 29 58 #SUP: 2633
25 62 36 60 29 52 #SUP: 2623
25 62 36 60 29 52 58 #SUP: 2623
25 62 36 60 52 #SUP: 2635
25 62 36 60 52 58 #SUP: 2635
25 62 36 40 #SUP: 2657
25 62 36 40 58 #SUP: 2657
25 62 36 40 29 #SUP: 2645
25 62 36 40 29 58 #SUP: 2645
25 62 36 40 29 52 #SUP: 2635
25 62 36 40 29 52 58 #SUP: 2635
25 62 36 40 52 #SUP: 2647
25 62 36 40 52 58 #SUP: 2647
25 62 36 29 #SUP: 2660
25 62 36 29 58 #SUP: 2660
25 62 36 29 52 #SUP: 2650
25 62 36 29 52 58 #SUP: 2650
25 62 36 52 #SUP: 2662
25 62 36 52 58 #SUP: 2662
25 62 60 #SUP: 2711
25 62 60 58 #SUP: 2711
25 62 60 40 #SUP: 2696
25 62 60 40 58 #SUP: 2696
25 62 60 40 29 #SUP: 2684
25 62 60 40 29 58 #SUP: 2684
25 62 60 40 29 52 #SUP: 2674
25 62 60 40 29 52 58 #SUP: 2674
25 62 60 40 52 #SUP: 2686
25 62 60 40 52 58 #SUP: 2686
25 62 60 29 #SUP: 2699
25 62 60 29 58 #SUP: 2699
25 62 60 29 52 #SUP: 2689
25 62 60 29 52 58 #SUP: 2689
25 62 60 52 #SUP: 2701
25 62 60 52 58 #SUP: 2701
25 62 40 #SUP: 2723
25 62 40 58 #SUP: 2723
25 62 40 29 #SUP: 2711
25 62 40 29 58 #SUP: 2711
25 62 40 29 52 #SUP: 2701
25 62 40 29 52 58 #SUP: 2701
25 62 40 52 #SUP: 2713
25 62 40 52 58 #SUP: 2713
25 62 29 #SUP: 2726
25 62 29 58 #SUP: 2726
25 62 29 52 #SUP: 2716
25 62 29 52 58 #SUP: 2716
25 62 52 #SUP: 2728
25 62 52 58 #SUP: 2728
25 7 #SUP: 2743
25 7 36 #SUP: 2677
25 7 36 60 #SUP: 2649
25 7 36 60 40 #SUP: 2624
25 7 36 60 40 29 #SUP: 2618
25 7 36 60 40 29 52 #SUP: 2608
25 7 36 60 40 29 52 58 #SUP: 2607
25 7 36 60 40 29 58 #SUP: 2617
25 7 36 60 40 52 #SUP: 2614
25 7 36 60 40 52 58 #SUP: 2613
25 7 36 60 40 58 #SUP: 2623
25 7 36 60 29 #SUP: 2643
25 7 36 60 29 52 #SUP: 2633
25 7 36 60 29 52 58 #SUP: 2632
25 7 36 60 29 58 #SUP: 2642
25 7 36 60 52 #SUP: 2639
25 7 36 60 52 58 #SUP: 2638
25 7 36 60 58 #SUP: 2648
25 7 36 40 #SUP: 2651
25 7 36 40 29 #SUP: 2645
25 7 36 40 29 52 #SUP: 2635
25 7 36 40 29 52 58 #SUP: 2634
25 7 36 40 29 58 #SUP: 2644
25 7 36 40 52 #SUP: 2641
25 7 36 40 52 58 #SUP: 2640
25 7 36 40 58 #SUP: 2650
25 7 36 29 #SUP: 2671
25 7 36 29 52 #SUP: 2661
25 7 36 29 52 58 #SUP: 2660
25 7 36 29 58 #SUP: 2670
25 7 36 52 #SUP: 2667
25 7 36 52 58 #SUP: 2666
25 7 36 58 #SUP: 2676
25 7 60 #SUP: 2715
25 7 60 40 #SUP: 2690
25 7 60 40 29 #SUP: 2684
25 7 60 40 29 52 #SUP: 2674
25 7 60 40 29 52 58 #SUP: 2673
25 7 60 40 29 58 #SUP: 2683
25 7 60 40 52 #SUP: 2680
25 7 60 40 52 58 #SUP: 2679
25 7 60 40 58 #SUP: 2689
25 7 60 29 #SUP: 2709
25 7 60 29 52 #SUP: 2699
25 7 60 29 52 58 #SUP: 2698
25 7 60 29 58 #SUP: 2708
25 7 60 52 #SUP: 2705
25 7 60 52 58 #SUP: 2704
25 7 60 58 #SUP: 2714
25 7 40 #SUP: 2717
25 7 40 29 #SUP: 2711
25 7 40 29 52 #SUP: 2701
25 7 40 29 52 58 #SUP: 2700
25 7 40 29 58 #SUP: 2710
25 7 40 52 #SUP: 2707
25 7 40 52 58 #SUP: 2706
25 7 40 58 #SUP: 2716
25 7 29 #SUP: 2737
25 7 29 52 #SUP: 2727
25 7 29 52 58 #SUP: 2726
25 7 29 58 #SUP: 2736
25 7 52 #SUP: 2733
25 7 52 58 #SUP: 2732
25 7 58 #SUP: 2742
25 36 #SUP: 2794
25 36 60 #SUP: 2766
25 36 60 40 #SUP: 2741
25 36 60 40 29 #SUP: 2729
25 36 60 40 29 52 #SUP: 2719
25 36 60 40 29 52 58 #SUP: 2718
25 36 60 40 29 58 #SUP: 2728
25 36 60 40 52 #SUP: 2731
25 36 60 40 52 58 #SUP: 2730
25 36 60 40 58 #SUP: 2740
25 36 60 29 #SUP: 2754
25 36 60 29 52 #SUP: 2744
25 36 60 29 52 58 #SUP: 2743
25 36 60 29 58 #SUP: 2753
25 36 60 52 #SUP: 2756
25 36 60 52 58 #SUP: 2755
25 36 60 58 #SUP: 2765
25 36 40 #SUP: 2768
25 36 40 29 #SUP: 2756
25 36 40 29 52 #SUP: 2746
25 36 40 29 52 58 #SUP: 2745
25 36 40 29 58 #SUP: 2755
25 36 40 52 #SUP: 2758
25 36 40 52 58 #SUP: 2757
25 36 40 58 #SUP: 2767
25 36 29 #SUP: 2782
25 36 29 52 #SUP: 2772
25 36 29 52 58 #SUP: 2771
25 36 29 58 #SUP: 2781
25 36 52 #SUP: 2784
25 36 52 58 #SUP: 2783
25 36 58 #SUP: 2793
25 60 #SUP: 2832
25 60 40 #SUP: 2807
25 60 40 29 #SUP: 2795
25 60 40 29 52 #SUP: 2785
25 60 40 29 52 58 #SUP: 2784
25 60 40 29 58 #SUP: 2794
25 60 40 52 #SUP: 2797
25 60 40 52 58 #SUP: 2796
25 60 40 58 #SUP: 2806
25 60 29 #SUP: 2820
25 60 29 52 #SUP: 2810
25 60 29 52 58 #SUP: 2809
25 60 29 58 #SUP: 2819
25 60 52 #SUP: 2822
25 60 52 58 #SUP: 2821
25 60 58 #SUP: 2831
25 40 #SUP: 2834
25 40 29 #SUP: 2822
25 40 29 52 #SUP: 2812
25 40 29 52 58 #SUP: 2811
25 40 29 58 #SUP: 2821
25 40 52 #SUP: 2824
25 40 52 58 #SUP: 2823
25 40 58 #SUP: 2833
25 29 #SUP: 2848
25 29 52 #SUP: 2838
25 29 52 58 #SUP: 2837
25 29 58 #SUP: 2847
25 52 #SUP: 2850
25 52 58 #SUP: 2849
25 58 #SUP: 2859
9 #SUP: 2874
9 5 #SUP: 2683
9 5 48 #SUP: 2500
9 5 48 66 #SUP: 2407
9 5 48 66 60 #SUP: 2407
9 5 48 66 60 29 #SUP: 2405
9 5 48 66 60 29 52 #SUP: 2397
9 5 48 66 60 29 58 #SUP: 2404
9 5 48 66 60 52 #SUP: 2399
9 5 48 66 60 52 58 #SUP: 2398
9 5 48 66 60 58 #SUP: 2406
9 5 48 66 29 #SUP: 2405
9 5 48 66 29 52 #SUP: 2397
9 5 48 66 29 58 #SUP: 2404
9 5 48 66 52 #SUP: 2399
9 5 48 66 52 58 #SUP: 2398
9 5 48 66 58 #SUP: 2406
9 5 48 34 #SUP: 2439
9 5 48 34 36 #SUP: 2413
9 5 48 34 36 40 #SUP: 2397
9 5 48 34 36 29 #SUP: 2411
9 5 48 34 36 29 52 #SUP: 2403
9 5 48 34 36 29 52 58 #SUP: 2402
9 5 48 34 36 29 58 #SUP: 2410
9 5 48 34 36 52 #SUP: 2405
9 5 48 34 36 52 58 #SUP: 2404
9 5 48 34 36 58 #SUP: 2412
9 5 48 34 60 #SUP: 2422
9 5 48 34 60 40 #SUP: 2406
9 5 48 34 60 40 29 #SUP: 2404
9 5 48 34 60 40 29 58 #SUP: 2403
9 5 48 34 60 40 52 #SUP: 2398
9 5 48 34 60 40 52 58 #SUP: 2397
9 5 48 34 60 40 58 #SUP: 2405
9 5 48 34 60 29 #SUP: 2420
9 5 48 34 60 29 52 #SUP: 2412
9 5 48 34 60 29 52 58 #SUP: 2411
9 5 48 34 60 29 58 #SUP: 2419
9 5 48 34 60 52 #SUP: 2414
9 5 48 34 60 52 58 #SUP: 2413
9 5 48 34 60 58 #SUP: 2421
9 5 48 34 40 #SUP: 2423
9 5 48 34 40 29 #SUP: 2421
9 5 48 34 40 29 52 #SUP: 2413
9 5 48 34 40 29 52 58 #SUP: 2412
9 5 48 34 40 29 58 #SUP: 2420
9 5 48 34 40 52 #SUP: 2415
9 5 48 34 40 52 58 #SUP: 2414
9 5 48 34 40 58 #SUP: 2422
9 5 48 34 29 #SUP: 2437
9 5 48 34 29 52 #SUP: 2429
9 5 48 34 29 52 58 #SUP: 2428
9 5 48 34 29 58 #SUP: 2436
9 5 48 34 52 #SUP: 2431
9 5 48 34 52 58 #SUP: 2430
9 5 48 34 58 #SUP: 2438
9 5 48 62 #SUP: 2397
9 5 48 62 58 #SUP: 2397
9 5 48 36 #SUP: 2474
9 5 48 36 60 #SUP: 2455
9 5 48 36 60 40 #SUP: 2438
9 5 48 36 60 40 29 #SUP: 2436
9 5 48 36 60 40 29 52 #SUP: 2428
9 5 48 36 60 40 29 52 58 #SUP: 2427
9 5 48 36 60 40 29 58 #SUP: 2435
9 5 48 36 60 40 52 #SUP: 2430
9 5 48 36 60 40 52 58 #SUP: 2429
9 5 48 36 60 40 58 #SUP: 2437
9 5 48 36 60 29 #SUP: 2453
9 5 48 36 60 29 52 #SUP: 2445
9 5 48 36 60 29 52 58 #SUP: 2444
9 5 48 36 60 29 58 #SUP: 2452
9 5 48 36 60 52 #SUP: 2447
9 5 48 36 60 52 58 #SUP: 2446
9 5 48 36 60 58 #SUP: 2454
9 5 48 36 40 #SUP: 2457
9 5 48 36 40 29 #SUP: 2453
9 5 48 36 40 29 52 #SUP: 2445
9 5 48 36 40 29 52 58 #SUP: 2444
9 5 48 36 40 29 58 #SUP: 2452
9 5 48 36 40 52 #SUP: 2449
9 5 48 36 40 52 58 #SUP: 2448
9 5 48 36 40 58 #SUP: 2456
9 5 48 36 29 #SUP: 2470
9 5 48 36 29 52 #SUP: 2462
9 5 48 36 29 52 58 #SUP: 2461
9 5 48 36 29 58 #SUP: 2469
9 5 48 36 52 #SUP: 2466
9 5 48 36 52 58 #SUP: 2465
9 5 48 36 58 #SUP: 2473
9 5 48 60 #SUP: 2481
9 5 48 60 40 #SUP: 2464
9 5 48 60 40 29 #SUP: 2462
9 5 48 60 40 29 52 #SUP: 2454
9 5 48 60 40 29 52 58 #SUP: 2453
9 5 48 60 40 29 58 #SUP: 2461
9 5 48 60 40 52 #SUP: 2456
9 5 48 60 40 52 58 #SUP: 2455
9 5 48 60 40 58 #SUP: 2463
9 5 48 60 29 #SUP: 2479
9 5 48 60 29 52 #SUP: 2471
9 5 48 60 29 52 58 #SUP: 2470
9 5 48 60 29 58 #SUP: 2478
9 5 48 60 52 #SUP: 2473
9 5 48 60 52 58 #SUP: 2472
9 5 48 60 58 #SUP: 2480
9 5 48 40 #SUP: 2483
9 5 48 40 29 #SUP: 2479
9 5 48 40 29 52 #SUP: 2471
9 5 48 40 29 52 58 #SUP: 2470
9 5 48 40 29 58 #SUP: 2478
9 5 48 40 52 #SUP: 2475
9 5 48 40 52 58 #SUP: 2474
9 5 48 40 58 #SUP: 2482
9 5 48 29 #SUP: 2496
9 5 48 29 52 #SUP: 2488
9 5 48 29 52 58 #SUP: 2487
9 5 48 29 58 #SUP: 2495
9 5 48 52 #SUP: 2492
9 5 48 52 58 #SUP: 2491
9 5 48 58 #SUP: 2499
9 5 66 #SUP: 2555
9 5 66 56 #SUP: 2438
9 5 66 56 60 #SUP: 2438
9 5 66 56 60 40 #SUP: 2421
9 5 66 56 60 40 29 #SUP: 2419
9 5 66 56 60 40 29 52 #SUP: 2414
9 5 66 56 60 40 29 52 58 #SUP: 2413
9 5 66 56 60 40 29 58 #SUP: 2418
9 5 66 56 60 40 52 #SUP: 2416
9 5 66 56 60 40 52 58 #SUP: 2415
9 5 66 56 60 40 58 #SUP: 2420
9 5 66 56 60 29 #SUP: 2436
9 5 66 56 60 29 52 #SUP: 2431
9 5 66 56 60 29 52 58 #SUP: 2430
9 5 66 56 60 29 58 #SUP: 2435
9 5 66 56 60 52 #SUP: 2433
9 5 66 56 60 52 58 #SUP: 2432
9 5 66 56 60 58 #SUP: 2437
9 5 66 56 40 #SUP: 2421
9 5 66 56 40 29 #SUP: 2419
9 5 66 56 40 29 52 #SUP: 2414
9 5 66 56 40 29 52 58 #SUP: 2413
9 5 66 56 40 29 58 #SUP: 2418
9 5 66 56 40 52 #SUP: 2416
9 5 66 56 40 52 58 #SUP: 2415
9 5 66 56 40 58 #SUP: 2420
9 5 66 56 29 #SUP: 2436
9 5 66 56 29 52 #SUP: 2431
9 5 66 56 29 52 58 #SUP: 2430
9 5 66 56 29 58 #SUP: 2435
9 5 66 56 52 #SUP: 2433
9 5 66 56 52 58 #SUP: 2432
9 5 66 56 58 #SUP: 2437
9 5 66 34 #SUP: 2496
9 5 66 34 62 #SUP: 2398
9 5 66 34 62 58 #SUP: 2398
9 5 66 34 62 60 #SUP: 2398
9 5 66 34 62 60 58 #SUP: 2398
9 5 66 34 36 #SUP: 2399
9 5 66 34 36 60 #SUP: 2399
9 5 66 34 36 60 29 #SUP: 2397
9 5 66 34 36 60 58 #SUP: 2398
9 5 66 34 36 29 #SUP: 2397
9 5 66 34 36 58 #SUP: 2398
9 5 66 34 60 #SUP: 2496
9 5 66 34 60 40 #SUP: 2480
9 5 66 34 60 40 29 #SUP: 2478
9 5 66 34 60 40 29 52 #SUP: 2470
9 5 66 34 60 40 29 52 58 #SUP: 2469
9 5 66 34 60 40 29 58 #SUP: 2477
9 5 66 34 60 40 52 #SUP: 2472
9 5 66 34 60 40 52 58 #SUP: 2471
9 5 66 34 60 40 58 #SUP: 2479
9 5 66 34 60 29 #SUP: 2494
9 5 66 34 60 29 52 #SUP: 2486
9 5 66 34 60 29 52 58 #SUP: 2485
9 5 66 34 60 29 58 #SUP: 2493
9 5 66 34 60 52 #SUP: 2488
9 5 66 34 60 52 58 #SUP: 2487
9 5 66 34 60 58 #SUP: 2495
9 5 66 34 40 #SUP: 2480
9 5 66 34 40 29 #SUP: 2478
9 5 66 34 40 29 52 #SUP: 2470
9 5 66 34 40 29 52 58 #SUP: 2469
9 5 66 34 40 29 58 #SUP: 2477
9 5 66 34 40 52 #SUP: 2472
9 5 66 34 40 52 58 #SUP: 2471
9 5 66 34 40 58 #SUP: 2479
9 5 66 34 29 #SUP: 2494
9 5 66 34 29 52 #SUP: 2486
9 5 66 34 29 52 58 #SUP: 2485
9 5 66 34 29 58 #SUP: 2493
9 5 66 34 52 #SUP: 2488
9 5 66 34 52 58 #SUP: 2487
9 5 66 34 58 #SUP: 2495
9 5 66 62 #SUP: 2456
9 5 66 62 58 #SUP: 2456
9 5 66 62 60 #SUP: 2456
9 5 66 62 60 58 #SUP: 2456
9 5 66 62 60 40 #SUP: 2446
9 5 66 62 60 40 58 #SUP: 2446
9 5 66 62 60 40 29 #SUP: 2444
9 5 66 62 60 40 29 58 #SUP: 2444
9 5 66 62 60 40 29 52 #SUP: 2436
9 5 66 62 60 40 29 52 58 #SUP: 2436
9 5 66 62 60 40 52 #SUP: 2438
9 5 66 62 60 40 52 58 #SUP: 2438
9 5 66 62 60 29 #SUP: 2454
9 5 66 62 60 29 58 #SUP: 2454
9 5 66 62 60 29 52 #SUP: 2446
9 5 66 62 60 29 52 58 #SUP: 2446
9 5 66 62 60 52 #SUP: 2448
9 5 66 62 60 52 58 #SUP: 2448
9 5 66 62 40 #SUP: 2446
9 5 66 62 40 58 #SUP: 2446
9 5 66 62 40 29 #SUP: 2444
9 5 66 62 40 29 58 #SUP: 2444
9 5 66 62 40 29 52 #SUP: 2436
9 5 66 62 40 29 52 58 #SUP: 2436
9 5 66 62 40 52 #SUP: 2438
9 5 66 62 40 52 58 #SUP: 2438
9 5 66 62 29 #SUP: 2454
9 5 66 62 29 58 #SUP: 2454
9 5 66 62 29 52 #SUP: 2446
9 5 66 62 29 52 58 #SUP: 2446
9 5 66 62 52 #SUP: 2448
9 5 66 62 52 58 #SUP: 2448
9 5 66 7 #SUP: 2447
9 5 66 7 60 #SUP: 2447
9 5 66 7 60 40 #SUP: 2430
9 5 66 7 60 40 29 #SUP: 2430
9 5 66 7 60 40 29 52 #SUP: 2422
9 5 66 7 60 40 29 52 58 #SUP: 2421
9 5 66 7 60 40 29 58 #SUP: 2429
9 5 66 7 60 40 52 #SUP: 2422
9 5 66 7 60 40 52 58 #SUP: 2421
9 5 66 7 60 40 58 #SUP: 2429
9 5 66 7 60 29 #SUP: 2447
9 5 66 7 60 29 52 #SUP: 2439
9 5 66 7 60 29 52 58 #SUP: 2438
9 5 66 7 60 29 58 #SUP: 2446
9 5 66 7 60 52 #SUP: 2439
9 5 66 7 60 52 58 #SUP: 2438
9 5 66 7 60 58 #SUP: 2446
9 5 66 7 40 #SUP: 2430
9 5 66 7 40 29 #SUP: 2430
9 5 66 7 40 29 52 #SUP: 2422
9 5 66 7 40 29 52 58 #SUP: 2421
9 5 66 7 40 29 58 #SUP: 2429
9 5 66 7 40 52 #SUP: 2422
9 5 66 7 40 52 58 #SUP: 2421
9 5 66 7 40 58 #SUP: 2429
9 5 66 7 29 #SUP: 2447
9 5 66 7 29 52 #SUP: 2439
9 5 66 7 29 52 58 #SUP: 2438
9 5 66 7 29 58 #SUP: 2446
9 5 66 7 52 #SUP: 2439
9 5 66 7 52 58 #SUP: 2438
9 5 66 7 58 #SUP: 2446
9 5 66 36 #SUP: 2458
9 5 66 36 60 #SUP: 2458
9 5 66 36 60 40 #SUP: 2441
9 5 66 36 60 40 29 #SUP: 2439
9 5 66 36 60 40 29 52 #SUP: 2431
9 5 66 36 60 40 29 52 58 #SUP: 2430
9 5 66 36 60 40 29 58 #SUP: 2438
9 5 66 36 60 40 52 #SUP: 2433
9 5 66 36 60 40 52 58 #SUP: 2432
9 5 66 36 60 40 58 #SUP: 2440
9 5 66 36 60 29 #SUP: 2456
9 5 66 36 60 29 52 #SUP: 2448
9 5 66 36 60 29 52 58 #SUP: 2447
9 5 66 36 60 29 58 #SUP: 2455
9 5 66 36 60 52 #SUP: 2450
9 5 66 36 60 52 58 #SUP: 2449
9 5 66 36 60 58 #SUP: 2457
9 5 66 36 40 #SUP: 2441
9 5 66 36 40 29 #SUP: 2439
9 5 66 36 40 29 52 #SUP: 2431
9 5 66 36 40 29 52 58 #SUP: 2430
9 5 66 36 40 29 58 #SUP: 2438
9 5 66 36 40 52 #SUP: 2433
9 5 66 36 40 52 58 #SUP: 2432
9 5 66 36 40 58 #SUP: 2440
9 5 66 36 29 #SUP: 2456
9 5 66 36 29 52 #SUP: 2448
9 5 66 36 29 52 58 #SUP: 2447
9 5 66 36 29 58 #SUP: 2455
9 5 66 36 52 #SUP: 2450
9 5 66 36 52 58 #SUP: 2449
9 5 66 36 58 #SUP: 2457
9 5 66 60 #SUP: 2555
9 5 66 60 40 #SUP: 2538
9 5 66 60 40 29 #SUP: 2536
9 5 66 60 40 29 52 #SUP: 2528
9 5 66 60 40 29 52 58 #SUP: 2527
9 5 66 60 40 29 58 #SUP: 2535
9 5 66 60 40 52 #SUP: 2530
9 5 66 60 40 52 58 #SUP: 2529
9 5 66 60 40 58 #SUP: 2537
9 5 66 60 29 #SUP: 2553
9 5 66 60 29 52 #SUP: 2545
9 5 66 60 29 52 58 #SUP: 2544
9 5 66 60 29 58 #SUP: 2552
9 5 66 60 52 #SUP: 2547
9 5 66 60 52 58 #SUP: 2546
9 5 66 60 58 #SUP: 2554
9 5 66 40 #SUP: 2538
9 5 66 40 29 #SUP: 2536
9 5 66 40 29 52 #SUP: 2528
9 5 66 40 29 52 58 #SUP: 2527
9 5 66 40 29 58 #SUP: 2535
9 5 66 40 52 #SUP: 2530
9 5 66 40 52 58 #SUP: 2529
9 5 66 40 58 #SUP: 2537
9 5 66 29 #SUP: 2553
9 5 66 29 52 #SUP: 2545
9 5 66 29 52 58 #SUP: 2544
9 5 66 29 58 #SUP: 2552
9 5 66 52 #SUP: 2547
9 5 66 52 58 #SUP: 2546
9 5 66 58 #SUP: 2554
9 5 56 #SUP: 2566
9 5 56 34 #SUP: 2508
9 5 56 34 62 #SUP: 2430
9 5 56 34 62 58 #SUP: 2430
9 5 56 34 62 40 #SUP: 2421
9 5 56 34 62 40 58 #SUP: 2421
9 5 56 34 62 40 29 #SUP: 2419
9 5 56 34 62 40 29 58 #SUP: 2419
9 5 56 34 62 40 29 52 #SUP: 2414
9 5 56 34 62 40 29 52 58 #SUP: 2414
9 5 56 34 62 40 52 #SUP: 2416
9 5 56 34 62 40 52 58 #SUP: 2416
9 5 56 34 62 29 #SUP: 2428
9 5 56 34 62 29 58 #SUP: 2428
9 5 56 34 62 29 52 #SUP: 2423
9 5 56 34 62 29 52 58 #SUP: 2423
9 5 56 34 62 52 #SUP: 2425
9 5 56 34 62 52 58 #SUP: 2425
9 5 56 34 7 #SUP: 2419
9 5 56 34 7 40 #SUP: 2403
9 5 56 34 7 40 29 #SUP: 2403
9 5 56 34 7 40 29 52 #SUP: 2398
9 5 56 34 7 40 29 52 58 #SUP: 2397
9 5 56 34 7 40 29 58 #SUP: 2402
9 5 56 34 7 40 52 #SUP: 2398
9 5 56 34 7 40 52 58 #SUP: 2397
9 5 56 34 7 40 58 #SUP: 2402
9 5 56 34 7 29 #SUP: 2419
9 5 56 34 7 29 52 #SUP: 2414
9 5 56 34 7 29 52 58 #SUP: 2413
9 5 56 34 7 29 58 #SUP: 2418
9 5 56 34 7 52 #SUP: 2414
9 5 56 34 7 52 58 #SUP: 2413
9 5 56 34 7 58 #SUP: 2418
9 5 56 34 36 #SUP: 2411
9 5 56 34 36 29 #SUP: 2409
9 5 56 34 36 29 52 #SUP: 2404
9 5 56 34 36 29 52 58 #SUP: 2403
9 5 56 34 36 29 58 #SUP: 2408
9 5 56 34 36 52 #SUP: 2406
9 5 56 34 36 52 58 #SUP: 2405
9 5 56 34 36 58 #SUP: 2410
9 5 56 34 60 #SUP: 2471
9 5 56 34 60 40 #SUP: 2455
9 5 56 34 60 40 29 #SUP: 2453
9 5 56 34 60 40 29 52 #SUP: 2448
9 5 56 34 60 40 29 52 58 #SUP: 2447
9 5 56 34 60 40 29 58 #SUP: 2452
9 5 56 34 60 40 52 #SUP: 2450
9 5 56 34 60 40 52 58 #SUP: 2449
9 5 56 34 60 40 58 #SUP: 2454
9 5 56 34 60 29 #SUP: 2469
9 5 56 34 60 29 52 #SUP: 2464
9 5 56 34 60 29 52 58 #SUP: 2463
9 5 56 34 60 29 58 #SUP: 2468
9 5 56 34 60 52 #SUP: 2466
9 5 56 34 60 52 58 #SUP: 2465
9 5 56 34 60 58 #SUP: 2470
9 5 56 34 40 #SUP: 2492
9 5 56 34 40 29 #SUP: 2490
9 5 56 34 40 29 52 #SUP: 2485
9 5 56 34 40 29 52 58 #SUP: 2484
9 5 56 34 40 29 58 #SUP: 2489
9 5 56 34 40 52 #SUP: 2487
9 5 56 34 40 52 58 #SUP: 2486
9 5 56 34 40 58 #SUP: 2491
9 5 56 34 29 #SUP: 2506
9 5 56 34 29 52 #SUP: 2501
9 5 56 34 29 52 58 #SUP: 2500
9 5 56 34 29 58 #SUP: 2505
9 5 56 34 52 #SUP: 2503
9 5 56 34 52 58 #SUP: 2502
9 5 56 34 58 #SUP: 2507
9 5 56 62 #SUP: 2487
9 5 56 62 58 #SUP: 2487
9 5 56 62 60 #SUP: 2448
9 5 56 62 60 58 #SUP: 2448
9 5 56 62 60 40 #SUP: 2438
9 5 56 62 60 40 58 #SUP: 2438
9 5 56 62 60 40 29 #SUP: 2436
9 5 56 62 60 40 29 58 #SUP: 2436
9 5 56 62 60 40 29 52 #SUP: 2431
9 5 56 62 60 40 29 52 58 #SUP: 2431
9 5 56 62 60 40 52 #SUP: 2433
9 5 56 62 60 40 52 58 #SUP: 2433
9 5 56 62 60 29 #SUP: 2446
9 5 56 62 60 29 58 #SUP: 2446
9 5 56 62 60 29 52 #SUP: 2441
9 5 56 62 60 29 52 58 #SUP: 2441
9 5 56 62 60 52 #SUP: 2443
9 5 56 62 60 52 58 #SUP: 2443
9 5 56 62 40 #SUP: 2477
9 5 56 62 40 58 #SUP: 2477
9 5 56 62 40 29 #SUP: 2473
9 5 56 62 40 29 58 #SUP: 2473
9 5 56 62 40 29 52 #SUP: 2468
9 5 56 62 40 29 52 58 #SUP: 2468
9 5 56 62 40 52 #SUP: 2472
9 5 56 62 40 52 58 #SUP: 2472
9 5 56 62 29 #SUP: 2483
9 5 56 62 29 58 #SUP: 2483
9 5 56 62 29 52 #SUP: 2478
9 5 56 62 29 52 58 #SUP: 2478
9 5 56 62 52 #SUP: 2482
9 5 56 62 52 58 #SUP: 2482
9 5 56 7 #SUP: 2473
9 5 56 7 60 #SUP: 2436
9 5 56 7 60 40 #SUP: 2419
9 5 56 7 60 40 29 #SUP: 2419
9 5 56 7 60 40 29 52 #SUP: 2414
9 5 56 7 60 40 29 52 58 #SUP: 2413
9 5 56 7 60 40 29 58 #SUP: 2418
9 5 56 7 60 40 52 #SUP: 2414
9 5 56 7 60 40 52 58 #SUP: 2413
9 5 56 7 60 40 58 #SUP: 2418
9 5 56 7 60 29 #SUP: 2436
9 5 56 7 60 29 52 #SUP: 2431
9 5 56 7 60 29 52 58 #SUP: 2430
9 5 56 7 60 29 58 #SUP: 2435
9 5 56 7 60 52 #SUP: 2431
9 5 56 7 60 52 58 #SUP: 2430
9 5 56 7 60 58 #SUP: 2435
9 5 56 7 40 #SUP: 2456
9 5 56 7 40 29 #SUP: 2456
9 5 56 7 40 29 52 #SUP: 2451
9 5 56 7 40 29 52 58 #SUP: 2450
9 5 56 7 40 29 58 #SUP: 2455
9 5 56 7 40 52 #SUP: 2451
9 5 56 7 40 52 58 #SUP: 2450
9 5 56 7 40 58 #SUP: 2455
9 5 56 7 29 #SUP: 2473
9 5 56 7 29 52 #SUP: 2468
9 5 56 7 29 52 58 #SUP: 2467
9 5 56 7 29 58 #SUP: 2472
9 5 56 7 52 #SUP: 2468
9 5 56 7 52 58 #SUP: 2467
9 5 56 7 58 #SUP: 2472
9 5 56 36 #SUP: 2469
9 5 56 36 60 #SUP: 2430
9 5 56 36 60 40 #SUP: 2413
9 5 56 36 60 40 29 #SUP: 2411
9 5 56 36 60 40 29 52 #SUP: 2406
9 5 56 36 60 40 29 52 58 #SUP: 2405
9 5 56 36 60 40 29 58 #SUP: 2410
9 5 56 36 60 40 52 #SUP: 2408
9 5 56 36 60 40 52 58 #SUP: 2407
9 5 56 36 60 40 58 #SUP: 2412
9 5 56 36 60 29 #SUP: 2428
9 5 56 36 60 29 52 #SUP: 2423
9 5 56 36 60 29 52 58 #SUP: 2422
9 5 56 36 60 29 58 #SUP: 2427
9 5 56 36 60 52 #SUP: 2425
9 5 56 36 60 52 58 #SUP: 2424
9 5 56 36 60 58 #SUP: 2429
9 5 56 36 40 #SUP: 2452
9 5 56 36 40 29 #SUP: 2448
9 5 56 36 40 29 52 #SUP: 2443
9 5 56 36 40 29 52 58 #SUP: 2442
9 5 56 36 40 29 58 #SUP: 2447
9 5 56 36 40 52 #SUP: 2447
9 5 56 36 40 52 58 #SUP: 2446
9 5 56 36 40 58 #SUP: 2451
9 5 56 36 29 #SUP: 2465
9 5 56 36 29 52 #SUP: 2460
9 5 56 36 29 52 58 #SUP: 2459
9 5 56 36 29 58 #SUP: 2464
9 5 56 36 52 #SUP: 2464
9 5 56 36 52 58 #SUP: 2463
9 5 56 36 58 #SUP: 2468
9 5 56 60 #SUP: 2527
9 5 56 60 40 #SUP: 2510
9 5 56 60 40 29 #SUP: 2508
9 5 56 60 40 29 52 #SUP: 2503
9 5 56 60 40 29 52 58 #SUP: 2502
9 5 56 60 40 29 58 #SUP: 2507
9 5 56 60 40 52 #SUP: 2505
9 5 56 60 40 52 58 #SUP: 2504
9 5 56 60 40 58 #SUP: 2509
9 5 56 60 29 #SUP: 2525
9 5 56 60 29 52 #SUP: 2520
9 5 56 60 29 52 58 #SUP: 2519
9 5 56 60 29 58 #SUP: 2524
9 5 56 60 52 #SUP: 2522
9 5 56 60 52 58 #SUP: 2521
9 5 56 60 58 #SUP: 2526
9 5 56 40 #SUP: 2549
9 5 56 40 29 #SUP: 2545
9 5 56 40 29 52 #SUP: 2540
9 5 56 40 29 52 58 #SUP: 2539
9 5 56 40 29 58 #SUP: 2544
9 5 56 40 52 #SUP: 2544
9 5 56 40 52 58 #SUP: 2543
9 5 56 40 58 #SUP: 2548
9 5 56 29 #SUP: 2562
9 5 56 29 52 #SUP: 2557
9 5 56 29 52 58 #SUP: 2556
9 5 56 29 58 #SUP: 2561
9 5 56 52 #SUP: 2561
9 5 56 52 58 #SUP: 2560
9 5 56 58 #SUP: 2565
9 5 34 #SUP: 2622
9 5 34 62 #SUP: 2520
9 5 34 62 58 #SUP: 2520
9 5 34 62 7 #SUP: 2415
9 5 34 62 7 58 #SUP: 2415
9 5 34 62 7 40 #SUP: 2406
9 5 34 62 7 40 58 #SUP: 2406
9 5 34 62 7 40 29 #SUP: 2406
9 5 34 62 7 40 29 58 #SUP: 2406
9 5 34 62 7 40 29 52 #SUP: 2398
9 5 34 62 7 40 29 52 58 #SUP: 2398
9 5 34 62 7 40 52 #SUP: 2398
9 5 34 62 7 40 52 58 #SUP: 2398
9 5 34 62 7 29 #SUP: 2415
9 5 34 62 7 29 58 #SUP: 2415
9 5 34 62 7 29 52 #SUP: 2407
9 5 34 62 7 29 52 58 #SUP: 2407
9 5 34 62 7 52 #SUP: 2407
9 5 34 62 7 52 58 #SUP: 2407
9 5 34 62 36 #SUP: 2423
9 5 34 62 36 58 #SUP: 2423
9 5 34 62 36 40 #SUP: 2414
9 5 34 62 36 40 58 #SUP: 2414
9 5 34 62 36 40 29 #SUP: 2412
9 5 34 62 36 40 29 58 #SUP: 2412
9 5 34 62 36 40 29 52 #SUP: 2404
9 5 34 62 36 40 29 52 58 #SUP: 2404
9 5 34 62 36 40 52 #SUP: 2406
9 5 34 62 36 40 52 58 #SUP: 2406
9 5 34 62 36 29 #SUP: 2421
9 5 34 62 36 29 58 #SUP: 2421
9 5 34 62 36 29 52 #SUP: 2413
9 5 34 62 36 29 52 58 #SUP: 2413
9 5 34 62 36 52 #SUP: 2415
9 5 34 62 36 52 58 #SUP: 2415
9 5 34 62 60 #SUP: 2483
9 5 34 62 60 58 #SUP: 2483
9 5 34 62 60 40 #SUP: 2474
9 5 34 62 60 40 58 #SUP: 2474
9 5 34 62 60 40 29 #SUP: 2472
9 5 34 62 60 40 29 58 #SUP: 2472
9 5 34 62 60 40 29 52 #SUP: 2464
9 5 34 62 60 40 29 52 58 #SUP: 2464
9 5 34 62 60 40 52 #SUP: 2466
9 5 34 62 60 40 52 58 #SUP: 2466
9 5 34 62 60 29 #SUP: 2481
9 5 34 62 60 29 58 #SUP: 2481
9 5 34 62 60 29 52 #SUP: 2473
9 5 34 62 60 29 52 58 #SUP: 2473
9 5 34 62 60 52 #SUP: 2475
9 5 34 62 60 52 58 #SUP: 2475
9 5 34 62 40 #SUP: 2511
9 5 34 62 40 58 #SUP: 2511
9 5 34 62 40 29 #SUP: 2509
9 5 34 62 40 29 58 #SUP: 2509
9 5 34 62 40 29 52 #SUP: 2501
9 5 34 62 40 29 52 58 #SUP: 2501
9 5 34 62 40 52 #SUP: 2503
9 5 34 62 40 52 58 #SUP: 2503
9 5 34 62 29 #SUP: 2518
9 5 34 62 29 58 #SUP: 2518
9 5 34 62 29 52 #SUP: 2510
9 5 34 62 29 52 58 #SUP: 2510
9 5 34 62 52 #SUP: 2512
9 5 34 62 52 58 #SUP: 2512
9 5 34 7 #SUP: 2517
9 5 34 7 36 #SUP: 2420
9 5 34 7 36 40 #SUP: 2404
9 5 34 7 36 40 29 #SUP: 2404
9 5 34 7 36 40 29 58 #SUP: 2403
9 5 34 7 36 40 58 #SUP: 2403
9 5 34 7 36 29 #SUP: 2420
9 5 34 7 36 29 52 #SUP: 2412
9 5 34 7 36 29 52 58 #SUP: 2411
9 5 34 7 36 29 58 #SUP: 2419
9 5 34 7 36 52 #SUP: 2412
9 5 34 7 36 52 58 #SUP: 2411
9 5 34 7 36 58 #SUP: 2419
9 5 34 7 60 #SUP: 2480
9 5 34 7 60 40 #SUP: 2464
9 5 34 7 60 40 29 #SUP: 2464
9 5 34 7 60 40 29 52 #SUP: 2456
9 5 34 7 60 40 29 52 58 #SUP: 2455
9 5 34 7 60 40 29 58 #SUP: 2463
9 5 34 7 60 40 52 #SUP: 2456
9 5 34 7 60 40 52 58 #SUP: 2455
9 5 34 7 60 40 58 #SUP: 2463
9 5 34 7 60 29 #SUP: 2480
9 5 34 7 60 29 52 #SUP: 2472
9 5 34 7 60 29 52 58 #SUP: 2471
9 5 34 7 60 29 58 #SUP: 2479
9 5 34 7 60 52 #SUP: 2472
9 5 34 7 60 52 58 #SUP: 2471
9 5 34 7 60 58 #SUP: 2479
9 5 34 7 40 #SUP: 2501
9 5 34 7 40 29 #SUP: 2501
9 5 34 7 40 29 52 #SUP: 2493
9 5 34 7 40 29 52 58 #SUP: 2492
9 5 34 7 40 29 58 #SUP: 2500
9 5 34 7 40 52 #SUP: 2493
9 5 34 7 40 52 58 #SUP: 2492
9 5 34 7 40 58 #SUP: 2500
9 5 34 7 29 #SUP: 2517
9 5 34 7 29 52 #SUP: 2509
9 5 34 7 29 52 58 #SUP: 2508
9 5 34 7 29 58 #SUP: 2516
9 5 34 7 52 #SUP: 2509
9 5 34 7 52 58 #SUP: 2508
9 5 34 7 58 #SUP: 2516
9 5 34 36 #SUP: 2525
9 5 34 36 60 #SUP: 2488
9 5 34 36 60 40 #SUP: 2472
9 5 34 36 60 40 29 #SUP: 2470
9 5 34 36 60 40 29 52 #SUP: 2462
9 5 34 36 60 40 29 52 58 #SUP: 2461
9 5 34 36 60 40 29 58 #SUP: 2469
9 5 34 36 60 40 52 #SUP: 2464
9 5 34 36 60 40 52 58 #SUP: 2463
9 5 34 36 60 40 58 #SUP: 2471
9 5 34 36 60 29 #SUP: 2486
9 5 34 36 60 29 52 #SUP: 2478
9 5 34 36 60 29 52 58 #SUP: 2477
9 5 34 36 60 29 58 #SUP: 2485
9 5 34 36 60 52 #SUP: 2480
9 5 34 36 60 52 58 #SUP: 2479
9 5 34 36 60 58 #SUP: 2487
9 5 34 36 40 #SUP: 2509
9 5 34 36 40 29 #SUP: 2507
9 5 34 36 40 29 52 #SUP: 2499
9 5 34 36 40 29 52 58 #SUP: 2498
9 5 34 36 40 29 58 #SUP: 2506
9 5 34 36 40 52 #SUP: 2501
9 5 34 36 40 52 58 #SUP: 2500
9 5 34 36 40 58 #SUP: 2508
9 5 34 36 29 #SUP: 2523
9 5 34 36 29 52 #SUP: 2515
9 5 34 36 29 52 58 #SUP: 2514
9 5 34 36 29 58 #SUP: 2522
9 5 34 36 52 #SUP: 2517
9 5 34 36 52 58 #SUP: 2516
9 5 34 36 58 #SUP: 2524
9 5 34 60 #SUP: 2585
9 5 34 60 40 #SUP: 2569
9 5 34 60 40 29 #SUP: 2567
9 5 34 60 40 29 52 #SUP: 2559
9 5 34 60 40 29 52 58 #SUP: 2558
9 5 34 60 40 29 58 #SUP: 2566
9 5 34 60 40 52 #SUP: 2561
9 5 34 60 40 52 58 #SUP: 2560
9 5 34 60 40 58 #SUP: 2568
9 5 34 60 29 #SUP: 2583
9 5 34 60 29 52 #SUP: 2575
9 5 34 60 29 52 58 #SUP: 2574
9 5 34 60 29 58 #SUP: 2582
9 5 34 60 52 #SUP: 2577
9 5 34 60 52 58 #SUP: 2576
9 5 34 60 58 #SUP: 2584
9 5 34 40 #SUP: 2606
9 5 34 40 29 #SUP: 2604
9 5 34 40 29 52 #SUP: 2596
9 5 34 40 29 52 58 #SUP: 2595
9 5 34 40 29 58 #SUP: 2603
9 5 34 40 52 #SUP: 2598
9 5 34 40 52 58 #SUP: 2597
9 5 34 40 58 #SUP: 2605
9 5 34 29 #SUP: 2620
9 5 34 29 52 #SUP: 2612
9 5 34 29 52 58 #SUP: 2611
9 5 34 29 58 #SUP: 2619
9 5 34 52 #SUP: 2614
9 5 34 52 58 #SUP: 2613
9 5 34 58 #SUP: 2621
9 5 62 #SUP: 2580
9 5 62 58 #SUP: 2580
9 5 62 7 #SUP: 2469
9 5 62 7 58 #SUP: 2469
9 5 62 7 60 #SUP: 2432
9 5 62 7 60 58 #SUP: 2432
9 5 62 7 60 40 #SUP: 2422
9 5 62 7 60 40 58 #SUP: 2422
9 5 62 7 60 40 29 #SUP: 2422
9 5 62 7 60 40 29 58 #SUP: 2422
9 5 62 7 60 40 29 52 #SUP: 2414
9 5 62 7 60 40 29 52 58 #SUP: 2414
9 5 62 7 60 40 52 #SUP: 2414
9 5 62 7 60 40 52 58 #SUP: 2414
9 5 62 7 60 29 #SUP: 2432
9 5 62 7 60 29 58 #SUP: 2432
9 5 62 7 60 29 52 #SUP: 2424
9 5 62 7 60 29 52 58 #SUP: 2424
9 5 62 7 60 52 #SUP: 2424
9 5 62 7 60 52 58 #SUP: 2424
9 5 62 7 40 #SUP: 2459
9 5 62 7 40 58 #SUP: 2459
9 5 62 7 40 29 #SUP: 2459
9 5 62 7 40 29 58 #SUP: 2459
9 5 62 7 40 29 52 #SUP: 2451
9 5 62 7 40 29 52 58 #SUP: 2451
9 5 62 7 40 52 #SUP: 2451
9 5 62 7 40 52 58 #SUP: 2451
9 5 62 7 29 #SUP: 2469
9 5 62 7 29 58 #SUP: 2469
9 5 62 7 29 52 #SUP: 2461
9 5 62 7 29 52 58 #SUP: 2461
9 5 62 7 52 #SUP: 2461
9 5 62 7 52 58 #SUP: 2461
9 5 62 36 #SUP: 2483
9 5 62 36 58 #SUP: 2483
9 5 62 36 60 #SUP: 2444
9 5 62 36 60 58 #SUP: 2444
9 5 62 36 60 40 #SUP: 2434
9 5 62 36 60 40 58 #SUP: 2434
9 5 62 36 60 40 29 #SUP: 2432
9 5 62 36 60 40 29 58 #SUP: 2432
9 5 62 36 60 40 29 52 #SUP: 2424
9 5 62 36 60 40 29 52 58 #SUP: 2424
9 5 62 36 60 40 52 #SUP: 2426
9 5 62 36 60 40 52 58 #SUP: 2426
9 5 62 36 60 29 #SUP: 2442
9 5 62 36 60 29 58 #SUP: 2442
9 5 62 36 60 29 52 #SUP: 2434
9 5 62 36 60 29 52 58 #SUP: 2434
9 5 62 36 60 52 #SUP: 2436
9 5 62 36 60 52 58 #SUP: 2436
9 5 62 36 40 #SUP: 2473
9 5 62 36 40 58 #SUP: 2473
9 5 62 36 40 29 #SUP: 2469
9 5 62 36 40 29 58 #SUP: 2469
9 5 62 36 40 29 52 #SUP: 2461
9 5 62 36 40 29 52 58 #SUP: 2461
9 5 62 36 40 52 #SUP: 2465
9 5 62 36 40 52 58 #SUP: 2465
9 5 62 36 29 #SUP: 2479
9 5 62 36 29 58 #SUP: 2479
9 5 62 36 29 52 #SUP: 2471
9 5 62 36 29 52 58 #SUP: 2471
9 5 62 36 52 #SUP: 2475
9 5 62 36 52 58 #SUP: 2475
9 5 62 60 #SUP: 2541
9 5 62 60 58 #SUP: 2541
9 5 62 60 40 #SUP: 2531
9 5 62 60 40 58 #SUP: 2531
9 5 62 60 40 29 #SUP: 2529
9 5 62 60 40 29 58 #SUP: 2529
9 5 62 60 40 29 52 #SUP: 2521
9 5 62 60 40 29 52 58 #SUP: 2521
9 5 62 60 40 52 #SUP: 2523
9 5 62 60 40 52 58 #SUP: 2523
9 5 62 60 29 #SUP: 2539
9 5 62 60 29 58 #SUP: 2539
9 5 62 60 29 52 #SUP: 2531
9 5 62 60 29 52 58 #SUP: 2531
9 5 62 60 52 #SUP: 2533
9 5 62 60 52 58 #SUP: 2533
9 5 62 40 #SUP: 2570
9 5 62 40 58 #SUP: 2570
9 5 62 40 29 #SUP: 2566
9 5 62 40 29 58 #SUP: 2566
9 5 62 40 29 52 #SUP: 2558
9 5 62 40 29 52 58 #SUP: 2558
9 5 62 40 52 #SUP: 2562
9 5 62 40 52 58 #SUP: 2562
9 5 62 29 #SUP: 2576
9 5 62 29 58 #SUP: 2576
9 5 62 29 52 #SUP: 2568
9 5 62 29 52 58 #SUP: 2568
9 5 62 52 #SUP: 2572
9 5 62 52 58 #SUP: 2572
9 5 7 #SUP: 2572
9 5 7 36 #SUP: 2475
9 5 7 36 60 #SUP: 2438
9 5 7 36 60 40 #SUP: 2421
9 5 7 36 60 40 29 #SUP: 2421
9 5 7 36 60 40 29 52 #SUP: 2413
9 5 7 36 60 40 29 52 58 #SUP: 2412
9 5 7 36 60 40 29 58 #SUP: 2420
9 5 7 36 60 40 52 #SUP: 2413
9 5 7 36 60 40 52 58 #SUP: 2412
9 5 7 36 60 40 58 #SUP: 2420
9 5 7 36 60 29 #SUP: 2438
9 5 7 36 60 29 52 #SUP: 2430
9 5 7 36 60 29 52 58 #SUP: 2429
9 5 7 36 60 29 58 #SUP: 2437
9 5 7 36 60 52 #SUP: 2430
9 5 7 36 60 52 58 #SUP: 2429
9 5 7 36 60 58 #SUP: 2437
9 5 7 36 40 #SUP: 2458
9 5 7 36 40 29 #SUP: 2458
9 5 7 36 40 29 52 #SUP: 2450
9 5 7 36 40 29 52 58 #SUP: 2449
9 5 7 36 40 29 58 #SUP: 2457
9 5 7 36 40 52 #SUP: 2450
9 5 7 36 40 52 58 #SUP: 2449
9 5 7 36 40 58 #SUP: 2457
9 5 7 36 29 #SUP: 2475
9 5 7 36 29 52 #SUP: 2467
9 5 7 36 29 52 58 #SUP: 2466
9 5 7 36 29 58 #SUP: 2474
9 5 7 36 52 #SUP: 2467
9 5 7 36 52 58 #SUP: 2466
9 5 7 36 58 #SUP: 2474
9 5 7 60 #SUP: 2535
9 5 7 60 40 #SUP: 2518
9 5 7 60 40 29 #SUP: 2518
9 5 7 60 40 29 52 #SUP: 2510
9 5 7 60 40 29 52 58 #SUP: 2509
9 5 7 60 40 29 58 #SUP: 2517
9 5 7 60 40 52 #SUP: 2510
9 5 7 60 40 52 58 #SUP: 2509
9 5 7 60 40 58 #SUP: 2517
9 5 7 60 29 #SUP: 2535
9 5 7 60 29 52 #SUP: 2527
9 5 7 60 29 52 58 #SUP: 2526
9 5 7 60 29 58 #SUP: 2534
9 5 7 60 52 #SUP: 2527
9 5 7 60 52 58 #SUP: 2526
9 5 7 60 58 #SUP: 2534
9 5 7 40 #SUP: 2555
9 5 7 40 29 #SUP: 2555
9 5 7 40 29 52 #SUP: 2547
9 5 7 40 29 52 58 #SUP: 2546
9 5 7 40 29 58 #SUP: 2554
9 5 7 40 52 #SUP: 2547
9 5 7 40 52 58 #SUP: 2546
9 5 7 40 58 #SUP: 2554
9 5 7 29 #SUP: 2572
9 5 7 29 52 #SUP: 2564
9 5 7 29 52 58 #SUP: 2563
9 5 7 29 58 #SUP: 2571
9 5 7 52 #SUP: 2564
9 5 7 52 58 #SUP: 2563
9 5 7 58 #SUP: 2571
9 5 36 #SUP: 2586
9 5 36 60 #SUP: 2547
9 5 36 60 40 #SUP: 2530
9 5 36 60 40 29 #SUP: 2528
9 5 36 60 40 29 52 #SUP: 2520
9 5 36 60 40 29 52 58 #SUP: 2519
9 5 36 60 40 29 58 #SUP: 2527
9 5 36 60 40 52 #SUP: 2522
9 5 36 60 40 52 58 #SUP: 2521
9 5 36 60 40 58 #SUP: 2529
9 5 36 60 29 #SUP: 2545
9 5 36 60 29 52 #SUP: 2537
9 5 36 60 29 52 58 #SUP: 2536
9 5 36 60 29 58 #SUP: 2544
9 5 36 60 52 #SUP: 2539
9 5 36 60 52 58 #SUP: 2538
9 5 36 60 58 #SUP: 2546
9 5 36 40 #SUP: 2569
9 5 36 40 29 #SUP: 2565
9 5 36 40 29 52 #SUP: 2557
9 5 36 40 29 52 58 #SUP: 2556
9 5 36 40 29 58 #SUP: 2564
9 5 36 40 52 #SUP: 2561
9 5 36 40 52 58 #SUP: 2560
9 5 36 40 58 #SUP: 2568
9 5 36 29 #SUP: 2582
9 5 36 29 52 #SUP: 2574
9 5 36 29 52 58 #SUP: 2573
9 5 36 29 58 #SUP: 2581
9 5 36 52 #SUP: 2578
9 5 36 52 58 #SUP: 2577
9 5 36 58 #SUP: 2585
9 5 60 #SUP: 2644
9 5 60 40 #SUP: 2627
9 5 60 40 29 #SUP: 2625
9 5 60 40 29 52 #SUP: 2617
9 5 60 40 29 52 58 #SUP: 2616
9 5 60 40 29 58 #SUP: 2624
9 5 60 40 52 #SUP: 2619
9 5 60 40 52 58 #SUP: 2618
9 5 60 40 58 #SUP: 2626
9 5 60 29 #SUP: 2642
9 5 60 29 52 #SUP: 2634
9 5 60 29 52 58 #SUP: 2633
9 5 60 29 58 #SUP: 2641
9 5 60 52 #SUP: 2636
9 5 60 52 58 #SUP: 2635
9 5 60 58 #SUP: 2643
9 5 40 #SUP: 2666
9 5 40 29 #SUP: 2662
9 5 40 29 52 #SUP: 2654
9 5 40 29 52 58 #SUP: 2653
9 5 40 29 58 #SUP: 2661
9 5 40 52 #SUP: 2658
9 5 40 52 58 #SUP: 2657
9 5 40 58 #SUP: 2665
9 5 29 #SUP: 2679
9 5 29 52 #SUP: 2671
9 5 29 52 58 #SUP: 2670
9 5 29 58 #SUP: 2678
9 5 52 #SUP: 2675
9 5 52 58 #SUP: 2674
9 5 58 #SUP: 2682
9 48 #SUP: 2691
9 48 66 #SUP: 2567
9 48 66 56 #SUP: 2445
9 48 66 56 36 #SUP: 2419
9 48 66 56 36 60 #SUP: 2419
9 48 66 56 36 60 40 #SUP: 2398
9 48 66 56 36 60 40 58 #SUP: 2397
9 48 66 56 36 60 29 #SUP: 2415
9 48 66 56 36 60 29 52 #SUP: 2410
9 48 66 56 36 60 29 52 58 #SUP: 2409
9 48 66 56 36 60 29 58 #SUP: 2414
9 48 66 56 36 60 52 #SUP: 2414
9 48 66 56 36 60 52 58 #SUP: 2413
9 48 66 56 36 60 58 #SUP: 2418
9 48 66 56 36 40 #SUP: 2398
9 48 66 56 36 40 58 #SUP: 2397
9 48 66 56 36 29 #SUP: 2415
9 48 66 56 36 29 52 #SUP: 2410
9 48 66 56 36 29 52 58 #SUP: 2409
9 48 66 56 36 29 58 #SUP: 2414
9 48 66 56 36 52 #SUP: 2414
9 48 66 56 36 52 58 #SUP: 2413
9 48 66 56 36 58 #SUP: 2418
9 48 66 56 60 #SUP: 2445
9 48 66 56 60 40 #SUP: 2424
9 48 66 56 60 40 29 #SUP: 2420
9 48 66 56 60 40 29 52 #SUP: 2415
9 48 66 56 60 40 29 52 58 #SUP: 2414
9 48 66 56 60 40 29 58 #SUP: 2419
9 48 66 56 60 40 52 #SUP: 2419
9 48 66 56 60 40 52 58 #SUP: 2418
9 48 66 56 60 40 58 #SUP: 2423
9 48 66 56 60 29 #SUP: 2441
9 48 66 56 60 29 52 #SUP: 2436
9 48 66 56 60 29 52 58 #SUP: 2435
9 48 66 56 60 29 58 #SUP: 2440
9 48 66 56 60 52 #SUP: 2440
9 48 66 56 60 52 58 #SUP: 2439
9 48 66 56 60 58 #SUP: 2444
9 48 66 56 40 #SUP: 2424
9 48 66 56 40 29 #SUP: 2420
9 48 66 56 40 29 52 #SUP: 2415
9 48 66 56 40 29 52 58 #SUP: 2414
9 48 66 56 40 29 58 #SUP: 2419
9 48 66 56 40 52 #SUP: 2419
9 48 66 56 40 52 58 #SUP: 2418
9 48 66 56 40 58 #SUP: 2423
9 48 66 56 29 #SUP: 2441
9 48 66 56 29 52 #SUP: 2436
9 48 66 56 29 52 58 #SUP: 2435
9 48 66 56 29 58 #SUP: 2440
9 48 66 56 52 #SUP: 2440
9 48 66 56 52 58 #SUP: 2439
9 48 66 56 58 #SUP: 2444
9 48 66 34 #SUP: 2462
9 48 66 34 36 #SUP: 2436
9 48 66 34 36 60 #SUP: 2436
9 48 66 34 36 60 40 #SUP: 2417
9 48 66 34 36 60 40 29 #SUP: 2415
9 48 66 34 36 60 40 29 52 #SUP: 2407
9 48 66 34 36 60 40 29 52 58 #SUP: 2406
9 48 66 34 36 60 40 29 58 #SUP: 2414
9 48 66 34 36 60 40 52 #SUP: 2409
9 48 66 34 36 60 40 52 58 #SUP: 2408
9 48 66 34 36 60 40 58 #SUP: 2416
9 48 66 34 36 60 29 #SUP: 2434
9 48 66 34 36 60 29 52 #SUP: 2426
9 48 66 34 36 60 29 52 58 #SUP: 2425
9 48 66 34 36 60 29 58 #SUP: 2433
9 48 66 34 36 60 52 #SUP: 2428
9 48 66 34 36 60 52 58 #SUP: 2427
9 48 66 34 36 60 58 #SUP: 2435
9 48 66 34 36 40 #SUP: 2417
9 48 66 34 36 40 29 #SUP: 2415
9 48 66 34 36 40 29 52 #SUP: 2407
9 48 66 34 36 40 29 52 58 #SUP: 2406
9 48 66 34 36 40 29 58 #SUP: 2414
9 48 66 34 36 40 52 #SUP: 2409
9 48 66 34 36 40 52 58 #SUP: 2408
9 48 66 34 36 40 58 #SUP: 2416
9 48 66 34 36 29 #SUP: 2434
9 48 66 34 36 29 52 #SUP: 2426
9 48 66 34 36 29 52 58 #SUP: 2425
9 48 66 34 36 29 58 #SUP: 2433
9 48 66 34 36 52 #SUP: 2428
9 48 66 34 36 52 58 #SUP: 2427
9 48 66 34 36 58 #SUP: 2435
9 48 66 34 60 #SUP: 2462
9 48 66 34 60 40 #SUP: 2443
9 48 66 34 60 40 29 #SUP: 2441
9 48 66 34 60 40 29 52 #SUP: 2433
9 48 66 34 60 40 29 52 58 #SUP: 2432
9 48 66 34 60 40 29 58 #SUP: 2440
9 48 66 34 60 40 52 #SUP: 2435
9 48 66 34 60 40 52 58 #SUP: 2434
9 48 66 34 60 40 58 #SUP: 2442
9 48 66 34 60 29 #SUP: 2460
9 48 66 34 60 29 52 #SUP: 2452
9 48 66 34 60 29 52 58 #SUP: 2451
9 48 66 34 60 29 58 #SUP: 2459
9 48 66 34 60 52 #SUP: 2454
9 48 66 34 60 52 58 #SUP: 2453
9 48 66 34 60 58 #SUP: 2461
9 48 66 34 40 #SUP: 2443
9 48 66 34 40 29 #SUP: 2441
9 48 66 34 40 29 52 #SUP: 2433
9 48 66 34 40 29 52 58 #SUP: 2432
9 48 66 34 40 29 58 #SUP: 2440
9 48 66 34 40 52 #SUP: 2435
9 48 66 34 40 52 58 #SUP: 2434
9 48 66 34 40 58 #SUP: 2442
9 48 66 34 29 #SUP: 2460
9 48 66 34 29 52 #SUP: 2452
9 48 66 34 29 52 58 #SUP: 2451
9 48 66 34 29 58 #SUP: 2459
9 48 66 34 52 #SUP: 2454
9 48 66 34 52 58 #SUP: 2453
9 48 66 34 58 #SUP: 2461
9 48 66 62 #SUP: 2449
9 48 66 62 58 #SUP: 2449
9 48 66 62 36 #SUP: 2423
9 48 66 62 36 58 #SUP: 2423
9 48 66 62 36 60 #SUP: 2423
9 48 66 62 36 60 58 #SUP: 2423
9 48 66 62 36 60 40 #SUP: 2411
9 48 66 62 36 60 40 58 #SUP: 2411
9 48 66 62 36 60 40 29 #SUP: 2407
9 48 66 62 36 60 40 29 58 #SUP: 2407
9 48 66 62 36 60 40 29 52 #SUP: 2399
9 48 66 62 36 60 40 29 52 58 #SUP: 2399
9 48 66 62 36 60 40 52 #SUP: 2403
9 48 66 62 36 60 40 52 58 #SUP: 2403
9 48 66 62 36 60 29 #SUP: 2419
9 48 66 62 36 60 29 58 #SUP: 2419
9 48 66 62 36 60 29 52 #SUP: 2411
9 48 66 62 36 60 29 52 58 #SUP: 2411
9 48 66 62 36 60 52 #SUP: 2415
9 48 66 62 36 60 52 58 #SUP: 2415
9 48 66 62 36 40 #SUP: 2411
9 48 66 62 36 40 58 #SUP: 2411
9 48 66 62 36 40 29 #SUP: 2407
9 48 66 62 36 40 29 58 #SUP: 2407
9 48 66 62 36 40 29 52 #SUP: 2399
9 48 66 62 36 40 29 52 58 #SUP: 2399
9 48 66 62 36 40 52 #SUP: 2403
9 48 66 62 36 40 52 58 #SUP: 2403
9 48 66 62 36 29 #SUP: 2419
9 48 66 62 36 29 58 #SUP: 2419
9 48 66 62 36 29 52 #SUP: 2411
9 48 66 62 36 29 52 58 #SUP: 2411
9 48 66 62 36 52 #SUP: 2415
9 48 66 62 36 52 58 #SUP: 2415
9 48 66 62 60 #SUP: 2449
9 48 66 62 60 58 #SUP: 2449
9 48 66 62 60 40 #SUP: 2437
9 48 66 62 60 40 58 #SUP: 2437
9 48 66 62 60 40 29 #SUP: 2433
9 48 66 62 60 40 29 58 #SUP: 2433
9 48 66 62 60 40 29 52 #SUP: 2425
9 48 66 62 60 40 29 52 58 #SUP: 2425
9 48 66 62 60 40 52 #SUP: 2429
9 48 66 62 60 40 52 58 #SUP: 2429
9 48 66 62 60 29 #SUP: 2445
9 48 66 62 60 29 58 #SUP: 2445
9 48 66 62 60 29 52 #SUP: 2437
9 48 66 62 60 29 52 58 #SUP: 2437
9 48 66 62 60 52 #SUP: 2441
9 48 66 62 60 52 58 #SUP: 2441
9 48 66 62 40 #SUP: 2437
9 48 66 62 40 58 #SUP: 2437
9 48 66 62 40 29 #SUP: 2433
9 48 66 62 40 29 58 #SUP: 2433
9 48 66 62 40 29 52 #SUP: 2425
9 48 66 62 40 29 52 58 #SUP: 2425
9 48 66 62 40 52 #SUP: 2429
9 48 66 62 40 52 58 #SUP: 2429
9 48 66 62 29 #SUP: 2445
9 48 66 62 29 58 #SUP: 2445
9 48 66 62 29 52 #SUP: 2437
9 48 66 62 29 52 58 #SUP: 2437
9 48 66 62 52 #SUP: 2441
9 48 66 62 52 58 #SUP: 2441
9 48 66 7 #SUP: 2453
9 48 66 7 36 #SUP: 2427
9 48 66 7 36 60 #SUP: 2427
9 48 66 7 36 60 40 #SUP: 2406
9 48 66 7 36 60 40 29 #SUP: 2406
9 48 66 7 36 60 40 29 52 #SUP: 2398
9 48 66 7 36 60 40 29 52 58 #SUP: 2397
9 48 66 7 36 60 40 29 58 #SUP: 2405
9 48 66 7 36 60 40 52 #SUP: 2398
9 48 66 7 36 60 40 52 58 #SUP: 2397
9 48 66 7 36 60 40 58 #SUP: 2405
9 48 66 7 36 60 29 #SUP: 2427
9 48 66 7 36 60 29 52 #SUP: 2419
9 48 66 7 36 60 29 52 58 #SUP: 2418
9 48 66 7 36 60 29 58 #SUP: 2426
9 48 66 7 36 60 52 #SUP: 2419
9 48 66 7 36 60 52 58 #SUP: 2418
9 48 66 7 36 60 58 #SUP: 2426
9 48 66 7 36 40 #SUP: 2406
9 48 66 7 36 40 29 #SUP: 2406
9 48 66 7 36 40 29 52 #SUP: 2398
9 48 66 7 36 40 29 52 58 #SUP: 2397
9 48 66 7 36 40 29 58 #SUP: 2405
9 48 66 7 36 40 52 #SUP: 2398
9 48 66 7 36 40 52 58 #SUP: 2397
9 48 66 7 36 40 58 #SUP: 2405
9 48 66 7 36 29 #SUP: 2427
9 48 66 7 36 29 52 #SUP: 2419
9 48 66 7 36 29 52 58 #SUP: 2418
9 48 66 7 36 29 58 #SUP: 2426
9 48 66 7 36 52 #SUP: 2419
9 48 66 7 36 52 58 #SUP: 2418
9 48 66 7 36 58 #SUP: 2426
9 48 66 7 60 #SUP: 2453
9 48 66 7 60 40 #SUP: 2432
9 48 66 7 60 40 29 #SUP: 2432
9 48 66 7 60 40 29 52 #SUP: 2424
9 48 66 7 60 40 29 52 58 #SUP: 2423
9 48 66 7 60 40 29 58 #SUP: 2431
9 48 66 7 60 40 52 #SUP: 2424
9 48 66 7 60 40 52 58 #SUP: 2423
9 48 66 7 60 40 58 #SUP: 2431
9 48 66 7 60 29 #SUP: 2453
9 48 66 7 60 29 52 #SUP: 2445
9 48 66 7 60 29 52 58 #SUP: 2444
9 48 66 7 60 29 58 #SUP: 2452
9 48 66 7 60 52 #SUP: 2445
9 48 66 7 60 52 58 #SUP: 2444
9 48 66 7 60 58 #SUP: 2452
9 48 66 7 40 #SUP: 2432
9 48 66 7 40 29 #SUP: 2432
9 48 66 7 40 29 52 #SUP: 2424
9 48 66 7 40 29 52 58 #SUP: 2423
9 48 66 7 40 29 58 #SUP: 2431
9 48 66 7 40 52 #SUP: 2424
9 48 66 7 40 52 58 #SUP: 2423
9 48 66 7 40 58 #SUP: 2431
9 48 66 7 29 #SUP: 2453
9 48 66 7 29 52 #SUP: 2445
9 48 66 7 29 52 58 #SUP: 2444
9 48 66 7 29 58 #SUP: 2452
9 48 66 7 52 #SUP: 2445
9 48 66 7 52 58 #SUP: 2444
9 48 66 7 58 #SUP: 2452
9 48 66 36 #SUP: 2541
9 48 66 36 60 #SUP: 2541
9 48 66 36 60 40 #SUP: 2520
9 48 66 36 60 40 29 #SUP: 2516
9 48 66 36 60 40 29 52 #SUP: 2508
9 48 66 36 60 40 29 52 58 #SUP: 2507
9 48 66 36 60 40 29 58 #SUP: 2515
9 48 66 36 60 40 52 #SUP: 2512
9 48 66 36 60 40 52 58 #SUP: 2511
9 48 66 36 60 40 58 #SUP: 2519
9 48 66 36 60 29 #SUP: 2537
9 48 66 36 60 29 52 #SUP: 2529
9 48 66 36 60 29 52 58 #SUP: 2528
9 48 66 36 60 29 58 #SUP: 2536
9 48 66 36 60 52 #SUP: 2533
9 48 66 36 60 52 58 #SUP: 2532
9 48 66 36 60 58 #SUP: 2540
9 48 66 36 40 #SUP: 2520
9 48 66 36 40 29 #SUP: 2516
9 48 66 36 40 29 52 #SUP: 2508
9 48 66 36 40 29 52 58 #SUP: 2507
9 48 66 36 40 29 58 #SUP: 2515
9 48 66 36 40 52 #SUP: 2512
9 48 66 36 40 52 58 #SUP: 2511
9 48 66 36 40 58 #SUP: 2519
9 48 66 36 29 #SUP: 2537
9 48 66 36 29 52 #SUP: 2529
9 48 66 36 29 52 58 #SUP: 2528
9 48 66 36 29 58 #SUP: 2536
9 48 66 36 52 #SUP: 2533
9 48 66 36 52 58 #SUP: 2532
9 48 66 36 58 #SUP: 2540
9 48 66 60 #SUP: 2567
9 48 66 60 40 #SUP: 2546
9 48 66 60 40 29 #SUP: 2542
9 48 66 60 40 29 52 #SUP: 2534
9 48 66 60 40 29 52 58 #SUP: 2533
9 48 66 60 40 29 58 #SUP: 2541
9 48 66 60 40 52 #SUP: 2538
9 48 66 60 40 52 58 #SUP: 2537
9 48 66 60 40 58 #SUP: 2545
9 48 66 60 29 #SUP: 2563
9 48 66 60 29 52 #SUP: 2555
9 48 66 60 29 52 58 #SUP: 2554
9 48 66 60 29 58 #SUP: 2562
9 48 66 60 52 #SUP: 2559
9 48 66 60 52 58 #SUP: 2558
9 48 66 60 58 #SUP: 2566
9 48 66 40 #SUP: 2546
9 48 66 40 29 #SUP: 2542
9 48 66 40 29 52 #SUP: 2534
9 48 66 40 29 52 58 #SUP: 2533
9 48 66 40 29 58 #SUP: 2541
9 48 66 40 52 #SUP: 2538
9 48 66 40 52 58 #SUP: 2537
9 48 66 40 58 #SUP: 2545
9 48 66 29 #SUP: 2563
9 48 66 29 52 #SUP: 2555
9 48 66 29 52 58 #SUP: 2554
9 48 66 29 58 #SUP: 2562
9 48 66 52 #SUP: 2559
9 48 66 52 58 #SUP: 2558
9 48 66 58 #SUP: 2566
9 48 56 #SUP: 2569
9 48 56 34 #SUP: 2454
9 48 56 34 36 #SUP: 2428
9 48 56 34 36 60 #SUP: 2411
9 48 56 34 36 60 29 #SUP: 2409
9 48 56 34 36 60 29 52 #SUP: 2404
9 48 56 34 36 60 29 52 58 #SUP: 2403
9 48 56 34 36 60 29 58 #SUP: 2408
9 48 56 34 36 60 52 #SUP: 2406
9 48 56 34 36 60 52 58 #SUP: 2405
9 48 56 34 36 60 58 #SUP: 2410
9 48 56 34 36 40 #SUP: 2408
9 48 56 34 36 40 29 #SUP: 2406
9 48 56 34 36 40 29 52 #SUP: 2401
9 48 56 34 36 40 29 52 58 #SUP: 2400
9 48 56 34 36 40 29 58 #SUP: 2405
9 48 56 34 36 40 52 #SUP: 2403
9 48 56 34 36 40 52 58 #SUP: 2402
9 48 56 34 36 40 58 #SUP: 2407
9 48 56 34 36 29 #SUP: 2426
9 48 56 34 36 29 52 #SUP: 2421
9 48 56 34 36 29 52 58 #SUP: 2420
9 48 56 34 36 29 58 #SUP: 2425
9 48 56 34 36 52 #SUP: 2423
9 48 56 34 36 52 58 #SUP: 2422
9 48 56 34 36 58 #SUP: 2427
9 48 56 34 60 #SUP: 2437
9 48 56 34 60 40 #SUP: 2417
9 48 56 34 60 40 29 #SUP: 2415
9 48 56 34 60 40 29 52 #SUP: 2410
9 48 56 34 60 40 29 52 58 #SUP: 2409
9 48 56 34 60 40 29 58 #SUP: 2414
9 48 56 34 60 40 52 #SUP: 2412
9 48 56 34 60 40 52 58 #SUP: 2411
9 48 56 34 60 40 58 #SUP: 2416
9 48 56 34 60 29 #SUP: 2435
9 48 56 34 60 29 52 #SUP: 2430
9 48 56 34 60 29 52 58 #SUP: 2429
9 48 56 34 60 29 58 #SUP: 2434
9 48 56 34 60 52 #SUP: 2432
9 48 56 34 60 52 58 #SUP: 2431
9 48 56 34 60 58 #SUP: 2436
9 48 56 34 40 #SUP: 2434
9 48 56 34 40 29 #SUP: 2432
9 48 56 34 40 29 52 #SUP: 2427
9 48 56 34 40 29 52 58 #SUP: 2426
9 48 56 34 40 29 58 #SUP: 2431
9 48 56 34 40 52 #SUP: 2429
9 48 56 34 40 52 58 #SUP: 2428
9 48 56 34 40 58 #SUP: 2433
9 48 56 34 29 #SUP: 2452
9 48 56 34 29 52 #SUP: 2447
9 48 56 34 29 52 58 #SUP: 2446
9 48 56 34 29 58 #SUP: 2451
9 48 56 34 52 #SUP: 2449
9 48 56 34 52 58 #SUP: 2448
9 48 56 34 58 #SUP: 2453
9 48 56 62 #SUP: 2474
9 48 56 62 58 #SUP: 2474
9 48 56 62 36 #SUP: 2448
9 48 56 62 36 58 #SUP: 2448
9 48 56 62 36 60 #SUP: 2429
9 48 56 62 36 60 58 #SUP: 2429
9 48 56 62 36 60 40 #SUP: 2417
9 48 56 62 36 60 40 58 #SUP: 2417
9 48 56 62 36 60 40 29 #SUP: 2411
9 48 56 62 36 60 40 29 58 #SUP: 2411
9 48 56 62 36 60 40 29 52 #SUP: 2406
9 48 56 62 36 60 40 29 52 58 #SUP: 2406
9 48 56 62 36 60 40 52 #SUP: 2412
9 48 56 62 36 60 40 52 58 #SUP: 2412
9 48 56 62 36 60 29 #SUP: 2423
9 48 56 62 36 60 29 58 #SUP: 2423
9 48 56 62 36 60 29 52 #SUP: 2418
9 48 56 62 36 60 29 52 58 #SUP: 2418
9 48 56 62 36 60 52 #SUP: 2424
9 48 56 62 36 60 52 58 #SUP: 2424
9 48 56 62 36 40 #SUP: 2436
9 48 56 62 36 40 58 #SUP: 2436
9 48 56 62 36 40 29 #SUP: 2428
9 48 56 62 36 40 29 58 #SUP: 2428
9 48 56 62 36 40 29 52 #SUP: 2423
9 48 56 62 36 40 29 52 58 #SUP: 2423
9 48 56 62 36 40 52 #SUP: 2431
9 48 56 62 36 40 52 58 #SUP: 2431
9 48 56 62 36 29 #SUP: 2440
9 48 56 62 36 29 58 #SUP: 2440
9 48 56 62 36 29 52 #SUP: 2435
9 48 56 62 36 29 52 58 #SUP: 2435
9 48 56 62 36 52 #SUP: 2443
9 48 56 62 36 52 58 #SUP: 2443
9 48 56 62 60 #SUP: 2455
9 48 56 62 60 58 #SUP: 2455
9 48 56 62 60 40 #SUP: 2443
9 48 56 62 60 40 58 #SUP: 2443
9 48 56 62 60 40 29 #SUP: 2437
9 48 56 62 60 40 29 58 #SUP: 2437
9 48 56 62 60 40 29 52 #SUP: 2432
9 48 56 62 60 40 29 52 58 #SUP: 2432
9 48 56 62 60 40 52 #SUP: 2438
9 48 56 62 60 40 52 58 #SUP: 2438
9 48 56 62 60 29 #SUP: 2449
9 48 56 62 60 29 58 #SUP: 2449
9 48 56 62 60 29 52 #SUP: 2444
9 48 56 62 60 29 52 58 #SUP: 2444
9 48 56 62 60 52 #SUP: 2450
9 48 56 62 60 52 58 #SUP: 2450
9 48 56 62 40 #SUP: 2462
9 48 56 62 40 58 #SUP: 2462
9 48 56 62 40 29 #SUP: 2454
9 48 56 62 40 29 58 #SUP: 2454
9 48 56 62 40 29 52 #SUP: 2449
9 48 56 62 40 29 52 58 #SUP: 2449
9 48 56 62 40 52 #SUP: 2457
9 48 56 62 40 52 58 #SUP: 2457
9 48 56 62 29 #SUP: 2466
9 48 56 62 29 58 #SUP: 2466
9 48 56 62 29 52 #SUP: 2461
9 48 56 62 29 52 58 #SUP: 2461
9 48 56 62 52 #SUP: 2469
9 48 56 62 52 58 #SUP: 2469
9 48 56 7 #SUP: 2468
9 48 56 7 36 #SUP: 2442
9 48 56 7 36 60 #SUP: 2425
9 48 56 7 36 60 40 #SUP: 2403
9 48 56 7 36 60 40 29 #SUP: 2403
9 48 56 7 36 60 40 29 52 #SUP: 2398
9 48 56 7 36 60 40 29 52 58 #SUP: 2397
9 48 56 7 36 60 40 29 58 #SUP: 2402
9 48 56 7 36 60 40 52 #SUP: 2398
9 48 56 7 36 60 40 52 58 #SUP: 2397
9 48 56 7 36 60 40 58 #SUP: 2402
9 48 56 7 36 60 29 #SUP: 2425
9 48 56 7 36 60 29 52 #SUP: 2420
9 48 56 7 36 60 29 52 58 #SUP: 2419
9 48 56 7 36 60 29 58 #SUP: 2424
9 48 56 7 36 60 52 #SUP: 2420
9 48 56 7 36 60 52 58 #SUP: 2419
9 48 56 7 36 60 58 #SUP: 2424
9 48 56 7 36 40 #SUP: 2420
9 48 56 7 36 40 29 #SUP: 2420
9 48 56 7 36 40 29 52 #SUP: 2415
9 48 56 7 36 40 29 52 58 #SUP: 2414
9 48 56 7 36 40 29 58 #SUP: 2419
9 48 56 7 36 40 52 #SUP: 2415
9 48 56 7 36 40 52 58 #SUP: 2414
9 48 56 7 36 40 58 #SUP: 2419
9 48 56 7 36 29 #SUP: 2442
9 48 56 7 36 29 52 #SUP: 2437
9 48 56 7 36 29 52 58 #SUP: 2436
9 48 56 7 36 29 58 #SUP: 2441
9 48 56 7 36 52 #SUP: 2437
9 48 56 7 36 52 58 #SUP: 2436
9 48 56 7 36 58 #SUP: 2441
9 48 56 7 60 #SUP: 2451
9 48 56 7 60 40 #SUP: 2429
9 48 56 7 60 40 29 #SUP: 2429
9 48 56 7 60 40 29 52 #SUP: 2424
9 48 56 7 60 40 29 52 58 #SUP: 2423
9 48 56 7 60 40 29 58 #SUP: 2428
9 48 56 7 60 40 52 #SUP: 2424
9 48 56 7 60 40 52 58 #SUP: 2423
9 48 56 7 60 40 58 #SUP: 2428
9 48 56 7 60 29 #SUP: 2451
9 48 56 7 60 29 52 #SUP: 2446
9 48 56 7 60 29 52 58 #SUP: 2445
9 48 56 7 60 29 58 #SUP: 2450
9 48 56 7 60 52 #SUP: 2446
9 48 56 7 60 52 58 #SUP: 2445
9 48 56 7 60 58 #SUP: 2450
9 48 56 7 40 #SUP: 2446
9 48 56 7 40 29 #SUP: 2446
9 48 56 7 40 29 52 #SUP: 2441
9 48 56 7 40 29 52 58 #SUP: 2440
9 48 56 7 40 29 58 #SUP: 2445
9 48 56 7 40 52 #SUP: 2441
9 48 56 7 40 52 58 #SUP: 2440
9 48 56 7 40 58 #SUP: 2445
9 48 56 7 29 #SUP: 2468
9 48 56 7 29 52 #SUP: 2463
9 48 56 7 29 52 58 #SUP: 2462
9 48 56 7 29 58 #SUP: 2467
9 48 56 7 52 #SUP: 2463
9 48 56 7 52 58 #SUP: 2462
9 48 56 7 58 #SUP: 2467
9 48 56 36 #SUP: 2543
9 48 56 36 60 #SUP: 2524
9 48 56 36 60 40 #SUP: 2502
9 48 56 36 60 40 29 #SUP: 2496
9 48 56 36 60 40 29 52 #SUP: 2491
9 48 56 36 60 40 29 52 58 #SUP: 2490
9 48 56 36 60 40 29 58 #SUP: 2495
9 48 56 36 60 40 52 #SUP: 2497
9 48 56 36 60 40 52 58 #SUP: 2496
9 48 56 36 60 40 58 #SUP: 2501
9 48 56 36 60 29 #SUP: 2518
9 48 56 36 60 29 52 #SUP: 2513
9 48 56 36 60 29 52 58 #SUP: 2512
9 48 56 36 60 29 58 #SUP: 2517
9 48 56 36 60 52 #SUP: 2519
9 48 56 36 60 52 58 #SUP: 2518
9 48 56 36 60 58 #SUP: 2523
9 48 56 36 40 #SUP: 2521
9 48 56 36 40 29 #SUP: 2513
9 48 56 36 40 29 52 #SUP: 2508
9 48 56 36 40 29 52 58 #SUP: 2507
9 48 56 36 40 29 58 #SUP: 2512
9 48 56 36 40 52 #SUP: 2516
9 48 56 36 40 52 58 #SUP: 2515
9 48 56 36 40 58 #SUP: 2520
9 48 56 36 29 #SUP: 2535
9 48 56 36 29 52 #SUP: 2530
9 48 56 36 29 52 58 #SUP: 2529
9 48 56 36 29 58 #SUP: 2534
9 48 56 36 52 #SUP: 2538
9 48 56 36 52 58 #SUP: 2537
9 48 56 36 58 #SUP: 2542
9 48 56 60 #SUP: 2550
9 48 56 60 40 #SUP: 2528
9 48 56 60 40 29 #SUP: 2522
9 48 56 60 40 29 52 #SUP: 2517
9 48 56 60 40 29 52 58 #SUP: 2516
9 48 56 60 40 29 58 #SUP: 2521
9 48 56 60 40 52 #SUP: 2523
9 48 56 60 40 52 58 #SUP: 2522
9 48 56 60 40 58 #SUP: 2527
9 48 56 60 29 #SUP: 2544
9 48 56 60 29 52 #SUP: 2539
9 48 56 60 29 52 58 #SUP: 2538
9 48 56 60 29 58 #SUP: 2543
9 48 56 60 52 #SUP: 2545
9 48 56 60 52 58 #SUP: 2544
9 48 56 60 58 #SUP: 2549
9 48 56 40 #SUP: 2547
9 48 56 40 29 #SUP: 2539
9 48 56 40 29 52 #SUP: 2534
9 48 56 40 29 52 58 #SUP: 2533
9 48 56 40 29 58 #SUP: 2538
9 48 56 40 52 #SUP: 2542
9 48 56 40 52 58 #SUP: 2541
9 48 56 40 58 #SUP: 2546
9 48 56 29 #SUP: 2561
9 48 56 29 52 #SUP: 2556
9 48 56 29 52 58 #SUP: 2555
9 48 56 29 58 #SUP: 2560
9 48 56 52 #SUP: 2564
9 48 56 52 58 #SUP: 2563
9 48 56 58 #SUP: 2568
9 48 34 #SUP: 2570
9 48 34 62 #SUP: 2454
9 48 34 62 58 #SUP: 2454
9 48 34 62 36 #SUP: 2428
9 48 34 62 36 58 #SUP: 2428
9 48 34 62 36 60 #SUP: 2411
9 48 34 62 36 60 58 #SUP: 2411
9 48 34 62 36 60 40 #SUP: 2401
9 48 34 62 36 60 40 58 #SUP: 2401
9 48 34 62 36 60 40 29 #SUP: 2399
9 48 34 62 36 60 40 29 58 #SUP: 2399
9 48 34 62 36 60 29 #SUP: 2409
9 48 34 62 36 60 29 58 #SUP: 2409
9 48 34 62 36 60 29 52 #SUP: 2401
9 48 34 62 36 60 29 52 58 #SUP: 2401
9 48 34 62 36 60 52 #SUP: 2403
9 48 34 62 36 60 52 58 #SUP: 2403
9 48 34 62 36 40 #SUP: 2418
9 48 34 62 36 40 58 #SUP: 2418
9 48 34 62 36 40 29 #SUP: 2416
9 48 34 62 36 40 29 58 #SUP: 2416
9 48 34 62 36 40 29 52 #SUP: 2408
9 48 34 62 36 40 29 52 58 #SUP: 2408
9 48 34 62 36 40 52 #SUP: 2410
9 48 34 62 36 40 52 58 #SUP: 2410
9 48 34 62 36 29 #SUP: 2426
9 48 34 62 36 29 58 #SUP: 2426
9 48 34 62 36 29 52 #SUP: 2418
9 48 34 62 36 29 52 58 #SUP: 2418
9 48 34 62 36 52 #SUP: 2420
9 48 34 62 36 52 58 #SUP: 2420
9 48 34 62 60 #SUP: 2437
9 48 34 62 60 58 #SUP: 2437
9 48 34 62 60 40 #SUP: 2427
9 48 34 62 60 40 58 #SUP: 2427
9 48 34 62 60 40 29 #SUP: 2425
9 48 34 62 60 40 29 58 #SUP: 2425
9 48 34 62 60 40 29 52 #SUP: 2417
9 48 34 62 60 40 29 52 58 #SUP: 2417
9 48 34 62 60 40 52 #SUP: 2419
9 48 34 62 60 40 52 58 #SUP: 2419
9 48 34 62 60 29 #SUP: 2435
9 48 34 62 60 29 58 #SUP: 2435
9 48 34 62 60 29 52 #SUP: 2427
9 48 34 62 60 29 52 58 #SUP: 2427
9 48 34 62 60 52 #SUP: 2429
9 48 34 62 60 52 58 #SUP: 2429
9 48 34 62 40 #SUP: 2444
9 48 34 62 40 58 #SUP: 2444
9 48 34 62 40 29 #SUP: 2442
9 48 34 62 40 29 58 #SUP: 2442
9 48 34 62 40 29 52 #SUP: 2434
9 48 34 62 40 29 52 58 #SUP: 2434
9 48 34 62 40 52 #SUP: 2436
9 48 34 62 40 52 58 #SUP: 2436
9 48 34 62 29 #SUP: 2452
9 48 34 62 29 58 #SUP: 2452
9 48 34 62 29 52 #SUP: 2444
9 48 34 62 29 52 58 #SUP: 2444
9 48 34 62 52 #SUP: 2446
9 48 34 62 52 58 #SUP: 2446
9 48 34 7 #SUP: 2461
9 48 34 7 36 #SUP: 2435
9 48 34 7 36 60 #SUP: 2418
9 48 34 7 36 60 40 #SUP: 2398
9 48 34 7 36 60 40 29 #SUP: 2398
9 48 34 7 36 60 40 29 58 #SUP: 2397
9 48 34 7 36 60 40 58 #SUP: 2397
9 48 34 7 36 60 29 #SUP: 2418
9 48 34 7 36 60 29 52 #SUP: 2410
9 48 34 7 36 60 29 52 58 #SUP: 2409
9 48 34 7 36 60 29 58 #SUP: 2417
9 48 34 7 36 60 52 #SUP: 2410
9 48 34 7 36 60 52 58 #SUP: 2409
9 48 34 7 36 60 58 #SUP: 2417
9 48 34 7 36 40 #SUP: 2415
9 48 34 7 36 40 29 #SUP: 2415
9 48 34 7 36 40 29 52 #SUP: 2407
9 48 34 7 36 40 29 52 58 #SUP: 2406
9 48 34 7 36 40 29 58 #SUP: 2414
9 48 34 7 36 40 52 #SUP: 2407
9 48 34 7 36 40 52 58 #SUP: 2406
9 48 34 7 36 40 58 #SUP: 2414
9 48 34 7 36 29 #SUP: 2435
9 48 34 7 36 29 52 #SUP: 2427
9 48 34 7 36 29 52 58 #SUP: 2426
9 48 34 7 36 29 58 #SUP: 2434
9 48 34 7 36 52 #SUP: 2427
9 48 34 7 36 52 58 #SUP: 2426
9 48 34 7 36 58 #SUP: 2434
9 48 34 7 60 #SUP: 2444
9 48 34 7 60 40 #SUP: 2424
9 48 34 7 60 40 29 #SUP: 2424
9 48 34 7 60 40 29 52 #SUP: 2416
9 48 34 7 60 40 29 52 58 #SUP: 2415
9 48 34 7 60 40 29 58 #SUP: 2423
9 48 34 7 60 40 52 #SUP: 2416
9 48 34 7 60 40 52 58 #SUP: 2415
9 48 34 7 60 40 58 #SUP: 2423
9 48 34 7 60 29 #SUP: 2444
9 48 34 7 60 29 52 #SUP: 2436
9 48 34 7 60 29 52 58 #SUP: 2435
9 48 34 7 60 29 58 #SUP: 2443
9 48 34 7 60 52 #SUP: 2436
9 48 34 7 60 52 58 #SUP: 2435
9 48 34 7 60 58 #SUP: 2443
9 48 34 7 40 #SUP: 2441
9 48 34 7 40 29 #SUP: 2441
9 48 34 7 40 29 52 #SUP: 2433
9 48 34 7 40 29 52 58 #SUP: 2432
9 48 34 7 40 29 58 #SUP: 2440
9 48 34 7 40 52 #SUP: 2433
9 48 34 7 40 52 58 #SUP: 2432
9 48 34 7 40 58 #SUP: 2440
9 48 34 7 29 #SUP: 2461
9 48 34 7 29 52 #SUP: 2453
9 48 34 7 29 52 58 #SUP: 2452
9 48 34 7 29 58 #SUP: 2460
9 48 34 7 52 #SUP: 2453
9 48 34 7 52 58 #SUP: 2452
9 48 34 7 58 #SUP: 2460
9 48 34 36 #SUP: 2544
9 48 34 36 60 #SUP: 2527
9 48 34 36 60 40 #SUP: 2507
9 48 34 36 60 40 29 #SUP: 2505
9 48 34 36 60 40 29 52 #SUP: 2497
9 48 34 36 60 40 29 52 58 #SUP: 2496
9 48 34 36 60 40 29 58 #SUP: 2504
9 48 34 36 60 40 52 #SUP: 2499
9 48 34 36 60 40 52 58 #SUP: 2498
9 48 34 36 60 40 58 #SUP: 2506
9 48 34 36 60 29 #SUP: 2525
9 48 34 36 60 29 52 #SUP: 2517
9 48 34 36 60 29 52 58 #SUP: 2516
9 48 34 36 60 29 58 #SUP: 2524
9 48 34 36 60 52 #SUP: 2519
9 48 34 36 60 52 58 #SUP: 2518
9 48 34 36 60 58 #SUP: 2526
9 48 34 36 40 #SUP: 2524
9 48 34 36 40 29 #SUP: 2522
9 48 34 36 40 29 52 #SUP: 2514
9 48 34 36 40 29 52 58 #SUP: 2513
9 48 34 36 40 29 58 #SUP: 2521
9 48 34 36 40 52 #SUP: 2516
9 48 34 36 40 52 58 #SUP: 2515
9 48 34 36 40 58 #SUP: 2523
9 48 34 36 29 #SUP: 2542
9 48 34 36 29 52 #SUP: 2534
9 48 34 36 29 52 58 #SUP: 2533
9 48 34 36 29 58 #SUP: 2541
9 48 34 36 52 #SUP: 2536
9 48 34 36 52 58 #SUP: 2535
9 48 34 36 58 #SUP: 2543
9 48 34 60 #SUP: 2553
9 48 34 60 40 #SUP: 2533
9 48 34 60 40 29 #SUP: 2531
9 48 34 60 40 29 52 #SUP: 2523
9 48 34 60 40 29 52 58 #SUP: 2522
9 48 34 60 40 29 58 #SUP: 2530
9 48 34 60 40 52 #SUP: 2525
9 48 34 60 40 52 58 #SUP: 2524
9 48 34 60 40 58 #SUP: 2532
9 48 34 60 29 #SUP: 2551
9 48 34 60 29 52 #SUP: 2543
9 48 34 60 29 52 58 #SUP: 2542
9 48 34 60 29 58 #SUP: 2550
9 48 34 60 52 #SUP: 2545
9 48 34 60 52 58 #SUP: 2544
9 48 34 60 58 #SUP: 2552
9 48 34 40 #SUP: 2550
9 48 34 40 29 #SUP: 2548
9 48 34 40 29 52 #SUP: 2540
9 48 34 40 29 52 58 #SUP: 2539
9 48 34 40 29 58 #SUP: 2547
9 48 34 40 52 #SUP: 2542
9 48 34 40 52 58 #SUP: 2541
9 48 34 40 58 #SUP: 2549
9 48 34 29 #SUP: 2568
9 48 34 29 52 #SUP: 2560
9 48 34 29 52 58 #SUP: 2559
9 48 34 29 58 #SUP: 2567
9 48 34 52 #SUP: 2562
9 48 34 52 58 #SUP: 2561
9 48 34 58 #SUP: 2569
9 48 62 #SUP: 2567
9 48 62 58 #SUP: 2567
9 48 62 7 #SUP: 2448
9 48 62 7 58 #SUP: 2448
9 48 62 7 36 #SUP: 2422
9 48 62 7 36 58 #SUP: 2422
9 48 62 7 36 60 #SUP: 2405
9 48 62 7 36 60 58 #SUP: 2405
9 48 62 7 36 60 29 #SUP: 2405
9 48 62 7 36 60 29 58 #SUP: 2405
9 48 62 7 36 60 29 52 #SUP: 2397
9 48 62 7 36 60 29 52 58 #SUP: 2397
9 48 62 7 36 60 52 #SUP: 2397
9 48 62 7 36 60 52 58 #SUP: 2397
9 48 62 7 36 40 #SUP: 2410
9 48 62 7 36 40 58 #SUP: 2410
9 48 62 7 36 40 29 #SUP: 2410
9 48 62 7 36 40 29 58 #SUP: 2410
9 48 62 7 36 40 29 52 #SUP: 2402
9 48 62 7 36 40 29 52 58 #SUP: 2402
9 48 62 7 36 40 52 #SUP: 2402
9 48 62 7 36 40 52 58 #SUP: 2402
9 48 62 7 36 29 #SUP: 2422
9 48 62 7 36 29 58 #SUP: 2422
9 48 62 7 36 29 52 #SUP: 2414
9 48 62 7 36 29 52 58 #SUP: 2414
9 48 62 7 36 52 #SUP: 2414
9 48 62 7 36 52 58 #SUP: 2414
9 48 62 7 60 #SUP: 2431
9 48 62 7 60 58 #SUP: 2431
9 48 62 7 60 40 #SUP: 2419
9 48 62 7 60 40 58 #SUP: 2419
9 48 62 7 60 40 29 #SUP: 2419
9 48 62 7 60 40 29 58 #SUP: 2419
9 48 62 7 60 40 29 52 #SUP: 2411
9 48 62 7 60 40 29 52 58 #SUP: 2411
9 48 62 7 60 40 52 #SUP: 2411
9 48 62 7 60 40 52 58 #SUP: 2411
9 48 62 7 60 29 #SUP: 2431
9 48 62 7 60 29 58 #SUP: 2431
9 48 62 7 60 29 52 #SUP: 2423
9 48 62 7 60 29 52 58 #SUP: 2423
9 48 62 7 60 52 #SUP: 2423
9 48 62 7 60 52 58 #SUP: 2423
9 48 62 7 40 #SUP: 2436
9 48 62 7 40 58 #SUP: 2436
9 48 62 7 40 29 #SUP: 2436
9 48 62 7 40 29 58 #SUP: 2436
9 48 62 7 40 29 52 #SUP: 2428
9 48 62 7 40 29 52 58 #SUP: 2428
9 48 62 7 40 52 #SUP: 2428
9 48 62 7 40 52 58 #SUP: 2428
9 48 62 7 29 #SUP: 2448
9 48 62 7 29 58 #SUP: 2448
9 48 62 7 29 52 #SUP: 2440
9 48 62 7 29 52 58 #SUP: 2440
9 48 62 7 52 #SUP: 2440
9 48 62 7 52 58 #SUP: 2440
9 48 62 36 #SUP: 2541
9 48 62 36 58 #SUP: 2541
9 48 62 36 60 #SUP: 2522
9 48 62 36 60 58 #SUP: 2522
9 48 62 36 60 40 #SUP: 2510
9 48 62 36 60 40 58 #SUP: 2510
9 48 62 36 60 40 29 #SUP: 2504
9 48 62 36 60 40 29 58 #SUP: 2504
9 48 62 36 60 40 29 52 #SUP: 2496
9 48 62 36 60 40 29 52 58 #SUP: 2496
9 48 62 36 60 40 52 #SUP: 2502
9 48 62 36 60 40 52 58 #SUP: 2502
9 48 62 36 60 29 #SUP: 2516
9 48 62 36 60 29 58 #SUP: 2516
9 48 62 36 60 29 52 #SUP: 2508
9 48 62 36 60 29 52 58 #SUP: 2508
9 48 62 36 60 52 #SUP: 2514
9 48 62 36 60 52 58 #SUP: 2514
9 48 62 36 40 #SUP: 2529
9 48 62 36 40 58 #SUP: 2529
9 48 62 36 40 29 #SUP: 2521
9 48 62 36 40 29 58 #SUP: 2521
9 48 62 36 40 29 52 #SUP: 2513
9 48 62 36 40 29 52 58 #SUP: 2513
9 48 62 36 40 52 #SUP: 2521
9 48 62 36 40 52 58 #SUP: 2521
9 48 62 36 29 #SUP: 2533
9 48 62 36 29 58 #SUP: 2533
9 48 62 36 29 52 #SUP: 2525
9 48 62 36 29 52 58 #SUP: 2525
9 48 62 36 52 #SUP: 2533
9 48 62 36 52 58 #SUP: 2533
9 48 62 60 #SUP: 2548
9 48 62 60 58 #SUP: 2548
9 48 62 60 40 #SUP: 2536
9 48 62 60 40 58 #SUP: 2536
9 48 62 60 40 29 #SUP: 2530
9 48 62 60 40 29 58 #SUP: 2530
9 48 62 60 40 29 52 #SUP: 2522
9 48 62 60 40 29 52 58 #SUP: 2522
9 48 62 60 40 52 #SUP: 2528
9 48 62 60 40 52 58 #SUP: 2528
9 48 62 60 29 #SUP: 2542
9 48 62 60 29 58 #SUP: 2542
9 48 62 60 29 52 #SUP: 2534
9 48 62 60 29 52 58 #SUP: 2534
9 48 62 60 52 #SUP: 2540
9 48 62 60 52 58 #SUP: 2540
9 48 62 40 #SUP: 2555
9 48 62 40 58 #SUP: 2555
9 48 62 40 29 #SUP: 2547
9 48 62 40 29 58 #SUP: 2547
9 48 62 40 29 52 #SUP: 2539
9 48 62 40 29 52 58 #SUP: 2539
9 48 62 40 52 #SUP: 2547
9 48 62 40 52 58 #SUP: 2547
9 48 62 29 #SUP: 2559
9 48 62 29 58 #SUP: 2559
9 48 62 29 52 #SUP: 2551
9 48 62 29 52 58 #SUP: 2551
9 48 62 52 #SUP: 2559
9 48 62 52 58 #SUP: 2559
9 48 7 #SUP: 2572
9 48 7 36 #SUP: 2546
9 48 7 36 60 #SUP: 2529
9 48 7 36 60 40 #SUP: 2507
9 48 7 36 60 40 29 #SUP: 2507
9 48 7 36 60 40 29 52 #SUP: 2499
9 48 7 36 60 40 29 52 58 #SUP: 2498
9 48 7 36 60 40 29 58 #SUP: 2506
9 48 7 36 60 40 52 #SUP: 2499
9 48 7 36 60 40 52 58 #SUP: 2498
9 48 7 36 60 40 58 #SUP: 2506
9 48 7 36 60 29 #SUP: 2529
9 48 7 36 60 29 52 #SUP: 2521
9 48 7 36 60 29 52 58 #SUP: 2520
9 48 7 36 60 29 58 #SUP: 2528
9 48 7 36 60 52 #SUP: 2521
9 48 7 36 60 52 58 #SUP: 2520
9 48 7 36 60 58 #SUP: 2528
9 48 7 36 40 #SUP: 2524
9 48 7 36 40 29 #SUP: 2524
9 48 7 36 40 29 52 #SUP: 2516
9 48 7 36 40 29 52 58 #SUP: 2515
9 48 7 36 40 29 58 #SUP: 2523
9 48 7 36 40 52 #SUP: 2516
9 48 7 36 40 52 58 #SUP: 2515
9 48 7 36 40 58 #SUP: 2523
9 48 7 36 29 #SUP: 2546
9 48 7 36 29 52 #SUP: 2538
9 48 7 36 29 52 58 #SUP: 2537
9 48 7 36 29 58 #SUP: 2545
9 48 7 36 52 #SUP: 2538
9 48 7 36 52 58 #SUP: 2537
9 48 7 36 58 #SUP: 2545
9 48 7 60 #SUP: 2555
9 48 7 60 40 #SUP: 2533
9 48 7 60 40 29 #SUP: 2533
9 48 7 60 40 29 52 #SUP: 2525
9 48 7 60 40 29 52 58 #SUP: 2524
9 48 7 60 40 29 58 #SUP: 2532
9 48 7 60 40 52 #SUP: 2525
9 48 7 60 40 52 58 #SUP: 2524
9 48 7 60 40 58 #SUP: 2532
9 48 7 60 29 #SUP: 2555
9 48 7 60 29 52 #SUP: 2547
9 48 7 60 29 52 58 #SUP: 2546
9 48 7 60 29 58 #SUP: 2554
9 48 7 60 52 #SUP: 2547
9 48 7 60 52 58 #SUP: 2546
9 48 7 60 58 #SUP: 2554
9 48 7 40 #SUP: 2550
9 48 7 40 29 #SUP: 2550
9 48 7 40 29 52 #SUP: 2542
9 48 7 40 29 52 58 #SUP: 2541
9 48 7 40 29 58 #SUP: 2549
9 48 7 40 52 #SUP: 2542
9 48 7 40 52 58 #SUP: 2541
9 48 7 40 58 #SUP: 2549
9 48 7 29 #SUP: 2572
9 48 7 29 52 #SUP: 2564
9 48 7 29 52 58 #SUP: 2563
9 48 7 29 58 #SUP: 2571
9 48 7 52 #SUP: 2564
9 48 7 52 58 #SUP: 2563
9 48 7 58 #SUP: 2571
9 48 36 #SUP: 2665
9 48 36 60 #SUP: 2646
9 48 36 60 40 #SUP: 2624
9 48 36 60 40 29 #SUP: 2618
9 48 36 60 40 29 52 #SUP: 2610
9 48 36 60 40 29 52 58 #SUP: 2609
9 48 36 60 40 29 58 #SUP: 2617
9 48 36 60 40 52 #SUP: 2616
9 48 36 60 40 52 58 #SUP: 2615
9 48 36 60 40 58 #SUP: 2623
9 48 36 60 29 #SUP: 2640
9 48 36 60 29 52 #SUP: 2632
9 48 36 60 29 52 58 #SUP: 2631
9 48 36 60 29 58 #SUP: 2639
9 48 36 60 52 #SUP: 2638
9 48 36 60 52 58 #SUP: 2637
9 48 36 60 58 #SUP: 2645
9 48 36 40 #SUP: 2643
9 48 36 40 29 #SUP: 2635
9 48 36 40 29 52 #SUP: 2627
9 48 36 40 29 52 58 #SUP: 2626
9 48 36 40 29 58 #SUP: 2634
9 48 36 40 52 #SUP: 2635
9 48 36 40 52 58 #SUP: 2634
9 48 36 40 58 #SUP: 2642
9 48 36 29 #SUP: 2657
9 48 36 29 52 #SUP: 2649
9 48 36 29 52 58 #SUP: 2648
9 48 36 29 58 #SUP: 2656
9 48 36 52 #SUP: 2657
9 48 36 52 58 #SUP: 2656
9 48 36 58 #SUP: 2664
9 48 60 #SUP: 2672
9 48 60 40 #SUP: 2650
9 48 60 40 29 #SUP: 2644
9 48 60 40 29 52 #SUP: 2636
9 48 60 40 29 52 58 #SUP: 2635
9 48 60 40 29 58 #SUP: 2643
9 48 60 40 52 #SUP: 2642
9 48 60 40 52 58 #SUP: 2641
9 48 60 40 58 #SUP: 2649
9 48 60 29 #SUP: 2666
9 48 60 29 52 #SUP: 2658
9 48 60 29 52 58 #SUP: 2657
9 48 60 29 58 #SUP: 2665
9 48 60 52 #SUP: 2664
9 48 60 52 58 #SUP: 2663
9 48 60 58 #SUP: 2671
9 48 40 #SUP: 2669
9 48 40 29 #SUP: 2661
9 48 40 29 52 #SUP: 2653
9 48 40 29 52 58 #SUP: 2652
9 48 40 29 58 #SUP: 2660
9 48 40 52 #SUP: 2661
9 48 40 52 58 #SUP: 2660
9 48 40 58 #SUP: 2668
9 48 29 #SUP: 2683
9 48 29 52 #SUP: 2675
9 48 29 52 58 #SUP: 2674
9 48 29 58 #SUP: 2682
9 48 52 #SUP: 2683
9 48 52 58 #SUP: 2682
9 48 58 #SUP: 2690
9 66 #SUP: 2715
9 66 56 #SUP: 2593
9 66 56 34 #SUP: 2494
9 66 56 34 62 #SUP: 2410
9 66 56 34 62 58 #SUP: 2410
9 66 56 34 62 60 #SUP: 2410
9 66 56 34 62 60 58 #SUP: 2410
9 66 56 34 62 60 40 #SUP: 2400
9 66 56 34 62 60 40 58 #SUP: 2400
9 66 56 34 62 60 40 29 #SUP: 2398
9 66 56 34 62 60 40 29 58 #SUP: 2398
9 66 56 34 62 60 29 #SUP: 2408
9 66 56 34 62 60 29 58 #SUP: 2408
9 66 56 34 62 60 29 52 #SUP: 2403
9 66 56 34 62 60 29 52 58 #SUP: 2403
9 66 56 34 62 60 52 #SUP: 2405
9 66 56 34 62 60 52 58 #SUP: 2405
9 66 56 34 62 40 #SUP: 2400
9 66 56 34 62 40 58 #SUP: 2400
9 66 56 34 62 40 29 #SUP: 2398
9 66 56 34 62 40 29 58 #SUP: 2398
9 66 56 34 62 29 #SUP: 2408
9 66 56 34 62 29 58 #SUP: 2408
9 66 56 34 62 29 52 #SUP: 2403
9 66 56 34 62 29 52 58 #SUP: 2403
9 66 56 34 62 52 #SUP: 2405
9 66 56 34 62 52 58 #SUP: 2405
9 66 56 34 7 #SUP: 2402
9 66 56 34 7 60 #SUP: 2402
9 66 56 34 7 60 29 #SUP: 2402
9 66 56 34 7 60 29 52 #SUP: 2397
9 66 56 34 7 60 29 58 #SUP: 2401
9 66 56 34 7 60 52 #SUP: 2397
9 66 56 34 7 60 58 #SUP: 2401
9 66 56 34 7 29 #SUP: 2402
9 66 56 34 7 29 52 #SUP: 2397
9 66 56 34 7 29 58 #SUP: 2401
9 66 56 34 7 52 #SUP: 2397
9 66 56 34 7 58 #SUP: 2401
9 66 56 34 36 #SUP: 2397
9 66 56 34 36 60 #SUP: 2397
9 66 56 34 60 #SUP: 2494
9 66 56 34 60 40 #SUP: 2475
9 66 56 34 60 40 29 #SUP: 2473
9 66 56 34 60 40 29 52 #SUP: 2468
9 66 56 34 60 40 29 52 58 #SUP: 2467
9 66 56 34 60 40 29 58 #SUP: 2472
9 66 56 34 60 40 52 #SUP: 2470
9 66 56 34 60 40 52 58 #SUP: 2469
9 66 56 34 60 40 58 #SUP: 2474
9 66 56 34 60 29 #SUP: 2492
9 66 56 34 60 29 52 #SUP: 2487
9 66 56 34 60 29 52 58 #SUP: 2486
9 66 56 34 60 29 58 #SUP: 2491
9 66 56 34 60 52 #SUP: 2489
9 66 56 34 60 52 58 #SUP: 2488
9 66 56 34 60 58 #SUP: 2493
9 66 56 34 40 #SUP: 2475
9 66 56 34 40 29 #SUP: 2473
9 66 56 34 40 29 52 #SUP: 2468
9 66 56 34 40 29 52 58 #SUP: 2467
9 66 56 34 40 29 58 #SUP: 2472
9 66 56 34 40 52 #SUP: 2470
9 66 56 34 40 52 58 #SUP: 2469
9 66 56 34 40 58 #SUP: 2474
9 66 56 34 29 #SUP: 2492
9 66 56 34 29 52 #SUP: 2487
9 66 56 34 29 52 58 #SUP: 2486
9 66 56 34 29 58 #SUP: 2491
9 66 56 34 52 #SUP: 2489
9 66 56 34 52 58 #SUP: 2488
9 66 56 34 58 #SUP: 2493
9 66 56 62 #SUP: 2504
9 66 56 62 58 #SUP: 2504
9 66 56 62 7 #SUP: 2408
9 66 56 62 7 58 #SUP: 2408
9 66 56 62 7 60 #SUP: 2408
9 66 56 62 7 60 58 #SUP: 2408
9 66 56 62 7 60 29 #SUP: 2408
9 66 56 62 7 60 29 58 #SUP: 2408
9 66 56 62 7 60 29 52 #SUP: 2403
9 66 56 62 7 60 29 52 58 #SUP: 2403
9 66 56 62 7 60 52 #SUP: 2403
9 66 56 62 7 60 52 58 #SUP: 2403
9 66 56 62 7 29 #SUP: 2408
9 66 56 62 7 29 58 #SUP: 2408
9 66 56 62 7 29 52 #SUP: 2403
9 66 56 62 7 29 52 58 #SUP: 2403
9 66 56 62 7 52 #SUP: 2403
9 66 56 62 7 52 58 #SUP: 2403
9 66 56 62 36 #SUP: 2407
9 66 56 62 36 58 #SUP: 2407
9 66 56 62 36 60 #SUP: 2407
9 66 56 62 36 60 58 #SUP: 2407
9 66 56 62 36 60 29 #SUP: 2403
9 66 56 62 36 60 29 58 #SUP: 2403
9 66 56 62 36 60 29 52 #SUP: 2398
9 66 56 62 36 60 29 52 58 #SUP: 2398
9 66 56 62 36 60 52 #SUP: 2402
9 66 56 62 36 60 52 58 #SUP: 2402
9 66 56 62 36 29 #SUP: 2403
9 66 56 62 36 29 58 #SUP: 2403
9 66 56 62 36 29 52 #SUP: 2398
9 66 56 62 36 29 52 58 #SUP: 2398
9 66 56 62 36 52 #SUP: 2402
9 66 56 62 36 52 58 #SUP: 2402
9 66 56 62 60 #SUP: 2504
9 66 56 62 60 58 #SUP: 2504
9 66 56 62 60 40 #SUP: 2492
9 66 56 62 60 40 58 #SUP: 2492
9 66 56 62 60 40 29 #SUP: 2488
9 66 56 62 60 40 29 58 #SUP: 2488
9 66 56 62 60 40 29 52 #SUP: 2483
9 66 56 62 60 40 29 52 58 #SUP: 2483
9 66 56 62 60 40 52 #SUP: 2487
9 66 56 62 60 40 52 58 #SUP: 2487
9 66 56 62 60 29 #SUP: 2500
9 66 56 62 60 29 58 #SUP: 2500
9 66 56 62 60 29 52 #SUP: 2495
9 66 56 62 60 29 52 58 #SUP: 2495
9 66 56 62 60 52 #SUP: 2499
9 66 56 62 60 52 58 #SUP: 2499
9 66 56 62 40 #SUP: 2492
9 66 56 62 40 58 #SUP: 2492
9 66 56 62 40 29 #SUP: 2488
9 66 56 62 40 29 58 #SUP: 2488
9 66 56 62 40 29 52 #SUP: 2483
9 66 56 62 40 29 52 58 #SUP: 2483
9 66 56 62 40 52 #SUP: 2487
9 66 56 62 40 52 58 #SUP: 2487
9 66 56 62 29 #SUP: 2500
9 66 56 62 29 58 #SUP: 2500
9 66 56 62 29 52 #SUP: 2495
9 66 56 62 29 52 58 #SUP: 2495
9 66 56 62 52 #SUP: 2499
9 66 56 62 52 58 #SUP: 2499
9 66 56 7 #SUP: 2497
9 66 56 7 36 #SUP: 2400
9 66 56 7 36 60 #SUP: 2400
9 66 56 7 36 60 29 #SUP: 2400
9 66 56 7 36 60 29 58 #SUP: 2399
9 66 56 7 36 60 58 #SUP: 2399
9 66 56 7 36 29 #SUP: 2400
9 66 56 7 36 29 58 #SUP: 2399
9 66 56 7 36 58 #SUP: 2399
9 66 56 7 60 #SUP: 2497
9 66 56 7 60 40 #SUP: 2476
9 66 56 7 60 40 29 #SUP: 2476
9 66 56 7 60 40 29 52 #SUP: 2471
9 66 56 7 60 40 29 52 58 #SUP: 2470
9 66 56 7 60 40 29 58 #SUP: 2475
9 66 56 7 60 40 52 #SUP: 2471
9 66 56 7 60 40 52 58 #SUP: 2470
9 66 56 7 60 40 58 #SUP: 2475
9 66 56 7 60 29 #SUP: 2497
9 66 56 7 60 29 52 #SUP: 2492
9 66 56 7 60 29 52 58 #SUP: 2491
9 66 56 7 60 29 58 #SUP: 2496
9 66 56 7 60 52 #SUP: 2492
9 66 56 7 60 52 58 #SUP: 2491
9 66 56 7 60 58 #SUP: 2496
9 66 56 7 40 #SUP: 2476
9 66 56 7 40 29 #SUP: 2476
9 66 56 7 40 29 52 #SUP: 2471
9 66 56 7 40 29 52 58 #SUP: 2470
9 66 56 7 40 29 58 #SUP: 2475
9 66 56 7 40 52 #SUP: 2471
9 66 56 7 40 52 58 #SUP: 2470
9 66 56 7 40 58 #SUP: 2475
9 66 56 7 29 #SUP: 2497
9 66 56 7 29 52 #SUP: 2492
9 66 56 7 29 52 58 #SUP: 2491
9 66 56 7 29 58 #SUP: 2496
9 66 56 7 52 #SUP: 2492
9 66 56 7 52 58 #SUP: 2491
9 66 56 7 58 #SUP: 2496
9 66 56 36 #SUP: 2496
9 66 56 36 60 #SUP: 2496
9 66 56 36 60 40 #SUP: 2475
9 66 56 36 60 40 29 #SUP: 2471
9 66 56 36 60 40 29 52 #SUP: 2466
9 66 56 36 60 40 29 52 58 #SUP: 2465
9 66 56 36 60 40 29 58 #SUP: 2470
9 66 56 36 60 40 52 #SUP: 2470
9 66 56 36 60 40 52 58 #SUP: 2469
9 66 56 36 60 40 58 #SUP: 2474
9 66 56 36 60 29 #SUP: 2492
9 66 56 36 60 29 52 #SUP: 2487
9 66 56 36 60 29 52 58 #SUP: 2486
9 66 56 36 60 29 58 #SUP: 2491
9 66 56 36 60 52 #SUP: 2491
9 66 56 36 60 52 58 #SUP: 2490
9 66 56 36 60 58 #SUP: 2495
9 66 56 36 40 #SUP: 2475
9 66 56 36 40 29 #SUP: 2471
9 66 56 36 40 29 52 #SUP: 2466
9 66 56 36 40 29 52 58 #SUP: 2465
9 66 56 36 40 29 58 #SUP: 2470
9 66 56 36 40 52 #SUP: 2470
9 66 56 36 40 52 58 #SUP: 2469
9 66 56 36 40 58 #SUP: 2474
9 66 56 36 29 #SUP: 2492
9 66 56 36 29 52 #SUP: 2487
9 66 56 36 29 52 58 #SUP: 2486
9 66 56 36 29 58 #SUP: 2491
9 66 56 36 52 #SUP: 2491
9 66 56 36 52 58 #SUP: 2490
9 66 56 36 58 #SUP: 2495
9 66 56 60 #SUP: 2593
9 66 56 60 40 #SUP: 2572
9 66 56 60 40 29 #SUP: 2568
9 66 56 60 40 29 52 #SUP: 2563
9 66 56 60 40 29 52 58 #SUP: 2562
9 66 56 60 40 29 58 #SUP: 2567
9 66 56 60 40 52 #SUP: 2567
9 66 56 60 40 52 58 #SUP: 2566
9 66 56 60 40 58 #SUP: 2571
9 66 56 60 29 #SUP: 2589
9 66 56 60 29 52 #SUP: 2584
9 66 56 60 29 52 58 #SUP: 2583
9 66 56 60 29 58 #SUP: 2588
9 66 56 60 52 #SUP: 2588
9 66 56 60 52 58 #SUP: 2587
9 66 56 60 58 #SUP: 2592
9 66 56 40 #SUP: 2572
9 66 56 40 29 #SUP: 2568
9 66 56 40 29 52 #SUP: 2563
9 66 56 40 29 52 58 #SUP: 2562
9 66 56 40 29 58 #SUP: 2567
9 66 56 40 52 #SUP: 2567
9 66 56 40 52 58 #SUP: 2566
9 66 56 40 58 #SUP: 2571
9 66 56 29 #SUP: 2589
9 66 56 29 52 #SUP: 2584
9 66 56 29 52 58 #SUP: 2583
9 66 56 29 58 #SUP: 2588
9 66 56 52 #SUP: 2588
9 66 56 52 58 #SUP: 2587
9 66 56 58 #SUP: 2592
9 66 34 #SUP: 2610
9 66 34 62 #SUP: 2500
9 66 34 62 58 #SUP: 2500
9 66 34 62 36 #SUP: 2403
9 66 34 62 36 58 #SUP: 2403
9 66 34 62 36 60 #SUP: 2403
9 66 34 62 36 60 58 #SUP: 2403
9 66 34 62 36 60 29 #SUP: 2401
9 66 34 62 36 60 29 58 #SUP: 2401
9 66 34 62 36 29 #SUP: 2401
9 66 34 62 36 29 58 #SUP: 2401
9 66 34 62 60 #SUP: 2500
9 66 34 62 60 58 #SUP: 2500
9 66 34 62 60 40 #SUP: 2490
9 66 34 62 60 40 58 #SUP: 2490
9 66 34 62 60 40 29 #SUP: 2488
9 66 34 62 60 40 29 58 #SUP: 2488
9 66 34 62 60 40 29 52 #SUP: 2480
9 66 34 62 60 40 29 52 58 #SUP: 2480
9 66 34 62 60 40 52 #SUP: 2482
9 66 34 62 60 40 52 58 #SUP: 2482
9 66 34 62 60 29 #SUP: 2498
9 66 34 62 60 29 58 #SUP: 2498
9 66 34 62 60 29 52 #SUP: 2490
9 66 34 62 60 29 52 58 #SUP: 2490
9 66 34 62 60 52 #SUP: 2492
9 66 34 62 60 52 58 #SUP: 2492
9 66 34 62 40 #SUP: 2490
9 66 34 62 40 58 #SUP: 2490
9 66 34 62 40 29 #SUP: 2488
9 66 34 62 40 29 58 #SUP: 2488
9 66 34 62 40 29 52 #SUP: 2480
9 66 34 62 40 29 52 58 #SUP: 2480
9 66 34 62 40 52 #SUP: 2482
9 66 34 62 40 52 58 #SUP: 2482
9 66 34 62 29 #SUP: 2498
9 66 34 62 29 58 #SUP: 2498
9 66 34 62 29 52 #SUP: 2490
9 66 34 62 29 52 58 #SUP: 2490
9 66 34 62 52 #SUP: 2492
9 66 34 62 52 58 #SUP: 2492
9 66 34 7 #SUP: 2502
9 66 34 7 36 #SUP: 2405
9 66 34 7 36 60 #SUP: 2405
9 66 34 7 36 60 29 #SUP: 2405
9 66 34 7 36 60 29 52 #SUP: 2397
9 66 34 7 36 60 29 58 #SUP: 2404
9 66 34 7 36 60 52 #SUP: 2397
9 66 34 7 36 60 58 #SUP: 2404
9 66 34 7 36 29 #SUP: 2405
9 66 34 7 36 29 52 #SUP: 2397
9 66 34 7 36 29 58 #SUP: 2404
9 66 34 7 36 52 #SUP: 2397
9 66 34 7 36 58 #SUP: 2404
9 66 34 7 60 #SUP: 2502
9 66 34 7 60 40 #SUP: 2483
9 66 34 7 60 40 29 #SUP: 2483
9 66 34 7 60 40 29 52 #SUP: 2475
9 66 34 7 60 40 29 52 58 #SUP: 2474
9 66 34 7 60 40 29 58 #SUP: 2482
9 66 34 7 60 40 52 #SUP: 2475
9 66 34 7 60 40 52 58 #SUP: 2474
9 66 34 7 60 40 58 #SUP: 2482
9 66 34 7 60 29 #SUP: 2502
9 66 34 7 60 29 52 #SUP: 2494
9 66 34 7 60 29 52 58 #SUP: 2493
9 66 34 7 60 29 58 #SUP: 2501
9 66 34 7 60 52 #SUP: 2494
9 66 34 7 60 52 58 #SUP: 2493
9 66 34 7 60 58 #SUP: 2501
9 66 34 7 40 #SUP: 2483
9 66 34 7 40 29 #SUP: 2483
9 66 34 7 40 29 52 #SUP: 2475
9 66 34 7 40 29 52 58 #SUP: 2474
9 66 34 7 40 29 58 #SUP: 2482
9 66 34 7 40 52 #SUP: 2475
9 66 34 7 40 52 58 #SUP: 2474
9 66 34 7 40 58 #SUP: 2482
9 66 34 7 29 #SUP: 2502
9 66 34 7 29 52 #SUP: 2494
9 66 34 7 29 52 58 #SUP: 2493
9 66 34 7 29 58 #SUP: 2501
9 66 34 7 52 #SUP: 2494
9 66 34 7 52 58 #SUP: 2493
9 66 34 7 58 #SUP: 2501
9 66 34 36 #SUP: 2513
9 66 34 36 60 #SUP: 2513
9 66 34 36 60 40 #SUP: 2494
9 66 34 36 60 40 29 #SUP: 2492
9 66 34 36 60 40 29 52 #SUP: 2484
9 66 34 36 60 40 29 52 58 #SUP: 2483
9 66 34 36 60 40 29 58 #SUP: 2491
9 66 34 36 60 40 52 #SUP: 2486
9 66 34 36 60 40 52 58 #SUP: 2485
9 66 34 36 60 40 58 #SUP: 2493
9 66 34 36 60 29 #SUP: 2511
9 66 34 36 60 29 52 #SUP: 2503
9 66 34 36 60 29 52 58 #SUP: 2502
9 66 34 36 60 29 58 #SUP: 2510
9 66 34 36 60 52 #SUP: 2505
9 66 34 36 60 52 58 #SUP: 2504
9 66 34 36 60 58 #SUP: 2512
9 66 34 36 40 #SUP: 2494
9 66 34 36 40 29 #SUP: 2492
9 66 34 36 40 29 52 #SUP: 2484
9 66 34 36 40 29 52 58 #SUP: 2483
9 66 34 36 40 29 58 #SUP: 2491
9 66 34 36 40 52 #SUP: 2486
9 66 34 36 40 52 58 #SUP: 2485
9 66 34 36 40 58 #SUP: 2493
9 66 34 36 29 #SUP: 2511
9 66 34 36 29 52 #SUP: 2503
9 66 34 36 29 52 58 #SUP: 2502
9 66 34 36 29 58 #SUP: 2510
9 66 34 36 52 #SUP: 2505
9 66 34 36 52 58 #SUP: 2504
9 66 34 36 58 #SUP: 2512
9 66 34 60 #SUP: 2610
9 66 34 60 40 #SUP: 2591
9 66 34 60 40 29 #SUP: 2589
9 66 34 60 40 29 52 #SUP: 2581
9 66 34 60 40 29 52 58 #SUP: 2580
9 66 34 60 40 29 58 #SUP: 2588
9 66 34 60 40 52 #SUP: 2583
9 66 34 60 40 52 58 #SUP: 2582
9 66 34 60 40 58 #SUP: 2590
9 66 34 60 29 #SUP: 2608
9 66 34 60 29 52 #SUP: 2600
9 66 34 60 29 52 58 #SUP: 2599
9 66 34 60 29 58 #SUP: 2607
9 66 34 60 52 #SUP: 2602
9 66 34 60 52 58 #SUP: 2601
9 66 34 60 58 #SUP: 2609
9 66 34 40 #SUP: 2591
9 66 34 40 29 #SUP: 2589
9 66 34 40 29 52 #SUP: 2581
9 66 34 40 29 52 58 #SUP: 2580
9 66 34 40 29 58 #SUP: 2588
9 66 34 40 52 #SUP: 2583
9 66 34 40 52 58 #SUP: 2582
9 66 34 40 58 #SUP: 2590
9 66 34 29 #SUP: 2608
9 66 34 29 52 #SUP: 2600
9 66 34 29 52 58 #SUP: 2599
9 66 34 29 58 #SUP: 2607
9 66 34 52 #SUP: 2602
9 66 34 52 58 #SUP: 2601
9 66 34 58 #SUP: 2609
9 66 62 #SUP: 2597
9 66 62 58 #SUP: 2597
9 66 62 7 #SUP: 2483
9 66 62 7 58 #SUP: 2483
9 66 62 7 60 #SUP: 2483
9 66 62 7 60 58 #SUP: 2483
9 66 62 7 60 40 #SUP: 2471
9 66 62 7 60 40 58 #SUP: 2471
9 66 62 7 60 40 29 #SUP: 2471
9 66 62 7 60 40 29 58 #SUP: 2471
9 66 62 7 60 40 29 52 #SUP: 2463
9 66 62 7 60 40 29 52 58 #SUP: 2463
9 66 62 7 60 40 52 #SUP: 2463
9 66 62 7 60 40 52 58 #SUP: 2463
9 66 62 7 60 29 #SUP: 2483
9 66 62 7 60 29 58 #SUP: 2483
9 66 62 7 60 29 52 #SUP: 2475
9 66 62 7 60 29 52 58 #SUP: 2475
9 66 62 7 60 52 #SUP: 2475
9 66 62 7 60 52 58 #SUP: 2475
9 66 62 7 40 #SUP: 2471
9 66 62 7 40 58 #SUP: 2471
9 66 62 7 40 29 #SUP: 2471
9 66 62 7 40 29 58 #SUP: 2471
9 66 62 7 40 29 52 #SUP: 2463
9 66 62 7 40 29 52 58 #SUP: 2463
9 66 62 7 40 52 #SUP: 2463
9 66 62 7 40 52 58 #SUP: 2463
9 66 62 7 29 #SUP: 2483
9 66 62 7 29 58 #SUP: 2483
9 66 62 7 29 52 #SUP: 2475
9 66 62 7 29 52 58 #SUP: 2475
9 66 62 7 52 #SUP: 2475
9 66 62 7 52 58 #SUP: 2475
9 66 62 36 #SUP: 2500
9 66 62 36 58 #SUP: 2500
9 66 62 36 60 #SUP: 2500
9 66 62 36 60 58 #SUP: 2500
9 66 62 36 60 40 #SUP: 2488
9 66 62 36 60 40 58 #SUP: 2488
9 66 62 36 60 40 29 #SUP: 2484
9 66 62 36 60 40 29 58 #SUP: 2484
9 66 62 36 60 40 29 52 #SUP: 2476
9 66 62 36 60 40 29 52 58 #SUP: 2476
9 66 62 36 60 40 52 #SUP: 2480
9 66 62 36 60 40 52 58 #SUP: 2480
9 66 62 36 60 29 #SUP: 2496
9 66 62 36 60 29 58 #SUP: 2496
9 66 62 36 60 29 52 #SUP: 2488
9 66 62 36 60 29 52 58 #SUP: 2488
9 66 62 36 60 52 #SUP: 2492
9 66 62 36 60 52 58 #SUP: 2492
9 66 62 36 40 #SUP: 2488
9 66 62 36 40 58 #SUP: 2488
9 66 62 36 40 29 #SUP: 2484
9 66 62 36 40 29 58 #SUP: 2484
9 66 62 36 40 29 52 #SUP: 2476
9 66 62 36 40 29 52 58 #SUP: 2476
9 66 62 36 40 52 #SUP: 2480
9 66 62 36 40 52 58 #SUP: 2480
9 66 62 36 29 #SUP: 2496
9 66 62 36 29 58 #SUP: 2496
9 66 62 36 29 52 #SUP: 2488
9 66 62 36 29 52 58 #SUP: 2488
9 66 62 36 52 #SUP: 2492
9 66 62 36 52 58 #SUP: 2492
9 66 62 60 #SUP: 2597
9 66 62 60 58 #SUP: 2597
9 66 62 60 40 #SUP: 2585
9 66 62 60 40 58 #SUP: 2585
9 66 62 60 40 29 #SUP: 2581
9 66 62 60 40 29 58 #SUP: 2581
9 66 62 60 40 29 52 #SUP: 2573
9 66 62 60 40 29 52 58 #SUP: 2573
9 66 62 60 40 52 #SUP: 2577
9 66 62 60 40 52 58 #SUP: 2577
9 66 62 60 29 #SUP: 2593
9 66 62 60 29 58 #SUP: 2593
9 66 62 60 29 52 #SUP: 2585
9 66 62 60 29 52 58 #SUP: 2585
9 66 62 60 52 #SUP: 2589
9 66 62 60 52 58 #SUP: 2589
9 66 62 40 #SUP: 2585
9 66 62 40 58 #SUP: 2585
9 66 62 40 29 #SUP: 2581
9 66 62 40 29 58 #SUP: 2581
9 66 62 40 29 52 #SUP: 2573
9 66 62 40 29 52 58 #SUP: 2573
9 66 62 40 52 #SUP: 2577
9 66 62 40 52 58 #SUP: 2577
9 66 62 29 #SUP: 2593
9 66 62 29 58 #SUP: 2593
9 66 62 29 52 #SUP: 2585
9 66 62 29 52 58 #SUP: 2585
9 66 62 52 #SUP: 2589
9 66 62 52 58 #SUP: 2589
9 66 7 #SUP: 2601
9 66 7 36 #SUP: 2504
9 66 7 36 60 #SUP: 2504
9 66 7 36 60 40 #SUP: 2483
9 66 7 36 60 40 29 #SUP: 2483
9 66 7 36 60 40 29 52 #SUP: 2475
9 66 7 36 60 40 29 52 58 #SUP: 2474
9 66 7 36 60 40 29 58 #SUP: 2482
9 66 7 36 60 40 52 #SUP: 2475
9 66 7 36 60 40 52 58 #SUP: 2474
9 66 7 36 60 40 58 #SUP: 2482
9 66 7 36 60 29 #SUP: 2504
9 66 7 36 60 29 52 #SUP: 2496
9 66 7 36 60 29 52 58 #SUP: 2495
9 66 7 36 60 29 58 #SUP: 2503
9 66 7 36 60 52 #SUP: 2496
9 66 7 36 60 52 58 #SUP: 2495
9 66 7 36 60 58 #SUP: 2503
9 66 7 36 40 #SUP: 2483
9 66 7 36 40 29 #SUP: 2483
9 66 7 36 40 29 52 #SUP: 2475
9 66 7 36 40 29 52 58 #SUP: 2474
9 66 7 36 40 29 58 #SUP: 2482
9 66 7 36 40 52 #SUP: 2475
9 66 7 36 40 52 58 #SUP: 2474
9 66 7 36 40 58 #SUP: 2482
9 66 7 36 29 #SUP: 2504
9 66 7 36 29 52 #SUP: 2496
9 66 7 36 29 52 58 #SUP: 2495
9 66 7 36 29 58 #SUP: 2503
9 66 7 36 52 #SUP: 2496
9 66 7 36 52 58 #SUP: 2495
9 66 7 36 58 #SUP: 2503
9 66 7 60 #SUP: 2601
9 66 7 60 40 #SUP: 2580
9 66 7 60 40 29 #SUP: 2580
9 66 7 60 40 29 52 #SUP: 2572
9 66 7 60 40 29 52 58 #SUP: 2571
9 66 7 60 40 29 58 #SUP: 2579
9 66 7 60 40 52 #SUP: 2572
9 66 7 60 40 52 58 #SUP: 2571
9 66 7 60 40 58 #SUP: 2579
9 66 7 60 29 #SUP: 2601
9 66 7 60 29 52 #SUP: 2593
9 66 7 60 29 52 58 #SUP: 2592
9 66 7 60 29 58 #SUP: 2600
9 66 7 60 52 #SUP: 2593
9 66 7 60 52 58 #SUP: 2592
9 66 7 60 58 #SUP: 2600
9 66 7 40 #SUP: 2580
9 66 7 40 29 #SUP: 2580
9 66 7 40 29 52 #SUP: 2572
9 66 7 40 29 52 58 #SUP: 2571
9 66 7 40 29 58 #SUP: 2579
9 66 7 40 52 #SUP: 2572
9 66 7 40 52 58 #SUP: 2571
9 66 7 40 58 #SUP: 2579
9 66 7 29 #SUP: 2601
9 66 7 29 52 #SUP: 2593
9 66 7 29 52 58 #SUP: 2592
9 66 7 29 58 #SUP: 2600
9 66 7 52 #SUP: 2593
9 66 7 52 58 #SUP: 2592
9 66 7 58 #SUP: 2600
9 66 36 #SUP: 2618
9 66 36 60 #SUP: 2618
9 66 36 60 40 #SUP: 2597
9 66 36 60 40 29 #SUP: 2593
9 66 36 60 40 29 52 #SUP: 2585
9 66 36 60 40 29 52 58 #SUP: 2584
9 66 36 60 40 29 58 #SUP: 2592
9 66 36 60 40 52 #SUP: 2589
9 66 36 60 40 52 58 #SUP: 2588
9 66 36 60 40 58 #SUP: 2596
9 66 36 60 29 #SUP: 2614
9 66 36 60 29 52 #SUP: 2606
9 66 36 60 29 52 58 #SUP: 2605
9 66 36 60 29 58 #SUP: 2613
9 66 36 60 52 #SUP: 2610
9 66 36 60 52 58 #SUP: 2609
9 66 36 60 58 #SUP: 2617
9 66 36 40 #SUP: 2597
9 66 36 40 29 #SUP: 2593
9 66 36 40 29 52 #SUP: 2585
9 66 36 40 29 52 58 #SUP: 2584
9 66 36 40 29 58 #SUP: 2592
9 66 36 40 52 #SUP: 2589
9 66 36 40 52 58 #SUP: 2588
9 66 36 40 58 #SUP: 2596
9 66 36 29 #SUP: 2614
9 66 36 29 52 #SUP: 2606
9 66 36 29 52 58 #SUP: 2605
9 66 36 29 58 #SUP: 2613
9 66 36 52 #SUP: 2610
9 66 36 52 58 #SUP: 2609
9 66 36 58 #SUP: 2617
9 66 60 #SUP: 2715
9 66 60 40 #SUP: 2694
9 66 60 40 29 #SUP: 2690
9 66 60 40 29 52 #SUP: 2682
9 66 60 40 29 52 58 #SUP: 2681
9 66 60 40 29 58 #SUP: 2689
9 66 60 40 52 #SUP: 2686
9 66 60 40 52 58 #SUP: 2685
9 66 60 40 58 #SUP: 2693
9 66 60 29 #SUP: 2711
9 66 60 29 52 #SUP: 2703
9 66 60 29 52 58 #SUP: 2702
9 66 60 29 58 #SUP: 2710
9 66 60 52 #SUP: 2707
9 66 60 52 58 #SUP: 2706
9 66 60 58 #SUP: 2714
9 66 40 #SUP: 2694
9 66 40 29 #SUP: 2690
9 66 40 29 52 #SUP: 2682
9 66 40 29 52 58 #SUP: 2681
9 66 40 29 58 #SUP: 2689
9 66 40 52 #SUP: 2686
9 66 40 52 58 #SUP: 2685
9 66 40 58 #SUP: 2693
9 66 29 #SUP: 2711
9 66 29 52 #SUP: 2703
9 66 29 52 58 #SUP: 2702
9 66 29 58 #SUP: 2710
9 66 52 #SUP: 2707
9 66 52 58 #SUP: 2706
9 66 58 #SUP: 2714
9 56 #SUP: 2752
9 56 34 #SUP: 2637
9 56 34 62 #SUP: 2547
9 56 34 62 58 #SUP: 2547
9 56 34 62 7 #SUP: 2454
9 56 34 62 7 58 #SUP: 2454
9 56 34 62 7 60 #SUP: 2417
9 56 34 62 7 60 58 #SUP: 2417
9 56 34 62 7 60 40 #SUP: 2407
9 56 34 62 7 60 40 58 #SUP: 2407
9 56 34 62 7 60 40 29 #SUP: 2407
9 56 34 62 7 60 40 29 58 #SUP: 2407
9 56 34 62 7 60 40 29 52 #SUP: 2402
9 56 34 62 7 60 40 29 52 58 #SUP: 2402
9 56 34 62 7 60 40 52 #SUP: 2402
9 56 34 62 7 60 40 52 58 #SUP: 2402
9 56 34 62 7 60 29 #SUP: 2417
9 56 34 62 7 60 29 58 #SUP: 2417
9 56 34 62 7 60 29 52 #SUP: 2412
9 56 34 62 7 60 29 52 58 #SUP: 2412
9 56 34 62 7 60 52 #SUP: 2412
9 56 34 62 7 60 52 58 #SUP: 2412
9 56 34 62 7 40 #SUP: 2444
9 56 34 62 7 40 58 #SUP: 2444
9 56 34 62 7 40 29 #SUP: 2444
9 56 34 62 7 40 29 58 #SUP: 2444
9 56 34 62 7 40 29 52 #SUP: 2439
9 56 34 62 7 40 29 52 58 #SUP: 2439
9 56 34 62 7 40 52 #SUP: 2439
9 56 34 62 7 40 52 58 #SUP: 2439
9 56 34 62 7 29 #SUP: 2454
9 56 34 62 7 29 58 #SUP: 2454
9 56 34 62 7 29 52 #SUP: 2449
9 56 34 62 7 29 52 58 #SUP: 2449
9 56 34 62 7 52 #SUP: 2449
9 56 34 62 7 52 58 #SUP: 2449
9 56 34 62 36 #SUP: 2450
9 56 34 62 36 58 #SUP: 2450
9 56 34 62 36 60 #SUP: 2413
9 56 34 62 36 60 58 #SUP: 2413
9 56 34 62 36 60 40 #SUP: 2403
9 56 34 62 36 60 40 58 #SUP: 2403
9 56 34 62 36 60 40 29 #SUP: 2401
9 56 34 62 36 60 40 29 58 #SUP: 2401
9 56 34 62 36 60 40 52 #SUP: 2398
9 56 34 62 36 60 40 52 58 #SUP: 2398
9 56 34 62 36 60 29 #SUP: 2411
9 56 34 62 36 60 29 58 #SUP: 2411
9 56 34 62 36 60 29 52 #SUP: 2406
9 56 34 62 36 60 29 52 58 #SUP: 2406
9 56 34 62 36 60 52 #SUP: 2408
9 56 34 62 36 60 52 58 #SUP: 2408
9 56 34 62 36 40 #SUP: 2440
9 56 34 62 36 40 58 #SUP: 2440
9 56 34 62 36 40 29 #SUP: 2438
9 56 34 62 36 40 29 58 #SUP: 2438
9 56 34 62 36 40 29 52 #SUP: 2433
9 56 34 62 36 40 29 52 58 #SUP: 2433
9 56 34 62 36 40 52 #SUP: 2435
9 56 34 62 36 40 52 58 #SUP: 2435
9 56 34 62 36 29 #SUP: 2448
9 56 34 62 36 29 58 #SUP: 2448
9 56 34 62 36 29 52 #SUP: 2443
9 56 34 62 36 29 52 58 #SUP: 2443
9 56 34 62 36 52 #SUP: 2445
9 56 34 62 36 52 58 #SUP: 2445
9 56 34 62 60 #SUP: 2510
9 56 34 62 60 58 #SUP: 2510
9 56 34 62 60 40 #SUP: 2500
9 56 34 62 60 40 58 #SUP: 2500
9 56 34 62 60 40 29 #SUP: 2498
9 56 34 62 60 40 29 58 #SUP: 2498
9 56 34 62 60 40 29 52 #SUP: 2493
9 56 34 62 60 40 29 52 58 #SUP: 2493
9 56 34 62 60 40 52 #SUP: 2495
9 56 34 62 60 40 52 58 #SUP: 2495
9 56 34 62 60 29 #SUP: 2508
9 56 34 62 60 29 58 #SUP: 2508
9 56 34 62 60 29 52 #SUP: 2503
9 56 34 62 60 29 52 58 #SUP: 2503
9 56 34 62 60 52 #SUP: 2505
9 56 34 62 60 52 58 #SUP: 2505
9 56 34 62 40 #SUP: 2537
9 56 34 62 40 58 #SUP: 2537
9 56 34 62 40 29 #SUP: 2535
9 56 34 62 40 29 58 #SUP: 2535
9 56 34 62 40 29 52 #SUP: 2530
9 56 34 62 40 29 52 58 #SUP: 2530
9 56 34 62 40 52 #SUP: 2532
9 56 34 62 40 52 58 #SUP: 2532
9 56 34 62 29 #SUP: 2545
9 56 34 62 29 58 #SUP: 2545
9 56 34 62 29 52 #SUP: 2540
9 56 34 62 29 52 58 #SUP: 2540
9 56 34 62 52 #SUP: 2542
9 56 34 62 52 58 #SUP: 2542
9 56 34 7 #SUP: 2544
9 56 34 7 36 #SUP: 2447
9 56 34 7 36 60 #SUP: 2410
9 56 34 7 36 60 29 #SUP: 2410
9 56 34 7 36 60 29 52 #SUP: 2405
9 56 34 7 36 60 29 52 58 #SUP: 2404
9 56 34 7 36 60 29 58 #SUP: 2409
9 56 34 7 36 60 52 #SUP: 2405
9 56 34 7 36 60 52 58 #SUP: 2404
9 56 34 7 36 60 58 #SUP: 2409
9 56 34 7 36 40 #SUP: 2427
9 56 34 7 36 40 29 #SUP: 2427
9 56 34 7 36 40 29 52 #SUP: 2422
9 56 34 7 36 40 29 52 58 #SUP: 2421
9 56 34 7 36 40 29 58 #SUP: 2426
9 56 34 7 36 40 52 #SUP: 2422
9 56 34 7 36 40 52 58 #SUP: 2421
9 56 34 7 36 40 58 #SUP: 2426
9 56 34 7 36 29 #SUP: 2447
9 56 34 7 36 29 52 #SUP: 2442
9 56 34 7 36 29 52 58 #SUP: 2441
9 56 34 7 36 29 58 #SUP: 2446
9 56 34 7 36 52 #SUP: 2442
9 56 34 7 36 52 58 #SUP: 2441
9 56 34 7 36 58 #SUP: 2446
9 56 34 7 60 #SUP: 2507
9 56 34 7 60 40 #SUP: 2487
9 56 34 7 60 40 29 #SUP: 2487
9 56 34 7 60 40 29 52 #SUP: 2482
9 56 34 7 60 40 29 52 58 #SUP: 2481
9 56 34 7 60 40 29 58 #SUP: 2486
9 56 34 7 60 40 52 #SUP: 2482
9 56 34 7 60 40 52 58 #SUP: 2481
9 56 34 7 60 40 58 #SUP: 2486
9 56 34 7 60 29 #SUP: 2507
9 56 34 7 60 29 52 #SUP: 2502
9 56 34 7 60 29 52 58 #SUP: 2501
9 56 34 7 60 29 58 #SUP: 2506
9 56 34 7 60 52 #SUP: 2502
9 56 34 7 60 52 58 #SUP: 2501
9 56 34 7 60 58 #SUP: 2506
9 56 34 7 40 #SUP: 2524
9 56 34 7 40 29 #SUP: 2524
9 56 34 7 40 29 52 #SUP: 2519
9 56 34 7 40 29 52 58 #SUP: 2518
9 56 34 7 40 29 58 #SUP: 2523
9 56 34 7 40 52 #SUP: 2519
9 56 34 7 40 52 58 #SUP: 2518
9 56 34 7 40 58 #SUP: 2523
9 56 34 7 29 #SUP: 2544
9 56 34 7 29 52 #SUP: 2539
9 56 34 7 29 52 58 #SUP: 2538
9 56 34 7 29 58 #SUP: 2543
9 56 34 7 52 #SUP: 2539
9 56 34 7 52 58 #SUP: 2538
9 56 34 7 58 #SUP: 2543
9 56 34 36 #SUP: 2540
9 56 34 36 60 #SUP: 2503
9 56 34 36 60 40 #SUP: 2483
9 56 34 36 60 40 29 #SUP: 2481
9 56 34 36 60 40 29 52 #SUP: 2476
9 56 34 36 60 40 29 52 58 #SUP: 2475
9 56 34 36 60 40 29 58 #SUP: 2480
9 56 34 36 60 40 52 #SUP: 2478
9 56 34 36 60 40 52 58 #SUP: 2477
9 56 34 36 60 40 58 #SUP: 2482
9 56 34 36 60 29 #SUP: 2501
9 56 34 36 60 29 52 #SUP: 2496
9 56 34 36 60 29 52 58 #SUP: 2495
9 56 34 36 60 29 58 #SUP: 2500
9 56 34 36 60 52 #SUP: 2498
9 56 34 36 60 52 58 #SUP: 2497
9 56 34 36 60 58 #SUP: 2502
9 56 34 36 40 #SUP: 2520
9 56 34 36 40 29 #SUP: 2518
9 56 34 36 40 29 52 #SUP: 2513
9 56 34 36 40 29 52 58 #SUP: 2512
9 56 34 36 40 29 58 #SUP: 2517
9 56 34 36 40 52 #SUP: 2515
9 56 34 36 40 52 58 #SUP: 2514
9 56 34 36 40 58 #SUP: 2519
9 56 34 36 29 #SUP: 2538
9 56 34 36 29 52 #SUP: 2533
9 56 34 36 29 52 58 #SUP: 2532
9 56 34 36 29 58 #SUP: 2537
9 56 34 36 52 #SUP: 2535
9 56 34 36 52 58 #SUP: 2534
9 56 34 36 58 #SUP: 2539
9 56 34 60 #SUP: 2600
9 56 34 60 40 #SUP: 2580
9 56 34 60 40 29 #SUP: 2578
9 56 34 60 40 29 52 #SUP: 2573
9 56 34 60 40 29 52 58 #SUP: 2572
9 56 34 60 40 29 58 #SUP: 2577
9 56 34 60 40 52 #SUP: 2575
9 56 34 60 40 52 58 #SUP: 2574
9 56 34 60 40 58 #SUP: 2579
9 56 34 60 29 #SUP: 2598
9 56 34 60 29 52 #SUP: 2593
9 56 34 60 29 52 58 #SUP: 2592
9 56 34 60 29 58 #SUP: 2597
9 56 34 60 52 #SUP: 2595
9 56 34 60 52 58 #SUP: 2594
9 56 34 60 58 #SUP: 2599
9 56 34 40 #SUP: 2617
9 56 34 40 29 #SUP: 2615
9 56 34 40 29 52 #SUP: 2610
9 56 34 40 29 52 58 #SUP: 2609
9 56 34 40 29 58 #SUP: 2614
9 56 34 40 52 #SUP: 2612
9 56 34 40 52 58 #SUP: 2611
9 56 34 40 58 #SUP: 2616
9 56 34 29 #SUP: 2635
9 56 34 29 52 #SUP: 2630
9 56 34 29 52 58 #SUP: 2629
9 56 34 29 58 #SUP: 2634
9 56 34 52 #SUP: 2632
9 56 34 52 58 #SUP: 2631
9 56 34 58 #SUP: 2636
9 56 62 #SUP: 2657
9 56 62 58 #SUP: 2657
9 56 62 7 #SUP: 2556
9 56 62 7 58 #SUP: 2556
9 56 62 7 36 #SUP: 2459
9 56 62 7 36 58 #SUP: 2459
9 56 62 7 36 60 #SUP: 2422
9 56 62 7 36 60 58 #SUP: 2422
9 56 62 7 36 60 40 #SUP: 2410
9 56 62 7 36 60 40 58 #SUP: 2410
9 56 62 7 36 60 40 29 #SUP: 2410
9 56 62 7 36 60 40 29 58 #SUP: 2410
9 56 62 7 36 60 40 29 52 #SUP: 2405
9 56 62 7 36 60 40 29 52 58 #SUP: 2405
9 56 62 7 36 60 40 52 #SUP: 2405
9 56 62 7 36 60 40 52 58 #SUP: 2405
9 56 62 7 36 60 29 #SUP: 2422
9 56 62 7 36 60 29 58 #SUP: 2422
9 56 62 7 36 60 29 52 #SUP: 2417
9 56 62 7 36 60 29 52 58 #SUP: 2417
9 56 62 7 36 60 52 #SUP: 2417
9 56 62 7 36 60 52 58 #SUP: 2417
9 56 62 7 36 40 #SUP: 2447
9 56 62 7 36 40 58 #SUP: 2447
9 56 62 7 36 40 29 #SUP: 2447
9 56 62 7 36 40 29 58 #SUP: 2447
9 56 62 7 36 40 29 52 #SUP: 2442
9 56 62 7 36 40 29 52 58 #SUP: 2442
9 56 62 7 36 40 52 #SUP: 2442
9 56 62 7 36 40 52 58 #SUP: 2442
9 56 62 7 36 29 #SUP: 2459
9 56 62 7 36 29 58 #SUP: 2459
9 56 62 7 36 29 52 #SUP: 2454
9 56 62 7 36 29 52 58 #SUP: 2454
9 56 62 7 36 52 #SUP: 2454
9 56 62 7 36 52 58 #SUP: 2454
9 56 62 7 60 #SUP: 2519
9 56 62 7 60 58 #SUP: 2519
9 56 62 7 60 40 #SUP: 2507
9 56 62 7 60 40 58 #SUP: 2507
9 56 62 7 60 40 29 #SUP: 2507
9 56 62 7 60 40 29 58 #SUP: 2507
9 56 62 7 60 40 29 52 #SUP: 2502
9 56 62 7 60 40 29 52 58 #SUP: 2502
9 56 62 7 60 40 52 #SUP: 2502
9 56 62 7 60 40 52 58 #SUP: 2502
9 56 62 7 60 29 #SUP: 2519
9 56 62 7 60 29 58 #SUP: 2519
9 56 62 7 60 29 52 #SUP: 2514
9 56 62 7 60 29 52 58 #SUP: 2514
9 56 62 7 60 52 #SUP: 2514
9 56 62 7 60 52 58 #SUP: 2514
9 56 62 7 40 #SUP: 2544
9 56 62 7 40 58 #SUP: 2544
9 56 62 7 40 29 #SUP: 2544
9 56 62 7 40 29 58 #SUP: 2544
9 56 62 7 40 29 52 #SUP: 2539
9 56 62 7 40 29 52 58 #SUP: 2539
9 56 62 7 40 52 #SUP: 2539
9 56 62 7 40 52 58 #SUP: 2539
9 56 62 7 29 #SUP: 2556
9 56 62 7 29 58 #SUP: 2556
9 56 62 7 29 52 #SUP: 2551
9 56 62 7 29 52 58 #SUP: 2551
9 56 62 7 52 #SUP: 2551
9 56 62 7 52 58 #SUP: 2551
9 56 62 36 #SUP: 2560
9 56 62 36 58 #SUP: 2560
9 56 62 36 60 #SUP: 2521
9 56 62 36 60 58 #SUP: 2521
9 56 62 36 60 40 #SUP: 2509
9 56 62 36 60 40 58 #SUP: 2509
9 56 62 36 60 40 29 #SUP: 2503
9 56 62 36 60 40 29 58 #SUP: 2503
9 56 62 36 60 40 29 52 #SUP: 2498
9 56 62 36 60 40 29 52 58 #SUP: 2498
9 56 62 36 60 40 52 #SUP: 2504
9 56 62 36 60 40 52 58 #SUP: 2504
9 56 62 36 60 29 #SUP: 2515
9 56 62 36 60 29 58 #SUP: 2515
9 56 62 36 60 29 52 #SUP: 2510
9 56 62 36 60 29 52 58 #SUP: 2510
9 56 62 36 60 52 #SUP: 2516
9 56 62 36 60 52 58 #SUP: 2516
9 56 62 36 40 #SUP: 2548
9 56 62 36 40 58 #SUP: 2548
9 56 62 36 40 29 #SUP: 2540
9 56 62 36 40 29 58 #SUP: 2540
9 56 62 36 40 29 52 #SUP: 2535
9 56 62 36 40 29 52 58 #SUP: 2535
9 56 62 36 40 52 #SUP: 2543
9 56 62 36 40 52 58 #SUP: 2543
9 56 62 36 29 #SUP: 2552
9 56 62 36 29 58 #SUP: 2552
9 56 62 36 29 52 #SUP: 2547
9 56 62 36 29 52 58 #SUP: 2547
9 56 62 36 52 #SUP: 2555
9 56 62 36 52 58 #SUP: 2555
9 56 62 60 #SUP: 2618
9 56 62 60 58 #SUP: 2618
9 56 62 60 40 #SUP: 2606
9 56 62 60 40 58 #SUP: 2606
9 56 62 60 40 29 #SUP: 2600
9 56 62 60 40 29 58 #SUP: 2600
9 56 62 60 40 29 52 #SUP: 2595
9 56 62 60 40 29 52 58 #SUP: 2595
9 56 62 60 40 52 #SUP: 2601
9 56 62 60 40 52 58 #SUP: 2601
9 56 62 60 29 #SUP: 2612
9 56 62 60 29 58 #SUP: 2612
9 56 62 60 29 52 #SUP: 2607
9 56 62 60 29 52 58 #SUP: 2607
9 56 62 60 52 #SUP: 2613
9 56 62 60 52 58 #SUP: 2613
9 56 62 40 #SUP: 2645
9 56 62 40 58 #SUP: 2645
9 56 62 40 29 #SUP: 2637
9 56 62 40 29 58 #SUP: 2637
9 56 62 40 29 52 #SUP: 2632
9 56 62 40 29 52 58 #SUP: 2632
9 56 62 40 52 #SUP: 2640
9 56 62 40 52 58 #SUP: 2640
9 56 62 29 #SUP: 2649
9 56 62 29 58 #SUP: 2649
9 56 62 29 52 #SUP: 2644
9 56 62 29 52 58 #SUP: 2644
9 56 62 52 #SUP: 2652
9 56 62 52 58 #SUP: 2652
9 56 7 #SUP: 2651
9 56 7 36 #SUP: 2554
9 56 7 36 60 #SUP: 2517
9 56 7 36 60 40 #SUP: 2495
9 56 7 36 60 40 29 #SUP: 2495
9 56 7 36 60 40 29 52 #SUP: 2490
9 56 7 36 60 40 29 52 58 #SUP: 2489
9 56 7 36 60 40 29 58 #SUP: 2494
9 56 7 36 60 40 52 #SUP: 2490
9 56 7 36 60 40 52 58 #SUP: 2489
9 56 7 36 60 40 58 #SUP: 2494
9 56 7 36 60 29 #SUP: 2517
9 56 7 36 60 29 52 #SUP: 2512
9 56 7 36 60 29 52 58 #SUP: 2511
9 56 7 36 60 29 58 #SUP: 2516
9 56 7 36 60 52 #SUP: 2512
9 56 7 36 60 52 58 #SUP: 2511
9 56 7 36 60 58 #SUP: 2516
9 56 7 36 40 #SUP: 2532
9 56 7 36 40 29 #SUP: 2532
9 56 7 36 40 29 52 #SUP: 2527
9 56 7 36 40 29 52 58 #SUP: 2526
9 56 7 36 40 29 58 #SUP: 2531
9 56 7 36 40 52 #SUP: 2527
9 56 7 36 40 52 58 #SUP: 2526
9 56 7 36 40 58 #SUP: 2531
9 56 7 36 29 #SUP: 2554
9 56 7 36 29 52 #SUP: 2549
9 56 7 36 29 52 58 #SUP: 2548
9 56 7 36 29 58 #SUP: 2553
9 56 7 36 52 #SUP: 2549
9 56 7 36 52 58 #SUP: 2548
9 56 7 36 58 #SUP: 2553
9 56 7 60 #SUP: 2614
9 56 7 60 40 #SUP: 2592
9 56 7 60 40 29 #SUP: 2592
9 56 7 60 40 29 52 #SUP: 2587
9 56 7 60 40 29 52 58 #SUP: 2586
9 56 7 60 40 29 58 #SUP: 2591
9 56 7 60 40 52 #SUP: 2587
9 56 7 60 40 52 58 #SUP: 2586
9 56 7 60 40 58 #SUP: 2591
9 56 7 60 29 #SUP: 2614
9 56 7 60 29 52 #SUP: 2609
9 56 7 60 29 52 58 #SUP: 2608
9 56 7 60 29 58 #SUP: 2613
9 56 7 60 52 #SUP: 2609
9 56 7 60 52 58 #SUP: 2608
9 56 7 60 58 #SUP: 2613
9 56 7 40 #SUP: 2629
9 56 7 40 29 #SUP: 2629
9 56 7 40 29 52 #SUP: 2624
9 56 7 40 29 52 58 #SUP: 2623
9 56 7 40 29 58 #SUP: 2628
9 56 7 40 52 #SUP: 2624
9 56 7 40 52 58 #SUP: 2623
9 56 7 40 58 #SUP: 2628
9 56 7 29 #SUP: 2651
9 56 7 29 52 #SUP: 2646
9 56 7 29 52 58 #SUP: 2645
9 56 7 29 58 #SUP: 2650
9 56 7 52 #SUP: 2646
9 56 7 52 58 #SUP: 2645
9 56 7 58 #SUP: 2650
9 56 36 #SUP: 2655
9 56 36 60 #SUP: 2616
9 56 36 60 40 #SUP: 2594
9 56 36 60 40 29 #SUP: 2588
9 56 36 60 40 29 52 #SUP: 2583
9 56 36 60 40 29 52 58 #SUP: 2582
9 56 36 60 40 29 58 #SUP: 2587
9 56 36 60 40 52 #SUP: 2589
9 56 36 60 40 52 58 #SUP: 2588
9 56 36 60 40 58 #SUP: 2593
9 56 36 60 29 #SUP: 2610
9 56 36 60 29 52 #SUP: 2605
9 56 36 60 29 52 58 #SUP: 2604
9 56 36 60 29 58 #SUP: 2609
9 56 36 60 52 #SUP: 2611
9 56 36 60 52 58 #SUP: 2610
9 56 36 60 58 #SUP: 2615
9 56 36 40 #SUP: 2633
9 56 36 40 29 #SUP: 2625
9 56 36 40 29 52 #SUP: 2620
9 56 36 40 29 52 58 #SUP: 2619
9 56 36 40 29 58 #SUP: 2624
9 56 36 40 52 #SUP: 2628
9 56 36 40 52 58 #SUP: 2627
9 56 36 40 58 #SUP: 2632
9 56 36 29 #SUP: 2647
9 56 36 29 52 #SUP: 2642
9 56 36 29 52 58 #SUP: 2641
9 56 36 29 58 #SUP: 2646
9 56 36 52 #SUP: 2650
9 56 36 52 58 #SUP: 2649
9 56 36 58 #SUP: 2654
9 56 60 #SUP: 2713
9 56 60 40 #SUP: 2691
9 56 60 40 29 #SUP: 2685
9 56 60 40 29 52 #SUP: 2680
9 56 60 40 29 52 58 #SUP: 2679
9 56 60 40 29 58 #SUP: 2684
9 56 60 40 52 #SUP: 2686
9 56 60 40 52 58 #SUP: 2685
9 56 60 40 58 #SUP: 2690
9 56 60 29 #SUP: 2707
9 56 60 29 52 #SUP: 2702
9 56 60 29 52 58 #SUP: 2701
9 56 60 29 58 #SUP: 2706
9 56 60 52 #SUP: 2708
9 56 60 52 58 #SUP: 2707
9 56 60 58 #SUP: 2712
9 56 40 #SUP: 2730
9 56 40 29 #SUP: 2722
9 56 40 29 52 #SUP: 2717
9 56 40 29 52 58 #SUP: 2716
9 56 40 29 58 #SUP: 2721
9 56 40 52 #SUP: 2725
9 56 40 52 58 #SUP: 2724
9 56 40 58 #SUP: 2729
9 56 29 #SUP: 2744
9 56 29 52 #SUP: 2739
9 56 29 52 58 #SUP: 2738
9 56 29 58 #SUP: 2743
9 56 52 #SUP: 2747
9 56 52 58 #SUP: 2746
9 56 58 #SUP: 2751
9 34 #SUP: 2753
9 34 62 #SUP: 2637
9 34 62 58 #SUP: 2637
9 34 62 7 #SUP: 2528
9 34 62 7 58 #SUP: 2528
9 34 62 7 36 #SUP: 2431
9 34 62 7 36 58 #SUP: 2431
9 34 62 7 36 40 #SUP: 2421
9 34 62 7 36 40 58 #SUP: 2421
9 34 62 7 36 40 29 #SUP: 2421
9 34 62 7 36 40 29 58 #SUP: 2421
9 34 62 7 36 40 29 52 #SUP: 2413
9 34 62 7 36 40 29 52 58 #SUP: 2413
9 34 62 7 36 40 52 #SUP: 2413
9 34 62 7 36 40 52 58 #SUP: 2413
9 34 62 7 36 29 #SUP: 2431
9 34 62 7 36 29 58 #SUP: 2431
9 34 62 7 36 29 52 #SUP: 2423
9 34 62 7 36 29 52 58 #SUP: 2423
9 34 62 7 36 52 #SUP: 2423
9 34 62 7 36 52 58 #SUP: 2423
9 34 62 7 60 #SUP: 2491
9 34 62 7 60 58 #SUP: 2491
9 34 62 7 60 40 #SUP: 2481
9 34 62 7 60 40 58 #SUP: 2481
9 34 62 7 60 40 29 #SUP: 2481
9 34 62 7 60 40 29 58 #SUP: 2481
9 34 62 7 60 40 29 52 #SUP: 2473
9 34 62 7 60 40 29 52 58 #SUP: 2473
9 34 62 7 60 40 52 #SUP: 2473
9 34 62 7 60 40 52 58 #SUP: 2473
9 34 62 7 60 29 #SUP: 2491
9 34 62 7 60 29 58 #SUP: 2491
9 34 62 7 60 29 52 #SUP: 2483
9 34 62 7 60 29 52 58 #SUP: 2483
9 34 62 7 60 52 #SUP: 2483
9 34 62 7 60 52 58 #SUP: 2483
9 34 62 7 40 #SUP: 2518
9 34 62 7 40 58 #SUP: 2518
9 34 62 7 40 29 #SUP: 2518
9 34 62 7 40 29 58 #SUP: 2518
9 34 62 7 40 29 52 #SUP: 2510
9 34 62 7 40 29 52 58 #SUP: 2510
9 34 62 7 40 52 #SUP: 2510
9 34 62 7 40 52 58 #SUP: 2510
9 34 62 7 29 #SUP: 2528
9 34 62 7 29 58 #SUP: 2528
9 34 62 7 29 52 #SUP: 2520
9 34 62 7 29 52 58 #SUP: 2520
9 34 62 7 52 #SUP: 2520
9 34 62 7 52 58 #SUP: 2520
9 34 62 36 #SUP: 2540
9 34 62 36 58 #SUP: 2540
9 34 62 36 60 #SUP: 2503
9 34 62 36 60 58 #SUP: 2503
9 34 62 36 60 40 #SUP: 2493
9 34 62 36 60 40 58 #SUP: 2493
9 34 62 36 60 40 29 #SUP: 2491
9 34 62 36 60 40 29 58 #SUP: 2491
9 34 62 36 60 40 29 52 #SUP: 2483
9 34 62 36 60 40 29 52 58 #SUP: 2483
9 34 62 36 60 40 52 #SUP: 2485
9 34 62 36 60 40 52 58 #SUP: 2485
9 34 62 36 60 29 #SUP: 2501
9 34 62 36 60 29 58 #SUP: 2501
9 34 62 36 60 29 52 #SUP: 2493
9 34 62 36 60 29 52 58 #SUP: 2493
9 34 62 36 60 52 #SUP: 2495
9 34 62 36 60 52 58 #SUP: 2495
9 34 62 36 40 #SUP: 2530
9 34 62 36 40 58 #SUP: 2530
9 34 62 36 40 29 #SUP: 2528
9 34 62 36 40 29 58 #SUP: 2528
9 34 62 36 40 29 52 #SUP: 2520
9 34 62 36 40 29 52 58 #SUP: 2520
9 34 62 36 40 52 #SUP: 2522
9 34 62 36 40 52 58 #SUP: 2522
9 34 62 36 29 #SUP: 2538
9 34 62 36 29 58 #SUP: 2538
9 34 62 36 29 52 #SUP: 2530
9 34 62 36 29 52 58 #SUP: 2530
9 34 62 36 52 #SUP: 2532
9 34 62 36 52 58 #SUP: 2532
9 34 62 60 #SUP: 2600
9 34 62 60 58 #SUP: 2600
9 34 62 60 40 #SUP: 2590
9 34 62 60 40 58 #SUP: 2590
9 34 62 60 40 29 #SUP: 2588
9 34 62 60 40 29 58 #SUP: 2588
9 34 62 60 40 29 52 #SUP: 2580
9 34 62 60 40 29 52 58 #SUP: 2580
9 34 62 60 40 52 #SUP: 2582
9 34 62 60 40 52 58 #SUP: 2582
9 34 62 60 29 #SUP: 2598
9 34 62 60 29 58 #SUP: 2598
9 34 62 60 29 52 #SUP: 2590
9 34 62 60 29 52 58 #SUP: 2590
9 34 62 60 52 #SUP: 2592
9 34 62 60 52 58 #SUP: 2592
9 34 62 40 #SUP: 2627
9 34 62 40 58 #SUP: 2627
9 34 62 40 29 #SUP: 2625
9 34 62 40 29 58 #SUP: 2625
9 34 62 40 29 52 #SUP: 2617
9 34 62 40 29 52 58 #SUP: 2617
9 34 62 40 52 #SUP: 2619
9 34 62 40 52 58 #SUP: 2619
9 34 62 29 #SUP: 2635
9 34 62 29 58 #SUP: 2635
9 34 62 29 52 #SUP: 2627
9 34 62 29 52 58 #SUP: 2627
9 34 62 52 #SUP: 2629
9 34 62 52 58 #SUP: 2629
9 34 7 #SUP: 2644
9 34 7 36 #SUP: 2547
9 34 7 36 60 #SUP: 2510
9 34 7 36 60 40 #SUP: 2490
9 34 7 36 60 40 29 #SUP: 2490
9 34 7 36 60 40 29 52 #SUP: 2482
9 34 7 36 60 40 29 52 58 #SUP: 2481
9 34 7 36 60 40 29 58 #SUP: 2489
9 34 7 36 60 40 52 #SUP: 2482
9 34 7 36 60 40 52 58 #SUP: 2481
9 34 7 36 60 40 58 #SUP: 2489
9 34 7 36 60 29 #SUP: 2510
9 34 7 36 60 29 52 #SUP: 2502
9 34 7 36 60 29 52 58 #SUP: 2501
9 34 7 36 60 29 58 #SUP: 2509
9 34 7 36 60 52 #SUP: 2502
9 34 7 36 60 52 58 #SUP: 2501
9 34 7 36 60 58 #SUP: 2509
9 34 7 36 40 #SUP: 2527
9 34 7 36 40 29 #SUP: 2527
9 34 7 36 40 29 52 #SUP: 2519
9 34 7 36 40 29 52 58 #SUP: 2518
9 34 7 36 40 29 58 #SUP: 2526
9 34 7 36 40 52 #SUP: 2519
9 34 7 36 40 52 58 #SUP: 2518
9 34 7 36 40 58 #SUP: 2526
9 34 7 36 29 #SUP: 2547
9 34 7 36 29 52 #SUP: 2539
9 34 7 36 29 52 58 #SUP: 2538
9 34 7 36 29 58 #SUP: 2546
9 34 7 36 52 #SUP: 2539
9 34 7 36 52 58 #SUP: 2538
9 34 7 36 58 #SUP: 2546
9 34 7 60 #SUP: 2607
9 34 7 60 40 #SUP: 2587
9 34 7 60 40 29 #SUP: 2587
9 34 7 60 40 29 52 #SUP: 2579
9 34 7 60 40 29 52 58 #SUP: 2578
9 34 7 60 40 29 58 #SUP: 2586
9 34 7 60 40 52 #SUP: 2579
9 34 7 60 40 52 58 #SUP: 2578
9 34 7 60 40 58 #SUP: 2586
9 34 7 60 29 #SUP: 2607
9 34 7 60 29 52 #SUP: 2599
9 34 7 60 29 52 58 #SUP: 2598
9 34 7 60 29 58 #SUP: 2606
9 34 7 60 52 #SUP: 2599
9 34 7 60 52 58 #SUP: 2598
9 34 7 60 58 #SUP: 2606
9 34 7 40 #SUP: 2624
9 34 7 40 29 #SUP: 2624
9 34 7 40 29 52 #SUP: 2616
9 34 7 40 29 52 58 #SUP: 2615
9 34 7 40 29 58 #SUP: 2623
9 34 7 40 52 #SUP: 2616
9 34 7 40 52 58 #SUP: 2615
9 34 7 40 58 #SUP: 2623
9 34 7 29 #SUP: 2644
9 34 7 29 52 #SUP: 2636
9 34 7 29 52 58 #SUP: 2635
9 34 7 29 58 #SUP: 2643
9 34 7 52 #SUP: 2636
9 34 7 52 58 #SUP: 2635
9 34 7 58 #SUP: 2643
9 34 36 #SUP: 2656
9 34 36 60 #SUP: 2619
9 34 36 60 40 #SUP: 2599
9 34 36 60 40 29 #SUP: 2597
9 34 36 60 40 29 52 #SUP: 2589
9 34 36 60 40 29 52 58 #SUP: 2588
9 34 36 60 40 29 58 #SUP: 2596
9 34 36 60 40 52 #SUP: 2591
9 34 36 60 40 52 58 #SUP: 2590
9 34 36 60 40 58 #SUP: 2598
9 34 36 60 29 #SUP: 2617
9 34 36 60 29 52 #SUP: 2609
9 34 36 60 29 52 58 #SUP: 2608
9 34 36 60 29 58 #SUP: 2616
9 34 36 60 52 #SUP: 2611
9 34 36 60 52 58 #SUP: 2610
9 34 36 60 58 #SUP: 2618
9 34 36 40 #SUP: 2636
9 34 36 40 29 #SUP: 2634
9 34 36 40 29 52 #SUP: 2626
9 34 36 40 29 52 58 #SUP: 2625
9 34 36 40 29 58 #SUP: 2633
9 34 36 40 52 #SUP: 2628
9 34 36 40 52 58 #SUP: 2627
9 34 36 40 58 #SUP: 2635
9 34 36 29 #SUP: 2654
9 34 36 29 52 #SUP: 2646
9 34 36 29 52 58 #SUP: 2645
9 34 36 29 58 #SUP: 2653
9 34 36 52 #SUP: 2648
9 34 36 52 58 #SUP: 2647
9 34 36 58 #SUP: 2655
9 34 60 #SUP: 2716
9 34 60 40 #SUP: 2696
9 34 60 40 29 #SUP: 2694
9 34 60 40 29 52 #SUP: 2686
9 34 60 40 29 52 58 #SUP: 2685
9 34 60 40 29 58 #SUP: 2693
9 34 60 40 52 #SUP: 2688
9 34 60 40 52 58 #SUP: 2687
9 34 60 40 58 #SUP: 2695
9 34 60 29 #SUP: 2714
9 34 60 29 52 #SUP: 2706
9 34 60 29 52 58 #SUP: 2705
9 34 60 29 58 #SUP: 2713
9 34 60 52 #SUP: 2708
9 34 60 52 58 #SUP: 2707
9 34 60 58 #SUP: 2715
9 34 40 #SUP: 2733
9 34 40 29 #SUP: 2731
9 34 40 29 52 #SUP: 2723
9 34 40 29 52 58 #SUP: 2722
9 34 40 29 58 #SUP: 2730
9 34 40 52 #SUP: 2725
9 34 40 52 58 #SUP: 2724
9 34 40 58 #SUP: 2732
9 34 29 #SUP: 2751
9 34 29 52 #SUP: 2743
9 34 29 52 58 #SUP: 2742
9 34 29 58 #SUP: 2750
9 34 52 #SUP: 2745
9 34 52 58 #SUP: 2744
9 34 58 #SUP: 2752
9 62 #SUP: 2750
9 62 58 #SUP: 2750
9 62 7 #SUP: 2631
9 62 7 58 #SUP: 2631
9 62 7 36 #SUP: 2534
9 62 7 36 58 #SUP: 2534
9 62 7 36 60 #SUP: 2497
9 62 7 36 60 58 #SUP: 2497
9 62 7 36 60 40 #SUP: 2485
9 62 7 36 60 40 58 #SUP: 2485
9 62 7 36 60 40 29 #SUP: 2485
9 62 7 36 60 40 29 58 #SUP: 2485
9 62 7 36 60 40 29 52 #SUP: 2477
9 62 7 36 60 40 29 52 58 #SUP: 2477
9 62 7 36 60 40 52 #SUP: 2477
9 62 7 36 60 40 52 58 #SUP: 2477
9 62 7 36 60 29 #SUP: 2497
9 62 7 36 60 29 58 #SUP: 2497
9 62 7 36 60 29 52 #SUP: 2489
9 62 7 36 60 29 52 58 #SUP: 2489
9 62 7 36 60 52 #SUP: 2489
9 62 7 36 60 52 58 #SUP: 2489
9 62 7 36 40 #SUP: 2522
9 62 7 36 40 58 #SUP: 2522
9 62 7 36 40 29 #SUP: 2522
9 62 7 36 40 29 58 #SUP: 2522
9 62 7 36 40 29 52 #SUP: 2514
9 62 7 36 40 29 52 58 #SUP: 2514
9 62 7 36 40 52 #SUP: 2514
9 62 7 36 40 52 58 #SUP: 2514
9 62 7 36 29 #SUP: 2534
9 62 7 36 29 58 #SUP: 2534
9 62 7 36 29 52 #SUP: 2526
9 62 7 36 29 52 58 #SUP: 2526
9 62 7 36 52 #SUP: 2526
9 62 7 36 52 58 #SUP: 2526
9 62 7 60 #SUP: 2594
9 62 7 60 58 #SUP: 2594
9 62 7 60 40 #SUP: 2582
9 62 7 60 40 58 #SUP: 2582
9 62 7 60 40 29 #SUP: 2582
9 62 7 60 40 29 58 #SUP: 2582
9 62 7 60 40 29 52 #SUP: 2574
9 62 7 60 40 29 52 58 #SUP: 2574
9 62 7 60 40 52 #SUP: 2574
9 62 7 60 40 52 58 #SUP: 2574
9 62 7 60 29 #SUP: 2594
9 62 7 60 29 58 #SUP: 2594
9 62 7 60 29 52 #SUP: 2586
9 62 7 60 29 52 58 #SUP: 2586
9 62 7 60 52 #SUP: 2586
9 62 7 60 52 58 #SUP: 2586
9 62 7 40 #SUP: 2619
9 62 7 40 58 #SUP: 2619
9 62 7 40 29 #SUP: 2619
9 62 7 40 29 58 #SUP: 2619
9 62 7 40 29 52 #SUP: 2611
9 62 7 40 29 52 58 #SUP: 2611
9 62 7 40 52 #SUP: 2611
9 62 7 40 52 58 #SUP: 2611
9 62 7 29 #SUP: 2631
9 62 7 29 58 #SUP: 2631
9 62 7 29 52 #SUP: 2623
9 62 7 29 52 58 #SUP: 2623
9 62 7 52 #SUP: 2623
9 62 7 52 58 #SUP: 2623
9 62 36 #SUP: 2653
9 62 36 58 #SUP: 2653
9 62 36 60 #SUP: 2614
9 62 36 60 58 #SUP: 2614
9 62 36 60 40 #SUP: 2602
9 62 36 60 40 58 #SUP: 2602
9 62 36 60 40 29 #SUP: 2596
9 62 36 60 40 29 58 #SUP: 2596
9 62 36 60 40 29 52 #SUP: 2588
9 62 36 60 40 29 52 58 #SUP: 2588
9 62 36 60 40 52 #SUP: 2594
9 62 36 60 40 52 58 #SUP: 2594
9 62 36 60 29 #SUP: 2608
9 62 36 60 29 58 #SUP: 2608
9 62 36 60 29 52 #SUP: 2600
9 62 36 60 29 52 58 #SUP: 2600
9 62 36 60 52 #SUP: 2606
9 62 36 60 52 58 #SUP: 2606
9 62 36 40 #SUP: 2641
9 62 36 40 58 #SUP: 2641
9 62 36 40 29 #SUP: 2633
9 62 36 40 29 58 #SUP: 2633
9 62 36 40 29 52 #SUP: 2625
9 62 36 40 29 52 58 #SUP: 2625
9 62 36 40 52 #SUP: 2633
9 62 36 40 52 58 #SUP: 2633
9 62 36 29 #SUP: 2645
9 62 36 29 58 #SUP: 2645
9 62 36 29 52 #SUP: 2637
9 62 36 29 52 58 #SUP: 2637
9 62 36 52 #SUP: 2645
9 62 36 52 58 #SUP: 2645
9 62 60 #SUP: 2711
9 62 60 58 #SUP: 2711
9 62 60 40 #SUP: 2699
9 62 60 40 58 #SUP: 2699
9 62 60 40 29 #SUP: 2693
9 62 60 40 29 58 #SUP: 2693
9 62 60 40 29 52 #SUP: 2685
9 62 60 40 29 52 58 #SUP: 2685
9 62 60 40 52 #SUP: 2691
9 62 60 40 52 58 #SUP: 2691
9 62 60 29 #SUP: 2705
9 62 60 29 58 #SUP: 2705
9 62 60 29 52 #SUP: 2697
9 62 60 29 52 58 #SUP: 2697
9 62 60 52 #SUP: 2703
9 62 60 52 58 #SUP: 2703
9 62 40 #SUP: 2738
9 62 40 58 #SUP: 2738
9 62 40 29 #SUP: 2730
9 62 40 29 58 #SUP: 2730
9 62 40 29 52 #SUP: 2722
9 62 40 29 52 58 #SUP: 2722
9 62 40 52 #SUP: 2730
9 62 40 52 58 #SUP: 2730
9 62 29 #SUP: 2742
9 62 29 58 #SUP: 2742
9 62 29 52 #SUP: 2734
9 62 29 52 58 #SUP: 2734
9 62 52 #SUP: 2742
9 62 52 58 #SUP: 2742
9 7 #SUP: 2755
9 7 36 #SUP: 2658
9 7 36 60 #SUP: 2621
9 7 36 60 40 #SUP: 2599
9 7 36 60 40 29 #SUP: 2599
9 7 36 60 40 29 52 #SUP: 2591
9 7 36 60 40 29 52 58 #SUP: 2590
9 7 36 60 40 29 58 #SUP: 2598
9 7 36 60 40 52 #SUP: 2591
9 7 36 60 40 52 58 #SUP: 2590
9 7 36 60 40 58 #SUP: 2598
9 7 36 60 29 #SUP: 2621
9 7 36 60 29 52 #SUP: 2613
9 7 36 60 29 52 58 #SUP: 2612
9 7 36 60 29 58 #SUP: 2620
9 7 36 60 52 #SUP: 2613
9 7 36 60 52 58 #SUP: 2612
9 7 36 60 58 #SUP: 2620
9 7 36 40 #SUP: 2636
9 7 36 40 29 #SUP: 2636
9 7 36 40 29 52 #SUP: 2628
9 7 36 40 29 52 58 #SUP: 2627
9 7 36 40 29 58 #SUP: 2635
9 7 36 40 52 #SUP: 2628
9 7 36 40 52 58 #SUP: 2627
9 7 36 40 58 #SUP: 2635
9 7 36 29 #SUP: 2658
9 7 36 29 52 #SUP: 2650
9 7 36 29 52 58 #SUP: 2649
9 7 36 29 58 #SUP: 2657
9 7 36 52 #SUP: 2650
9 7 36 52 58 #SUP: 2649
9 7 36 58 #SUP: 2657
9 7 60 #SUP: 2718
9 7 60 40 #SUP: 2696
9 7 60 40 29 #SUP: 2696
9 7 60 40 29 52 #SUP: 2688
9 7 60 40 29 52 58 #SUP: 2687
9 7 60 40 29 58 #SUP: 2695
9 7 60 40 52 #SUP: 2688
9 7 60 40 52 58 #SUP: 2687
9 7 60 40 58 #SUP: 2695
9 7 60 29 #SUP: 2718
9 7 60 29 52 #SUP: 2710
9 7 60 29 52 58 #SUP: 2709
9 7 60 29 58 #SUP: 2717
9 7 60 52 #SUP: 2710
9 7 60 52 58 #SUP: 2709
9 7 60 58 #SUP: 2717
9 7 40 #SUP: 2733
9 7 40 29 #SUP: 2733
9 7 40 29 52 #SUP: 2725
9 7 40 29 52 58 #SUP: 2724
9 7 40 29 58 #SUP: 2732
9 7 40 52 #SUP: 2725
9 7 40 52 58 #SUP: 2724
9 7 40 58 #SUP: 2732
9 7 29 #SUP: 2755
9 7 29 52 #SUP: 2747
9 7 29 52 58 #SUP: 2746
9 7 29 58 #SUP: 2754
9 7 52 #SUP: 2747
9 7 52 58 #SUP: 2746
9 7 58 #SUP: 2754
9 36 #SUP: 2777
9 36 60 #SUP: 2738
9 36 60 40 #SUP: 2716
9 36 60 40 29 #SUP: 2710
9 36 60 40 29 52 #SUP: 2702
9 36 60 40 29 52 58 #SUP: 2701
9 36 60 40 29 58 #SUP: 2709
9 36 60 40 52 #SUP: 2708
9 36 60 40 52 58 #SUP: 2707
9 36 60 40 58 #SUP: 2715
9 36 60 29 #SUP: 2732
9 36 60 29 52 #SUP: 2724
9 36 60 29 52 58 #SUP: 2723
9 36 60 29 58 #SUP: 2731
9 36 60 52 #SUP: 2730
9 36 60 52 58 #SUP: 2729
9 36 60 58 #SUP: 2737
9 36 40 #SUP: 2755
9 36 40 29 #SUP: 2747
9 36 40 29 52 #SUP: 2739
9 36 40 29 52 58 #SUP: 2738
9 36 40 29 58 #SUP: 2746
9 36 40 52 #SUP: 2747
9 36 40 52 58 #SUP: 2746
9 36 40 58 #SUP: 2754
9 36 29 #SUP: 2769
9 36 29 52 #SUP: 2761
9 36 29 52 58 #SUP: 2760
9 36 29 58 #SUP: 2768
9 36 52 #SUP: 2769
9 36 52 58 #SUP: 2768
9 36 58 #SUP: 2776
9 60 #SUP: 2835
9 60 40 #SUP: 2813
9 60 40 29 #SUP: 2807
9 60 40 29 52 #SUP: 2799
9 60 40 29 52 58 #SUP: 2798
9 60 40 29 58 #SUP: 2806
9 60 40 52 #SUP: 2805
9 60 40 52 58 #SUP: 2804
9 60 40 58 #SUP: 2812
9 60 29 #SUP: 2829
9 60 29 52 #SUP: 2821
9 60 29 52 58 #SUP: 2820
9 60 29 58 #SUP: 2828
9 60 52 #SUP: 2827
9 60 52 58 #SUP: 2826
9 60 58 #SUP: 2834
9 40 #SUP: 2852
9 40 29 #SUP: 2844
9 40 29 52 #SUP: 2836
9 40 29 52 58 #SUP: 2835
9 40 29 58 #SUP: 2843
9 40 52 #SUP: 2844
9 40 52 58 #SUP: 2843
9 40 58 #SUP: 2851
9 29 #SUP: 2866
9 29 52 #SUP: 2858
9 29 52 58 #SUP: 2857
9 29 58 #SUP: 2865
9 52 #SUP: 2866
9 52 58 #SUP: 2865
9 58 #SUP: 2873
5 #SUP: 2971
5 48 #SUP: 2788
5 48 66 #SUP: 2684
5 48 66 56 #SUP: 2516
5 48 66 56 34 #SUP: 2452
5 48 66 56 34 36 #SUP: 2426
5 48 66 56 34 36 60 #SUP: 2426
5 48 66 56 34 36 60 40 #SUP: 2408
5 48 66 56 34 36 60 40 29 #SUP: 2404
5 48 66 56 34 36 60 40 29 52 #SUP: 2399
5 48 66 56 34 36 60 40 29 52 58 #SUP: 2398
5 48 66 56 34 36 60 40 29 58 #SUP: 2403
5 48 66 56 34 36 60 40 52 #SUP: 2403
5 48 66 56 34 36 60 40 52 58 #SUP: 2402
5 48 66 56 34 36 60 40 58 #SUP: 2407
5 48 66 56 34 36 60 29 #SUP: 2422
5 48 66 56 34 36 60 29 52 #SUP: 2417
5 48 66 56 34 36 60 29 52 58 #SUP: 2416
5 48 66 56 34 36 60 29 58 #SUP: 2421
5 48 66 56 34 36 60 52 #SUP: 2421
5 48 66 56 34 36 60 52 58 #SUP: 2420
5 48 66 56 34 36 60 58 #SUP: 2425
5 48 66 56 34 36 40 #SUP: 2408
5 48 66 56 34 36 40 29 #SUP: 2404
5 48 66 56 34 36 40 29 52 #SUP: 2399
5 48 66 56 34 36 40 29 52 58 #SUP: 2398
5 48 66 56 34 36 40 29 58 #SUP: 2403
5 48 66 56 34 36 40 52 #SUP: 2403
5 48 66 56 34 36 40 52 58 #SUP: 2402
5 48 66 56 34 36 40 58 #SUP: 2407
5 48 66 56 34 36 29 #SUP: 2422
5 48 66 56 34 36 29 52 #SUP: 2417
5 48 66 56 34 36 29 52 58 #SUP: 2416
5 48 66 56 34 36 29 58 #SUP: 2421
5 48 66 56 34 36 52 #SUP: 2421
5 48 66 56 34 36 52 58 #SUP: 2420
5 48 66 56 34 36 58 #SUP: 2425
5 48 66 56 34 60 #SUP: 2452
5 48 66 56 34 60 40 #SUP: 2434
5 48 66 56 34 60 40 29 #SUP: 2430
5 48 66 56 34 60 40 29 52 #SUP: 2425
5 48 66 56 34 60 40 29 52 58 #SUP: 2424
5 48 66 56 34 60 40 29 58 #SUP: 2429
5 48 66 56 34 60 40 52 #SUP: 2429
5 48 66 56 34 60 40 52 58 #SUP: 2428
5 48 66 56 34 60 40 58 #SUP: 2433
5 48 66 56 34 60 29 #SUP: 2448
5 48 66 56 34 60 29 52 #SUP: 2443
5 48 66 56 34 60 29 52 58 #SUP: 2442
5 48 66 56 34 60 29 58 #SUP: 2447
5 48 66 56 34 60 52 #SUP: 2447
5 48 66 56 34 60 52 58 #SUP: 2446
5 48 66 56 34 60 58 #SUP: 2451
5 48 66 56 34 40 #SUP: 2434
5 48 66 56 34 40 29 #SUP: 2430
5 48 66 56 34 40 29 52 #SUP: 2425
5 48 66 56 34 40 29 52 58 #SUP: 2424
5 48 66 56 34 40 29 58 #SUP: 2429
5 48 66 56 34 40 52 #SUP: 2429
5 48 66 56 34 40 52 58 #SUP: 2428
5 48 66 56 34 40 58 #SUP: 2433
5 48 66 56 34 29 #SUP: 2448
5 48 66 56 34 29 52 #SUP: 2443
5 48 66 56 34 29 52 58 #SUP: 2442
5 48 66 56 34 29 58 #SUP: 2447
5 48 66 56 34 52 #SUP: 2447
5 48 66 56 34 52 58 #SUP: 2446
5 48 66 56 34 58 #SUP: 2451
5 48 66 56 62 #SUP: 2440
5 48 66 56 62 58 #SUP: 2440
5 48 66 56 62 36 #SUP: 2414
5 48 66 56 62 36 58 #SUP: 2414
5 48 66 56 62 36 60 #SUP: 2414
5 48 66 56 62 36 60 58 #SUP: 2414
5 48 66 56 62 36 60 40 #SUP: 2402
5 48 66 56 62 36 60 40 58 #SUP: 2402
5 48 66 56 62 36 60 40 29 #SUP: 2398
5 48 66 56 62 36 60 40 29 58 #SUP: 2398
5 48 66 56 62 36 60 40 52 #SUP: 2397
5 48 66 56 62 36 60 40 52 58 #SUP: 2397
5 48 66 56 62 36 60 29 #SUP: 2410
5 48 66 56 62 36 60 29 58 #SUP: 2410
5 48 66 56 62 36 60 29 52 #SUP: 2405
5 48 66 56 62 36 60 29 52 58 #SUP: 2405
5 48 66 56 62 36 60 52 #SUP: 2409
5 48 66 56 62 36 60 52 58 #SUP: 2409
5 48 66 56 62 36 40 #SUP: 2402
5 48 66 56 62 36 40 58 #SUP: 2402
5 48 66 56 62 36 40 29 #SUP: 2398
5 48 66 56 62 36 40 29 58 #SUP: 2398
5 48 66 56 62 36 40 52 #SUP: 2397
5 48 66 56 62 36 40 52 58 #SUP: 2397
5 48 66 56 62 36 29 #SUP: 2410
5 48 66 56 62 36 29 58 #SUP: 2410
5 48 66 56 62 36 29 52 #SUP: 2405
5 48 66 56 62 36 29 52 58 #SUP: 2405
5 48 66 56 62 36 52 #SUP: 2409
5 48 66 56 62 36 52 58 #SUP: 2409
5 48 66 56 62 60 #SUP: 2440
5 48 66 56 62 60 58 #SUP: 2440
5 48 66 56 62 60 40 #SUP: 2428
5 48 66 56 62 60 40 58 #SUP: 2428
5 48 66 56 62 60 40 29 #SUP: 2424
5 48 66 56 62 60 40 29 58 #SUP: 2424
5 48 66 56 62 60 40 29 52 #SUP: 2419
5 48 66 56 62 60 40 29 52 58 #SUP: 2419
5 48 66 56 62 60 40 52 #SUP: 2423
5 48 66 56 62 60 40 52 58 #SUP: 2423
5 48 66 56 62 60 29 #SUP: 2436
5 48 66 56 62 60 29 58 #SUP: 2436
5 48 66 56 62 60 29 52 #SUP: 2431
5 48 66 56 62 60 29 52 58 #SUP: 2431
5 48 66 56 62 60 52 #SUP: 2435
5 48 66 56 62 60 52 58 #SUP: 2435
5 48 66 56 62 40 #SUP: 2428
5 48 66 56 62 40 58 #SUP: 2428
5 48 66 56 62 40 29 #SUP: 2424
5 48 66 56 62 40 29 58 #SUP: 2424
5 48 66 56 62 40 29 52 #SUP: 2419
5 48 66 56 62 40 29 52 58 #SUP: 2419
5 48 66 56 62 40 52 #SUP: 2423
5 48 66 56 62 40 52 58 #SUP: 2423
5 48 66 56 62 29 #SUP: 2436
5 48 66 56 62 29 58 #SUP: 2436
5 48 66 56 62 29 52 #SUP: 2431
5 48 66 56 62 29 52 58 #SUP: 2431
5 48 66 56 62 52 #SUP: 2435
5 48 66 56 62 52 58 #SUP: 2435
5 48 66 56 7 #SUP: 2425
5 48 66 56 7 36 #SUP: 2399
5 48 66 56 7 36 60 #SUP: 2399
5 48 66 56 7 36 60 29 #SUP: 2397
5 48 66 56 7 36 60 58 #SUP: 2398
5 48 66 56 7 36 29 #SUP: 2397
5 48 66 56 7 36 58 #SUP: 2398
5 48 66 56 7 60 #SUP: 2425
5 48 66 56 7 60 40 #SUP: 2406
5 48 66 56 7 60 40 29 #SUP: 2404
5 48 66 56 7 60 40 29 52 #SUP: 2399
5 48 66 56 7 60 40 29 52 58 #SUP: 2398
5 48 66 56 7 60 40 29 58 #SUP: 2403
5 48 66 56 7 60 40 52 #SUP: 2401
5 48 66 56 7 60 40 52 58 #SUP: 2400
5 48 66 56 7 60 40 58 #SUP: 2405
5 48 66 56 7 60 29 #SUP: 2423
5 48 66 56 7 60 29 52 #SUP: 2418
5 48 66 56 7 60 29 52 58 #SUP: 2417
5 48 66 56 7 60 29 58 #SUP: 2422
5 48 66 56 7 60 52 #SUP: 2420
5 48 66 56 7 60 52 58 #SUP: 2419
5 48 66 56 7 60 58 #SUP: 2424
5 48 66 56 7 40 #SUP: 2406
5 48 66 56 7 40 29 #SUP: 2404
5 48 66 56 7 40 29 52 #SUP: 2399
5 48 66 56 7 40 29 52 58 #SUP: 2398
5 48 66 56 7 40 29 58 #SUP: 2403
5 48 66 56 7 40 52 #SUP: 2401
5 48 66 56 7 40 52 58 #SUP: 2400
5 48 66 56 7 40 58 #SUP: 2405
5 48 66 56 7 29 #SUP: 2423
5 48 66 56 7 29 52 #SUP: 2418
5 48 66 56 7 29 52 58 #SUP: 2417
5 48 66 56 7 29 58 #SUP: 2422
5 48 66 56 7 52 #SUP: 2420
5 48 66 56 7 52 58 #SUP: 2419
5 48 66 56 7 58 #SUP: 2424
5 48 66 56 36 #SUP: 2490
5 48 66 56 36 60 #SUP: 2490
5 48 66 56 36 60 40 #SUP: 2471
5 48 66 56 36 60 40 29 #SUP: 2467
5 48 66 56 36 60 40 29 52 #SUP: 2462
5 48 66 56 36 60 40 29 52 58 #SUP: 2461
5 48 66 56 36 60 40 29 58 #SUP: 2466
5 48 66 56 36 60 40 52 #SUP: 2466
5 48 66 56 36 60 40 52 58 #SUP: 2465
5 48 66 56 36 60 40 58 #SUP: 2470
5 48 66 56 36 60 29 #SUP: 2486
5 48 66 56 36 60 29 52 #SUP: 2481
5 48 66 56 36 60 29 52 58 #SUP: 2480
5 48 66 56 36 60 29 58 #SUP: 2485
5 48 66 56 36 60 52 #SUP: 2485
5 48 66 56 36 60 52 58 #SUP: 2484
5 48 66 56 36 60 58 #SUP: 2489
5 48 66 56 36 40 #SUP: 2471
5 48 66 56 36 40 29 #SUP: 2467
5 48 66 56 36 40 29 52 #SUP: 2462
5 48 66 56 36 40 29 52 58 #SUP: 2461
5 48 66 56 36 40 29 58 #SUP: 2466
5 48 66 56 36 40 52 #SUP: 2466
5 48 66 56 36 40 52 58 #SUP: 2465
5 48 66 56 36 40 58 #SUP: 2470
5 48 66 56 36 29 #SUP: 2486
5 48 66 56 36 29 52 #SUP: 2481
5 48 66 56 36 29 52 58 #SUP: 2480
5 48 66 56 36 29 58 #SUP: 2485
5 48 66 56 36 52 #SUP: 2485
5 48 66 56 36 52 58 #SUP: 2484
5 48 66 56 36 58 #SUP: 2489
5 48 66 56 60 #SUP: 2516
5 48 66 56 60 40 #SUP: 2497
5 48 66 56 60 40 29 #SUP: 2493
5 48 66 56 60 40 29 52 #SUP: 2488
5 48 66 56 60 40 29 52 58 #SUP: 2487
5 48 66 56 60 40 29 58 #SUP: 2492
5 48 66 56 60 40 52 #SUP: 2492
5 48 66 56 60 40 52 58 #SUP: 2491
5 48 66 56 60 40 58 #SUP: 2496
5 48 66 56 60 29 #SUP: 2512
5 48 66 56 60 29 52 #SUP: 2507
5 48 66 56 60 29 52 58 #SUP: 2506
5 48 66 56 60 29 58 #SUP: 2511
5 48 66 56 60 52 #SUP: 2511
5 48 66 56 60 52 58 #SUP: 2510
5 48 66 56 60 58 #SUP: 2515
5 48 66 56 40 #SUP: 2497
5 48 66 56 40 29 #SUP: 2493
5 48 66 56 40 29 52 #SUP: 2488
5 48 66 56 40 29 52 58 #SUP: 2487
5 48 66 56 40 29 58 #SUP: 2492
5 48 66 56 40 52 #SUP: 2492
5 48 66 56 40 52 58 #SUP: 2491
5 48 66 56 40 58 #SUP: 2496
5 48 66 56 29 #SUP: 2512
5 48 66 56 29 52 #SUP: 2507
5 48 66 56 29 52 58 #SUP: 2506
5 48 66 56 29 58 #SUP: 2511
5 48 66 56 52 #SUP: 2511
5 48 66 56 52 58 #SUP: 2510
5 48 66 56 58 #SUP: 2515
5 48 66 34 #SUP: 2605
5 48 66 34 62 #SUP: 2499
5 48 66 34 62 58 #SUP: 2499
5 48 66 34 62 36 #SUP: 2473
5 48 66 34 62 36 58 #SUP: 2473
5 48 66 34 62 36 60 #SUP: 2473
5 48 66 34 62 36 60 58 #SUP: 2473
5 48 66 34 62 36 60 40 #SUP: 2462
5 48 66 34 62 36 60 40 58 #SUP: 2462
5 48 66 34 62 36 60 40 29 #SUP: 2458
5 48 66 34 62 36 60 40 29 58 #SUP: 2458
5 48 66 34 62 36 60 40 29 52 #SUP: 2449
5 48 66 34 62 36 60 40 29 52 58 #SUP: 2449
5 48 66 34 62 36 60 40 52 #SUP: 2453
5 48 66 34 62 36 60 40 52 58 #SUP: 2453
5 48 66 34 62 36 60 29 #SUP: 2469
5 48 66 34 62 36 60 29 58 #SUP: 2469
5 48 66 34 62 36 60 29 52 #SUP: 2460
5 48 66 34 62 36 60 29 52 58 #SUP: 2460
5 48 66 34 62 36 60 52 #SUP: 2464
5 48 66 34 62 36 60 52 58 #SUP: 2464
5 48 66 34 62 36 40 #SUP: 2462
5 48 66 34 62 36 40 58 #SUP: 2462
5 48 66 34 62 36 40 29 #SUP: 2458
5 48 66 34 62 36 40 29 58 #SUP: 2458
5 48 66 34 62 36 40 29 52 #SUP: 2449
5 48 66 34 62 36 40 29 52 58 #SUP: 2449
5 48 66 34 62 36 40 52 #SUP: 2453
5 48 66 34 62 36 40 52 58 #SUP: 2453
5 48 66 34 62 36 29 #SUP: 2469
5 48 66 34 62 36 29 58 #SUP: 2469
5 48 66 34 62 36 29 52 #SUP: 2460
5 48 66 34 62 36 29 52 58 #SUP: 2460
5 48 66 34 62 36 52 #SUP: 2464
5 48 66 34 62 36 52 58 #SUP: 2464
5 48 66 34 62 60 #SUP: 2499
5 48 66 34 62 60 58 #SUP: 2499
5 48 66 34 62 60 40 #SUP: 2488
5 48 66 34 62 60 40 58 #SUP: 2488
5 48 66 34 62 60 40 29 #SUP: 2484
5 48 66 34 62 60 40 29 58 #SUP: 2484
5 48 66 34 62 60 40 29 52 #SUP: 2475
5 48 66 34 62 60 40 29 52 58 #SUP: 2475
5 48 66 34 62 60 40 52 #SUP: 2479
5 48 66 34 62 60 40 52 58 #SUP: 2479
5 48 66 34 62 60 29 #SUP: 2495
5 48 66 34 62 60 29 58 #SUP: 2495
5 48 66 34 62 60 29 52 #SUP: 2486
5 48 66 34 62 60 29 52 58 #SUP: 2486
5 48 66 34 62 60 52 #SUP: 2490
5 48 66 34 62 60 52 58 #SUP: 2490
5 48 66 34 62 40 #SUP: 2488
5 48 66 34 62 40 58 #SUP: 2488
5 48 66 34 62 40 29 #SUP: 2484
5 48 66 34 62 40 29 58 #SUP: 2484
5 48 66 34 62 40 29 52 #SUP: 2475
5 48 66 34 62 40 29 52 58 #SUP: 2475
5 48 66 34 62 40 52 #SUP: 2479
5 48 66 34 62 40 52 58 #SUP: 2479
5 48 66 34 62 29 #SUP: 2495
5 48 66 34 62 29 58 #SUP: 2495
5 48 66 34 62 29 52 #SUP: 2486
5 48 66 34 62 29 52 58 #SUP: 2486
5 48 66 34 62 52 #SUP: 2490
5 48 66 34 62 52 58 #SUP: 2490
5 48 66 34 7 #SUP: 2500
5 48 66 34 7 36 #SUP: 2474
5 48 66 34 7 36 60 #SUP: 2474
5 48 66 34 7 36 60 40 #SUP: 2456
5 48 66 34 7 36 60 40 29 #SUP: 2454
5 48 66 34 7 36 60 40 29 52 #SUP: 2445
5 48 66 34 7 36 60 40 29 52 58 #SUP: 2444
5 48 66 34 7 36 60 40 29 58 #SUP: 2453
5 48 66 34 7 36 60 40 52 #SUP: 2447
5 48 66 34 7 36 60 40 52 58 #SUP: 2446
5 48 66 34 7 36 60 40 58 #SUP: 2455
5 48 66 34 7 36 60 29 #SUP: 2472
5 48 66 34 7 36 60 29 52 #SUP: 2463
5 48 66 34 7 36 60 29 52 58 #SUP: 2462
5 48 66 34 7 36 60 29 58 #SUP: 2471
5 48 66 34 7 36 60 52 #SUP: 2465
5 48 66 34 7 36 60 52 58 #SUP: 2464
5 48 66 34 7 36 60 58 #SUP: 2473
5 48 66 34 7 36 40 #SUP: 2456
5 48 66 34 7 36 40 29 #SUP: 2454
5 48 66 34 7 36 40 29 52 #SUP: 2445
5 48 66 34 7 36 40 29 52 58 #SUP: 2444
5 48 66 34 7 36 40 29 58 #SUP: 2453
5 48 66 34 7 36 40 52 #SUP: 2447
5 48 66 34 7 36 40 52 58 #SUP: 2446
5 48 66 34 7 36 40 58 #SUP: 2455
5 48 66 34 7 36 29 #SUP: 2472
5 48 66 34 7 36 29 52 #SUP: 2463
5 48 66 34 7 36 29 52 58 #SUP: 2462
5 48 66 34 7 36 29 58 #SUP: 2471
5 48 66 34 7 36 52 #SUP: 2465
5 48 66 34 7 36 52 58 #SUP: 2464
5 48 66 34 7 36 58 #SUP: 2473
5 48 66 34 7 60 #SUP: 2500
5 48 66 34 7 60 40 #SUP: 2482
5 48 66 34 7 60 40 29 #SUP: 2480
5 48 66 34 7 60 40 29 52 #SUP: 2471
5 48 66 34 7 60 40 29 52 58 #SUP: 2470
5 48 66 34 7 60 40 29 58 #SUP: 2479
5 48 66 34 7 60 40 52 #SUP: 2473
5 48 66 34 7 60 40 52 58 #SUP: 2472
5 48 66 34 7 60 40 58 #SUP: 2481
5 48 66 34 7 60 29 #SUP: 2498
5 48 66 34 7 60 29 52 #SUP: 2489
5 48 66 34 7 60 29 52 58 #SUP: 2488
5 48 66 34 7 60 29 58 #SUP: 2497
5 48 66 34 7 60 52 #SUP: 2491
5 48 66 34 7 60 52 58 #SUP: 2490
5 48 66 34 7 60 58 #SUP: 2499
5 48 66 34 7 40 #SUP: 2482
5 48 66 34 7 40 29 #SUP: 2480
5 48 66 34 7 40 29 52 #SUP: 2471
5 48 66 34 7 40 29 52 58 #SUP: 2470
5 48 66 34 7 40 29 58 #SUP: 2479
5 48 66 34 7 40 52 #SUP: 2473
5 48 66 34 7 40 52 58 #SUP: 2472
5 48 66 34 7 40 58 #SUP: 2481
5 48 66 34 7 29 #SUP: 2498
5 48 66 34 7 29 52 #SUP: 2489
5 48 66 34 7 29 52 58 #SUP: 2488
5 48 66 34 7 29 58 #SUP: 2497
5 48 66 34 7 52 #SUP: 2491
5 48 66 34 7 52 58 #SUP: 2490
5 48 66 34 7 58 #SUP: 2499
5 48 66 34 36 #SUP: 2579
5 48 66 34 36 60 #SUP: 2579
5 48 66 34 36 60 40 #SUP: 2561
5 48 66 34 36 60 40 29 #SUP: 2557
5 48 66 34 36 60 40 29 52 #SUP: 2548
5 48 66 34 36 60 40 29 52 58 #SUP: 2547
5 48 66 34 36 60 40 29 58 #SUP: 2556
5 48 66 34 36 60 40 52 #SUP: 2552
5 48 66 34 36 60 40 52 58 #SUP: 2551
5 48 66 34 36 60 40 58 #SUP: 2560
5 48 66 34 36 60 29 #SUP: 2575
5 48 66 34 36 60 29 52 #SUP: 2566
5 48 66 34 36 60 29 52 58 #SUP: 2565
5 48 66 34 36 60 29 58 #SUP: 2574
5 48 66 34 36 60 52 #SUP: 2570
5 48 66 34 36 60 52 58 #SUP: 2569
5 48 66 34 36 60 58 #SUP: 2578
5 48 66 34 36 40 #SUP: 2561
5 48 66 34 36 40 29 #SUP: 2557
5 48 66 34 36 40 29 52 #SUP: 2548
5 48 66 34 36 40 29 52 58 #SUP: 2547
5 48 66 34 36 40 29 58 #SUP: 2556
5 48 66 34 36 40 52 #SUP: 2552
5 48 66 34 36 40 52 58 #SUP: 2551
5 48 66 34 36 40 58 #SUP: 2560
5 48 66 34 36 29 #SUP: 2575
5 48 66 34 36 29 52 #SUP: 2566
5 48 66 34 36 29 52 58 #SUP: 2565
5 48 66 34 36 29 58 #SUP: 2574
5 48 66 34 36 52 #SUP: 2570
5 48 66 34 36 52 58 #SUP: 2569
5 48 66 34 36 58 #SUP: 2578
5 48 66 34 60 #SUP: 2605
5 48 66 34 60 40 #SUP: 2587
5 48 66 34 60 40 29 #SUP: 2583
5 48 66 34 60 40 29 52 #SUP: 2574
5 48 66 34 60 40 29 52 58 #SUP: 2573
5 48 66 34 60 40 29 58 #SUP: 2582
5 48 66 34 60 40 52 #SUP: 2578
5 48 66 34 60 40 52 58 #SUP: 2577
5 48 66 34 60 40 58 #SUP: 2586
5 48 66 34 60 29 #SUP: 2601
5 48 66 34 60 29 52 #SUP: 2592
5 48 66 34 60 29 52 58 #SUP: 2591
5 48 66 34 60 29 58 #SUP: 2600
5 48 66 34 60 52 #SUP: 2596
5 48 66 34 60 52 58 #SUP: 2595
5 48 66 34 60 58 #SUP: 2604
5 48 66 34 40 #SUP: 2587
5 48 66 34 40 29 #SUP: 2583
5 48 66 34 40 29 52 #SUP: 2574
5 48 66 34 40 29 52 58 #SUP: 2573
5 48 66 34 40 29 58 #SUP: 2582
5 48 66 34 40 52 #SUP: 2578
5 48 66 34 40 52 58 #SUP: 2577
5 48 66 34 40 58 #SUP: 2586
5 48 66 34 29 #SUP: 2601
5 48 66 34 29 52 #SUP: 2592
5 48 66 34 29 52 58 #SUP: 2591
5 48 66 34 29 58 #SUP: 2600
5 48 66 34 52 #SUP: 2596
5 48 66 34 52 58 #SUP: 2595
5 48 66 34 58 #SUP: 2604
5 48 66 62 #SUP: 2577
5 48 66 62 58 #SUP: 2577
5 48 66 62 7 #SUP: 2468
5 48 66 62 7 58 #SUP: 2468
5 48 66 62 7 36 #SUP: 2442
5 48 66 62 7 36 58 #SUP: 2442
5 48 66 62 7 36 60 #SUP: 2442
5 48 66 62 7 36 60 58 #SUP: 2442
5 48 66 62 7 36 60 40 #SUP: 2429
5 48 66 62 7 36 60 40 58 #SUP: 2429
5 48 66 62 7 36 60 40 29 #SUP: 2427
5 48 66 62 7 36 60 40 29 58 #SUP: 2427
5 48 66 62 7 36 60 40 29 52 #SUP: 2416
5 48 66 62 7 36 60 40 29 52 58 #SUP: 2416
5 48 66 62 7 36 60 40 52 #SUP: 2418
5 48 66 62 7 36 60 40 52 58 #SUP: 2418
5 48 66 62 7 36 60 29 #SUP: 2440
5 48 66 62 7 36 60 29 58 #SUP: 2440
5 48 66 62 7 36 60 29 52 #SUP: 2429
5 48 66 62 7 36 60 29 52 58 #SUP: 2429
5 48 66 62 7 36 60 52 #SUP: 2431
5 48 66 62 7 36 60 52 58 #SUP: 2431
5 48 66 62 7 36 40 #SUP: 2429
5 48 66 62 7 36 40 58 #SUP: 2429
5 48 66 62 7 36 40 29 #SUP: 2427
5 48 66 62 7 36 40 29 58 #SUP: 2427
5 48 66 62 7 36 40 29 52 #SUP: 2416
5 48 66 62 7 36 40 29 52 58 #SUP: 2416
5 48 66 62 7 36 40 52 #SUP: 2418
5 48 66 62 7 36 40 52 58 #SUP: 2418
5 48 66 62 7 36 29 #SUP: 2440
5 48 66 62 7 36 29 58 #SUP: 2440
5 48 66 62 7 36 29 52 #SUP: 2429
5 48 66 62 7 36 29 52 58 #SUP: 2429
5 48 66 62 7 36 52 #SUP: 2431
5 48 66 62 7 36 52 58 #SUP: 2431
5 48 66 62 7 60 #SUP: 2468
5 48 66 62 7 60 58 #SUP: 2468
5 48 66 62 7 60 40 #SUP: 2455
5 48 66 62 7 60 40 58 #SUP: 2455
5 48 66 62 7 60 40 29 #SUP: 2453
5 48 66 62 7 60 40 29 58 #SUP: 2453
5 48 66 62 7 60 40 29 52 #SUP: 2442
5 48 66 62 7 60 40 29 52 58 #SUP: 2442
5 48 66 62 7 60 40 52 #SUP: 2444
5 48 66 62 7 60 40 52 58 #SUP: 2444
5 48 66 62 7 60 29 #SUP: 2466
5 48 66 62 7 60 29 58 #SUP: 2466
5 48 66 62 7 60 29 52 #SUP: 2455
5 48 66 62 7 60 29 52 58 #SUP: 2455
5 48 66 62 7 60 52 #SUP: 2457
5 48 66 62 7 60 52 58 #SUP: 2457
5 48 66 62 7 40 #SUP: 2455
5 48 66 62 7 40 58 #SUP: 2455
5 48 66 62 7 40 29 #SUP: 2453
5 48 66 62 7 40 29 58 #SUP: 2453
5 48 66 62 7 40 29 52 #SUP: 2442
5 48 66 62 7 40 29 52 58 #SUP: 2442
5 48 66 62 7 40 52 #SUP: 2444
5 48 66 62 7 40 52 58 #SUP: 2444
5 48 66 62 7 29 #SUP: 2466
5 48 66 62 7 29 58 #SUP: 2466
5 48 66 62 7 29 52 #SUP: 2455
5 48 66 62 7 29 52 58 #SUP: 2455
5 48 66 62 7 52 #SUP: 2457
5 48 66 62 7 52 58 #SUP: 2457
5 48 66 62 36 #SUP: 2551
5 48 66 62 36 58 #SUP: 2551
5 48 66 62 36 60 #SUP: 2551
5 48 66 62 36 60 58 #SUP: 2551
5 48 66 62 36 60 40 #SUP: 2538
5 48 66 62 36 60 40 58 #SUP: 2538
5 48 66 62 36 60 40 29 #SUP: 2534
5 48 66 62 36 60 40 29 58 #SUP: 2534
5 48 66 62 36 60 40 29 52 #SUP: 2523
5 48 66 62 36 60 40 29 52 58 #SUP: 2523
5 48 66 62 36 60 40 52 #SUP: 2527
5 48 66 62 36 60 40 52 58 #SUP: 2527
5 48 66 62 36 60 29 #SUP: 2547
5 48 66 62 36 60 29 58 #SUP: 2547
5 48 66 62 36 60 29 52 #SUP: 2536
5 48 66 62 36 60 29 52 58 #SUP: 2536
5 48 66 62 36 60 52 #SUP: 2540
5 48 66 62 36 60 52 58 #SUP: 2540
5 48 66 62 36 40 #SUP: 2538
5 48 66 62 36 40 58 #SUP: 2538
5 48 66 62 36 40 29 #SUP: 2534
5 48 66 62 36 40 29 58 #SUP: 2534
5 48 66 62 36 40 29 52 #SUP: 2523
5 48 66 62 36 40 29 52 58 #SUP: 2523
5 48 66 62 36 40 52 #SUP: 2527
5 48 66 62 36 40 52 58 #SUP: 2527
5 48 66 62 36 29 #SUP: 2547
5 48 66 62 36 29 58 #SUP: 2547
5 48 66 62 36 29 52 #SUP: 2536
5 48 66 62 36 29 52 58 #SUP: 2536
5 48 66 62 36 52 #SUP: 2540
5 48 66 62 36 52 58 #SUP: 2540
5 48 66 62 60 #SUP: 2577
5 48 66 62 60 58 #SUP: 2577
5 48 66 62 60 40 #SUP: 2564
5 48 66 62 60 40 58 #SUP: 2564
5 48 66 62 60 40 29 #SUP: 2560
5 48 66 62 60 40 29 58 #SUP: 2560
5 48 66 62 60 40 29 52 #SUP: 2549
5 48 66 62 60 40 29 52 58 #SUP: 2549
5 48 66 62 60 40 52 #SUP: 2553
5 48 66 62 60 40 52 58 #SUP: 2553
5 48 66 62 60 29 #SUP: 2573
5 48 66 62 60 29 58 #SUP: 2573
5 48 66 62 60 29 52 #SUP: 2562
5 48 66 62 60 29 52 58 #SUP: 2562
5 48 66 62 60 52 #SUP: 2566
5 48 66 62 60 52 58 #SUP: 2566
5 48 66 62 40 #SUP: 2564
5 48 66 62 40 58 #SUP: 2564
5 48 66 62 40 29 #SUP: 2560
5 48 66 62 40 29 58 #SUP: 2560
5 48 66 62 40 29 52 #SUP: 2549
5 48 66 62 40 29 52 58 #SUP: 2549
5 48 66 62 40 52 #SUP: 2553
5 48 66 62 40 52 58 #SUP: 2553
5 48 66 62 29 #SUP: 2573
5 48 66 62 29 58 #SUP: 2573
5 48 66 62 29 52 #SUP: 2562
5 48 66 62 29 52 58 #SUP: 2562
5 48 66 62 52 #SUP: 2566
5 48 66 62 52 58 #SUP: 2566
5 48 66 7 #SUP: 2575
5 48 66 7 36 #SUP: 2549
5 48 66 7 36 60 #SUP: 2549
5 48 66 7 36 60 40 #SUP: 2529
5 48 66 7 36 60 40 29 #SUP: 2527
5 48 66 7 36 60 40 29 52 #SUP: 2516
5 48 66 7 36 60 40 29 52 58 #SUP: 2515
5 48 66 7 36 60 40 29 58 #SUP: 2526
5 48 66 7 36 60 40 52 #SUP: 2518
5 48 66 7 36 60 40 52 58 #SUP: 2517
5 48 66 7 36 60 40 58 #SUP: 2528
5 48 66 7 36 60 29 #SUP: 2547
5 48 66 7 36 60 29 52 #SUP: 2536
5 48 66 7 36 60 29 52 58 #SUP: 2535
5 48 66 7 36 60 29 58 #SUP: 2546
5 48 66 7 36 60 52 #SUP: 2538
5 48 66 7 36 60 52 58 #SUP: 2537
5 48 66 7 36 60 58 #SUP: 2548
5 48 66 7 36 40 #SUP: 2529
5 48 66 7 36 40 29 #SUP: 2527
5 48 66 7 36 40 29 52 #SUP: 2516
5 48 66 7 36 40 29 52 58 #SUP: 2515
5 48 66 7 36 40 29 58 #SUP: 2526
5 48 66 7 36 40 52 #SUP: 2518
5 48 66 7 36 40 52 58 #SUP: 2517
5 48 66 7 36 40 58 #SUP: 2528
5 48 66 7 36 29 #SUP: 2547
5 48 66 7 36 29 52 #SUP: 2536
5 48 66 7 36 29 52 58 #SUP: 2535
5 48 66 7 36 29 58 #SUP: 2546
5 48 66 7 36 52 #SUP: 2538
5 48 66 7 36 52 58 #SUP: 2537
5 48 66 7 36 58 #SUP: 2548
5 48 66 7 60 #SUP: 2575
5 48 66 7 60 40 #SUP: 2555
5 48 66 7 60 40 29 #SUP: 2553
5 48 66 7 60 40 29 52 #SUP: 2542
5 48 66 7 60 40 29 52 58 #SUP: 2541
5 48 66 7 60 40 29 58 #SUP: 2552
5 48 66 7 60 40 52 #SUP: 2544
5 48 66 7 60 40 52 58 #SUP: 2543
5 48 66 7 60 40 58 #SUP: 2554
5 48 66 7 60 29 #SUP: 2573
5 48 66 7 60 29 52 #SUP: 2562
5 48 66 7 60 29 52 58 #SUP: 2561
5 48 66 7 60 29 58 #SUP: 2572
5 48 66 7 60 52 #SUP: 2564
5 48 66 7 60 52 58 #SUP: 2563
5 48 66 7 60 58 #SUP: 2574
5 48 66 7 40 #SUP: 2555
5 48 66 7 40 29 #SUP: 2553
5 48 66 7 40 29 52 #SUP: 2542
5 48 66 7 40 29 52 58 #SUP: 2541
5 48 66 7 40 29 58 #SUP: 2552
5 48 66 7 40 52 #SUP: 2544
5 48 66 7 40 52 58 #SUP: 2543
5 48 66 7 40 58 #SUP: 2554
5 48 66 7 29 #SUP: 2573
5 48 66 7 29 52 #SUP: 2562
5 48 66 7 29 52 58 #SUP: 2561
5 48 66 7 29 58 #SUP: 2572
5 48 66 7 52 #SUP: 2564
5 48 66 7 52 58 #SUP: 2563
5 48 66 7 58 #SUP: 2574
5 48 66 36 #SUP: 2658
5 48 66 36 60 #SUP: 2658
5 48 66 36 60 40 #SUP: 2638
5 48 66 36 60 40 29 #SUP: 2634
5 48 66 36 60 40 29 52 #SUP: 2623
5 48 66 36 60 40 29 52 58 #SUP: 2622
5 48 66 36 60 40 29 58 #SUP: 2633
5 48 66 36 60 40 52 #SUP: 2627
5 48 66 36 60 40 52 58 #SUP: 2626
5 48 66 36 60 40 58 #SUP: 2637
5 48 66 36 60 29 #SUP: 2654
5 48 66 36 60 29 52 #SUP: 2643
5 48 66 36 60 29 52 58 #SUP: 2642
5 48 66 36 60 29 58 #SUP: 2653
5 48 66 36 60 52 #SUP: 2647
5 48 66 36 60 52 58 #SUP: 2646
5 48 66 36 60 58 #SUP: 2657
5 48 66 36 40 #SUP: 2638
5 48 66 36 40 29 #SUP: 2634
5 48 66 36 40 29 52 #SUP: 2623
5 48 66 36 40 29 52 58 #SUP: 2622
5 48 66 36 40 29 58 #SUP: 2633
5 48 66 36 40 52 #SUP: 2627
5 48 66 36 40 52 58 #SUP: 2626
5 48 66 36 40 58 #SUP: 2637
5 48 66 36 29 #SUP: 2654
5 48 66 36 29 52 #SUP: 2643
5 48 66 36 29 52 58 #SUP: 2642
5 48 66 36 29 58 #SUP: 2653
5 48 66 36 52 #SUP: 2647
5 48 66 36 52 58 #SUP: 2646
5 48 66 36 58 #SUP: 2657
5 48 66 60 #SUP: 2684
5 48 66 60 40 #SUP: 2664
5 48 66 60 40 29 #SUP: 2660
5 48 66 60 40 29 52 #SUP: 2649
5 48 66 60 40 29 52 58 #SUP: 2648
5 48 66 60 40 29 58 #SUP: 2659
5 48 66 60 40 52 #SUP: 2653
5 48 66 60 40 52 58 #SUP: 2652
5 48 66 60 40 58 #SUP: 2663
5 48 66 60 29 #SUP: 2680
5 48 66 60 29 52 #SUP: 2669
5 48 66 60 29 52 58 #SUP: 2668
5 48 66 60 29 58 #SUP: 2679
5 48 66 60 52 #SUP: 2673
5 48 66 60 52 58 #SUP: 2672
5 48 66 60 58 #SUP: 2683
5 48 66 40 #SUP: 2664
5 48 66 40 29 #SUP: 2660
5 48 66 40 29 52 #SUP: 2649
5 48 66 40 29 52 58 #SUP: 2648
5 48 66 40 29 58 #SUP: 2659
5 48 66 40 52 #SUP: 2653
5 48 66 40 52 58 #SUP: 2652
5 48 66 40 58 #SUP: 2663
5 48 66 29 #SUP: 2680
5 48 66 29 52 #SUP: 2669
5 48 66 29 52 58 #SUP: 2668
5 48 66 29 58 #SUP: 2679
5 48 66 52 #SUP: 2673
5 48 66 52 58 #SUP: 2672
5 48 66 58 #SUP: 2683
5 48 56 #SUP: 2620
5 48 56 34 #SUP: 2553
5 48 56 34 62 #SUP: 2473
5 48 56 34 62 58 #SUP: 2473
5 48 56 34 62 36 #SUP: 2447
5 48 56 34 62 36 58 #SUP: 2447
5 48 56 34 62 36 60 #SUP: 2423
5 48 56 34 62 36 60 58 #SUP: 2423
5 48 56 34 62 36 60 40 #SUP: 2412
5 48 56 34 62 36 60 40 58 #SUP: 2412
5 48 56 34 62 36 60 40 29 #SUP: 2408
5 48 56 34 62 36 60 40 29 58 #SUP: 2408
5 48 56 34 62 36 60 40 29 52 #SUP: 2403
5 48 56 34 62 36 60 40 29 52 58 #SUP: 2403
5 48 56 34 62 36 60 40 52 #SUP: 2407
5 48 56 34 62 36 60 40 52 58 #SUP: 2407
5 48 56 34 62 36 60 29 #SUP: 2419
5 48 56 34 62 36 60 29 58 #SUP: 2419
5 48 56 34 62 36 60 29 52 #SUP: 2414
5 48 56 34 62 36 60 29 52 58 #SUP: 2414
5 48 56 34 62 36 60 52 #SUP: 2418
5 48 56 34 62 36 60 52 58 #SUP: 2418
5 48 56 34 62 36 40 #SUP: 2436
5 48 56 34 62 36 40 58 #SUP: 2436
5 48 56 34 62 36 40 29 #SUP: 2432
5 48 56 34 62 36 40 29 58 #SUP: 2432
5 48 56 34 62 36 40 29 52 #SUP: 2427
5 48 56 34 62 36 40 29 52 58 #SUP: 2427
5 48 56 34 62 36 40 52 #SUP: 2431
5 48 56 34 62 36 40 52 58 #SUP: 2431
5 48 56 34 62 36 29 #SUP: 2443
5 48 56 34 62 36 29 58 #SUP: 2443
5 48 56 34 62 36 29 52 #SUP: 2438
5 48 56 34 62 36 29 52 58 #SUP: 2438
5 48 56 34 62 36 52 #SUP: 2442
5 48 56 34 62 36 52 58 #SUP: 2442
5 48 56 34 62 60 #SUP: 2449
5 48 56 34 62 60 58 #SUP: 2449
5 48 56 34 62 60 40 #SUP: 2438
5 48 56 34 62 60 40 58 #SUP: 2438
5 48 56 34 62 60 40 29 #SUP: 2434
5 48 56 34 62 60 40 29 58 #SUP: 2434
5 48 56 34 62 60 40 29 52 #SUP: 2429
5 48 56 34 62 60 40 29 52 58 #SUP: 2429
5 48 56 34 62 60 40 52 #SUP: 2433
5 48 56 34 62 60 40 52 58 #SUP: 2433
5 48 56 34 62 60 29 #SUP: 2445
5 48 56 34 62 60 29 58 #SUP: 2445
5 48 56 34 62 60 29 52 #SUP: 2440
5 48 56 34 62 60 29 52 58 #SUP: 2440
5 48 56 34 62 60 52 #SUP: 2444
5 48 56 34 62 60 52 58 #SUP: 2444
5 48 56 34 62 40 #SUP: 2462
5 48 56 34 62 40 58 #SUP: 2462
5 48 56 34 62 40 29 #SUP: 2458
5 48 56 34 62 40 29 58 #SUP: 2458
5 48 56 34 62 40 29 52 #SUP: 2453
5 48 56 34 62 40 29 52 58 #SUP: 2453
5 48 56 34 62 40 52 #SUP: 2457
5 48 56 34 62 40 52 58 #SUP: 2457
5 48 56 34 62 29 #SUP: 2469
5 48 56 34 62 29 58 #SUP: 2469
5 48 56 34 62 29 52 #SUP: 2464
5 48 56 34 62 29 52 58 #SUP: 2464
5 48 56 34 62 52 #SUP: 2468
5 48 56 34 62 52 58 #SUP: 2468
5 48 56 34 7 #SUP: 2463
5 48 56 34 7 36 #SUP: 2437
5 48 56 34 7 36 60 #SUP: 2412
5 48 56 34 7 36 60 29 #SUP: 2410
5 48 56 34 7 36 60 29 52 #SUP: 2405
5 48 56 34 7 36 60 29 52 58 #SUP: 2404
5 48 56 34 7 36 60 29 58 #SUP: 2409
5 48 56 34 7 36 60 52 #SUP: 2407
5 48 56 34 7 36 60 52 58 #SUP: 2406
5 48 56 34 7 36 60 58 #SUP: 2411
5 48 56 34 7 36 40 #SUP: 2418
5 48 56 34 7 36 40 29 #SUP: 2416
5 48 56 34 7 36 40 29 52 #SUP: 2411
5 48 56 34 7 36 40 29 52 58 #SUP: 2410
5 48 56 34 7 36 40 29 58 #SUP: 2415
5 48 56 34 7 36 40 52 #SUP: 2413
5 48 56 34 7 36 40 52 58 #SUP: 2412
5 48 56 34 7 36 40 58 #SUP: 2417
5 48 56 34 7 36 29 #SUP: 2435
5 48 56 34 7 36 29 52 #SUP: 2430
5 48 56 34 7 36 29 52 58 #SUP: 2429
5 48 56 34 7 36 29 58 #SUP: 2434
5 48 56 34 7 36 52 #SUP: 2432
5 48 56 34 7 36 52 58 #SUP: 2431
5 48 56 34 7 36 58 #SUP: 2436
5 48 56 34 7 60 #SUP: 2438
5 48 56 34 7 60 40 #SUP: 2420
5 48 56 34 7 60 40 29 #SUP: 2418
5 48 56 34 7 60 40 29 52 #SUP: 2413
5 48 56 34 7 60 40 29 52 58 #SUP: 2412
5 48 56 34 7 60 40 29 58 #SUP: 2417
5 48 56 34 7 60 40 52 #SUP: 2415
5 48 56 34 7 60 40 52 58 #SUP: 2414
5 48 56 34 7 60 40 58 #SUP: 2419
5 48 56 34 7 60 29 #SUP: 2436
5 48 56 34 7 60 29 52 #SUP: 2431
5 48 56 34 7 60 29 52 58 #SUP: 2430
5 48 56 34 7 60 29 58 #SUP: 2435
5 48 56 34 7 60 52 #SUP: 2433
5 48 56 34 7 60 52 58 #SUP: 2432
5 48 56 34 7 60 58 #SUP: 2437
5 48 56 34 7 40 #SUP: 2444
5 48 56 34 7 40 29 #SUP: 2442
5 48 56 34 7 40 29 52 #SUP: 2437
5 48 56 34 7 40 29 52 58 #SUP: 2436
5 48 56 34 7 40 29 58 #SUP: 2441
5 48 56 34 7 40 52 #SUP: 2439
5 48 56 34 7 40 52 58 #SUP: 2438
5 48 56 34 7 40 58 #SUP: 2443
5 48 56 34 7 29 #SUP: 2461
5 48 56 34 7 29 52 #SUP: 2456
5 48 56 34 7 29 52 58 #SUP: 2455
5 48 56 34 7 29 58 #SUP: 2460
5 48 56 34 7 52 #SUP: 2458
5 48 56 34 7 52 58 #SUP: 2457
5 48 56 34 7 58 #SUP: 2462
5 48 56 34 36 #SUP: 2527
5 48 56 34 36 60 #SUP: 2502
5 48 56 34 36 60 40 #SUP: 2484
5 48 56 34 36 60 40 29 #SUP: 2480
5 48 56 34 36 60 40 29 52 #SUP: 2475
5 48 56 34 36 60 40 29 52 58 #SUP: 2474
5 48 56 34 36 60 40 29 58 #SUP: 2479
5 48 56 34 36 60 40 52 #SUP: 2479
5 48 56 34 36 60 40 52 58 #SUP: 2478
5 48 56 34 36 60 40 58 #SUP: 2483
5 48 56 34 36 60 29 #SUP: 2498
5 48 56 34 36 60 29 52 #SUP: 2493
5 48 56 34 36 60 29 52 58 #SUP: 2492
5 48 56 34 36 60 29 58 #SUP: 2497
5 48 56 34 36 60 52 #SUP: 2497
5 48 56 34 36 60 52 58 #SUP: 2496
5 48 56 34 36 60 58 #SUP: 2501
5 48 56 34 36 40 #SUP: 2508
5 48 56 34 36 40 29 #SUP: 2504
5 48 56 34 36 40 29 52 #SUP: 2499
5 48 56 34 36 40 29 52 58 #SUP: 2498
5 48 56 34 36 40 29 58 #SUP: 2503
5 48 56 34 36 40 52 #SUP: 2503
5 48 56 34 36 40 52 58 #SUP: 2502
5 48 56 34 36 40 58 #SUP: 2507
5 48 56 34 36 29 #SUP: 2523
5 48 56 34 36 29 52 #SUP: 2518
5 48 56 34 36 29 52 58 #SUP: 2517
5 48 56 34 36 29 58 #SUP: 2522
5 48 56 34 36 52 #SUP: 2522
5 48 56 34 36 52 58 #SUP: 2521
5 48 56 34 36 58 #SUP: 2526
5 48 56 34 60 #SUP: 2528
5 48 56 34 60 40 #SUP: 2510
5 48 56 34 60 40 29 #SUP: 2506
5 48 56 34 60 40 29 52 #SUP: 2501
5 48 56 34 60 40 29 52 58 #SUP: 2500
5 48 56 34 60 40 29 58 #SUP: 2505
5 48 56 34 60 40 52 #SUP: 2505
5 48 56 34 60 40 52 58 #SUP: 2504
5 48 56 34 60 40 58 #SUP: 2509
5 48 56 34 60 29 #SUP: 2524
5 48 56 34 60 29 52 #SUP: 2519
5 48 56 34 60 29 52 58 #SUP: 2518
5 48 56 34 60 29 58 #SUP: 2523
5 48 56 34 60 52 #SUP: 2523
5 48 56 34 60 52 58 #SUP: 2522
5 48 56 34 60 58 #SUP: 2527
5 48 56 34 40 #SUP: 2534
5 48 56 34 40 29 #SUP: 2530
5 48 56 34 40 29 52 #SUP: 2525
5 48 56 34 40 29 52 58 #SUP: 2524
5 48 56 34 40 29 58 #SUP: 2529
5 48 56 34 40 52 #SUP: 2529
5 48 56 34 40 52 58 #SUP: 2528
5 48 56 34 40 58 #SUP: 2533
5 48 56 34 29 #SUP: 2549
5 48 56 34 29 52 #SUP: 2544
5 48 56 34 29 52 58 #SUP: 2543
5 48 56 34 29 58 #SUP: 2548
5 48 56 34 52 #SUP: 2548
5 48 56 34 52 58 #SUP: 2547
5 48 56 34 58 #SUP: 2552
5 48 56 62 #SUP: 2539
5 48 56 62 58 #SUP: 2539
5 48 56 62 7 #SUP: 2445
5 48 56 62 7 58 #SUP: 2445
5 48 56 62 7 36 #SUP: 2419
5 48 56 62 7 36 58 #SUP: 2419
5 48 56 62 7 36 40 #SUP: 2407
5 48 56 62 7 36 40 58 #SUP: 2407
5 48 56 62 7 36 40 29 #SUP: 2404
5 48 56 62 7 36 40 29 58 #SUP: 2404
5 48 56 62 7 36 40 29 52 #SUP: 2399
5 48 56 62 7 36 40 29 52 58 #SUP: 2399
5 48 56 62 7 36 40 52 #SUP: 2402
5 48 56 62 7 36 40 52 58 #SUP: 2402
5 48 56 62 7 36 29 #SUP: 2416
5 48 56 62 7 36 29 58 #SUP: 2416
5 48 56 62 7 36 29 52 #SUP: 2411
5 48 56 62 7 36 29 52 58 #SUP: 2411
5 48 56 62 7 36 52 #SUP: 2414
5 48 56 62 7 36 52 58 #SUP: 2414
5 48 56 62 7 60 #SUP: 2421
5 48 56 62 7 60 58 #SUP: 2421
5 48 56 62 7 60 40 #SUP: 2409
5 48 56 62 7 60 40 58 #SUP: 2409
5 48 56 62 7 60 40 29 #SUP: 2406
5 48 56 62 7 60 40 29 58 #SUP: 2406
5 48 56 62 7 60 40 29 52 #SUP: 2401
5 48 56 62 7 60 40 29 52 58 #SUP: 2401
5 48 56 62 7 60 40 52 #SUP: 2404
5 48 56 62 7 60 40 52 58 #SUP: 2404
5 48 56 62 7 60 29 #SUP: 2418
5 48 56 62 7 60 29 58 #SUP: 2418
5 48 56 62 7 60 29 52 #SUP: 2413
5 48 56 62 7 60 29 52 58 #SUP: 2413
5 48 56 62 7 60 52 #SUP: 2416
5 48 56 62 7 60 52 58 #SUP: 2416
5 48 56 62 7 40 #SUP: 2433
5 48 56 62 7 40 58 #SUP: 2433
5 48 56 62 7 40 29 #SUP: 2430
5 48 56 62 7 40 29 58 #SUP: 2430
5 48 56 62 7 40 29 52 #SUP: 2425
5 48 56 62 7 40 29 52 58 #SUP: 2425
5 48 56 62 7 40 52 #SUP: 2428
5 48 56 62 7 40 52 58 #SUP: 2428
5 48 56 62 7 29 #SUP: 2442
5 48 56 62 7 29 58 #SUP: 2442
5 48 56 62 7 29 52 #SUP: 2437
5 48 56 62 7 29 52 58 #SUP: 2437
5 48 56 62 7 52 #SUP: 2440
5 48 56 62 7 52 58 #SUP: 2440
5 48 56 62 36 #SUP: 2513
5 48 56 62 36 58 #SUP: 2513
5 48 56 62 36 60 #SUP: 2487
5 48 56 62 36 60 58 #SUP: 2487
5 48 56 62 36 60 40 #SUP: 2475
5 48 56 62 36 60 40 58 #SUP: 2475
5 48 56 62 36 60 40 29 #SUP: 2470
5 48 56 62 36 60 40 29 58 #SUP: 2470
5 48 56 62 36 60 40 29 52 #SUP: 2465
5 48 56 62 36 60 40 29 52 58 #SUP: 2465
5 48 56 62 36 60 40 52 #SUP: 2470
5 48 56 62 36 60 40 52 58 #SUP: 2470
5 48 56 62 36 60 29 #SUP: 2482
5 48 56 62 36 60 29 58 #SUP: 2482
5 48 56 62 36 60 29 52 #SUP: 2477
5 48 56 62 36 60 29 52 58 #SUP: 2477
5 48 56 62 36 60 52 #SUP: 2482
5 48 56 62 36 60 52 58 #SUP: 2482
5 48 56 62 36 40 #SUP: 2501
5 48 56 62 36 40 58 #SUP: 2501
5 48 56 62 36 40 29 #SUP: 2494
5 48 56 62 36 40 29 58 #SUP: 2494
5 48 56 62 36 40 29 52 #SUP: 2489
5 48 56 62 36 40 29 52 58 #SUP: 2489
5 48 56 62 36 40 52 #SUP: 2496
5 48 56 62 36 40 52 58 #SUP: 2496
5 48 56 62 36 29 #SUP: 2506
5 48 56 62 36 29 58 #SUP: 2506
5 48 56 62 36 29 52 #SUP: 2501
5 48 56 62 36 29 52 58 #SUP: 2501
5 48 56 62 36 52 #SUP: 2508
5 48 56 62 36 52 58 #SUP: 2508
5 48 56 62 60 #SUP: 2513
5 48 56 62 60 58 #SUP: 2513
5 48 56 62 60 40 #SUP: 2501
5 48 56 62 60 40 58 #SUP: 2501
5 48 56 62 60 40 29 #SUP: 2496
5 48 56 62 60 40 29 58 #SUP: 2496
5 48 56 62 60 40 29 52 #SUP: 2491
5 48 56 62 60 40 29 52 58 #SUP: 2491
5 48 56 62 60 40 52 #SUP: 2496
5 48 56 62 60 40 52 58 #SUP: 2496
5 48 56 62 60 29 #SUP: 2508
5 48 56 62 60 29 58 #SUP: 2508
5 48 56 62 60 29 52 #SUP: 2503
5 48 56 62 60 29 52 58 #SUP: 2503
5 48 56 62 60 52 #SUP: 2508
5 48 56 62 60 52 58 #SUP: 2508
5 48 56 62 40 #SUP: 2527
5 48 56 62 40 58 #SUP: 2527
5 48 56 62 40 29 #SUP: 2520
5 48 56 62 40 29 58 #SUP: 2520
5 48 56 62 40 29 52 #SUP: 2515
5 48 56 62 40 29 52 58 #SUP: 2515
5 48 56 62 40 52 #SUP: 2522
5 48 56 62 40 52 58 #SUP: 2522
5 48 56 62 29 #SUP: 2532
5 48 56 62 29 58 #SUP: 2532
5 48 56 62 29 52 #SUP: 2527
5 48 56 62 29 52 58 #SUP: 2527
5 48 56 62 52 #SUP: 2534
5 48 56 62 52 58 #SUP: 2534
5 48 56 7 #SUP: 2526
5 48 56 7 36 #SUP: 2500
5 48 56 7 36 60 #SUP: 2475
5 48 56 7 36 60 40 #SUP: 2456
5 48 56 7 36 60 40 29 #SUP: 2453
5 48 56 7 36 60 40 29 52 #SUP: 2448
5 48 56 7 36 60 40 29 52 58 #SUP: 2447
5 48 56 7 36 60 40 29 58 #SUP: 2452
5 48 56 7 36 60 40 52 #SUP: 2451
5 48 56 7 36 60 40 52 58 #SUP: 2450
5 48 56 7 36 60 40 58 #SUP: 2455
5 48 56 7 36 60 29 #SUP: 2472
5 48 56 7 36 60 29 52 #SUP: 2467
5 48 56 7 36 60 29 52 58 #SUP: 2466
5 48 56 7 36 60 29 58 #SUP: 2471
5 48 56 7 36 60 52 #SUP: 2470
5 48 56 7 36 60 52 58 #SUP: 2469
5 48 56 7 36 60 58 #SUP: 2474
5 48 56 7 36 40 #SUP: 2480
5 48 56 7 36 40 29 #SUP: 2477
5 48 56 7 36 40 29 52 #SUP: 2472
5 48 56 7 36 40 29 52 58 #SUP: 2471
5 48 56 7 36 40 29 58 #SUP: 2476
5 48 56 7 36 40 52 #SUP: 2475
5 48 56 7 36 40 52 58 #SUP: 2474
5 48 56 7 36 40 58 #SUP: 2479
5 48 56 7 36 29 #SUP: 2497
5 48 56 7 36 29 52 #SUP: 2492
5 48 56 7 36 29 52 58 #SUP: 2491
5 48 56 7 36 29 58 #SUP: 2496
5 48 56 7 36 52 #SUP: 2495
5 48 56 7 36 52 58 #SUP: 2494
5 48 56 7 36 58 #SUP: 2499
5 48 56 7 60 #SUP: 2501
5 48 56 7 60 40 #SUP: 2482
5 48 56 7 60 40 29 #SUP: 2479
5 48 56 7 60 40 29 52 #SUP: 2474
5 48 56 7 60 40 29 52 58 #SUP: 2473
5 48 56 7 60 40 29 58 #SUP: 2478
5 48 56 7 60 40 52 #SUP: 2477
5 48 56 7 60 40 52 58 #SUP: 2476
5 48 56 7 60 40 58 #SUP: 2481
5 48 56 7 60 29 #SUP: 2498
5 48 56 7 60 29 52 #SUP: 2493
5 48 56 7 60 29 52 58 #SUP: 2492
5 48 56 7 60 29 58 #SUP: 2497
5 48 56 7 60 52 #SUP: 2496
5 48 56 7 60 52 58 #SUP: 2495
5 48 56 7 60 58 #SUP: 2500
5 48 56 7 40 #SUP: 2506
5 48 56 7 40 29 #SUP: 2503
5 48 56 7 40 29 52 #SUP: 2498
5 48 56 7 40 29 52 58 #SUP: 2497
5 48 56 7 40 29 58 #SUP: 2502
5 48 56 7 40 52 #SUP: 2501
5 48 56 7 40 52 58 #SUP: 2500
5 48 56 7 40 58 #SUP: 2505
5 48 56 7 29 #SUP: 2523
5 48 56 7 29 52 #SUP: 2518
5 48 56 7 29 52 58 #SUP: 2517
5 48 56 7 29 58 #SUP: 2522
5 48 56 7 52 #SUP: 2521
5 48 56 7 52 58 #SUP: 2520
5 48 56 7 58 #SUP: 2525
5 48 56 36 #SUP: 2594
5 48 56 36 60 #SUP: 2567
5 48 56 36 60 40 #SUP: 2548
5 48 56 36 60 40 29 #SUP: 2543
5 48 56 36 60 40 29 52 #SUP: 2538
5 48 56 36 60 40 29 52 58 #SUP: 2537
5 48 56 36 60 40 29 58 #SUP: 2542
5 48 56 36 60 40 52 #SUP: 2543
5 48 56 36 60 40 52 58 #SUP: 2542
5 48 56 36 60 40 58 #SUP: 2547
5 48 56 36 60 29 #SUP: 2562
5 48 56 36 60 29 52 #SUP: 2557
5 48 56 36 60 29 52 58 #SUP: 2556
5 48 56 36 60 29 58 #SUP: 2561
5 48 56 36 60 52 #SUP: 2562
5 48 56 36 60 52 58 #SUP: 2561
5 48 56 36 60 58 #SUP: 2566
5 48 56 36 40 #SUP: 2574
5 48 56 36 40 29 #SUP: 2567
5 48 56 36 40 29 52 #SUP: 2562
5 48 56 36 40 29 52 58 #SUP: 2561
5 48 56 36 40 29 58 #SUP: 2566
5 48 56 36 40 52 #SUP: 2569
5 48 56 36 40 52 58 #SUP: 2568
5 48 56 36 40 58 #SUP: 2573
5 48 56 36 29 #SUP: 2587
5 48 56 36 29 52 #SUP: 2582
5 48 56 36 29 52 58 #SUP: 2581
5 48 56 36 29 58 #SUP: 2586
5 48 56 36 52 #SUP: 2589
5 48 56 36 52 58 #SUP: 2588
5 48 56 36 58 #SUP: 2593
5 48 56 60 #SUP: 2593
5 48 56 60 40 #SUP: 2574
5 48 56 60 40 29 #SUP: 2569
5 48 56 60 40 29 52 #SUP: 2564
5 48 56 60 40 29 52 58 #SUP: 2563
5 48 56 60 40 29 58 #SUP: 2568
5 48 56 60 40 52 #SUP: 2569
5 48 56 60 40 52 58 #SUP: 2568
5 48 56 60 40 58 #SUP: 2573
5 48 56 60 29 #SUP: 2588
5 48 56 60 29 52 #SUP: 2583
5 48 56 60 29 52 58 #SUP: 2582
5 48 56 60 29 58 #SUP: 2587
5 48 56 60 52 #SUP: 2588
5 48 56 60 52 58 #SUP: 2587
5 48 56 60 58 #SUP: 2592
5 48 56 40 #SUP: 2600
5 48 56 40 29 #SUP: 2593
5 48 56 40 29 52 #SUP: 2588
5 48 56 40 29 52 58 #SUP: 2587
5 48 56 40 29 58 #SUP: 2592
5 48 56 40 52 #SUP: 2595
5 48 56 40 52 58 #SUP: 2594
5 48 56 40 58 #SUP: 2599
5 48 56 29 #SUP: 2613
5 48 56 29 52 #SUP: 2608
5 48 56 29 52 58 #SUP: 2607
5 48 56 29 58 #SUP: 2612
5 48 56 52 #SUP: 2615
5 48 56 52 58 #SUP: 2614
5 48 56 58 #SUP: 2619
5 48 34 #SUP: 2706
5 48 34 62 #SUP: 2595
5 48 34 62 58 #SUP: 2595
5 48 34 62 7 #SUP: 2489
5 48 34 62 7 58 #SUP: 2489
5 48 34 62 7 36 #SUP: 2463
5 48 34 62 7 36 58 #SUP: 2463
5 48 34 62 7 36 60 #SUP: 2439
5 48 34 62 7 36 60 58 #SUP: 2439
5 48 34 62 7 36 60 40 #SUP: 2428
5 48 34 62 7 36 60 40 58 #SUP: 2428
5 48 34 62 7 36 60 40 29 #SUP: 2426
5 48 34 62 7 36 60 40 29 58 #SUP: 2426
5 48 34 62 7 36 60 40 29 52 #SUP: 2417
5 48 34 62 7 36 60 40 29 52 58 #SUP: 2417
5 48 34 62 7 36 60 40 52 #SUP: 2419
5 48 34 62 7 36 60 40 52 58 #SUP: 2419
5 48 34 62 7 36 60 29 #SUP: 2437
5 48 34 62 7 36 60 29 58 #SUP: 2437
5 48 34 62 7 36 60 29 52 #SUP: 2428
5 48 34 62 7 36 60 29 52 58 #SUP: 2428
5 48 34 62 7 36 60 52 #SUP: 2430
5 48 34 62 7 36 60 52 58 #SUP: 2430
5 48 34 62 7 36 40 #SUP: 2452
5 48 34 62 7 36 40 58 #SUP: 2452
5 48 34 62 7 36 40 29 #SUP: 2450
5 48 34 62 7 36 40 29 58 #SUP: 2450
5 48 34 62 7 36 40 29 52 #SUP: 2441
5 48 34 62 7 36 40 29 52 58 #SUP: 2441
5 48 34 62 7 36 40 52 #SUP: 2443
5 48 34 62 7 36 40 52 58 #SUP: 2443
5 48 34 62 7 36 29 #SUP: 2461
5 48 34 62 7 36 29 58 #SUP: 2461
5 48 34 62 7 36 29 52 #SUP: 2452
5 48 34 62 7 36 29 52 58 #SUP: 2452
5 48 34 62 7 36 52 #SUP: 2454
5 48 34 62 7 36 52 58 #SUP: 2454
5 48 34 62 7 60 #SUP: 2465
5 48 34 62 7 60 58 #SUP: 2465
5 48 34 62 7 60 40 #SUP: 2454
5 48 34 62 7 60 40 58 #SUP: 2454
5 48 34 62 7 60 40 29 #SUP: 2452
5 48 34 62 7 60 40 29 58 #SUP: 2452
5 48 34 62 7 60 40 29 52 #SUP: 2443
5 48 34 62 7 60 40 29 52 58 #SUP: 2443
5 48 34 62 7 60 40 52 #SUP: 2445
5 48 34 62 7 60 40 52 58 #SUP: 2445
5 48 34 62 7 60 29 #SUP: 2463
5 48 34 62 7 60 29 58 #SUP: 2463
5 48 34 62 7 60 29 52 #SUP: 2454
5 48 34 62 7 60 29 52 58 #SUP: 2454
5 48 34 62 7 60 52 #SUP: 2456
5 48 34 62 7 60 52 58 #SUP: 2456
5 48 34 62 7 40 #SUP: 2478
5 48 34 62 7 40 58 #SUP: 2478
5 48 34 62 7 40 29 #SUP: 2476
5 48 34 62 7 40 29 58 #SUP: 2476
5 48 34 62 7 40 29 52 #SUP: 2467
5 48 34 62 7 40 29 52 58 #SUP: 2467
5 48 34 62 7 40 52 #SUP: 2469
5 48 34 62 7 40 52 58 #SUP: 2469
5 48 34 62 7 29 #SUP: 2487
5 48 34 62 7 29 58 #SUP: 2487
5 48 34 62 7 29 52 #SUP: 2478
5 48 34 62 7 29 52 58 #SUP: 2478
5 48 34 62 7 52 #SUP: 2480
5 48 34 62 7 52 58 #SUP: 2480
5 48 34 62 36 #SUP: 2569
5 48 34 62 36 58 #SUP: 2569
5 48 34 62 36 60 #SUP: 2545
5 48 34 62 36 60 58 #SUP: 2545
5 48 34 62 36 60 40 #SUP: 2534
5 48 34 62 36 60 40 58 #SUP: 2534
5 48 34 62 36 60 40 29 #SUP: 2530
5 48 34 62 36 60 40 29 58 #SUP: 2530
5 48 34 62 36 60 40 29 52 #SUP: 2521
5 48 34 62 36 60 40 29 52 58 #SUP: 2521
5 48 34 62 36 60 40 52 #SUP: 2525
5 48 34 62 36 60 40 52 58 #SUP: 2525
5 48 34 62 36 60 29 #SUP: 2541
5 48 34 62 36 60 29 58 #SUP: 2541
5 48 34 62 36 60 29 52 #SUP: 2532
5 48 34 62 36 60 29 52 58 #SUP: 2532
5 48 34 62 36 60 52 #SUP: 2536
5 48 34 62 36 60 52 58 #SUP: 2536
5 48 34 62 36 40 #SUP: 2558
5 48 34 62 36 40 58 #SUP: 2558
5 48 34 62 36 40 29 #SUP: 2554
5 48 34 62 36 40 29 58 #SUP: 2554
5 48 34 62 36 40 29 52 #SUP: 2545
5 48 34 62 36 40 29 52 58 #SUP: 2545
5 48 34 62 36 40 52 #SUP: 2549
5 48 34 62 36 40 52 58 #SUP: 2549
5 48 34 62 36 29 #SUP: 2565
5 48 34 62 36 29 58 #SUP: 2565
5 48 34 62 36 29 52 #SUP: 2556
5 48 34 62 36 29 52 58 #SUP: 2556
5 48 34 62 36 52 #SUP: 2560
5 48 34 62 36 52 58 #SUP: 2560
5 48 34 62 60 #SUP: 2571
5 48 34 62 60 58 #SUP: 2571
5 48 34 62 60 40 #SUP: 2560
5 48 34 62 60 40 58 #SUP: 2560
5 48 34 62 60 40 29 #SUP: 2556
5 48 34 62 60 40 29 58 #SUP: 2556
5 48 34 62 60 40 29 52 #SUP: 2547
5 48 34 62 60 40 29 52 58 #SUP: 2547
5 48 34 62 60 40 52 #SUP: 2551
5 48 34 62 60 40 52 58 #SUP: 2551
5 48 34 62 60 29 #SUP: 2567
5 48 34 62 60 29 58 #SUP: 2567
5 48 34 62 60 29 52 #SUP: 2558
5 48 34 62 60 29 52 58 #SUP: 2558
5 48 34 62 60 52 #SUP: 2562
5 48 34 62 60 52 58 #SUP: 2562
5 48 34 62 40 #SUP: 2584
5 48 34 62 40 58 #SUP: 2584
5 48 34 62 40 29 #SUP: 2580
5 48 34 62 40 29 58 #SUP: 2580
5 48 34 62 40 29 52 #SUP: 2571
5 48 34 62 40 29 52 58 #SUP: 2571
5 48 34 62 40 52 #SUP: 2575
5 48 34 62 40 52 58 #SUP: 2575
5 48 34 62 29 #SUP: 2591
5 48 34 62 29 58 #SUP: 2591
5 48 34 62 29 52 #SUP: 2582
5 48 34 62 29 52 58 #SUP: 2582
5 48 34 62 52 #SUP: 2586
5 48 34 62 52 58 #SUP: 2586
5 48 34 7 #SUP: 2600
5 48 34 7 36 #SUP: 2574
5 48 34 7 36 60 #SUP: 2549
5 48 34 7 36 60 40 #SUP: 2531
5 48 34 7 36 60 40 29 #SUP: 2529
5 48 34 7 36 60 40 29 52 #SUP: 2520
5 48 34 7 36 60 40 29 52 58 #SUP: 2519
5 48 34 7 36 60 40 29 58 #SUP: 2528
5 48 34 7 36 60 40 52 #SUP: 2522
5 48 34 7 36 60 40 52 58 #SUP: 2521
5 48 34 7 36 60 40 58 #SUP: 2530
5 48 34 7 36 60 29 #SUP: 2547
5 48 34 7 36 60 29 52 #SUP: 2538
5 48 34 7 36 60 29 52 58 #SUP: 2537
5 48 34 7 36 60 29 58 #SUP: 2546
5 48 34 7 36 60 52 #SUP: 2540
5 48 34 7 36 60 52 58 #SUP: 2539
5 48 34 7 36 60 58 #SUP: 2548
5 48 34 7 36 40 #SUP: 2555
5 48 34 7 36 40 29 #SUP: 2553
5 48 34 7 36 40 29 52 #SUP: 2544
5 48 34 7 36 40 29 52 58 #SUP: 2543
5 48 34 7 36 40 29 58 #SUP: 2552
5 48 34 7 36 40 52 #SUP: 2546
5 48 34 7 36 40 52 58 #SUP: 2545
5 48 34 7 36 40 58 #SUP: 2554
5 48 34 7 36 29 #SUP: 2572
5 48 34 7 36 29 52 #SUP: 2563
5 48 34 7 36 29 52 58 #SUP: 2562
5 48 34 7 36 29 58 #SUP: 2571
5 48 34 7 36 52 #SUP: 2565
5 48 34 7 36 52 58 #SUP: 2564
5 48 34 7 36 58 #SUP: 2573
5 48 34 7 60 #SUP: 2575
5 48 34 7 60 40 #SUP: 2557
5 48 34 7 60 40 29 #SUP: 2555
5 48 34 7 60 40 29 52 #SUP: 2546
5 48 34 7 60 40 29 52 58 #SUP: 2545
5 48 34 7 60 40 29 58 #SUP: 2554
5 48 34 7 60 40 52 #SUP: 2548
5 48 34 7 60 40 52 58 #SUP: 2547
5 48 34 7 60 40 58 #SUP: 2556
5 48 34 7 60 29 #SUP: 2573
5 48 34 7 60 29 52 #SUP: 2564
5 48 34 7 60 29 52 58 #SUP: 2563
5 48 34 7 60 29 58 #SUP: 2572
5 48 34 7 60 52 #SUP: 2566
5 48 34 7 60 52 58 #SUP: 2565
5 48 34 7 60 58 #SUP: 2574
5 48 34 7 40 #SUP: 2581
5 48 34 7 40 29 #SUP: 2579
5 48 34 7 40 29 52 #SUP: 2570
5 48 34 7 40 29 52 58 #SUP: 2569
5 48 34 7 40 29 58 #SUP: 2578
5 48 34 7 40 52 #SUP: 2572
5 48 34 7 40 52 58 #SUP: 2571
5 48 34 7 40 58 #SUP: 2580
5 48 34 7 29 #SUP: 2598
5 48 34 7 29 52 #SUP: 2589
5 48 34 7 29 52 58 #SUP: 2588
5 48 34 7 29 58 #SUP: 2597
5 48 34 7 52 #SUP: 2591
5 48 34 7 52 58 #SUP: 2590
5 48 34 7 58 #SUP: 2599
5 48 34 36 #SUP: 2680
5 48 34 36 60 #SUP: 2655
5 48 34 36 60 40 #SUP: 2637
5 48 34 36 60 40 29 #SUP: 2633
5 48 34 36 60 40 29 52 #SUP: 2624
5 48 34 36 60 40 29 52 58 #SUP: 2623
5 48 34 36 60 40 29 58 #SUP: 2632
5 48 34 36 60 40 52 #SUP: 2628
5 48 34 36 60 40 52 58 #SUP: 2627
5 48 34 36 60 40 58 #SUP: 2636
5 48 34 36 60 29 #SUP: 2651
5 48 34 36 60 29 52 #SUP: 2642
5 48 34 36 60 29 52 58 #SUP: 2641
5 48 34 36 60 29 58 #SUP: 2650
5 48 34 36 60 52 #SUP: 2646
5 48 34 36 60 52 58 #SUP: 2645
5 48 34 36 60 58 #SUP: 2654
5 48 34 36 40 #SUP: 2661
5 48 34 36 40 29 #SUP: 2657
5 48 34 36 40 29 52 #SUP: 2648
5 48 34 36 40 29 52 58 #SUP: 2647
5 48 34 36 40 29 58 #SUP: 2656
5 48 34 36 40 52 #SUP: 2652
5 48 34 36 40 52 58 #SUP: 2651
5 48 34 36 40 58 #SUP: 2660
5 48 34 36 29 #SUP: 2676
5 48 34 36 29 52 #SUP: 2667
5 48 34 36 29 52 58 #SUP: 2666
5 48 34 36 29 58 #SUP: 2675
5 48 34 36 52 #SUP: 2671
5 48 34 36 52 58 #SUP: 2670
5 48 34 36 58 #SUP: 2679
5 48 34 60 #SUP: 2681
5 48 34 60 40 #SUP: 2663
5 48 34 60 40 29 #SUP: 2659
5 48 34 60 40 29 52 #SUP: 2650
5 48 34 60 40 29 52 58 #SUP: 2649
5 48 34 60 40 29 58 #SUP: 2658
5 48 34 60 40 52 #SUP: 2654
5 48 34 60 40 52 58 #SUP: 2653
5 48 34 60 40 58 #SUP: 2662
5 48 34 60 29 #SUP: 2677
5 48 34 60 29 52 #SUP: 2668
5 48 34 60 29 52 58 #SUP: 2667
5 48 34 60 29 58 #SUP: 2676
5 48 34 60 52 #SUP: 2672
5 48 34 60 52 58 #SUP: 2671
5 48 34 60 58 #SUP: 2680
5 48 34 40 #SUP: 2687
5 48 34 40 29 #SUP: 2683
5 48 34 40 29 52 #SUP: 2674
5 48 34 40 29 52 58 #SUP: 2673
5 48 34 40 29 58 #SUP: 2682
5 48 34 40 52 #SUP: 2678
5 48 34 40 52 58 #SUP: 2677
5 48 34 40 58 #SUP: 2686
5 48 34 29 #SUP: 2702
5 48 34 29 52 #SUP: 2693
5 48 34 29 52 58 #SUP: 2692
5 48 34 29 58 #SUP: 2701
5 48 34 52 #SUP: 2697
5 48 34 52 58 #SUP: 2696
5 48 34 58 #SUP: 2705
5 48 62 #SUP: 2676
5 48 62 58 #SUP: 2676
5 48 62 7 #SUP: 2564
5 48 62 7 58 #SUP: 2564
5 48 62 7 36 #SUP: 2538
5 48 62 7 36 58 #SUP: 2538
5 48 62 7 36 60 #SUP: 2514
5 48 62 7 36 60 58 #SUP: 2514
5 48 62 7 36 60 40 #SUP: 2501
5 48 62 7 36 60 40 58 #SUP: 2501
5 48 62 7 36 60 40 29 #SUP: 2498
5 48 62 7 36 60 40 29 58 #SUP: 2498
5 48 62 7 36 60 40 29 52 #SUP: 2487
5 48 62 7 36 60 40 29 52 58 #SUP: 2487
5 48 62 7 36 60 40 52 #SUP: 2490
5 48 62 7 36 60 40 52 58 #SUP: 2490
5 48 62 7 36 60 29 #SUP: 2511
5 48 62 7 36 60 29 58 #SUP: 2511
5 48 62 7 36 60 29 52 #SUP: 2500
5 48 62 7 36 60 29 52 58 #SUP: 2500
5 48 62 7 36 60 52 #SUP: 2503
5 48 62 7 36 60 52 58 #SUP: 2503
5 48 62 7 36 40 #SUP: 2525
5 48 62 7 36 40 58 #SUP: 2525
5 48 62 7 36 40 29 #SUP: 2522
5 48 62 7 36 40 29 58 #SUP: 2522
5 48 62 7 36 40 29 52 #SUP: 2511
5 48 62 7 36 40 29 52 58 #SUP: 2511
5 48 62 7 36 40 52 #SUP: 2514
5 48 62 7 36 40 52 58 #SUP: 2514
5 48 62 7 36 29 #SUP: 2535
5 48 62 7 36 29 58 #SUP: 2535
5 48 62 7 36 29 52 #SUP: 2524
5 48 62 7 36 29 52 58 #SUP: 2524
5 48 62 7 36 52 #SUP: 2527
5 48 62 7 36 52 58 #SUP: 2527
5 48 62 7 60 #SUP: 2540
5 48 62 7 60 58 #SUP: 2540
5 48 62 7 60 40 #SUP: 2527
5 48 62 7 60 40 58 #SUP: 2527
5 48 62 7 60 40 29 #SUP: 2524
5 48 62 7 60 40 29 58 #SUP: 2524
5 48 62 7 60 40 29 52 #SUP: 2513
5 48 62 7 60 40 29 52 58 #SUP: 2513
5 48 62 7 60 40 52 #SUP: 2516
5 48 62 7 60 40 52 58 #SUP: 2516
5 48 62 7 60 29 #SUP: 2537
5 48 62 7 60 29 58 #SUP: 2537
5 48 62 7 60 29 52 #SUP: 2526
5 48 62 7 60 29 52 58 #SUP: 2526
5 48 62 7 60 52 #SUP: 2529
5 48 62 7 60 52 58 #SUP: 2529
5 48 62 7 40 #SUP: 2551
5 48 62 7 40 58 #SUP: 2551
5 48 62 7 40 29 #SUP: 2548
5 48 62 7 40 29 58 #SUP: 2548
5 48 62 7 40 29 52 #SUP: 2537
5 48 62 7 40 29 52 58 #SUP: 2537
5 48 62 7 40 52 #SUP: 2540
5 48 62 7 40 52 58 #SUP: 2540
5 48 62 7 29 #SUP: 2561
5 48 62 7 29 58 #SUP: 2561
5 48 62 7 29 52 #SUP: 2550
5 48 62 7 29 52 58 #SUP: 2550
5 48 62 7 52 #SUP: 2553
5 48 62 7 52 58 #SUP: 2553
5 48 62 36 #SUP: 2650
5 48 62 36 58 #SUP: 2650
5 48 62 36 60 #SUP: 2624
5 48 62 36 60 58 #SUP: 2624
5 48 62 36 60 40 #SUP: 2611
5 48 62 36 60 40 58 #SUP: 2611
5 48 62 36 60 40 29 #SUP: 2606
5 48 62 36 60 40 29 58 #SUP: 2606
5 48 62 36 60 40 29 52 #SUP: 2595
5 48 62 36 60 40 29 52 58 #SUP: 2595
5 48 62 36 60 40 52 #SUP: 2600
5 48 62 36 60 40 52 58 #SUP: 2600
5 48 62 36 60 29 #SUP: 2619
5 48 62 36 60 29 58 #SUP: 2619
5 48 62 36 60 29 52 #SUP: 2608
5 48 62 36 60 29 52 58 #SUP: 2608
5 48 62 36 60 52 #SUP: 2613
5 48 62 36 60 52 58 #SUP: 2613
5 48 62 36 40 #SUP: 2637
5 48 62 36 40 58 #SUP: 2637
5 48 62 36 40 29 #SUP: 2630
5 48 62 36 40 29 58 #SUP: 2630
5 48 62 36 40 29 52 #SUP: 2619
5 48 62 36 40 29 52 58 #SUP: 2619
5 48 62 36 40 52 #SUP: 2626
5 48 62 36 40 52 58 #SUP: 2626
5 48 62 36 29 #SUP: 2643
5 48 62 36 29 58 #SUP: 2643
5 48 62 36 29 52 #SUP: 2632
5 48 62 36 29 52 58 #SUP: 2632
5 48 62 36 52 #SUP: 2639
5 48 62 36 52 58 #SUP: 2639
5 48 62 60 #SUP: 2650
5 48 62 60 58 #SUP: 2650
5 48 62 60 40 #SUP: 2637
5 48 62 60 40 58 #SUP: 2637
5 48 62 60 40 29 #SUP: 2632
5 48 62 60 40 29 58 #SUP: 2632
5 48 62 60 40 29 52 #SUP: 2621
5 48 62 60 40 29 52 58 #SUP: 2621
5 48 62 60 40 52 #SUP: 2626
5 48 62 60 40 52 58 #SUP: 2626
5 48 62 60 29 #SUP: 2645
5 48 62 60 29 58 #SUP: 2645
5 48 62 60 29 52 #SUP: 2634
5 48 62 60 29 52 58 #SUP: 2634
5 48 62 60 52 #SUP: 2639
5 48 62 60 52 58 #SUP: 2639
5 48 62 40 #SUP: 2663
5 48 62 40 58 #SUP: 2663
5 48 62 40 29 #SUP: 2656
5 48 62 40 29 58 #SUP: 2656
5 48 62 40 29 52 #SUP: 2645
5 48 62 40 29 52 58 #SUP: 2645
5 48 62 40 52 #SUP: 2652
5 48 62 40 52 58 #SUP: 2652
5 48 62 29 #SUP: 2669
5 48 62 29 58 #SUP: 2669
5 48 62 29 52 #SUP: 2658
5 48 62 29 52 58 #SUP: 2658
5 48 62 52 #SUP: 2665
5 48 62 52 58 #SUP: 2665
5 48 7 #SUP: 2676
5 48 7 36 #SUP: 2650
5 48 7 36 60 #SUP: 2625
5 48 7 36 60 40 #SUP: 2605
5 48 7 36 60 40 29 #SUP: 2602
5 48 7 36 60 40 29 52 #SUP: 2591
5 48 7 36 60 40 29 52 58 #SUP: 2590
5 48 7 36 60 40 29 58 #SUP: 2601
5 48 7 36 60 40 52 #SUP: 2594
5 48 7 36 60 40 52 58 #SUP: 2593
5 48 7 36 60 40 58 #SUP: 2604
5 48 7 36 60 29 #SUP: 2622
5 48 7 36 60 29 52 #SUP: 2611
5 48 7 36 60 29 52 58 #SUP: 2610
5 48 7 36 60 29 58 #SUP: 2621
5 48 7 36 60 52 #SUP: 2614
5 48 7 36 60 52 58 #SUP: 2613
5 48 7 36 60 58 #SUP: 2624
5 48 7 36 40 #SUP: 2629
5 48 7 36 40 29 #SUP: 2626
5 48 7 36 40 29 52 #SUP: 2615
5 48 7 36 40 29 52 58 #SUP: 2614
5 48 7 36 40 29 58 #SUP: 2625
5 48 7 36 40 52 #SUP: 2618
5 48 7 36 40 52 58 #SUP: 2617
5 48 7 36 40 58 #SUP: 2628
5 48 7 36 29 #SUP: 2647
5 48 7 36 29 52 #SUP: 2636
5 48 7 36 29 52 58 #SUP: 2635
5 48 7 36 29 58 #SUP: 2646
5 48 7 36 52 #SUP: 2639
5 48 7 36 52 58 #SUP: 2638
5 48 7 36 58 #SUP: 2649
5 48 7 60 #SUP: 2651
5 48 7 60 40 #SUP: 2631
5 48 7 60 40 29 #SUP: 2628
5 48 7 60 40 29 52 #SUP: 2617
5 48 7 60 40 29 52 58 #SUP: 2616
5 48 7 60 40 29 58 #SUP: 2627
5 48 7 60 40 52 #SUP: 2620
5 48 7 60 40 52 58 #SUP: 2619
5 48 7 60 40 58 #SUP: 2630
5 48 7 60 29 #SUP: 2648
5 48 7 60 29 52 #SUP: 2637
5 48 7 60 29 52 58 #SUP: 2636
5 48 7 60 29 58 #SUP: 2647
5 48 7 60 52 #SUP: 2640
5 48 7 60 52 58 #SUP: 2639
5 48 7 60 58 #SUP: 2650
5 48 7 40 #SUP: 2655
5 48 7 40 29 #SUP: 2652
5 48 7 40 29 52 #SUP: 2641
5 48 7 40 29 52 58 #SUP: 2640
5 48 7 40 29 58 #SUP: 2651
5 48 7 40 52 #SUP: 2644
5 48 7 40 52 58 #SUP: 2643
5 48 7 40 58 #SUP: 2654
5 48 7 29 #SUP: 2673
5 48 7 29 52 #SUP: 2662
5 48 7 29 52 58 #SUP: 2661
5 48 7 29 58 #SUP: 2672
5 48 7 52 #SUP: 2665
5 48 7 52 58 #SUP: 2664
5 48 7 58 #SUP: 2675
5 48 36 #SUP: 2762
5 48 36 60 #SUP: 2735
5 48 36 60 40 #SUP: 2715
5 48 36 60 40 29 #SUP: 2710
5 48 36 60 40 29 52 #SUP: 2699
5 48 36 60 40 29 52 58 #SUP: 2698
5 48 36 60 40 29 58 #SUP: 2709
5 48 36 60 40 52 #SUP: 2704
5 48 36 60 40 52 58 #SUP: 2703
5 48 36 60 40 58 #SUP: 2714
5 48 36 60 29 #SUP: 2730
5 48 36 60 29 52 #SUP: 2719
5 48 36 60 29 52 58 #SUP: 2718
5 48 36 60 29 58 #SUP: 2729
5 48 36 60 52 #SUP: 2724
5 48 36 60 52 58 #SUP: 2723
5 48 36 60 58 #SUP: 2734
5 48 36 40 #SUP: 2741
5 48 36 40 29 #SUP: 2734
5 48 36 40 29 52 #SUP: 2723
5 48 36 40 29 52 58 #SUP: 2722
5 48 36 40 29 58 #SUP: 2733
5 48 36 40 52 #SUP: 2730
5 48 36 40 52 58 #SUP: 2729
5 48 36 40 58 #SUP: 2740
5 48 36 29 #SUP: 2755
5 48 36 29 52 #SUP: 2744
5 48 36 29 52 58 #SUP: 2743
5 48 36 29 58 #SUP: 2754
5 48 36 52 #SUP: 2751
5 48 36 52 58 #SUP: 2750
5 48 36 58 #SUP: 2761
5 48 60 #SUP: 2761
5 48 60 40 #SUP: 2741
5 48 60 40 29 #SUP: 2736
5 48 60 40 29 52 #SUP: 2725
5 48 60 40 29 52 58 #SUP: 2724
5 48 60 40 29 58 #SUP: 2735
5 48 60 40 52 #SUP: 2730
5 48 60 40 52 58 #SUP: 2729
5 48 60 40 58 #SUP: 2740
5 48 60 29 #SUP: 2756
5 48 60 29 52 #SUP: 2745
5 48 60 29 52 58 #SUP: 2744
5 48 60 29 58 #SUP: 2755
5 48 60 52 #SUP: 2750
5 48 60 52 58 #SUP: 2749
5 48 60 58 #SUP: 2760
5 48 40 #SUP: 2767
5 48 40 29 #SUP: 2760
5 48 40 29 52 #SUP: 2749
5 48 40 29 52 58 #SUP: 2748
5 48 40 29 58 #SUP: 2759
5 48 40 52 #SUP: 2756
5 48 40 52 58 #SUP: 2755
5 48 40 58 #SUP: 2766
5 48 29 #SUP: 2781
5 48 29 52 #SUP: 2770
5 48 29 52 58 #SUP: 2769
5 48 29 58 #SUP: 2780
5 48 52 #SUP: 2777
5 48 52 58 #SUP: 2776
5 48 58 #SUP: 2787
5 66 #SUP: 2832
5 66 56 #SUP: 2664
5 66 56 34 #SUP: 2600
5 66 56 34 62 #SUP: 2525
5 66 56 34 62 58 #SUP: 2525
5 66 56 34 62 7 #SUP: 2436
5 66 56 34 62 7 58 #SUP: 2436
5 66 56 34 62 7 60 #SUP: 2436
5 66 56 34 62 7 60 58 #SUP: 2436
5 66 56 34 62 7 60 40 #SUP: 2425
5 66 56 34 62 7 60 40 58 #SUP: 2425
5 66 56 34 62 7 60 40 29 #SUP: 2423
5 66 56 34 62 7 60 40 29 58 #SUP: 2423
5 66 56 34 62 7 60 40 29 52 #SUP: 2418
5 66 56 34 62 7 60 40 29 52 58 #SUP: 2418
5 66 56 34 62 7 60 40 52 #SUP: 2420
5 66 56 34 62 7 60 40 52 58 #SUP: 2420
5 66 56 34 62 7 60 29 #SUP: 2434
5 66 56 34 62 7 60 29 58 #SUP: 2434
5 66 56 34 62 7 60 29 52 #SUP: 2429
5 66 56 34 62 7 60 29 52 58 #SUP: 2429
5 66 56 34 62 7 60 52 #SUP: 2431
5 66 56 34 62 7 60 52 58 #SUP: 2431
5 66 56 34 62 7 40 #SUP: 2425
5 66 56 34 62 7 40 58 #SUP: 2425
5 66 56 34 62 7 40 29 #SUP: 2423
5 66 56 34 62 7 40 29 58 #SUP: 2423
5 66 56 34 62 7 40 29 52 #SUP: 2418
5 66 56 34 62 7 40 29 52 58 #SUP: 2418
5 66 56 34 62 7 40 52 #SUP: 2420
5 66 56 34 62 7 40 52 58 #SUP: 2420
5 66 56 34 62 7 29 #SUP: 2434
5 66 56 34 62 7 29 58 #SUP: 2434
5 66 56 34 62 7 29 52 #SUP: 2429
5 66 56 34 62 7 29 52 58 #SUP: 2429
5 66 56 34 62 7 52 #SUP: 2431
5 66 56 34 62 7 52 58 #SUP: 2431
5 66 56 34 62 36 #SUP: 2428
5 66 56 34 62 36 58 #SUP: 2428
5 66 56 34 62 36 60 #SUP: 2428
5 66 56 34 62 36 60 58 #SUP: 2428
5 66 56 34 62 36 60 40 #SUP: 2417
5 66 56 34 62 36 60 40 58 #SUP: 2417
5 66 56 34 62 36 60 40 29 #SUP: 2413
5 66 56 34 62 36 60 40 29 58 #SUP: 2413
5 66 56 34 62 36 60 40 29 52 #SUP: 2408
5 66 56 34 62 36 60 40 29 52 58 #SUP: 2408
5 66 56 34 62 36 60 40 52 #SUP: 2412
5 66 56 34 62 36 60 40 52 58 #SUP: 2412
5 66 56 34 62 36 60 29 #SUP: 2424
5 66 56 34 62 36 60 29 58 #SUP: 2424
5 66 56 34 62 36 60 29 52 #SUP: 2419
5 66 56 34 62 36 60 29 52 58 #SUP: 2419
5 66 56 34 62 36 60 52 #SUP: 2423
5 66 56 34 62 36 60 52 58 #SUP: 2423
5 66 56 34 62 36 40 #SUP: 2417
5 66 56 34 62 36 40 58 #SUP: 2417
5 66 56 34 62 36 40 29 #SUP: 2413
5 66 56 34 62 36 40 29 58 #SUP: 2413
5 66 56 34 62 36 40 29 52 #SUP: 2408
5 66 56 34 62 36 40 29 52 58 #SUP: 2408
5 66 56 34 62 36 40 52 #SUP: 2412
5 66 56 34 62 36 40 52 58 #SUP: 2412
5 66 56 34 62 36 29 #SUP: 2424
5 66 56 34 62 36 29 58 #SUP: 2424
5 66 56 34 62 36 29 52 #SUP: 2419
5 66 56 34 62 36 29 52 58 #SUP: 2419
5 66 56 34 62 36 52 #SUP: 2423
5 66 56 34 62 36 52 58 #SUP: 2423
5 66 56 34 62 60 #SUP: 2525
5 66 56 34 62 60 58 #SUP: 2525
5 66 56 34 62 60 40 #SUP: 2514
5 66 56 34 62 60 40 58 #SUP: 2514
5 66 56 34 62 60 40 29 #SUP: 2510
5 66 56 34 62 60 40 29 58 #SUP: 2510
5 66 56 34 62 60 40 29 52 #SUP: 2505
5 66 56 34 62 60 40 29 52 58 #SUP: 2505
5 66 56 34 62 60 40 52 #SUP: 2509
5 66 56 34 62 60 40 52 58 #SUP: 2509
5 66 56 34 62 60 29 #SUP: 2521
5 66 56 34 62 60 29 58 #SUP: 2521
5 66 56 34 62 60 29 52 #SUP: 2516
5 66 56 34 62 60 29 52 58 #SUP: 2516
5 66 56 34 62 60 52 #SUP: 2520
5 66 56 34 62 60 52 58 #SUP: 2520
5 66 56 34 62 40 #SUP: 2514
5 66 56 34 62 40 58 #SUP: 2514
5 66 56 34 62 40 29 #SUP: 2510
5 66 56 34 62 40 29 58 #SUP: 2510
5 66 56 34 62 40 29 52 #SUP: 2505
5 66 56 34 62 40 29 52 58 #SUP: 2505
5 66 56 34 62 40 52 #SUP: 2509
5 66 56 34 62 40 52 58 #SUP: 2509
5 66 56 34 62 29 #SUP: 2521
5 66 56 34 62 29 58 #SUP: 2521
5 66 56 34 62 29 52 #SUP: 2516
5 66 56 34 62 29 52 58 #SUP: 2516
5 66 56 34 62 52 #SUP: 2520
5 66 56 34 62 52 58 #SUP: 2520
5 66 56 34 7 #SUP: 2511
5 66 56 34 7 36 #SUP: 2414
5 66 56 34 7 36 60 #SUP: 2414
5 66 56 34 7 36 60 29 #SUP: 2412
5 66 56 34 7 36 60 29 52 #SUP: 2407
5 66 56 34 7 36 60 29 52 58 #SUP: 2406
5 66 56 34 7 36 60 29 58 #SUP: 2411
5 66 56 34 7 36 60 52 #SUP: 2409
5 66 56 34 7 36 60 52 58 #SUP: 2408
5 66 56 34 7 36 60 58 #SUP: 2413
5 66 56 34 7 36 29 #SUP: 2412
5 66 56 34 7 36 29 52 #SUP: 2407
5 66 56 34 7 36 29 52 58 #SUP: 2406
5 66 56 34 7 36 29 58 #SUP: 2411
5 66 56 34 7 36 52 #SUP: 2409
5 66 56 34 7 36 52 58 #SUP: 2408
5 66 56 34 7 36 58 #SUP: 2413
5 66 56 34 7 60 #SUP: 2511
5 66 56 34 7 60 40 #SUP: 2493
5 66 56 34 7 60 40 29 #SUP: 2491
5 66 56 34 7 60 40 29 52 #SUP: 2486
5 66 56 34 7 60 40 29 52 58 #SUP: 2485
5 66 56 34 7 60 40 29 58 #SUP: 2490
5 66 56 34 7 60 40 52 #SUP: 2488
5 66 56 34 7 60 40 52 58 #SUP: 2487
5 66 56 34 7 60 40 58 #SUP: 2492
5 66 56 34 7 60 29 #SUP: 2509
5 66 56 34 7 60 29 52 #SUP: 2504
5 66 56 34 7 60 29 52 58 #SUP: 2503
5 66 56 34 7 60 29 58 #SUP: 2508
5 66 56 34 7 60 52 #SUP: 2506
5 66 56 34 7 60 52 58 #SUP: 2505
5 66 56 34 7 60 58 #SUP: 2510
5 66 56 34 7 40 #SUP: 2493
5 66 56 34 7 40 29 #SUP: 2491
5 66 56 34 7 40 29 52 #SUP: 2486
5 66 56 34 7 40 29 52 58 #SUP: 2485
5 66 56 34 7 40 29 58 #SUP: 2490
5 66 56 34 7 40 52 #SUP: 2488
5 66 56 34 7 40 52 58 #SUP: 2487
5 66 56 34 7 40 58 #SUP: 2492
5 66 56 34 7 29 #SUP: 2509
5 66 56 34 7 29 52 #SUP: 2504
5 66 56 34 7 29 52 58 #SUP: 2503
5 66 56 34 7 29 58 #SUP: 2508
5 66 56 34 7 52 #SUP: 2506
5 66 56 34 7 52 58 #SUP: 2505
5 66 56 34 7 58 #SUP: 2510
5 66 56 34 36 #SUP: 2503
5 66 56 34 36 60 #SUP: 2503
5 66 56 34 36 60 40 #SUP: 2485
5 66 56 34 36 60 40 29 #SUP: 2481
5 66 56 34 36 60 40 29 52 #SUP: 2476
5 66 56 34 36 60 40 29 52 58 #SUP: 2475
5 66 56 34 36 60 40 29 58 #SUP: 2480
5 66 56 34 36 60 40 52 #SUP: 2480
5 66 56 34 36 60 40 52 58 #SUP: 2479
5 66 56 34 36 60 40 58 #SUP: 2484
5 66 56 34 36 60 29 #SUP: 2499
5 66 56 34 36 60 29 52 #SUP: 2494
5 66 56 34 36 60 29 52 58 #SUP: 2493
5 66 56 34 36 60 29 58 #SUP: 2498
5 66 56 34 36 60 52 #SUP: 2498
5 66 56 34 36 60 52 58 #SUP: 2497
5 66 56 34 36 60 58 #SUP: 2502
5 66 56 34 36 40 #SUP: 2485
5 66 56 34 36 40 29 #SUP: 2481
5 66 56 34 36 40 29 52 #SUP: 2476
5 66 56 34 36 40 29 52 58 #SUP: 2475
5 66 56 34 36 40 29 58 #SUP: 2480
5 66 56 34 36 40 52 #SUP: 2480
5 66 56 34 36 40 52 58 #SUP: 2479
5 66 56 34 36 40 58 #SUP: 2484
5 66 56 34 36 29 #SUP: 2499
5 66 56 34 36 29 52 #SUP: 2494
5 66 56 34 36 29 52 58 #SUP: 2493
5 66 56 34 36 29 58 #SUP: 2498
5 66 56 34 36 52 #SUP: 2498
5 66 56 34 36 52 58 #SUP: 2497
5 66 56 34 36 58 #SUP: 2502
5 66 56 34 60 #SUP: 2600
5 66 56 34 60 40 #SUP: 2582
5 66 56 34 60 40 29 #SUP: 2578
5 66 56 34 60 40 29 52 #SUP: 2573
5 66 56 34 60 40 29 52 58 #SUP: 2572
5 66 56 34 60 40 29 58 #SUP: 2577
5 66 56 34 60 40 52 #SUP: 2577
5 66 56 34 60 40 52 58 #SUP: 2576
5 66 56 34 60 40 58 #SUP: 2581
5 66 56 34 60 29 #SUP: 2596
5 66 56 34 60 29 52 #SUP: 2591
5 66 56 34 60 29 52 58 #SUP: 2590
5 66 56 34 60 29 58 #SUP: 2595
5 66 56 34 60 52 #SUP: 2595
5 66 56 34 60 52 58 #SUP: 2594
5 66 56 34 60 58 #SUP: 2599
5 66 56 34 40 #SUP: 2582
5 66 56 34 40 29 #SUP: 2578
5 66 56 34 40 29 52 #SUP: 2573
5 66 56 34 40 29 52 58 #SUP: 2572
5 66 56 34 40 29 58 #SUP: 2577
5 66 56 34 40 52 #SUP: 2577
5 66 56 34 40 52 58 #SUP: 2576
5 66 56 34 40 58 #SUP: 2581
5 66 56 34 29 #SUP: 2596
5 66 56 34 29 52 #SUP: 2591
5 66 56 34 29 52 58 #SUP: 2590
5 66 56 34 29 58 #SUP: 2595
5 66 56 34 52 #SUP: 2595
5 66 56 34 52 58 #SUP: 2594
5 66 56 34 58 #SUP: 2599
5 66 56 62 #SUP: 2588
5 66 56 62 58 #SUP: 2588
5 66 56 62 7 #SUP: 2497
5 66 56 62 7 58 #SUP: 2497
5 66 56 62 7 36 #SUP: 2400
5 66 56 62 7 36 58 #SUP: 2400
5 66 56 62 7 36 60 #SUP: 2400
5 66 56 62 7 36 60 58 #SUP: 2400
5 66 56 62 7 36 60 29 #SUP: 2398
5 66 56 62 7 36 60 29 58 #SUP: 2398
5 66 56 62 7 36 29 #SUP: 2398
5 66 56 62 7 36 29 58 #SUP: 2398
5 66 56 62 7 60 #SUP: 2497
5 66 56 62 7 60 58 #SUP: 2497
5 66 56 62 7 60 40 #SUP: 2485
5 66 56 62 7 60 40 58 #SUP: 2485
5 66 56 62 7 60 40 29 #SUP: 2483
5 66 56 62 7 60 40 29 58 #SUP: 2483
5 66 56 62 7 60 40 29 52 #SUP: 2478
5 66 56 62 7 60 40 29 52 58 #SUP: 2478
5 66 56 62 7 60 40 52 #SUP: 2480
5 66 56 62 7 60 40 52 58 #SUP: 2480
5 66 56 62 7 60 29 #SUP: 2495
5 66 56 62 7 60 29 58 #SUP: 2495
5 66 56 62 7 60 29 52 #SUP: 2490
5 66 56 62 7 60 29 52 58 #SUP: 2490
5 66 56 62 7 60 52 #SUP: 2492
5 66 56 62 7 60 52 58 #SUP: 2492
5 66 56 62 7 40 #SUP: 2485
5 66 56 62 7 40 58 #SUP: 2485
5 66 56 62 7 40 29 #SUP: 2483
5 66 56 62 7 40 29 58 #SUP: 2483
5 66 56 62 7 40 29 52 #SUP: 2478
5 66 56 62 7 40 29 52 58 #SUP: 2478
5 66 56 62 7 40 52 #SUP: 2480
5 66 56 62 7 40 52 58 #SUP: 2480
5 66 56 62 7 29 #SUP: 2495
5 66 56 62 7 29 58 #SUP: 2495
5 66 56 62 7 29 52 #SUP: 2490
5 66 56 62 7 29 52 58 #SUP: 2490
5 66 56 62 7 52 #SUP: 2492
5 66 56 62 7 52 58 #SUP: 2492
5 66 56 62 36 #SUP: 2491
5 66 56 62 36 58 #SUP: 2491
5 66 56 62 36 60 #SUP: 2491
5 66 56 62 36 60 58 #SUP: 2491
5 66 56 62 36 60 40 #SUP: 2479
5 66 56 62 36 60 40 58 #SUP: 2479
5 66 56 62 36 60 40 29 #SUP: 2475
5 66 56 62 36 60 40 29 58 #SUP: 2475
5 66 56 62 36 60 40 29 52 #SUP: 2470
5 66 56 62 36 60 40 29 52 58 #SUP: 2470
5 66 56 62 36 60 40 52 #SUP: 2474
5 66 56 62 36 60 40 52 58 #SUP: 2474
5 66 56 62 36 60 29 #SUP: 2487
5 66 56 62 36 60 29 58 #SUP: 2487
5 66 56 62 36 60 29 52 #SUP: 2482
5 66 56 62 36 60 29 52 58 #SUP: 2482
5 66 56 62 36 60 52 #SUP: 2486
5 66 56 62 36 60 52 58 #SUP: 2486
5 66 56 62 36 40 #SUP: 2479
5 66 56 62 36 40 58 #SUP: 2479
5 66 56 62 36 40 29 #SUP: 2475
5 66 56 62 36 40 29 58 #SUP: 2475
5 66 56 62 36 40 29 52 #SUP: 2470
5 66 56 62 36 40 29 52 58 #SUP: 2470
5 66 56 62 36 40 52 #SUP: 2474
5 66 56 62 36 40 52 58 #SUP: 2474
5 66 56 62 36 29 #SUP: 2487
5 66 56 62 36 29 58 #SUP: 2487
5 66 56 62 36 29 52 #SUP: 2482
5 66 56 62 36 29 52 58 #SUP: 2482
5 66 56 62 36 52 #SUP: 2486
5 66 56 62 36 52 58 #SUP: 2486
5 66 56 62 60 #SUP: 2588
5 66 56 62 60 58 #SUP: 2588
5 66 56 62 60 40 #SUP: 2576
5 66 56 62 60 40 58 #SUP: 2576
5 66 56 62 60 40 29 #SUP: 2572
5 66 56 62 60 40 29 58 #SUP: 2572
5 66 56 62 60 40 29 52 #SUP: 2567
5 66 56 62 60 40 29 52 58 #SUP: 2567
5 66 56 62 60 40 52 #SUP: 2571
5 66 56 62 60 40 52 58 #SUP: 2571
5 66 56 62 60 29 #SUP: 2584
5 66 56 62 60 29 58 #SUP: 2584
5 66 56 62 60 29 52 #SUP: 2579
5 66 56 62 60 29 52 58 #SUP: 2579
5 66 56 62 60 52 #SUP: 2583
5 66 56 62 60 52 58 #SUP: 2583
5 66 56 62 40 #SUP: 2576
5 66 56 62 40 58 #SUP: 2576
5 66 56 62 40 29 #SUP: 2572
5 66 56 62 40 29 58 #SUP: 2572
5 66 56 62 40 29 52 #SUP: 2567
5 66 56 62 40 29 52 58 #SUP: 2567
5 66 56 62 40 52 #SUP: 2571
5 66 56 62 40 52 58 #SUP: 2571
5 66 56 62 29 #SUP: 2584
5 66 56 62 29 58 #SUP: 2584
5 66 56 62 29 52 #SUP: 2579
5 66 56 62 29 52 58 #SUP: 2579
5 66 56 62 52 #SUP: 2583
5 66 56 62 52 58 #SUP: 2583
5 66 56 7 #SUP: 2573
5 66 56 7 36 #SUP: 2476
5 66 56 7 36 60 #SUP: 2476
5 66 56 7 36 60 40 #SUP: 2457
5 66 56 7 36 60 40 29 #SUP: 2455
5 66 56 7 36 60 40 29 52 #SUP: 2450
5 66 56 7 36 60 40 29 52 58 #SUP: 2449
5 66 56 7 36 60 40 29 58 #SUP: 2454
5 66 56 7 36 60 40 52 #SUP: 2452
5 66 56 7 36 60 40 52 58 #SUP: 2451
5 66 56 7 36 60 40 58 #SUP: 2456
5 66 56 7 36 60 29 #SUP: 2474
5 66 56 7 36 60 29 52 #SUP: 2469
5 66 56 7 36 60 29 52 58 #SUP: 2468
5 66 56 7 36 60 29 58 #SUP: 2473
5 66 56 7 36 60 52 #SUP: 2471
5 66 56 7 36 60 52 58 #SUP: 2470
5 66 56 7 36 60 58 #SUP: 2475
5 66 56 7 36 40 #SUP: 2457
5 66 56 7 36 40 29 #SUP: 2455
5 66 56 7 36 40 29 52 #SUP: 2450
5 66 56 7 36 40 29 52 58 #SUP: 2449
5 66 56 7 36 40 29 58 #SUP: 2454
5 66 56 7 36 40 52 #SUP: 2452
5 66 56 7 36 40 52 58 #SUP: 2451
5 66 56 7 36 40 58 #SUP: 2456
5 66 56 7 36 29 #SUP: 2474
5 66 56 7 36 29 52 #SUP: 2469
5 66 56 7 36 29 52 58 #SUP: 2468
5 66 56 7 36 29 58 #SUP: 2473
5 66 56 7 36 52 #SUP: 2471
5 66 56 7 36 52 58 #SUP: 2470
5 66 56 7 36 58 #SUP: 2475
5 66 56 7 60 #SUP: 2573
5 66 56 7 60 40 #SUP: 2554
5 66 56 7 60 40 29 #SUP: 2552
5 66 56 7 60 40 29 52 #SUP: 2547
5 66 56 7 60 40 29 52 58 #SUP: 2546
5 66 56 7 60 40 29 58 #SUP: 2551
5 66 56 7 60 40 52 #SUP: 2549
5 66 56 7 60 40 52 58 #SUP: 2548
5 66 56 7 60 40 58 #SUP: 2553
5 66 56 7 60 29 #SUP: 2571
5 66 56 7 60 29 52 #SUP: 2566
5 66 56 7 60 29 52 58 #SUP: 2565
5 66 56 7 60 29 58 #SUP: 2570
5 66 56 7 60 52 #SUP: 2568
5 66 56 7 60 52 58 #SUP: 2567
5 66 56 7 60 58 #SUP: 2572
5 66 56 7 40 #SUP: 2554
5 66 56 7 40 29 #SUP: 2552
5 66 56 7 40 29 52 #SUP: 2547
5 66 56 7 40 29 52 58 #SUP: 2546
5 66 56 7 40 29 58 #SUP: 2551
5 66 56 7 40 52 #SUP: 2549
5 66 56 7 40 52 58 #SUP: 2548
5 66 56 7 40 58 #SUP: 2553
5 66 56 7 29 #SUP: 2571
5 66 56 7 29 52 #SUP: 2566
5 66 56 7 29 52 58 #SUP: 2565
5 66 56 7 29 58 #SUP: 2570
5 66 56 7 52 #SUP: 2568
5 66 56 7 52 58 #SUP: 2567
5 66 56 7 58 #SUP: 2572
5 66 56 36 #SUP: 2567
5 66 56 36 60 #SUP: 2567
5 66 56 36 60 40 #SUP: 2548
5 66 56 36 60 40 29 #SUP: 2544
5 66 56 36 60 40 29 52 #SUP: 2539
5 66 56 36 60 40 29 52 58 #SUP: 2538
5 66 56 36 60 40 29 58 #SUP: 2543
5 66 56 36 60 40 52 #SUP: 2543
5 66 56 36 60 40 52 58 #SUP: 2542
5 66 56 36 60 40 58 #SUP: 2547
5 66 56 36 60 29 #SUP: 2563
5 66 56 36 60 29 52 #SUP: 2558
5 66 56 36 60 29 52 58 #SUP: 2557
5 66 56 36 60 29 58 #SUP: 2562
5 66 56 36 60 52 #SUP: 2562
5 66 56 36 60 52 58 #SUP: 2561
5 66 56 36 60 58 #SUP: 2566
5 66 56 36 40 #SUP: 2548
5 66 56 36 40 29 #SUP: 2544
5 66 56 36 40 29 52 #SUP: 2539
5 66 56 36 40 29 52 58 #SUP: 2538
5 66 56 36 40 29 58 #SUP: 2543
5 66 56 36 40 52 #SUP: 2543
5 66 56 36 40 52 58 #SUP: 2542
5 66 56 36 40 58 #SUP: 2547
5 66 56 36 29 #SUP: 2563
5 66 56 36 29 52 #SUP: 2558
5 66 56 36 29 52 58 #SUP: 2557
5 66 56 36 29 58 #SUP: 2562
5 66 56 36 52 #SUP: 2562
5 66 56 36 52 58 #SUP: 2561
5 66 56 36 58 #SUP: 2566
5 66 56 60 #SUP: 2664
5 66 56 60 40 #SUP: 2645
5 66 56 60 40 29 #SUP: 2641
5 66 56 60 40 29 52 #SUP: 2636
5 66 56 60 40 29 52 58 #SUP: 2635
5 66 56 60 40 29 58 #SUP: 2640
5 66 56 60 40 52 #SUP: 2640
5 66 56 60 40 52 58 #SUP: 2639
5 66 56 60 40 58 #SUP: 2644
5 66 56 60 29 #SUP: 2660
5 66 56 60 29 52 #SUP: 2655
5 66 56 60 29 52 58 #SUP: 2654
5 66 56 60 29 58 #SUP: 2659
5 66 56 60 52 #SUP: 2659
5 66 56 60 52 58 #SUP: 2658
5 66 56 60 58 #SUP: 2663
5 66 56 40 #SUP: 2645
5 66 56 40 29 #SUP: 2641
5 66 56 40 29 52 #SUP: 2636
5 66 56 40 29 52 58 #SUP: 2635
5 66 56 40 29 58 #SUP: 2640
5 66 56 40 52 #SUP: 2640
5 66 56 40 52 58 #SUP: 2639
5 66 56 40 58 #SUP: 2644
5 66 56 29 #SUP: 2660
5 66 56 29 52 #SUP: 2655
5 66 56 29 52 58 #SUP: 2654
5 66 56 29 58 #SUP: 2659
5 66 56 52 #SUP: 2659
5 66 56 52 58 #SUP: 2658
5 66 56 58 #SUP: 2663
5 66 34 #SUP: 2753
5 66 34 62 #SUP: 2647
5 66 34 62 58 #SUP: 2647
5 66 34 62 7 #SUP: 2542
5 66 34 62 7 58 #SUP: 2542
5 66 34 62 7 36 #SUP: 2445
5 66 34 62 7 36 58 #SUP: 2445
5 66 34 62 7 36 60 #SUP: 2445
5 66 34 62 7 36 60 58 #SUP: 2445
5 66 34 62 7 36 60 40 #SUP: 2434
5 66 34 62 7 36 60 40 58 #SUP: 2434
5 66 34 62 7 36 60 40 29 #SUP: 2432
5 66 34 62 7 36 60 40 29 58 #SUP: 2432
5 66 34 62 7 36 60 40 29 52 #SUP: 2423
5 66 34 62 7 36 60 40 29 52 58 #SUP: 2423
5 66 34 62 7 36 60 40 52 #SUP: 2425
5 66 34 62 7 36 60 40 52 58 #SUP: 2425
5 66 34 62 7 36 60 29 #SUP: 2443
5 66 34 62 7 36 60 29 58 #SUP: 2443
5 66 34 62 7 36 60 29 52 #SUP: 2434
5 66 34 62 7 36 60 29 52 58 #SUP: 2434
5 66 34 62 7 36 60 52 #SUP: 2436
5 66 34 62 7 36 60 52 58 #SUP: 2436
5 66 34 62 7 36 40 #SUP: 2434
5 66 34 62 7 36 40 58 #SUP: 2434
5 66 34 62 7 36 40 29 #SUP: 2432
5 66 34 62 7 36 40 29 58 #SUP: 2432
5 66 34 62 7 36 40 29 52 #SUP: 2423
5 66 34 62 7 36 40 29 52 58 #SUP: 2423
5 66 34 62 7 36 40 52 #SUP: 2425
5 66 34 62 7 36 40 52 58 #SUP: 2425
5 66 34 62 7 36 29 #SUP: 2443
5 66 34 62 7 36 29 58 #SUP: 2443
5 66 34 62 7 36 29 52 #SUP: 2434
5 66 34 62 7 36 29 52 58 #SUP: 2434
5 66 34 62 7 36 52 #SUP: 2436
5 66 34 62 7 36 52 58 #SUP: 2436
5 66 34 62 7 60 #SUP: 2542
5 66 34 62 7 60 58 #SUP: 2542
5 66 34 62 7 60 40 #SUP: 2531
5 66 34 62 7 60 40 58 #SUP: 2531
5 66 34 62 7 60 40 29 #SUP: 2529
5 66 34 62 7 60 40 29 58 #SUP: 2529
5 66 34 62 7 60 40 29 52 #SUP: 2520
5 66 34 62 7 60 40 29 52 58 #SUP: 2520
5 66 34 62 7 60 40 52 #SUP: 2522
5 66 34 62 7 60 40 52 58 #SUP: 2522
5 66 34 62 7 60 29 #SUP: 2540
5 66 34 62 7 60 29 58 #SUP: 2540
5 66 34 62 7 60 29 52 #SUP: 2531
5 66 34 62 7 60 29 52 58 #SUP: 2531
5 66 34 62 7 60 52 #SUP: 2533
5 66 34 62 7 60 52 58 #SUP: 2533
5 66 34 62 7 40 #SUP: 2531
5 66 34 62 7 40 58 #SUP: 2531
5 66 34 62 7 40 29 #SUP: 2529
5 66 34 62 7 40 29 58 #SUP: 2529
5 66 34 62 7 40 29 52 #SUP: 2520
5 66 34 62 7 40 29 52 58 #SUP: 2520
5 66 34 62 7 40 52 #SUP: 2522
5 66 34 62 7 40 52 58 #SUP: 2522
5 66 34 62 7 29 #SUP: 2540
5 66 34 62 7 29 58 #SUP: 2540
5 66 34 62 7 29 52 #SUP: 2531
5 66 34 62 7 29 52 58 #SUP: 2531
5 66 34 62 7 52 #SUP: 2533
5 66 34 62 7 52 58 #SUP: 2533
5 66 34 62 36 #SUP: 2550
5 66 34 62 36 58 #SUP: 2550
5 66 34 62 36 60 #SUP: 2550
5 66 34 62 36 60 58 #SUP: 2550
5 66 34 62 36 60 40 #SUP: 2539
5 66 34 62 36 60 40 58 #SUP: 2539
5 66 34 62 36 60 40 29 #SUP: 2535
5 66 34 62 36 60 40 29 58 #SUP: 2535
5 66 34 62 36 60 40 29 52 #SUP: 2526
5 66 34 62 36 60 40 29 52 58 #SUP: 2526
5 66 34 62 36 60 40 52 #SUP: 2530
5 66 34 62 36 60 40 52 58 #SUP: 2530
5 66 34 62 36 60 29 #SUP: 2546
5 66 34 62 36 60 29 58 #SUP: 2546
5 66 34 62 36 60 29 52 #SUP: 2537
5 66 34 62 36 60 29 52 58 #SUP: 2537
5 66 34 62 36 60 52 #SUP: 2541
5 66 34 62 36 60 52 58 #SUP: 2541
5 66 34 62 36 40 #SUP: 2539
5 66 34 62 36 40 58 #SUP: 2539
5 66 34 62 36 40 29 #SUP: 2535
5 66 34 62 36 40 29 58 #SUP: 2535
5 66 34 62 36 40 29 52 #SUP: 2526
5 66 34 62 36 40 29 52 58 #SUP: 2526
5 66 34 62 36 40 52 #SUP: 2530
5 66 34 62 36 40 52 58 #SUP: 2530
5 66 34 62 36 29 #SUP: 2546
5 66 34 62 36 29 58 #SUP: 2546
5 66 34 62 36 29 52 #SUP: 2537
5 66 34 62 36 29 52 58 #SUP: 2537
5 66 34 62 36 52 #SUP: 2541
5 66 34 62 36 52 58 #SUP: 2541
5 66 34 62 60 #SUP: 2647
5 66 34 62 60 58 #SUP: 2647
5 66 34 62 60 40 #SUP: 2636
5 66 34 62 60 40 58 #SUP: 2636
5 66 34 62 60 40 29 #SUP: 2632
5 66 34 62 60 40 29 58 #SUP: 2632
5 66 34 62 60 40 29 52 #SUP: 2623
5 66 34 62 60 40 29 52 58 #SUP: 2623
5 66 34 62 60 40 52 #SUP: 2627
5 66 34 62 60 40 52 58 #SUP: 2627
5 66 34 62 60 29 #SUP: 2643
5 66 34 62 60 29 58 #SUP: 2643
5 66 34 62 60 29 52 #SUP: 2634
5 66 34 62 60 29 52 58 #SUP: 2634
5 66 34 62 60 52 #SUP: 2638
5 66 34 62 60 52 58 #SUP: 2638
5 66 34 62 40 #SUP: 2636
5 66 34 62 40 58 #SUP: 2636
5 66 34 62 40 29 #SUP: 2632
5 66 34 62 40 29 58 #SUP: 2632
5 66 34 62 40 29 52 #SUP: 2623
5 66 34 62 40 29 52 58 #SUP: 2623
5 66 34 62 40 52 #SUP: 2627
5 66 34 62 40 52 58 #SUP: 2627
5 66 34 62 29 #SUP: 2643
5 66 34 62 29 58 #SUP: 2643
5 66 34 62 29 52 #SUP: 2634
5 66 34 62 29 52 58 #SUP: 2634
5 66 34 62 52 #SUP: 2638
5 66 34 62 52 58 #SUP: 2638
5 66 34 7 #SUP: 2648
5 66 34 7 36 #SUP: 2551
5 66 34 7 36 60 #SUP: 2551
5 66 34 7 36 60 40 #SUP: 2533
5 66 34 7 36 60 40 29 #SUP: 2531
5 66 34 7 36 60 40 29 52 #SUP: 2522
5 66 34 7 36 60 40 29 52 58 #SUP: 2521
5 66 34 7 36 60 40 29 58 #SUP: 2530
5 66 34 7 36 60 40 52 #SUP: 2524
5 66 34 7 36 60 40 52 58 #SUP: 2523
5 66 34 7 36 60 40 58 #SUP: 2532
5 66 34 7 36 60 29 #SUP: 2549
5 66 34 7 36 60 29 52 #SUP: 2540
5 66 34 7 36 60 29 52 58 #SUP: 2539
5 66 34 7 36 60 29 58 #SUP: 2548
5 66 34 7 36 60 52 #SUP: 2542
5 66 34 7 36 60 52 58 #SUP: 2541
5 66 34 7 36 60 58 #SUP: 2550
5 66 34 7 36 40 #SUP: 2533
5 66 34 7 36 40 29 #SUP: 2531
5 66 34 7 36 40 29 52 #SUP: 2522
5 66 34 7 36 40 29 52 58 #SUP: 2521
5 66 34 7 36 40 29 58 #SUP: 2530
5 66 34 7 36 40 52 #SUP: 2524
5 66 34 7 36 40 52 58 #SUP: 2523
5 66 34 7 36 40 58 #SUP: 2532
5 66 34 7 36 29 #SUP: 2549
5 66 34 7 36 29 52 #SUP: 2540
5 66 34 7 36 29 52 58 #SUP: 2539
5 66 34 7 36 29 58 #SUP: 2548
5 66 34 7 36 52 #SUP: 2542
5 66 34 7 36 52 58 #SUP: 2541
5 66 34 7 36 58 #SUP: 2550
5 66 34 7 60 #SUP: 2648
5 66 34 7 60 40 #SUP: 2630
5 66 34 7 60 40 29 #SUP: 2628
5 66 34 7 60 40 29 52 #SUP: 2619
5 66 34 7 60 40 29 52 58 #SUP: 2618
5 66 34 7 60 40 29 58 #SUP: 2627
5 66 34 7 60 40 52 #SUP: 2621
5 66 34 7 60 40 52 58 #SUP: 2620
5 66 34 7 60 40 58 #SUP: 2629
5 66 34 7 60 29 #SUP: 2646
5 66 34 7 60 29 52 #SUP: 2637
5 66 34 7 60 29 52 58 #SUP: 2636
5 66 34 7 60 29 58 #SUP: 2645
5 66 34 7 60 52 #SUP: 2639
5 66 34 7 60 52 58 #SUP: 2638
5 66 34 7 60 58 #SUP: 2647
5 66 34 7 40 #SUP: 2630
5 66 34 7 40 29 #SUP: 2628
5 66 34 7 40 29 52 #SUP: 2619
5 66 34 7 40 29 52 58 #SUP: 2618
5 66 34 7 40 29 58 #SUP: 2627
5 66 34 7 40 52 #SUP: 2621
5 66 34 7 40 52 58 #SUP: 2620
5 66 34 7 40 58 #SUP: 2629
5 66 34 7 29 #SUP: 2646
5 66 34 7 29 52 #SUP: 2637
5 66 34 7 29 52 58 #SUP: 2636
5 66 34 7 29 58 #SUP: 2645
5 66 34 7 52 #SUP: 2639
5 66 34 7 52 58 #SUP: 2638
5 66 34 7 58 #SUP: 2647
5 66 34 36 #SUP: 2656
5 66 34 36 60 #SUP: 2656
5 66 34 36 60 40 #SUP: 2638
5 66 34 36 60 40 29 #SUP: 2634
5 66 34 36 60 40 29 52 #SUP: 2625
5 66 34 36 60 40 29 52 58 #SUP: 2624
5 66 34 36 60 40 29 58 #SUP: 2633
5 66 34 36 60 40 52 #SUP: 2629
5 66 34 36 60 40 52 58 #SUP: 2628
5 66 34 36 60 40 58 #SUP: 2637
5 66 34 36 60 29 #SUP: 2652
5 66 34 36 60 29 52 #SUP: 2643
5 66 34 36 60 29 52 58 #SUP: 2642
5 66 34 36 60 29 58 #SUP: 2651
5 66 34 36 60 52 #SUP: 2647
5 66 34 36 60 52 58 #SUP: 2646
5 66 34 36 60 58 #SUP: 2655
5 66 34 36 40 #SUP: 2638
5 66 34 36 40 29 #SUP: 2634
5 66 34 36 40 29 52 #SUP: 2625
5 66 34 36 40 29 52 58 #SUP: 2624
5 66 34 36 40 29 58 #SUP: 2633
5 66 34 36 40 52 #SUP: 2629
5 66 34 36 40 52 58 #SUP: 2628
5 66 34 36 40 58 #SUP: 2637
5 66 34 36 29 #SUP: 2652
5 66 34 36 29 52 #SUP: 2643
5 66 34 36 29 52 58 #SUP: 2642
5 66 34 36 29 58 #SUP: 2651
5 66 34 36 52 #SUP: 2647
5 66 34 36 52 58 #SUP: 2646
5 66 34 36 58 #SUP: 2655
5 66 34 60 #SUP: 2753
5 66 34 60 40 #SUP: 2735
5 66 34 60 40 29 #SUP: 2731
5 66 34 60 40 29 52 #SUP: 2722
5 66 34 60 40 29 52 58 #SUP: 2721
5 66 34 60 40 29 58 #SUP: 2730
5 66 34 60 40 52 #SUP: 2726
5 66 34 60 40 52 58 #SUP: 2725
5 66 34 60 40 58 #SUP: 2734
5 66 34 60 29 #SUP: 2749
5 66 34 60 29 52 #SUP: 2740
5 66 34 60 29 52 58 #SUP: 2739
5 66 34 60 29 58 #SUP: 2748
5 66 34 60 52 #SUP: 2744
5 66 34 60 52 58 #SUP: 2743
5 66 34 60 58 #SUP: 2752
5 66 34 40 #SUP: 2735
5 66 34 40 29 #SUP: 2731
5 66 34 40 29 52 #SUP: 2722
5 66 34 40 29 52 58 #SUP: 2721
5 66 34 40 29 58 #SUP: 2730
5 66 34 40 52 #SUP: 2726
5 66 34 40 52 58 #SUP: 2725
5 66 34 40 58 #SUP: 2734
5 66 34 29 #SUP: 2749
5 66 34 29 52 #SUP: 2740
5 66 34 29 52 58 #SUP: 2739
5 66 34 29 58 #SUP: 2748
5 66 34 52 #SUP: 2744
5 66 34 52 58 #SUP: 2743
5 66 34 58 #SUP: 2752
5 66 62 #SUP: 2725
5 66 62 58 #SUP: 2725
5 66 62 7 #SUP: 2616
5 66 62 7 58 #SUP: 2616
5 66 62 7 36 #SUP: 2519
5 66 62 7 36 58 #SUP: 2519
5 66 62 7 36 60 #SUP: 2519
5 66 62 7 36 60 58 #SUP: 2519
5 66 62 7 36 60 40 #SUP: 2506
5 66 62 7 36 60 40 58 #SUP: 2506
5 66 62 7 36 60 40 29 #SUP: 2504
5 66 62 7 36 60 40 29 58 #SUP: 2504
5 66 62 7 36 60 40 29 52 #SUP: 2493
5 66 62 7 36 60 40 29 52 58 #SUP: 2493
5 66 62 7 36 60 40 52 #SUP: 2495
5 66 62 7 36 60 40 52 58 #SUP: 2495
5 66 62 7 36 60 29 #SUP: 2517
5 66 62 7 36 60 29 58 #SUP: 2517
5 66 62 7 36 60 29 52 #SUP: 2506
5 66 62 7 36 60 29 52 58 #SUP: 2506
5 66 62 7 36 60 52 #SUP: 2508
5 66 62 7 36 60 52 58 #SUP: 2508
5 66 62 7 36 40 #SUP: 2506
5 66 62 7 36 40 58 #SUP: 2506
5 66 62 7 36 40 29 #SUP: 2504
5 66 62 7 36 40 29 58 #SUP: 2504
5 66 62 7 36 40 29 52 #SUP: 2493
5 66 62 7 36 40 29 52 58 #SUP: 2493
5 66 62 7 36 40 52 #SUP: 2495
5 66 62 7 36 40 52 58 #SUP: 2495
5 66 62 7 36 29 #SUP: 2517
5 66 62 7 36 29 58 #SUP: 2517
5 66 62 7 36 29 52 #SUP: 2506
5 66 62 7 36 29 52 58 #SUP: 2506
5 66 62 7 36 52 #SUP: 2508
5 66 62 7 36 52 58 #SUP: 2508
5 66 62 7 60 #SUP: 2616
5 66 62 7 60 58 #SUP: 2616
5 66 62 7 60 40 #SUP: 2603
5 66 62 7 60 40 58 #SUP: 2603
5 66 62 7 60 40 29 #SUP: 2601
5 66 62 7 60 40 29 58 #SUP: 2601
5 66 62 7 60 40 29 52 #SUP: 2590
5 66 62 7 60 40 29 52 58 #SUP: 2590
5 66 62 7 60 40 52 #SUP: 2592
5 66 62 7 60 40 52 58 #SUP: 2592
5 66 62 7 60 29 #SUP: 2614
5 66 62 7 60 29 58 #SUP: 2614
5 66 62 7 60 29 52 #SUP: 2603
5 66 62 7 60 29 52 58 #SUP: 2603
5 66 62 7 60 52 #SUP: 2605
5 66 62 7 60 52 58 #SUP: 2605
5 66 62 7 40 #SUP: 2603
5 66 62 7 40 58 #SUP: 2603
5 66 62 7 40 29 #SUP: 2601
5 66 62 7 40 29 58 #SUP: 2601
5 66 62 7 40 29 52 #SUP: 2590
5 66 62 7 40 29 52 58 #SUP: 2590
5 66 62 7 40 52 #SUP: 2592
5 66 62 7 40 52 58 #SUP: 2592
5 66 62 7 29 #SUP: 2614
5 66 62 7 29 58 #SUP: 2614
5 66 62 7 29 52 #SUP: 2603
5 66 62 7 29 52 58 #SUP: 2603
5 66 62 7 52 #SUP: 2605
5 66 62 7 52 58 #SUP: 2605
5 66 62 36 #SUP: 2628
5 66 62 36 58 #SUP: 2628
5 66 62 36 60 #SUP: 2628
5 66 62 36 60 58 #SUP: 2628
5 66 62 36 60 40 #SUP: 2615
5 66 62 36 60 40 58 #SUP: 2615
5 66 62 36 60 40 29 #SUP: 2611
5 66 62 36 60 40 29 58 #SUP: 2611
5 66 62 36 60 40 29 52 #SUP: 2600
5 66 62 36 60 40 29 52 58 #SUP: 2600
5 66 62 36 60 40 52 #SUP: 2604
5 66 62 36 60 40 52 58 #SUP: 2604
5 66 62 36 60 29 #SUP: 2624
5 66 62 36 60 29 58 #SUP: 2624
5 66 62 36 60 29 52 #SUP: 2613
5 66 62 36 60 29 52 58 #SUP: 2613
5 66 62 36 60 52 #SUP: 2617
5 66 62 36 60 52 58 #SUP: 2617
5 66 62 36 40 #SUP: 2615
5 66 62 36 40 58 #SUP: 2615
5 66 62 36 40 29 #SUP: 2611
5 66 62 36 40 29 58 #SUP: 2611
5 66 62 36 40 29 52 #SUP: 2600
5 66 62 36 40 29 52 58 #SUP: 2600
5 66 62 36 40 52 #SUP: 2604
5 66 62 36 40 52 58 #SUP: 2604
5 66 62 36 29 #SUP: 2624
5 66 62 36 29 58 #SUP: 2624
5 66 62 36 29 52 #SUP: 2613
5 66 62 36 29 52 58 #SUP: 2613
5 66 62 36 52 #SUP: 2617
5 66 62 36 52 58 #SUP: 2617
5 66 62 60 #SUP: 2725
5 66 62 60 58 #SUP: 2725
5 66 62 60 40 #SUP: 2712
5 66 62 60 40 58 #SUP: 2712
5 66 62 60 40 29 #SUP: 2708
5 66 62 60 40 29 58 #SUP: 2708
5 66 62 60 40 29 52 #SUP: 2697
5 66 62 60 40 29 52 58 #SUP: 2697
5 66 62 60 40 52 #SUP: 2701
5 66 62 60 40 52 58 #SUP: 2701
5 66 62 60 29 #SUP: 2721
5 66 62 60 29 58 #SUP: 2721
5 66 62 60 29 52 #SUP: 2710
5 66 62 60 29 52 58 #SUP: 2710
5 66 62 60 52 #SUP: 2714
5 66 62 60 52 58 #SUP: 2714
5 66 62 40 #SUP: 2712
5 66 62 40 58 #SUP: 2712
5 66 62 40 29 #SUP: 2708
5 66 62 40 29 58 #SUP: 2708
5 66 62 40 29 52 #SUP: 2697
5 66 62 40 29 52 58 #SUP: 2697
5 66 62 40 52 #SUP: 2701
5 66 62 40 52 58 #SUP: 2701
5 66 62 29 #SUP: 2721
5 66 62 29 58 #SUP: 2721
5 66 62 29 52 #SUP: 2710
5 66 62 29 52 58 #SUP: 2710
5 66 62 52 #SUP: 2714
5 66 62 52 58 #SUP: 2714
5 66 7 #SUP: 2723
5 66 7 36 #SUP: 2626
5 66 7 36 60 #SUP: 2626
5 66 7 36 60 40 #SUP: 2606
5 66 7 36 60 40 29 #SUP: 2604
5 66 7 36 60 40 29 52 #SUP: 2593
5 66 7 36 60 40 29 52 58 #SUP: 2592
5 66 7 36 60 40 29 58 #SUP: 2603
5 66 7 36 60 40 52 #SUP: 2595
5 66 7 36 60 40 52 58 #SUP: 2594
5 66 7 36 60 40 58 #SUP: 2605
5 66 7 36 60 29 #SUP: 2624
5 66 7 36 60 29 52 #SUP: 2613
5 66 7 36 60 29 52 58 #SUP: 2612
5 66 7 36 60 29 58 #SUP: 2623
5 66 7 36 60 52 #SUP: 2615
5 66 7 36 60 52 58 #SUP: 2614
5 66 7 36 60 58 #SUP: 2625
5 66 7 36 40 #SUP: 2606
5 66 7 36 40 29 #SUP: 2604
5 66 7 36 40 29 52 #SUP: 2593
5 66 7 36 40 29 52 58 #SUP: 2592
5 66 7 36 40 29 58 #SUP: 2603
5 66 7 36 40 52 #SUP: 2595
5 66 7 36 40 52 58 #SUP: 2594
5 66 7 36 40 58 #SUP: 2605
5 66 7 36 29 #SUP: 2624
5 66 7 36 29 52 #SUP: 2613
5 66 7 36 29 52 58 #SUP: 2612
5 66 7 36 29 58 #SUP: 2623
5 66 7 36 52 #SUP: 2615
5 66 7 36 52 58 #SUP: 2614
5 66 7 36 58 #SUP: 2625
5 66 7 60 #SUP: 2723
5 66 7 60 40 #SUP: 2703
5 66 7 60 40 29 #SUP: 2701
5 66 7 60 40 29 52 #SUP: 2690
5 66 7 60 40 29 52 58 #SUP: 2689
5 66 7 60 40 29 58 #SUP: 2700
5 66 7 60 40 52 #SUP: 2692
5 66 7 60 40 52 58 #SUP: 2691
5 66 7 60 40 58 #SUP: 2702
5 66 7 60 29 #SUP: 2721
5 66 7 60 29 52 #SUP: 2710
5 66 7 60 29 52 58 #SUP: 2709
5 66 7 60 29 58 #SUP: 2720
5 66 7 60 52 #SUP: 2712
5 66 7 60 52 58 #SUP: 2711
5 66 7 60 58 #SUP: 2722
5 66 7 40 #SUP: 2703
5 66 7 40 29 #SUP: 2701
5 66 7 40 29 52 #SUP: 2690
5 66 7 40 29 52 58 #SUP: 2689
5 66 7 40 29 58 #SUP: 2700
5 66 7 40 52 #SUP: 2692
5 66 7 40 52 58 #SUP: 2691
5 66 7 40 58 #SUP: 2702
5 66 7 29 #SUP: 2721
5 66 7 29 52 #SUP: 2710
5 66 7 29 52 58 #SUP: 2709
5 66 7 29 58 #SUP: 2720
5 66 7 52 #SUP: 2712
5 66 7 52 58 #SUP: 2711
5 66 7 58 #SUP: 2722
5 66 36 #SUP: 2735
5 66 36 60 #SUP: 2735
5 66 36 60 40 #SUP: 2715
5 66 36 60 40 29 #SUP: 2711
5 66 36 60 40 29 52 #SUP: 2700
5 66 36 60 40 29 52 58 #SUP: 2699
5 66 36 60 40 29 58 #SUP: 2710
5 66 36 60 40 52 #SUP: 2704
5 66 36 60 40 52 58 #SUP: 2703
5 66 36 60 40 58 #SUP: 2714
5 66 36 60 29 #SUP: 2731
5 66 36 60 29 52 #SUP: 2720
5 66 36 60 29 52 58 #SUP: 2719
5 66 36 60 29 58 #SUP: 2730
5 66 36 60 52 #SUP: 2724
5 66 36 60 52 58 #SUP: 2723
5 66 36 60 58 #SUP: 2734
5 66 36 40 #SUP: 2715
5 66 36 40 29 #SUP: 2711
5 66 36 40 29 52 #SUP: 2700
5 66 36 40 29 52 58 #SUP: 2699
5 66 36 40 29 58 #SUP: 2710
5 66 36 40 52 #SUP: 2704
5 66 36 40 52 58 #SUP: 2703
5 66 36 40 58 #SUP: 2714
5 66 36 29 #SUP: 2731
5 66 36 29 52 #SUP: 2720
5 66 36 29 52 58 #SUP: 2719
5 66 36 29 58 #SUP: 2730
5 66 36 52 #SUP: 2724
5 66 36 52 58 #SUP: 2723
5 66 36 58 #SUP: 2734
5 66 60 #SUP: 2832
5 66 60 40 #SUP: 2812
5 66 60 40 29 #SUP: 2808
5 66 60 40 29 52 #SUP: 2797
5 66 60 40 29 52 58 #SUP: 2796
5 66 60 40 29 58 #SUP: 2807
5 66 60 40 52 #SUP: 2801
5 66 60 40 52 58 #SUP: 2800
5 66 60 40 58 #SUP: 2811
5 66 60 29 #SUP: 2828
5 66 60 29 52 #SUP: 2817
5 66 60 29 52 58 #SUP: 2816
5 66 60 29 58 #SUP: 2827
5 66 60 52 #SUP: 2821
5 66 60 52 58 #SUP: 2820
5 66 60 58 #SUP: 2831
5 66 40 #SUP: 2812
5 66 40 29 #SUP: 2808
5 66 40 29 52 #SUP: 2797
5 66 40 29 52 58 #SUP: 2796
5 66 40 29 58 #SUP: 2807
5 66 40 52 #SUP: 2801
5 66 40 52 58 #SUP: 2800
5 66 40 58 #SUP: 2811
5 66 29 #SUP: 2828
5 66 29 52 #SUP: 2817
5 66 29 52 58 #SUP: 2816
5 66 29 58 #SUP: 2827
5 66 52 #SUP: 2821
5 66 52 58 #SUP: 2820
5 66 58 #SUP: 2831
5 56 #SUP: 2803
5 56 34 #SUP: 2736
5 56 34 62 #SUP: 2656
5 56 34 62 58 #SUP: 2656
5 56 34 62 7 #SUP: 2566
5 56 34 62 7 58 #SUP: 2566
5 56 34 62 7 36 #SUP: 2469
5 56 34 62 7 36 58 #SUP: 2469
5 56 34 62 7 36 60 #SUP: 2425
5 56 34 62 7 36 60 58 #SUP: 2425
5 56 34 62 7 36 60 40 #SUP: 2414
5 56 34 62 7 36 60 40 58 #SUP: 2414
5 56 34 62 7 36 60 40 29 #SUP: 2412
5 56 34 62 7 36 60 40 29 58 #SUP: 2412
5 56 34 62 7 36 60 40 29 52 #SUP: 2407
5 56 34 62 7 36 60 40 29 52 58 #SUP: 2407
5 56 34 62 7 36 60 40 52 #SUP: 2409
5 56 34 62 7 36 60 40 52 58 #SUP: 2409
5 56 34 62 7 36 60 29 #SUP: 2423
5 56 34 62 7 36 60 29 58 #SUP: 2423
5 56 34 62 7 36 60 29 52 #SUP: 2418
5 56 34 62 7 36 60 29 52 58 #SUP: 2418
5 56 34 62 7 36 60 52 #SUP: 2420
5 56 34 62 7 36 60 52 58 #SUP: 2420
5 56 34 62 7 36 40 #SUP: 2458
5 56 34 62 7 36 40 58 #SUP: 2458
5 56 34 62 7 36 40 29 #SUP: 2456
5 56 34 62 7 36 40 29 58 #SUP: 2456
5 56 34 62 7 36 40 29 52 #SUP: 2451
5 56 34 62 7 36 40 29 52 58 #SUP: 2451
5 56 34 62 7 36 40 52 #SUP: 2453
5 56 34 62 7 36 40 52 58 #SUP: 2453
5 56 34 62 7 36 29 #SUP: 2467
5 56 34 62 7 36 29 58 #SUP: 2467
5 56 34 62 7 36 29 52 #SUP: 2462
5 56 34 62 7 36 29 52 58 #SUP: 2462
5 56 34 62 7 36 52 #SUP: 2464
5 56 34 62 7 36 52 58 #SUP: 2464
5 56 34 62 7 60 #SUP: 2522
5 56 34 62 7 60 58 #SUP: 2522
5 56 34 62 7 60 40 #SUP: 2511
5 56 34 62 7 60 40 58 #SUP: 2511
5 56 34 62 7 60 40 29 #SUP: 2509
5 56 34 62 7 60 40 29 58 #SUP: 2509
5 56 34 62 7 60 40 29 52 #SUP: 2504
5 56 34 62 7 60 40 29 52 58 #SUP: 2504
5 56 34 62 7 60 40 52 #SUP: 2506
5 56 34 62 7 60 40 52 58 #SUP: 2506
5 56 34 62 7 60 29 #SUP: 2520
5 56 34 62 7 60 29 58 #SUP: 2520
5 56 34 62 7 60 29 52 #SUP: 2515
5 56 34 62 7 60 29 52 58 #SUP: 2515
5 56 34 62 7 60 52 #SUP: 2517
5 56 34 62 7 60 52 58 #SUP: 2517
5 56 34 62 7 40 #SUP: 2555
5 56 34 62 7 40 58 #SUP: 2555
5 56 34 62 7 40 29 #SUP: 2553
5 56 34 62 7 40 29 58 #SUP: 2553
5 56 34 62 7 40 29 52 #SUP: 2548
5 56 34 62 7 40 29 52 58 #SUP: 2548
5 56 34 62 7 40 52 #SUP: 2550
5 56 34 62 7 40 52 58 #SUP: 2550
5 56 34 62 7 29 #SUP: 2564
5 56 34 62 7 29 58 #SUP: 2564
5 56 34 62 7 29 52 #SUP: 2559
5 56 34 62 7 29 52 58 #SUP: 2559
5 56 34 62 7 52 #SUP: 2561
5 56 34 62 7 52 58 #SUP: 2561
5 56 34 62 36 #SUP: 2559
5 56 34 62 36 58 #SUP: 2559
5 56 34 62 36 60 #SUP: 2515
5 56 34 62 36 60 58 #SUP: 2515
5 56 34 62 36 60 40 #SUP: 2504
5 56 34 62 36 60 40 58 #SUP: 2504
5 56 34 62 36 60 40 29 #SUP: 2500
5 56 34 62 36 60 40 29 58 #SUP: 2500
5 56 34 62 36 60 40 29 52 #SUP: 2495
5 56 34 62 36 60 40 29 52 58 #SUP: 2495
5 56 34 62 36 60 40 52 #SUP: 2499
5 56 34 62 36 60 40 52 58 #SUP: 2499
5 56 34 62 36 60 29 #SUP: 2511
5 56 34 62 36 60 29 58 #SUP: 2511
5 56 34 62 36 60 29 52 #SUP: 2506
5 56 34 62 36 60 29 52 58 #SUP: 2506
5 56 34 62 36 60 52 #SUP: 2510
5 56 34 62 36 60 52 58 #SUP: 2510
5 56 34 62 36 40 #SUP: 2548
5 56 34 62 36 40 58 #SUP: 2548
5 56 34 62 36 40 29 #SUP: 2544
5 56 34 62 36 40 29 58 #SUP: 2544
5 56 34 62 36 40 29 52 #SUP: 2539
5 56 34 62 36 40 29 52 58 #SUP: 2539
5 56 34 62 36 40 52 #SUP: 2543
5 56 34 62 36 40 52 58 #SUP: 2543
5 56 34 62 36 29 #SUP: 2555
5 56 34 62 36 29 58 #SUP: 2555
5 56 34 62 36 29 52 #SUP: 2550
5 56 34 62 36 29 52 58 #SUP: 2550
5 56 34 62 36 52 #SUP: 2554
5 56 34 62 36 52 58 #SUP: 2554
5 56 34 62 60 #SUP: 2612
5 56 34 62 60 58 #SUP: 2612
5 56 34 62 60 40 #SUP: 2601
5 56 34 62 60 40 58 #SUP: 2601
5 56 34 62 60 40 29 #SUP: 2597
5 56 34 62 60 40 29 58 #SUP: 2597
5 56 34 62 60 40 29 52 #SUP: 2592
5 56 34 62 60 40 29 52 58 #SUP: 2592
5 56 34 62 60 40 52 #SUP: 2596
5 56 34 62 60 40 52 58 #SUP: 2596
5 56 34 62 60 29 #SUP: 2608
5 56 34 62 60 29 58 #SUP: 2608
5 56 34 62 60 29 52 #SUP: 2603
5 56 34 62 60 29 52 58 #SUP: 2603
5 56 34 62 60 52 #SUP: 2607
5 56 34 62 60 52 58 #SUP: 2607
5 56 34 62 40 #SUP: 2645
5 56 34 62 40 58 #SUP: 2645
5 56 34 62 40 29 #SUP: 2641
5 56 34 62 40 29 58 #SUP: 2641
5 56 34 62 40 29 52 #SUP: 2636
5 56 34 62 40 29 52 58 #SUP: 2636
5 56 34 62 40 52 #SUP: 2640
5 56 34 62 40 52 58 #SUP: 2640
5 56 34 62 29 #SUP: 2652
5 56 34 62 29 58 #SUP: 2652
5 56 34 62 29 52 #SUP: 2647
5 56 34 62 29 52 58 #SUP: 2647
5 56 34 62 52 #SUP: 2651
5 56 34 62 52 58 #SUP: 2651
5 56 34 7 #SUP: 2646
5 56 34 7 36 #SUP: 2549
5 56 34 7 36 60 #SUP: 2504
5 56 34 7 36 60 40 #SUP: 2486
5 56 34 7 36 60 40 29 #SUP: 2484
5 56 34 7 36 60 40 29 52 #SUP: 2479
5 56 34 7 36 60 40 29 52 58 #SUP: 2478
5 56 34 7 36 60 40 29 58 #SUP: 2483
5 56 34 7 36 60 40 52 #SUP: 2481
5 56 34 7 36 60 40 52 58 #SUP: 2480
5 56 34 7 36 60 40 58 #SUP: 2485
5 56 34 7 36 60 29 #SUP: 2502
5 56 34 7 36 60 29 52 #SUP: 2497
5 56 34 7 36 60 29 52 58 #SUP: 2496
5 56 34 7 36 60 29 58 #SUP: 2501
5 56 34 7 36 60 52 #SUP: 2499
5 56 34 7 36 60 52 58 #SUP: 2498
5 56 34 7 36 60 58 #SUP: 2503
5 56 34 7 36 40 #SUP: 2530
5 56 34 7 36 40 29 #SUP: 2528
5 56 34 7 36 40 29 52 #SUP: 2523
5 56 34 7 36 40 29 52 58 #SUP: 2522
5 56 34 7 36 40 29 58 #SUP: 2527
5 56 34 7 36 40 52 #SUP: 2525
5 56 34 7 36 40 52 58 #SUP: 2524
5 56 34 7 36 40 58 #SUP: 2529
5 56 34 7 36 29 #SUP: 2547
5 56 34 7 36 29 52 #SUP: 2542
5 56 34 7 36 29 52 58 #SUP: 2541
5 56 34 7 36 29 58 #SUP: 2546
5 56 34 7 36 52 #SUP: 2544
5 56 34 7 36 52 58 #SUP: 2543
5 56 34 7 36 58 #SUP: 2548
5 56 34 7 60 #SUP: 2601
5 56 34 7 60 40 #SUP: 2583
5 56 34 7 60 40 29 #SUP: 2581
5 56 34 7 60 40 29 52 #SUP: 2576
5 56 34 7 60 40 29 52 58 #SUP: 2575
5 56 34 7 60 40 29 58 #SUP: 2580
5 56 34 7 60 40 52 #SUP: 2578
5 56 34 7 60 40 52 58 #SUP: 2577
5 56 34 7 60 40 58 #SUP: 2582
5 56 34 7 60 29 #SUP: 2599
5 56 34 7 60 29 52 #SUP: 2594
5 56 34 7 60 29 52 58 #SUP: 2593
5 56 34 7 60 29 58 #SUP: 2598
5 56 34 7 60 52 #SUP: 2596
5 56 34 7 60 52 58 #SUP: 2595
5 56 34 7 60 58 #SUP: 2600
5 56 34 7 40 #SUP: 2627
5 56 34 7 40 29 #SUP: 2625
5 56 34 7 40 29 52 #SUP: 2620
5 56 34 7 40 29 52 58 #SUP: 2619
5 56 34 7 40 29 58 #SUP: 2624
5 56 34 7 40 52 #SUP: 2622
5 56 34 7 40 52 58 #SUP: 2621
5 56 34 7 40 58 #SUP: 2626
5 56 34 7 29 #SUP: 2644
5 56 34 7 29 52 #SUP: 2639
5 56 34 7 29 52 58 #SUP: 2638
5 56 34 7 29 58 #SUP: 2643
5 56 34 7 52 #SUP: 2641
5 56 34 7 52 58 #SUP: 2640
5 56 34 7 58 #SUP: 2645
5 56 34 36 #SUP: 2639
5 56 34 36 60 #SUP: 2594
5 56 34 36 60 40 #SUP: 2576
5 56 34 36 60 40 29 #SUP: 2572
5 56 34 36 60 40 29 52 #SUP: 2567
5 56 34 36 60 40 29 52 58 #SUP: 2566
5 56 34 36 60 40 29 58 #SUP: 2571
5 56 34 36 60 40 52 #SUP: 2571
5 56 34 36 60 40 52 58 #SUP: 2570
5 56 34 36 60 40 58 #SUP: 2575
5 56 34 36 60 29 #SUP: 2590
5 56 34 36 60 29 52 #SUP: 2585
5 56 34 36 60 29 52 58 #SUP: 2584
5 56 34 36 60 29 58 #SUP: 2589
5 56 34 36 60 52 #SUP: 2589
5 56 34 36 60 52 58 #SUP: 2588
5 56 34 36 60 58 #SUP: 2593
5 56 34 36 40 #SUP: 2620
5 56 34 36 40 29 #SUP: 2616
5 56 34 36 40 29 52 #SUP: 2611
5 56 34 36 40 29 52 58 #SUP: 2610
5 56 34 36 40 29 58 #SUP: 2615
5 56 34 36 40 52 #SUP: 2615
5 56 34 36 40 52 58 #SUP: 2614
5 56 34 36 40 58 #SUP: 2619
5 56 34 36 29 #SUP: 2635
5 56 34 36 29 52 #SUP: 2630
5 56 34 36 29 52 58 #SUP: 2629
5 56 34 36 29 58 #SUP: 2634
5 56 34 36 52 #SUP: 2634
5 56 34 36 52 58 #SUP: 2633
5 56 34 36 58 #SUP: 2638
5 56 34 60 #SUP: 2691
5 56 34 60 40 #SUP: 2673
5 56 34 60 40 29 #SUP: 2669
5 56 34 60 40 29 52 #SUP: 2664
5 56 34 60 40 29 52 58 #SUP: 2663
5 56 34 60 40 29 58 #SUP: 2668
5 56 34 60 40 52 #SUP: 2668
5 56 34 60 40 52 58 #SUP: 2667
5 56 34 60 40 58 #SUP: 2672
5 56 34 60 29 #SUP: 2687
5 56 34 60 29 52 #SUP: 2682
5 56 34 60 29 52 58 #SUP: 2681
5 56 34 60 29 58 #SUP: 2686
5 56 34 60 52 #SUP: 2686
5 56 34 60 52 58 #SUP: 2685
5 56 34 60 58 #SUP: 2690
5 56 34 40 #SUP: 2717
5 56 34 40 29 #SUP: 2713
5 56 34 40 29 52 #SUP: 2708
5 56 34 40 29 52 58 #SUP: 2707
5 56 34 40 29 58 #SUP: 2712
5 56 34 40 52 #SUP: 2712
5 56 34 40 52 58 #SUP: 2711
5 56 34 40 58 #SUP: 2716
5 56 34 29 #SUP: 2732
5 56 34 29 52 #SUP: 2727
5 56 34 29 52 58 #SUP: 2726
5 56 34 29 58 #SUP: 2731
5 56 34 52 #SUP: 2731
5 56 34 52 58 #SUP: 2730
5 56 34 58 #SUP: 2735
5 56 62 #SUP: 2722
5 56 62 58 #SUP: 2722
5 56 62 7 #SUP: 2628
5 56 62 7 58 #SUP: 2628
5 56 62 7 36 #SUP: 2531
5 56 62 7 36 58 #SUP: 2531
5 56 62 7 36 60 #SUP: 2487
5 56 62 7 36 60 58 #SUP: 2487
5 56 62 7 36 60 40 #SUP: 2475
5 56 62 7 36 60 40 58 #SUP: 2475
5 56 62 7 36 60 40 29 #SUP: 2472
5 56 62 7 36 60 40 29 58 #SUP: 2472
5 56 62 7 36 60 40 29 52 #SUP: 2467
5 56 62 7 36 60 40 29 52 58 #SUP: 2467
5 56 62 7 36 60 40 52 #SUP: 2470
5 56 62 7 36 60 40 52 58 #SUP: 2470
5 56 62 7 36 60 29 #SUP: 2484
5 56 62 7 36 60 29 58 #SUP: 2484
5 56 62 7 36 60 29 52 #SUP: 2479
5 56 62 7 36 60 29 52 58 #SUP: 2479
5 56 62 7 36 60 52 #SUP: 2482
5 56 62 7 36 60 52 58 #SUP: 2482
5 56 62 7 36 40 #SUP: 2519
5 56 62 7 36 40 58 #SUP: 2519
5 56 62 7 36 40 29 #SUP: 2516
5 56 62 7 36 40 29 58 #SUP: 2516
5 56 62 7 36 40 29 52 #SUP: 2511
5 56 62 7 36 40 29 52 58 #SUP: 2511
5 56 62 7 36 40 52 #SUP: 2514
5 56 62 7 36 40 52 58 #SUP: 2514
5 56 62 7 36 29 #SUP: 2528
5 56 62 7 36 29 58 #SUP: 2528
5 56 62 7 36 29 52 #SUP: 2523
5 56 62 7 36 29 52 58 #SUP: 2523
5 56 62 7 36 52 #SUP: 2526
5 56 62 7 36 52 58 #SUP: 2526
5 56 62 7 60 #SUP: 2584
5 56 62 7 60 58 #SUP: 2584
5 56 62 7 60 40 #SUP: 2572
5 56 62 7 60 40 58 #SUP: 2572
5 56 62 7 60 40 29 #SUP: 2569
5 56 62 7 60 40 29 58 #SUP: 2569
5 56 62 7 60 40 29 52 #SUP: 2564
5 56 62 7 60 40 29 52 58 #SUP: 2564
5 56 62 7 60 40 52 #SUP: 2567
5 56 62 7 60 40 52 58 #SUP: 2567
5 56 62 7 60 29 #SUP: 2581
5 56 62 7 60 29 58 #SUP: 2581
5 56 62 7 60 29 52 #SUP: 2576
5 56 62 7 60 29 52 58 #SUP: 2576
5 56 62 7 60 52 #SUP: 2579
5 56 62 7 60 52 58 #SUP: 2579
5 56 62 7 40 #SUP: 2616
5 56 62 7 40 58 #SUP: 2616
5 56 62 7 40 29 #SUP: 2613
5 56 62 7 40 29 58 #SUP: 2613
5 56 62 7 40 29 52 #SUP: 2608
5 56 62 7 40 29 52 58 #SUP: 2608
5 56 62 7 40 52 #SUP: 2611
5 56 62 7 40 52 58 #SUP: 2611
5 56 62 7 29 #SUP: 2625
5 56 62 7 29 58 #SUP: 2625
5 56 62 7 29 52 #SUP: 2620
5 56 62 7 29 52 58 #SUP: 2620
5 56 62 7 52 #SUP: 2623
5 56 62 7 52 58 #SUP: 2623
5 56 62 36 #SUP: 2625
5 56 62 36 58 #SUP: 2625
5 56 62 36 60 #SUP: 2579
5 56 62 36 60 58 #SUP: 2579
5 56 62 36 60 40 #SUP: 2567
5 56 62 36 60 40 58 #SUP: 2567
5 56 62 36 60 40 29 #SUP: 2562
5 56 62 36 60 40 29 58 #SUP: 2562
5 56 62 36 60 40 29 52 #SUP: 2557
5 56 62 36 60 40 29 52 58 #SUP: 2557
5 56 62 36 60 40 52 #SUP: 2562
5 56 62 36 60 40 52 58 #SUP: 2562
5 56 62 36 60 29 #SUP: 2574
5 56 62 36 60 29 58 #SUP: 2574
5 56 62 36 60 29 52 #SUP: 2569
5 56 62 36 60 29 52 58 #SUP: 2569
5 56 62 36 60 52 #SUP: 2574
5 56 62 36 60 52 58 #SUP: 2574
5 56 62 36 40 #SUP: 2613
5 56 62 36 40 58 #SUP: 2613
5 56 62 36 40 29 #SUP: 2606
5 56 62 36 40 29 58 #SUP: 2606
5 56 62 36 40 29 52 #SUP: 2601
5 56 62 36 40 29 52 58 #SUP: 2601
5 56 62 36 40 52 #SUP: 2608
5 56 62 36 40 52 58 #SUP: 2608
5 56 62 36 29 #SUP: 2618
5 56 62 36 29 58 #SUP: 2618
5 56 62 36 29 52 #SUP: 2613
5 56 62 36 29 52 58 #SUP: 2613
5 56 62 36 52 #SUP: 2620
5 56 62 36 52 58 #SUP: 2620
5 56 62 60 #SUP: 2676
5 56 62 60 58 #SUP: 2676
5 56 62 60 40 #SUP: 2664
5 56 62 60 40 58 #SUP: 2664
5 56 62 60 40 29 #SUP: 2659
5 56 62 60 40 29 58 #SUP: 2659
5 56 62 60 40 29 52 #SUP: 2654
5 56 62 60 40 29 52 58 #SUP: 2654
5 56 62 60 40 52 #SUP: 2659
5 56 62 60 40 52 58 #SUP: 2659
5 56 62 60 29 #SUP: 2671
5 56 62 60 29 58 #SUP: 2671
5 56 62 60 29 52 #SUP: 2666
5 56 62 60 29 52 58 #SUP: 2666
5 56 62 60 52 #SUP: 2671
5 56 62 60 52 58 #SUP: 2671
5 56 62 40 #SUP: 2710
5 56 62 40 58 #SUP: 2710
5 56 62 40 29 #SUP: 2703
5 56 62 40 29 58 #SUP: 2703
5 56 62 40 29 52 #SUP: 2698
5 56 62 40 29 52 58 #SUP: 2698
5 56 62 40 52 #SUP: 2705
5 56 62 40 52 58 #SUP: 2705
5 56 62 29 #SUP: 2715
5 56 62 29 58 #SUP: 2715
5 56 62 29 52 #SUP: 2710
5 56 62 29 52 58 #SUP: 2710
5 56 62 52 #SUP: 2717
5 56 62 52 58 #SUP: 2717
5 56 7 #SUP: 2709
5 56 7 36 #SUP: 2612
5 56 7 36 60 #SUP: 2567
5 56 7 36 60 40 #SUP: 2548
5 56 7 36 60 40 29 #SUP: 2545
5 56 7 36 60 40 29 52 #SUP: 2540
5 56 7 36 60 40 29 52 58 #SUP: 2539
5 56 7 36 60 40 29 58 #SUP: 2544
5 56 7 36 60 40 52 #SUP: 2543
5 56 7 36 60 40 52 58 #SUP: 2542
5 56 7 36 60 40 58 #SUP: 2547
5 56 7 36 60 29 #SUP: 2564
5 56 7 36 60 29 52 #SUP: 2559
5 56 7 36 60 29 52 58 #SUP: 2558
5 56 7 36 60 29 58 #SUP: 2563
5 56 7 36 60 52 #SUP: 2562
5 56 7 36 60 52 58 #SUP: 2561
5 56 7 36 60 58 #SUP: 2566
5 56 7 36 40 #SUP: 2592
5 56 7 36 40 29 #SUP: 2589
5 56 7 36 40 29 52 #SUP: 2584
5 56 7 36 40 29 52 58 #SUP: 2583
5 56 7 36 40 29 58 #SUP: 2588
5 56 7 36 40 52 #SUP: 2587
5 56 7 36 40 52 58 #SUP: 2586
5 56 7 36 40 58 #SUP: 2591
5 56 7 36 29 #SUP: 2609
5 56 7 36 29 52 #SUP: 2604
5 56 7 36 29 52 58 #SUP: 2603
5 56 7 36 29 58 #SUP: 2608
5 56 7 36 52 #SUP: 2607
5 56 7 36 52 58 #SUP: 2606
5 56 7 36 58 #SUP: 2611
5 56 7 60 #SUP: 2664
5 56 7 60 40 #SUP: 2645
5 56 7 60 40 29 #SUP: 2642
5 56 7 60 40 29 52 #SUP: 2637
5 56 7 60 40 29 52 58 #SUP: 2636
5 56 7 60 40 29 58 #SUP: 2641
5 56 7 60 40 52 #SUP: 2640
5 56 7 60 40 52 58 #SUP: 2639
5 56 7 60 40 58 #SUP: 2644
5 56 7 60 29 #SUP: 2661
5 56 7 60 29 52 #SUP: 2656
5 56 7 60 29 52 58 #SUP: 2655
5 56 7 60 29 58 #SUP: 2660
5 56 7 60 52 #SUP: 2659
5 56 7 60 52 58 #SUP: 2658
5 56 7 60 58 #SUP: 2663
5 56 7 40 #SUP: 2689
5 56 7 40 29 #SUP: 2686
5 56 7 40 29 52 #SUP: 2681
5 56 7 40 29 52 58 #SUP: 2680
5 56 7 40 29 58 #SUP: 2685
5 56 7 40 52 #SUP: 2684
5 56 7 40 52 58 #SUP: 2683
5 56 7 40 58 #SUP: 2688
5 56 7 29 #SUP: 2706
5 56 7 29 52 #SUP: 2701
5 56 7 29 52 58 #SUP: 2700
5 56 7 29 58 #SUP: 2705
5 56 7 52 #SUP: 2704
5 56 7 52 58 #SUP: 2703
5 56 7 58 #SUP: 2708
5 56 36 #SUP: 2706
5 56 36 60 #SUP: 2659
5 56 36 60 40 #SUP: 2640
5 56 36 60 40 29 #SUP: 2635
5 56 36 60 40 29 52 #SUP: 2630
5 56 36 60 40 29 52 58 #SUP: 2629
5 56 36 60 40 29 58 #SUP: 2634
5 56 36 60 40 52 #SUP: 2635
5 56 36 60 40 52 58 #SUP: 2634
5 56 36 60 40 58 #SUP: 2639
5 56 36 60 29 #SUP: 2654
5 56 36 60 29 52 #SUP: 2649
5 56 36 60 29 52 58 #SUP: 2648
5 56 36 60 29 58 #SUP: 2653
5 56 36 60 52 #SUP: 2654
5 56 36 60 52 58 #SUP: 2653
5 56 36 60 58 #SUP: 2658
5 56 36 40 #SUP: 2686
5 56 36 40 29 #SUP: 2679
5 56 36 40 29 52 #SUP: 2674
5 56 36 40 29 52 58 #SUP: 2673
5 56 36 40 29 58 #SUP: 2678
5 56 36 40 52 #SUP: 2681
5 56 36 40 52 58 #SUP: 2680
5 56 36 40 58 #SUP: 2685
5 56 36 29 #SUP: 2699
5 56 36 29 52 #SUP: 2694
5 56 36 29 52 58 #SUP: 2693
5 56 36 29 58 #SUP: 2698
5 56 36 52 #SUP: 2701
5 56 36 52 58 #SUP: 2700
5 56 36 58 #SUP: 2705
5 56 60 #SUP: 2756
5 56 60 40 #SUP: 2737
5 56 60 40 29 #SUP: 2732
5 56 60 40 29 52 #SUP: 2727
5 56 60 40 29 52 58 #SUP: 2726
5 56 60 40 29 58 #SUP: 2731
5 56 60 40 52 #SUP: 2732
5 56 60 40 52 58 #SUP: 2731
5 56 60 40 58 #SUP: 2736
5 56 60 29 #SUP: 2751
5 56 60 29 52 #SUP: 2746
5 56 60 29 52 58 #SUP: 2745
5 56 60 29 58 #SUP: 2750
5 56 60 52 #SUP: 2751
5 56 60 52 58 #SUP: 2750
5 56 60 58 #SUP: 2755
5 56 40 #SUP: 2783
5 56 40 29 #SUP: 2776
5 56 40 29 52 #SUP: 2771
5 56 40 29 52 58 #SUP: 2770
5 56 40 29 58 #SUP: 2775
5 56 40 52 #SUP: 2778
5 56 40 52 58 #SUP: 2777
5 56 40 58 #SUP: 2782
5 56 29 #SUP: 2796
5 56 29 52 #SUP: 2791
5 56 29 52 58 #SUP: 2790
5 56 29 58 #SUP: 2795
5 56 52 #SUP: 2798
5 56 52 58 #SUP: 2797
5 56 58 #SUP: 2802
5 34 #SUP: 2889
5 34 62 #SUP: 2778
5 34 62 58 #SUP: 2778
5 34 62 7 #SUP: 2672
5 34 62 7 58 #SUP: 2672
5 34 62 7 36 #SUP: 2575
5 34 62 7 36 58 #SUP: 2575
5 34 62 7 36 60 #SUP: 2531
5 34 62 7 36 60 58 #SUP: 2531
5 34 62 7 36 60 40 #SUP: 2520
5 34 62 7 36 60 40 58 #SUP: 2520
5 34 62 7 36 60 40 29 #SUP: 2518
5 34 62 7 36 60 40 29 58 #SUP: 2518
5 34 62 7 36 60 40 29 52 #SUP: 2509
5 34 62 7 36 60 40 29 52 58 #SUP: 2509
5 34 62 7 36 60 40 52 #SUP: 2511
5 34 62 7 36 60 40 52 58 #SUP: 2511
5 34 62 7 36 60 29 #SUP: 2529
5 34 62 7 36 60 29 58 #SUP: 2529
5 34 62 7 36 60 29 52 #SUP: 2520
5 34 62 7 36 60 29 52 58 #SUP: 2520
5 34 62 7 36 60 52 #SUP: 2522
5 34 62 7 36 60 52 58 #SUP: 2522
5 34 62 7 36 40 #SUP: 2564
5 34 62 7 36 40 58 #SUP: 2564
5 34 62 7 36 40 29 #SUP: 2562
5 34 62 7 36 40 29 58 #SUP: 2562
5 34 62 7 36 40 29 52 #SUP: 2553
5 34 62 7 36 40 29 52 58 #SUP: 2553
5 34 62 7 36 40 52 #SUP: 2555
5 34 62 7 36 40 52 58 #SUP: 2555
5 34 62 7 36 29 #SUP: 2573
5 34 62 7 36 29 58 #SUP: 2573
5 34 62 7 36 29 52 #SUP: 2564
5 34 62 7 36 29 52 58 #SUP: 2564
5 34 62 7 36 52 #SUP: 2566
5 34 62 7 36 52 58 #SUP: 2566
5 34 62 7 60 #SUP: 2628
5 34 62 7 60 58 #SUP: 2628
5 34 62 7 60 40 #SUP: 2617
5 34 62 7 60 40 58 #SUP: 2617
5 34 62 7 60 40 29 #SUP: 2615
5 34 62 7 60 40 29 58 #SUP: 2615
5 34 62 7 60 40 29 52 #SUP: 2606
5 34 62 7 60 40 29 52 58 #SUP: 2606
5 34 62 7 60 40 52 #SUP: 2608
5 34 62 7 60 40 52 58 #SUP: 2608
5 34 62 7 60 29 #SUP: 2626
5 34 62 7 60 29 58 #SUP: 2626
5 34 62 7 60 29 52 #SUP: 2617
5 34 62 7 60 29 52 58 #SUP: 2617
5 34 62 7 60 52 #SUP: 2619
5 34 62 7 60 52 58 #SUP: 2619
5 34 62 7 40 #SUP: 2661
5 34 62 7 40 58 #SUP: 2661
5 34 62 7 40 29 #SUP: 2659
5 34 62 7 40 29 58 #SUP: 2659
5 34 62 7 40 29 52 #SUP: 2650
5 34 62 7 40 29 52 58 #SUP: 2650
5 34 62 7 40 52 #SUP: 2652
5 34 62 7 40 52 58 #SUP: 2652
5 34 62 7 29 #SUP: 2670
5 34 62 7 29 58 #SUP: 2670
5 34 62 7 29 52 #SUP: 2661
5 34 62 7 29 52 58 #SUP: 2661
5 34 62 7 52 #SUP: 2663
5 34 62 7 52 58 #SUP: 2663
5 34 62 36 #SUP: 2681
5 34 62 36 58 #SUP: 2681
5 34 62 36 60 #SUP: 2637
5 34 62 36 60 58 #SUP: 2637
5 34 62 36 60 40 #SUP: 2626
5 34 62 36 60 40 58 #SUP: 2626
5 34 62 36 60 40 29 #SUP: 2622
5 34 62 36 60 40 29 58 #SUP: 2622
5 34 62 36 60 40 29 52 #SUP: 2613
5 34 62 36 60 40 29 52 58 #SUP: 2613
5 34 62 36 60 40 52 #SUP: 2617
5 34 62 36 60 40 52 58 #SUP: 2617
5 34 62 36 60 29 #SUP: 2633
5 34 62 36 60 29 58 #SUP: 2633
5 34 62 36 60 29 52 #SUP: 2624
5 34 62 36 60 29 52 58 #SUP: 2624
5 34 62 36 60 52 #SUP: 2628
5 34 62 36 60 52 58 #SUP: 2628
5 34 62 36 40 #SUP: 2670
5 34 62 36 40 58 #SUP: 2670
5 34 62 36 40 29 #SUP: 2666
5 34 62 36 40 29 58 #SUP: 2666
5 34 62 36 40 29 52 #SUP: 2657
5 34 62 36 40 29 52 58 #SUP: 2657
5 34 62 36 40 52 #SUP: 2661
5 34 62 36 40 52 58 #SUP: 2661
5 34 62 36 29 #SUP: 2677
5 34 62 36 29 58 #SUP: 2677
5 34 62 36 29 52 #SUP: 2668
5 34 62 36 29 52 58 #SUP: 2668
5 34 62 36 52 #SUP: 2672
5 34 62 36 52 58 #SUP: 2672
5 34 62 60 #SUP: 2734
5 34 62 60 58 #SUP: 2734
5 34 62 60 40 #SUP: 2723
5 34 62 60 40 58 #SUP: 2723
5 34 62 60 40 29 #SUP: 2719
5 34 62 60 40 29 58 #SUP: 2719
5 34 62 60 40 29 52 #SUP: 2710
5 34 62 60 40 29 52 58 #SUP: 2710
5 34 62 60 40 52 #SUP: 2714
5 34 62 60 40 52 58 #SUP: 2714
5 34 62 60 29 #SUP: 2730
5 34 62 60 29 58 #SUP: 2730
5 34 62 60 29 52 #SUP: 2721
5 34 62 60 29 52 58 #SUP: 2721
5 34 62 60 52 #SUP: 2725
5 34 62 60 52 58 #SUP: 2725
5 34 62 40 #SUP: 2767
5 34 62 40 58 #SUP: 2767
5 34 62 40 29 #SUP: 2763
5 34 62 40 29 58 #SUP: 2763
5 34 62 40 29 52 #SUP: 2754
5 34 62 40 29 52 58 #SUP: 2754
5 34 62 40 52 #SUP: 2758
5 34 62 40 52 58 #SUP: 2758
5 34 62 29 #SUP: 2774
5 34 62 29 58 #SUP: 2774
5 34 62 29 52 #SUP: 2765
5 34 62 29 52 58 #SUP: 2765
5 34 62 52 #SUP: 2769
5 34 62 52 58 #SUP: 2769
5 34 7 #SUP: 2783
5 34 7 36 #SUP: 2686
5 34 7 36 60 #SUP: 2641
5 34 7 36 60 40 #SUP: 2623
5 34 7 36 60 40 29 #SUP: 2621
5 34 7 36 60 40 29 52 #SUP: 2612
5 34 7 36 60 40 29 52 58 #SUP: 2611
5 34 7 36 60 40 29 58 #SUP: 2620
5 34 7 36 60 40 52 #SUP: 2614
5 34 7 36 60 40 52 58 #SUP: 2613
5 34 7 36 60 40 58 #SUP: 2622
5 34 7 36 60 29 #SUP: 2639
5 34 7 36 60 29 52 #SUP: 2630
5 34 7 36 60 29 52 58 #SUP: 2629
5 34 7 36 60 29 58 #SUP: 2638
5 34 7 36 60 52 #SUP: 2632
5 34 7 36 60 52 58 #SUP: 2631
5 34 7 36 60 58 #SUP: 2640
5 34 7 36 40 #SUP: 2667
5 34 7 36 40 29 #SUP: 2665
5 34 7 36 40 29 52 #SUP: 2656
5 34 7 36 40 29 52 58 #SUP: 2655
5 34 7 36 40 29 58 #SUP: 2664
5 34 7 36 40 52 #SUP: 2658
5 34 7 36 40 52 58 #SUP: 2657
5 34 7 36 40 58 #SUP: 2666
5 34 7 36 29 #SUP: 2684
5 34 7 36 29 52 #SUP: 2675
5 34 7 36 29 52 58 #SUP: 2674
5 34 7 36 29 58 #SUP: 2683
5 34 7 36 52 #SUP: 2677
5 34 7 36 52 58 #SUP: 2676
5 34 7 36 58 #SUP: 2685
5 34 7 60 #SUP: 2738
5 34 7 60 40 #SUP: 2720
5 34 7 60 40 29 #SUP: 2718
5 34 7 60 40 29 52 #SUP: 2709
5 34 7 60 40 29 52 58 #SUP: 2708
5 34 7 60 40 29 58 #SUP: 2717
5 34 7 60 40 52 #SUP: 2711
5 34 7 60 40 52 58 #SUP: 2710
5 34 7 60 40 58 #SUP: 2719
5 34 7 60 29 #SUP: 2736
5 34 7 60 29 52 #SUP: 2727
5 34 7 60 29 52 58 #SUP: 2726
5 34 7 60 29 58 #SUP: 2735
5 34 7 60 52 #SUP: 2729
5 34 7 60 52 58 #SUP: 2728
5 34 7 60 58 #SUP: 2737
5 34 7 40 #SUP: 2764
5 34 7 40 29 #SUP: 2762
5 34 7 40 29 52 #SUP: 2753
5 34 7 40 29 52 58 #SUP: 2752
5 34 7 40 29 58 #SUP: 2761
5 34 7 40 52 #SUP: 2755
5 34 7 40 52 58 #SUP: 2754
5 34 7 40 58 #SUP: 2763
5 34 7 29 #SUP: 2781
5 34 7 29 52 #SUP: 2772
5 34 7 29 52 58 #SUP: 2771
5 34 7 29 58 #SUP: 2780
5 34 7 52 #SUP: 2774
5 34 7 52 58 #SUP: 2773
5 34 7 58 #SUP: 2782
5 34 36 #SUP: 2792
5 34 36 60 #SUP: 2747
5 34 36 60 40 #SUP: 2729
5 34 36 60 40 29 #SUP: 2725
5 34 36 60 40 29 52 #SUP: 2716
5 34 36 60 40 29 52 58 #SUP: 2715
5 34 36 60 40 29 58 #SUP: 2724
5 34 36 60 40 52 #SUP: 2720
5 34 36 60 40 52 58 #SUP: 2719
5 34 36 60 40 58 #SUP: 2728
5 34 36 60 29 #SUP: 2743
5 34 36 60 29 52 #SUP: 2734
5 34 36 60 29 52 58 #SUP: 2733
5 34 36 60 29 58 #SUP: 2742
5 34 36 60 52 #SUP: 2738
5 34 36 60 52 58 #SUP: 2737
5 34 36 60 58 #SUP: 2746
5 34 36 40 #SUP: 2773
5 34 36 40 29 #SUP: 2769
5 34 36 40 29 52 #SUP: 2760
5 34 36 40 29 52 58 #SUP: 2759
5 34 36 40 29 58 #SUP: 2768
5 34 36 40 52 #SUP: 2764
5 34 36 40 52 58 #SUP: 2763
5 34 36 40 58 #SUP: 2772
5 34 36 29 #SUP: 2788
5 34 36 29 52 #SUP: 2779
5 34 36 29 52 58 #SUP: 2778
5 34 36 29 58 #SUP: 2787
5 34 36 52 #SUP: 2783
5 34 36 52 58 #SUP: 2782
5 34 36 58 #SUP: 2791
5 34 60 #SUP: 2844
5 34 60 40 #SUP: 2826
5 34 60 40 29 #SUP: 2822
5 34 60 40 29 52 #SUP: 2813
5 34 60 40 29 52 58 #SUP: 2812
5 34 60 40 29 58 #SUP: 2821
5 34 60 40 52 #SUP: 2817
5 34 60 40 52 58 #SUP: 2816
5 34 60 40 58 #SUP: 2825
5 34 60 29 #SUP: 2840
5 34 60 29 52 #SUP: 2831
5 34 60 29 52 58 #SUP: 2830
5 34 60 29 58 #SUP: 2839
5 34 60 52 #SUP: 2835
5 34 60 52 58 #SUP: 2834
5 34 60 58 #SUP: 2843
5 34 40 #SUP: 2870
5 34 40 29 #SUP: 2866
5 34 40 29 52 #SUP: 2857
5 34 40 29 52 58 #SUP: 2856
5 34 40 29 58 #SUP: 2865
5 34 40 52 #SUP: 2861
5 34 40 52 58 #SUP: 2860
5 34 40 58 #SUP: 2869
5 34 29 #SUP: 2885
5 34 29 52 #SUP: 2876
5 34 29 52 58 #SUP: 2875
5 34 29 58 #SUP: 2884
5 34 52 #SUP: 2880
5 34 52 58 #SUP: 2879
5 34 58 #SUP: 2888
5 62 #SUP: 2859
5 62 58 #SUP: 2859
5 62 7 #SUP: 2747
5 62 7 58 #SUP: 2747
5 62 7 36 #SUP: 2650
5 62 7 36 58 #SUP: 2650
5 62 7 36 60 #SUP: 2606
5 62 7 36 60 58 #SUP: 2606
5 62 7 36 60 40 #SUP: 2593
5 62 7 36 60 40 58 #SUP: 2593
5 62 7 36 60 40 29 #SUP: 2590
5 62 7 36 60 40 29 58 #SUP: 2590
5 62 7 36 60 40 29 52 #SUP: 2579
5 62 7 36 60 40 29 52 58 #SUP: 2579
5 62 7 36 60 40 52 #SUP: 2582
5 62 7 36 60 40 52 58 #SUP: 2582
5 62 7 36 60 29 #SUP: 2603
5 62 7 36 60 29 58 #SUP: 2603
5 62 7 36 60 29 52 #SUP: 2592
5 62 7 36 60 29 52 58 #SUP: 2592
5 62 7 36 60 52 #SUP: 2595
5 62 7 36 60 52 58 #SUP: 2595
5 62 7 36 40 #SUP: 2637
5 62 7 36 40 58 #SUP: 2637
5 62 7 36 40 29 #SUP: 2634
5 62 7 36 40 29 58 #SUP: 2634
5 62 7 36 40 29 52 #SUP: 2623
5 62 7 36 40 29 52 58 #SUP: 2623
5 62 7 36 40 52 #SUP: 2626
5 62 7 36 40 52 58 #SUP: 2626
5 62 7 36 29 #SUP: 2647
5 62 7 36 29 58 #SUP: 2647
5 62 7 36 29 52 #SUP: 2636
5 62 7 36 29 52 58 #SUP: 2636
5 62 7 36 52 #SUP: 2639
5 62 7 36 52 58 #SUP: 2639
5 62 7 60 #SUP: 2703
5 62 7 60 58 #SUP: 2703
5 62 7 60 40 #SUP: 2690
5 62 7 60 40 58 #SUP: 2690
5 62 7 60 40 29 #SUP: 2687
5 62 7 60 40 29 58 #SUP: 2687
5 62 7 60 40 29 52 #SUP: 2676
5 62 7 60 40 29 52 58 #SUP: 2676
5 62 7 60 40 52 #SUP: 2679
5 62 7 60 40 52 58 #SUP: 2679
5 62 7 60 29 #SUP: 2700
5 62 7 60 29 58 #SUP: 2700
5 62 7 60 29 52 #SUP: 2689
5 62 7 60 29 52 58 #SUP: 2689
5 62 7 60 52 #SUP: 2692
5 62 7 60 52 58 #SUP: 2692
5 62 7 40 #SUP: 2734
5 62 7 40 58 #SUP: 2734
5 62 7 40 29 #SUP: 2731
5 62 7 40 29 58 #SUP: 2731
5 62 7 40 29 52 #SUP: 2720
5 62 7 40 29 52 58 #SUP: 2720
5 62 7 40 52 #SUP: 2723
5 62 7 40 52 58 #SUP: 2723
5 62 7 29 #SUP: 2744
5 62 7 29 58 #SUP: 2744
5 62 7 29 52 #SUP: 2733
5 62 7 29 52 58 #SUP: 2733
5 62 7 52 #SUP: 2736
5 62 7 52 58 #SUP: 2736
5 62 36 #SUP: 2762
5 62 36 58 #SUP: 2762
5 62 36 60 #SUP: 2716
5 62 36 60 58 #SUP: 2716
5 62 36 60 40 #SUP: 2703
5 62 36 60 40 58 #SUP: 2703
5 62 36 60 40 29 #SUP: 2698
5 62 36 60 40 29 58 #SUP: 2698
5 62 36 60 40 29 52 #SUP: 2687
5 62 36 60 40 29 52 58 #SUP: 2687
5 62 36 60 40 52 #SUP: 2692
5 62 36 60 40 52 58 #SUP: 2692
5 62 36 60 29 #SUP: 2711
5 62 36 60 29 58 #SUP: 2711
5 62 36 60 29 52 #SUP: 2700
5 62 36 60 29 52 58 #SUP: 2700
5 62 36 60 52 #SUP: 2705
5 62 36 60 52 58 #SUP: 2705
5 62 36 40 #SUP: 2749
5 62 36 40 58 #SUP: 2749
5 62 36 40 29 #SUP: 2742
5 62 36 40 29 58 #SUP: 2742
5 62 36 40 29 52 #SUP: 2731
5 62 36 40 29 52 58 #SUP: 2731
5 62 36 40 52 #SUP: 2738
5 62 36 40 52 58 #SUP: 2738
5 62 36 29 #SUP: 2755
5 62 36 29 58 #SUP: 2755
5 62 36 29 52 #SUP: 2744
5 62 36 29 52 58 #SUP: 2744
5 62 36 52 #SUP: 2751
5 62 36 52 58 #SUP: 2751
5 62 60 #SUP: 2813
5 62 60 58 #SUP: 2813
5 62 60 40 #SUP: 2800
5 62 60 40 58 #SUP: 2800
5 62 60 40 29 #SUP: 2795
5 62 60 40 29 58 #SUP: 2795
5 62 60 40 29 52 #SUP: 2784
5 62 60 40 29 52 58 #SUP: 2784
5 62 60 40 52 #SUP: 2789
5 62 60 40 52 58 #SUP: 2789
5 62 60 29 #SUP: 2808
5 62 60 29 58 #SUP: 2808
5 62 60 29 52 #SUP: 2797
5 62 60 29 52 58 #SUP: 2797
5 62 60 52 #SUP: 2802
5 62 60 52 58 #SUP: 2802
5 62 40 #SUP: 2846
5 62 40 58 #SUP: 2846
5 62 40 29 #SUP: 2839
5 62 40 29 58 #SUP: 2839
5 62 40 29 52 #SUP: 2828
5 62 40 29 52 58 #SUP: 2828
5 62 40 52 #SUP: 2835
5 62 40 52 58 #SUP: 2835
5 62 29 #SUP: 2852
5 62 29 58 #SUP: 2852
5 62 29 52 #SUP: 2841
5 62 29 52 58 #SUP: 2841
5 62 52 #SUP: 2848
5 62 52 58 #SUP: 2848
5 7 #SUP: 2859
5 7 36 #SUP: 2762
5 7 36 60 #SUP: 2717
5 7 36 60 40 #SUP: 2697
5 7 36 60 40 29 #SUP: 2694
5 7 36 60 40 29 52 #SUP: 2683
5 7 36 60 40 29 52 58 #SUP: 2682
5 7 36 60 40 29 58 #SUP: 2693
5 7 36 60 40 52 #SUP: 2686
5 7 36 60 40 52 58 #SUP: 2685
5 7 36 60 40 58 #SUP: 2696
5 7 36 60 29 #SUP: 2714
5 7 36 60 29 52 #SUP: 2703
5 7 36 60 29 52 58 #SUP: 2702
5 7 36 60 29 58 #SUP: 2713
5 7 36 60 52 #SUP: 2706
5 7 36 60 52 58 #SUP: 2705
5 7 36 60 58 #SUP: 2716
5 7 36 40 #SUP: 2741
5 7 36 40 29 #SUP: 2738
5 7 36 40 29 52 #SUP: 2727
5 7 36 40 29 52 58 #SUP: 2726
5 7 36 40 29 58 #SUP: 2737
5 7 36 40 52 #SUP: 2730
5 7 36 40 52 58 #SUP: 2729
5 7 36 40 58 #SUP: 2740
5 7 36 29 #SUP: 2759
5 7 36 29 52 #SUP: 2748
5 7 36 29 52 58 #SUP: 2747
5 7 36 29 58 #SUP: 2758
5 7 36 52 #SUP: 2751
5 7 36 52 58 #SUP: 2750
5 7 36 58 #SUP: 2761
5 7 60 #SUP: 2814
5 7 60 40 #SUP: 2794
5 7 60 40 29 #SUP: 2791
5 7 60 40 29 52 #SUP: 2780
5 7 60 40 29 52 58 #SUP: 2779
5 7 60 40 29 58 #SUP: 2790
5 7 60 40 52 #SUP: 2783
5 7 60 40 52 58 #SUP: 2782
5 7 60 40 58 #SUP: 2793
5 7 60 29 #SUP: 2811
5 7 60 29 52 #SUP: 2800
5 7 60 29 52 58 #SUP: 2799
5 7 60 29 58 #SUP: 2810
5 7 60 52 #SUP: 2803
5 7 60 52 58 #SUP: 2802
5 7 60 58 #SUP: 2813
5 7 40 #SUP: 2838
5 7 40 29 #SUP: 2835
5 7 40 29 52 #SUP: 2824
5 7 40 29 52 58 #SUP: 2823
5 7 40 29 58 #SUP: 2834
5 7 40 52 #SUP: 2827
5 7 40 52 58 #SUP: 2826
5 7 40 58 #SUP: 2837
5 7 29 #SUP: 2856
5 7 29 52 #SUP: 2845
5 7 29 52 58 #SUP: 2844
5 7 29 58 #SUP: 2855
5 7 52 #SUP: 2848
5 7 52 58 #SUP: 2847
5 7 58 #SUP: 2858
5 36 #SUP: 2874
5 36 60 #SUP: 2827
5 36 60 40 #SUP: 2807
5 36 60 40 29 #SUP: 2802
5 36 60 40 29 52 #SUP: 2791
5 36 60 40 29 52 58 #SUP: 2790
5 36 60 40 29 58 #SUP: 2801
5 36 60 40 52 #SUP: 2796
5 36 60 40 52 58 #SUP: 2795
5 36 60 40 58 #SUP: 2806
5 36 60 29 #SUP: 2822
5 36 60 29 52 #SUP: 2811
5 36 60 29 52 58 #SUP: 2810
5 36 60 29 58 #SUP: 2821
5 36 60 52 #SUP: 2816
5 36 60 52 58 #SUP: 2815
5 36 60 58 #SUP: 2826
5 36 40 #SUP: 2853
5 36 40 29 #SUP: 2846
5 36 40 29 52 #SUP: 2835
5 36 40 29 52 58 #SUP: 2834
5 36 40 29 58 #SUP: 2845
5 36 40 52 #SUP: 2842
5 36 40 52 58 #SUP: 2841
5 36 40 58 #SUP: 2852
5 36 29 #SUP: 2867
5 36 29 52 #SUP: 2856
5 36 29 52 58 #SUP: 2855
5 36 29 58 #SUP: 2866
5 36 52 #SUP: 2863
5 36 52 58 #SUP: 2862
5 36 58 #SUP: 2873
5 60 #SUP: 2924
5 60 40 #SUP: 2904
5 60 40 29 #SUP: 2899
5 60 40 29 52 #SUP: 2888
5 60 40 29 52 58 #SUP: 2887
5 60 40 29 58 #SUP: 2898
5 60 40 52 #SUP: 2893
5 60 40 52 58 #SUP: 2892
5 60 40 58 #SUP: 2903
5 60 29 #SUP: 2919
5 60 29 52 #SUP: 2908
5 60 29 52 58 #SUP: 2907
5 60 29 58 #SUP: 2918
5 60 52 #SUP: 2913
5 60 52 58 #SUP: 2912
5 60 58 #SUP: 2923
5 40 #SUP: 2950
5 40 29 #SUP: 2943
5 40 29 52 #SUP: 2932
5 40 29 52 58 #SUP: 2931
5 40 29 58 #SUP: 2942
5 40 52 #SUP: 2939
5 40 52 58 #SUP: 2938
5 40 58 #SUP: 2949
5 29 #SUP: 2964
5 29 52 #SUP: 2953
5 29 52 58 #SUP: 2952
5 29 58 #SUP: 2963
5 52 #SUP: 2960
5 52 58 #SUP: 2959
5 58 #SUP: 2970
48 #SUP: 3013
48 66 #SUP: 2873
48 66 56 #SUP: 2698
48 66 56 34 #SUP: 2582
48 66 56 34 62 #SUP: 2496
48 66 56 34 62 58 #SUP: 2496
48 66 56 34 62 7 #SUP: 2403
48 66 56 34 62 7 58 #SUP: 2403
48 66 56 34 62 7 60 #SUP: 2403
48 66 56 34 62 7 60 58 #SUP: 2403
48 66 56 34 62 7 60 29 #SUP: 2401
48 66 56 34 62 7 60 29 58 #SUP: 2401
48 66 56 34 62 7 60 52 #SUP: 2398
48 66 56 34 62 7 60 52 58 #SUP: 2398
48 66 56 34 62 7 29 #SUP: 2401
48 66 56 34 62 7 29 58 #SUP: 2401
48 66 56 34 62 7 52 #SUP: 2398
48 66 56 34 62 7 52 58 #SUP: 2398
48 66 56 34 62 36 #SUP: 2470
48 66 56 34 62 36 58 #SUP: 2470
48 66 56 34 62 36 60 #SUP: 2470
48 66 56 34 62 36 60 58 #SUP: 2470
48 66 56 34 62 36 60 40 #SUP: 2458
48 66 56 34 62 36 60 40 58 #SUP: 2458
48 66 56 34 62 36 60 40 29 #SUP: 2454
48 66 56 34 62 36 60 40 29 58 #SUP: 2454
48 66 56 34 62 36 60 40 29 52 #SUP: 2449
48 66 56 34 62 36 60 40 29 52 58 #SUP: 2449
48 66 56 34 62 36 60 40 52 #SUP: 2453
48 66 56 34 62 36 60 40 52 58 #SUP: 2453
48 66 56 34 62 36 60 29 #SUP: 2466
48 66 56 34 62 36 60 29 58 #SUP: 2466
48 66 56 34 62 36 60 29 52 #SUP: 2461
48 66 56 34 62 36 60 29 52 58 #SUP: 2461
48 66 56 34 62 36 60 52 #SUP: 2465
48 66 56 34 62 36 60 52 58 #SUP: 2465
48 66 56 34 62 36 40 #SUP: 2458
48 66 56 34 62 36 40 58 #SUP: 2458
48 66 56 34 62 36 40 29 #SUP: 2454
48 66 56 34 62 36 40 29 58 #SUP: 2454
48 66 56 34 62 36 40 29 52 #SUP: 2449
48 66 56 34 62 36 40 29 52 58 #SUP: 2449
48 66 56 34 62 36 40 52 #SUP: 2453
48 66 56 34 62 36 40 52 58 #SUP: 2453
48 66 56 34 62 36 29 #SUP: 2466
48 66 56 34 62 36 29 58 #SUP: 2466
48 66 56 34 62 36 29 52 #SUP: 2461
48 66 56 34 62 36 29 52 58 #SUP: 2461
48 66 56 34 62 36 52 #SUP: 2465
48 66 56 34 62 36 52 58 #SUP: 2465
48 66 56 34 62 60 #SUP: 2496
48 66 56 34 62 60 58 #SUP: 2496
48 66 56 34 62 60 40 #SUP: 2484
48 66 56 34 62 60 40 58 #SUP: 2484
48 66 56 34 62 60 40 29 #SUP: 2480
48 66 56 34 62 60 40 29 58 #SUP: 2480
48 66 56 34 62 60 40 29 52 #SUP: 2475
48 66 56 34 62 60 40 29 52 58 #SUP: 2475
48 66 56 34 62 60 40 52 #SUP: 2479
48 66 56 34 62 60 40 52 58 #SUP: 2479
48 66 56 34 62 60 29 #SUP: 2492
48 66 56 34 62 60 29 58 #SUP: 2492
48 66 56 34 62 60 29 52 #SUP: 2487
48 66 56 34 62 60 29 52 58 #SUP: 2487
48 66 56 34 62 60 52 #SUP: 2491
48 66 56 34 62 60 52 58 #SUP: 2491
48 66 56 34 62 40 #SUP: 2484
48 66 56 34 62 40 58 #SUP: 2484
48 66 56 34 62 40 29 #SUP: 2480
48 66 56 34 62 40 29 58 #SUP: 2480
48 66 56 34 62 40 29 52 #SUP: 2475
48 66 56 34 62 40 29 52 58 #SUP: 2475
48 66 56 34 62 40 52 #SUP: 2479
48 66 56 34 62 40 52 58 #SUP: 2479
48 66 56 34 62 29 #SUP: 2492
48 66 56 34 62 29 58 #SUP: 2492
48 66 56 34 62 29 52 #SUP: 2487
48 66 56 34 62 29 52 58 #SUP: 2487
48 66 56 34 62 52 #SUP: 2491
48 66 56 34 62 52 58 #SUP: 2491
48 66 56 34 7 #SUP: 2489
48 66 56 34 7 36 #SUP: 2463
48 66 56 34 7 36 60 #SUP: 2463
48 66 56 34 7 36 60 40 #SUP: 2442
48 66 56 34 7 36 60 40 29 #SUP: 2440
48 66 56 34 7 36 60 40 29 52 #SUP: 2435
48 66 56 34 7 36 60 40 29 52 58 #SUP: 2434
48 66 56 34 7 36 60 40 29 58 #SUP: 2439
48 66 56 34 7 36 60 40 52 #SUP: 2437
48 66 56 34 7 36 60 40 52 58 #SUP: 2436
48 66 56 34 7 36 60 40 58 #SUP: 2441
48 66 56 34 7 36 60 29 #SUP: 2461
48 66 56 34 7 36 60 29 52 #SUP: 2456
48 66 56 34 7 36 60 29 52 58 #SUP: 2455
48 66 56 34 7 36 60 29 58 #SUP: 2460
48 66 56 34 7 36 60 52 #SUP: 2458
48 66 56 34 7 36 60 52 58 #SUP: 2457
48 66 56 34 7 36 60 58 #SUP: 2462
48 66 56 34 7 36 40 #SUP: 2442
48 66 56 34 7 36 40 29 #SUP: 2440
48 66 56 34 7 36 40 29 52 #SUP: 2435
48 66 56 34 7 36 40 29 52 58 #SUP: 2434
48 66 56 34 7 36 40 29 58 #SUP: 2439
48 66 56 34 7 36 40 52 #SUP: 2437
48 66 56 34 7 36 40 52 58 #SUP: 2436
48 66 56 34 7 36 40 58 #SUP: 2441
48 66 56 34 7 36 29 #SUP: 2461
48 66 56 34 7 36 29 52 #SUP: 2456
48 66 56 34 7 36 29 52 58 #SUP: 2455
48 66 56 34 7 36 29 58 #SUP: 2460
48 66 56 34 7 36 52 #SUP: 2458
48 66 56 34 7 36 52 58 #SUP: 2457
48 66 56 34 7 36 58 #SUP: 2462
48 66 56 34 7 60 #SUP: 2489
48 66 56 34 7 60 40 #SUP: 2468
48 66 56 34 7 60 40 29 #SUP: 2466
48 66 56 34 7 60 40 29 52 #SUP: 2461
48 66 56 34 7 60 40 29 52 58 #SUP: 2460
48 66 56 34 7 60 40 29 58 #SUP: 2465
48 66 56 34 7 60 40 52 #SUP: 2463
48 66 56 34 7 60 40 52 58 #SUP: 2462
48 66 56 34 7 60 40 58 #SUP: 2467
48 66 56 34 7 60 29 #SUP: 2487
48 66 56 34 7 60 29 52 #SUP: 2482
48 66 56 34 7 60 29 52 58 #SUP: 2481
48 66 56 34 7 60 29 58 #SUP: 2486
48 66 56 34 7 60 52 #SUP: 2484
48 66 56 34 7 60 52 58 #SUP: 2483
48 66 56 34 7 60 58 #SUP: 2488
48 66 56 34 7 40 #SUP: 2468
48 66 56 34 7 40 29 #SUP: 2466
48 66 56 34 7 40 29 52 #SUP: 2461
48 66 56 34 7 40 29 52 58 #SUP: 2460
48 66 56 34 7 40 29 58 #SUP: 2465
48 66 56 34 7 40 52 #SUP: 2463
48 66 56 34 7 40 52 58 #SUP: 2462
48 66 56 34 7 40 58 #SUP: 2467
48 66 56 34 7 29 #SUP: 2487
48 66 56 34 7 29 52 #SUP: 2482
48 66 56 34 7 29 52 58 #SUP: 2481
48 66 56 34 7 29 58 #SUP: 2486
48 66 56 34 7 52 #SUP: 2484
48 66 56 34 7 52 58 #SUP: 2483
48 66 56 34 7 58 #SUP: 2488
48 66 56 34 36 #SUP: 2556
48 66 56 34 36 60 #SUP: 2556
48 66 56 34 36 60 40 #SUP: 2535
48 66 56 34 36 60 40 29 #SUP: 2531
48 66 56 34 36 60 40 29 52 #SUP: 2526
48 66 56 34 36 60 40 29 52 58 #SUP: 2525
48 66 56 34 36 60 40 29 58 #SUP: 2530
48 66 56 34 36 60 40 52 #SUP: 2530
48 66 56 34 36 60 40 52 58 #SUP: 2529
48 66 56 34 36 60 40 58 #SUP: 2534
48 66 56 34 36 60 29 #SUP: 2552
48 66 56 34 36 60 29 52 #SUP: 2547
48 66 56 34 36 60 29 52 58 #SUP: 2546
48 66 56 34 36 60 29 58 #SUP: 2551
48 66 56 34 36 60 52 #SUP: 2551
48 66 56 34 36 60 52 58 #SUP: 2550
48 66 56 34 36 60 58 #SUP: 2555
48 66 56 34 36 40 #SUP: 2535
48 66 56 34 36 40 29 #SUP: 2531
48 66 56 34 36 40 29 52 #SUP: 2526
48 66 56 34 36 40 29 52 58 #SUP: 2525
48 66 56 34 36 40 29 58 #SUP: 2530
48 66 56 34 36 40 52 #SUP: 2530
48 66 56 34 36 40 52 58 #SUP: 2529
48 66 56 34 36 40 58 #SUP: 2534
48 66 56 34 36 29 #SUP: 2552
48 66 56 34 36 29 52 #SUP: 2547
48 66 56 34 36 29 52 58 #SUP: 2546
48 66 56 34 36 29 58 #SUP: 2551
48 66 56 34 36 52 #SUP: 2551
48 66 56 34 36 52 58 #SUP: 2550
48 66 56 34 36 58 #SUP: 2555
48 66 56 34 60 #SUP: 2582
48 66 56 34 60 40 #SUP: 2561
48 66 56 34 60 40 29 #SUP: 2557
48 66 56 34 60 40 29 52 #SUP: 2552
48 66 56 34 60 40 29 52 58 #SUP: 2551
48 66 56 34 60 40 29 58 #SUP: 2556
48 66 56 34 60 40 52 #SUP: 2556
48 66 56 34 60 40 52 58 #SUP: 2555
48 66 56 34 60 40 58 #SUP: 2560
48 66 56 34 60 29 #SUP: 2578
48 66 56 34 60 29 52 #SUP: 2573
48 66 56 34 60 29 52 58 #SUP: 2572
48 66 56 34 60 29 58 #SUP: 2577
48 66 56 34 60 52 #SUP: 2577
48 66 56 34 60 52 58 #SUP: 2576
48 66 56 34 60 58 #SUP: 2581
48 66 56 34 40 #SUP: 2561
48 66 56 34 40 29 #SUP: 2557
48 66 56 34 40 29 52 #SUP: 2552
48 66 56 34 40 29 52 58 #SUP: 2551
48 66 56 34 40 29 58 #SUP: 2556
48 66 56 34 40 52 #SUP: 2556
48 66 56 34 40 52 58 #SUP: 2555
48 66 56 34 40 58 #SUP: 2560
48 66 56 34 29 #SUP: 2578
48 66 56 34 29 52 #SUP: 2573
48 66 56 34 29 52 58 #SUP: 2572
48 66 56 34 29 58 #SUP: 2577
48 66 56 34 52 #SUP: 2577
48 66 56 34 52 58 #SUP: 2576
48 66 56 34 58 #SUP: 2581
48 66 56 62 #SUP: 2607
48 66 56 62 58 #SUP: 2607
48 66 56 62 7 #SUP: 2510
48 66 56 62 7 58 #SUP: 2510
48 66 56 62 7 36 #SUP: 2484
48 66 56 62 7 36 58 #SUP: 2484
48 66 56 62 7 36 60 #SUP: 2484
48 66 56 62 7 36 60 58 #SUP: 2484
48 66 56 62 7 36 60 40 #SUP: 2470
48 66 56 62 7 36 60 40 58 #SUP: 2470
48 66 56 62 7 36 60 40 29 #SUP: 2466
48 66 56 62 7 36 60 40 29 58 #SUP: 2466
48 66 56 62 7 36 60 40 29 52 #SUP: 2461
48 66 56 62 7 36 60 40 29 52 58 #SUP: 2461
48 66 56 62 7 36 60 40 52 #SUP: 2465
48 66 56 62 7 36 60 40 52 58 #SUP: 2465
48 66 56 62 7 36 60 29 #SUP: 2480
48 66 56 62 7 36 60 29 58 #SUP: 2480
48 66 56 62 7 36 60 29 52 #SUP: 2475
48 66 56 62 7 36 60 29 52 58 #SUP: 2475
48 66 56 62 7 36 60 52 #SUP: 2479
48 66 56 62 7 36 60 52 58 #SUP: 2479
48 66 56 62 7 36 40 #SUP: 2470
48 66 56 62 7 36 40 58 #SUP: 2470
48 66 56 62 7 36 40 29 #SUP: 2466
48 66 56 62 7 36 40 29 58 #SUP: 2466
48 66 56 62 7 36 40 29 52 #SUP: 2461
48 66 56 62 7 36 40 29 52 58 #SUP: 2461
48 66 56 62 7 36 40 52 #SUP: 2465
48 66 56 62 7 36 40 52 58 #SUP: 2465
48 66 56 62 7 36 29 #SUP: 2480
48 66 56 62 7 36 29 58 #SUP: 2480
48 66 56 62 7 36 29 52 #SUP: 2475
48 66 56 62 7 36 29 52 58 #SUP: 2475
48 66 56 62 7 36 52 #SUP: 2479
48 66 56 62 7 36 52 58 #SUP: 2479
48 66 56 62 7 60 #SUP: 2510
48 66 56 62 7 60 58 #SUP: 2510
48 66 56 62 7 60 40 #SUP: 2496
48 66 56 62 7 60 40 58 #SUP: 2496
48 66 56 62 7 60 40 29 #SUP: 2492
48 66 56 62 7 60 40 29 58 #SUP: 2492
48 66 56 62 7 60 40 29 52 #SUP: 2487
48 66 56 62 7 60 40 29 52 58 #SUP: 2487
48 66 56 62 7 60 40 52 #SUP: 2491
48 66 56 62 7 60 40 52 58 #SUP: 2491
48 66 56 62 7 60 29 #SUP: 2506
48 66 56 62 7 60 29 58 #SUP: 2506
48 66 56 62 7 60 29 52 #SUP: 2501
48 66 56 62 7 60 29 52 58 #SUP: 2501
48 66 56 62 7 60 52 #SUP: 2505
48 66 56 62 7 60 52 58 #SUP: 2505
48 66 56 62 7 40 #SUP: 2496
48 66 56 62 7 40 58 #SUP: 2496
48 66 56 62 7 40 29 #SUP: 2492
48 66 56 62 7 40 29 58 #SUP: 2492
48 66 56 62 7 40 29 52 #SUP: 2487
48 66 56 62 7 40 29 52 58 #SUP: 2487
48 66 56 62 7 40 52 #SUP: 2491
48 66 56 62 7 40 52 58 #SUP: 2491
48 66 56 62 7 29 #SUP: 2506
48 66 56 62 7 29 58 #SUP: 2506
48 66 56 62 7 29 52 #SUP: 2501
48 66 56 62 7 29 52 58 #SUP: 2501
48 66 56 62 7 52 #SUP: 2505
48 66 56 62 7 52 58 #SUP: 2505
48 66 56 62 36 #SUP: 2581
48 66 56 62 36 58 #SUP: 2581
48 66 56 62 36 60 #SUP: 2581
48 66 56 62 36 60 58 #SUP: 2581
48 66 56 62 36 60 40 #SUP: 2567
48 66 56 62 36 60 40 58 #SUP: 2567
48 66 56 62 36 60 40 29 #SUP: 2559
48 66 56 62 36 60 40 29 58 #SUP: 2559
48 66 56 62 36 60 40 29 52 #SUP: 2554
48 66 56 62 36 60 40 29 52 58 #SUP: 2554
48 66 56 62 36 60 40 52 #SUP: 2562
48 66 56 62 36 60 40 52 58 #SUP: 2562
48 66 56 62 36 60 29 #SUP: 2573
48 66 56 62 36 60 29 58 #SUP: 2573
48 66 56 62 36 60 29 52 #SUP: 2568
48 66 56 62 36 60 29 52 58 #SUP: 2568
48 66 56 62 36 60 52 #SUP: 2576
48 66 56 62 36 60 52 58 #SUP: 2576
48 66 56 62 36 40 #SUP: 2567
48 66 56 62 36 40 58 #SUP: 2567
48 66 56 62 36 40 29 #SUP: 2559
48 66 56 62 36 40 29 58 #SUP: 2559
48 66 56 62 36 40 29 52 #SUP: 2554
48 66 56 62 36 40 29 52 58 #SUP: 2554
48 66 56 62 36 40 52 #SUP: 2562
48 66 56 62 36 40 52 58 #SUP: 2562
48 66 56 62 36 29 #SUP: 2573
48 66 56 62 36 29 58 #SUP: 2573
48 66 56 62 36 29 52 #SUP: 2568
48 66 56 62 36 29 52 58 #SUP: 2568
48 66 56 62 36 52 #SUP: 2576
48 66 56 62 36 52 58 #SUP: 2576
48 66 56 62 60 #SUP: 2607
48 66 56 62 60 58 #SUP: 2607
48 66 56 62 60 40 #SUP: 2593
48 66 56 62 60 40 58 #SUP: 2593
48 66 56 62 60 40 29 #SUP: 2585
48 66 56 62 60 40 29 58 #SUP: 2585
48 66 56 62 60 40 29 52 #SUP: 2580
48 66 56 62 60 40 29 52 58 #SUP: 2580
48 66 56 62 60 40 52 #SUP: 2588
48 66 56 62 60 40 52 58 #SUP: 2588
48 66 56 62 60 29 #SUP: 2599
48 66 56 62 60 29 58 #SUP: 2599
48 66 56 62 60 29 52 #SUP: 2594
48 66 56 62 60 29 52 58 #SUP: 2594
48 66 56 62 60 52 #SUP: 2602
48 66 56 62 60 52 58 #SUP: 2602
48 66 56 62 40 #SUP: 2593
48 66 56 62 40 58 #SUP: 2593
48 66 56 62 40 29 #SUP: 2585
48 66 56 62 40 29 58 #SUP: 2585
48 66 56 62 40 29 52 #SUP: 2580
48 66 56 62 40 29 52 58 #SUP: 2580
48 66 56 62 40 52 #SUP: 2588
48 66 56 62 40 52 58 #SUP: 2588
48 66 56 62 29 #SUP: 2599
48 66 56 62 29 58 #SUP: 2599
48 66 56 62 29 52 #SUP: 2594
48 66 56 62 29 52 58 #SUP: 2594
48 66 56 62 52 #SUP: 2602
48 66 56 62 52 58 #SUP: 2602
48 66 56 7 #SUP: 2601
48 66 56 7 36 #SUP: 2575
48 66 56 7 36 60 #SUP: 2575
48 66 56 7 36 60 40 #SUP: 2552
48 66 56 7 36 60 40 29 #SUP: 2548
48 66 56 7 36 60 40 29 52 #SUP: 2543
48 66 56 7 36 60 40 29 52 58 #SUP: 2542
48 66 56 7 36 60 40 29 58 #SUP: 2547
48 66 56 7 36 60 40 52 #SUP: 2547
48 66 56 7 36 60 40 52 58 #SUP: 2546
48 66 56 7 36 60 40 58 #SUP: 2551
48 66 56 7 36 60 29 #SUP: 2571
48 66 56 7 36 60 29 52 #SUP: 2566
48 66 56 7 36 60 29 52 58 #SUP: 2565
48 66 56 7 36 60 29 58 #SUP: 2570
48 66 56 7 36 60 52 #SUP: 2570
48 66 56 7 36 60 52 58 #SUP: 2569
48 66 56 7 36 60 58 #SUP: 2574
48 66 56 7 36 40 #SUP: 2552
48 66 56 7 36 40 29 #SUP: 2548
48 66 56 7 36 40 29 52 #SUP: 2543
48 66 56 7 36 40 29 52 58 #SUP: 2542
48 66 56 7 36 40 29 58 #SUP: 2547
48 66 56 7 36 40 52 #SUP: 2547
48 66 56 7 36 40 52 58 #SUP: 2546
48 66 56 7 36 40 58 #SUP: 2551
48 66 56 7 36 29 #SUP: 2571
48 66 56 7 36 29 52 #SUP: 2566
48 66 56 7 36 29 52 58 #SUP: 2565
48 66 56 7 36 29 58 #SUP: 2570
48 66 56 7 36 52 #SUP: 2570
48 66 56 7 36 52 58 #SUP: 2569
48 66 56 7 36 58 #SUP: 2574
48 66 56 7 60 #SUP: 2601
48 66 56 7 60 40 #SUP: 2578
48 66 56 7 60 40 29 #SUP: 2574
48 66 56 7 60 40 29 52 #SUP: 2569
48 66 56 7 60 40 29 52 58 #SUP: 2568
48 66 56 7 60 40 29 58 #SUP: 2573
48 66 56 7 60 40 52 #SUP: 2573
48 66 56 7 60 40 52 58 #SUP: 2572
48 66 56 7 60 40 58 #SUP: 2577
48 66 56 7 60 29 #SUP: 2597
48 66 56 7 60 29 52 #SUP: 2592
48 66 56 7 60 29 52 58 #SUP: 2591
48 66 56 7 60 29 58 #SUP: 2596
48 66 56 7 60 52 #SUP: 2596
48 66 56 7 60 52 58 #SUP: 2595
48 66 56 7 60 58 #SUP: 2600
48 66 56 7 40 #SUP: 2578
48 66 56 7 40 29 #SUP: 2574
48 66 56 7 40 29 52 #SUP: 2569
48 66 56 7 40 29 52 58 #SUP: 2568
48 66 56 7 40 29 58 #SUP: 2573
48 66 56 7 40 52 #SUP: 2573
48 66 56 7 40 52 58 #SUP: 2572
48 66 56 7 40 58 #SUP: 2577
48 66 56 7 29 #SUP: 2597
48 66 56 7 29 52 #SUP: 2592
48 66 56 7 29 52 58 #SUP: 2591
48 66 56 7 29 58 #SUP: 2596
48 66 56 7 52 #SUP: 2596
48 66 56 7 52 58 #SUP: 2595
48 66 56 7 58 #SUP: 2600
48 66 56 36 #SUP: 2672
48 66 56 36 60 #SUP: 2672
48 66 56 36 60 40 #SUP: 2649
48 66 56 36 60 40 29 #SUP: 2641
48 66 56 36 60 40 29 52 #SUP: 2636
48 66 56 36 60 40 29 52 58 #SUP: 2635
48 66 56 36 60 40 29 58 #SUP: 2640
48 66 56 36 60 40 52 #SUP: 2644
48 66 56 36 60 40 52 58 #SUP: 2643
48 66 56 36 60 40 58 #SUP: 2648
48 66 56 36 60 29 #SUP: 2664
48 66 56 36 60 29 52 #SUP: 2659
48 66 56 36 60 29 52 58 #SUP: 2658
48 66 56 36 60 29 58 #SUP: 2663
48 66 56 36 60 52 #SUP: 2667
48 66 56 36 60 52 58 #SUP: 2666
48 66 56 36 60 58 #SUP: 2671
48 66 56 36 40 #SUP: 2649
48 66 56 36 40 29 #SUP: 2641
48 66 56 36 40 29 52 #SUP: 2636
48 66 56 36 40 29 52 58 #SUP: 2635
48 66 56 36 40 29 58 #SUP: 2640
48 66 56 36 40 52 #SUP: 2644
48 66 56 36 40 52 58 #SUP: 2643
48 66 56 36 40 58 #SUP: 2648
48 66 56 36 29 #SUP: 2664
48 66 56 36 29 52 #SUP: 2659
48 66 56 36 29 52 58 #SUP: 2658
48 66 56 36 29 58 #SUP: 2663
48 66 56 36 52 #SUP: 2667
48 66 56 36 52 58 #SUP: 2666
48 66 56 36 58 #SUP: 2671
48 66 56 60 #SUP: 2698
48 66 56 60 40 #SUP: 2675
48 66 56 60 40 29 #SUP: 2667
48 66 56 60 40 29 52 #SUP: 2662
48 66 56 60 40 29 52 58 #SUP: 2661
48 66 56 60 40 29 58 #SUP: 2666
48 66 56 60 40 52 #SUP: 2670
48 66 56 60 40 52 58 #SUP: 2669
48 66 56 60 40 58 #SUP: 2674
48 66 56 60 29 #SUP: 2690
48 66 56 60 29 52 #SUP: 2685
48 66 56 60 29 52 58 #SUP: 2684
48 66 56 60 29 58 #SUP: 2689
48 66 56 60 52 #SUP: 2693
48 66 56 60 52 58 #SUP: 2692
48 66 56 60 58 #SUP: 2697
48 66 56 40 #SUP: 2675
48 66 56 40 29 #SUP: 2667
48 66 56 40 29 52 #SUP: 2662
48 66 56 40 29 52 58 #SUP: 2661
48 66 56 40 29 58 #SUP: 2666
48 66 56 40 52 #SUP: 2670
48 66 56 40 52 58 #SUP: 2669
48 66 56 40 58 #SUP: 2674
48 66 56 29 #SUP: 2690
48 66 56 29 52 #SUP: 2685
48 66 56 29 52 58 #SUP: 2684
48 66 56 29 58 #SUP: 2689
48 66 56 52 #SUP: 2693
48 66 56 52 58 #SUP: 2692
48 66 56 58 #SUP: 2697
48 66 34 #SUP: 2738
48 66 34 62 #SUP: 2618
48 66 34 62 58 #SUP: 2618
48 66 34 62 7 #SUP: 2509
48 66 34 62 7 58 #SUP: 2509
48 66 34 62 7 36 #SUP: 2483
48 66 34 62 7 36 58 #SUP: 2483
48 66 34 62 7 36 60 #SUP: 2483
48 66 34 62 7 36 60 58 #SUP: 2483
48 66 34 62 7 36 60 40 #SUP: 2471
48 66 34 62 7 36 60 40 58 #SUP: 2471
48 66 34 62 7 36 60 40 29 #SUP: 2469
48 66 34 62 7 36 60 40 29 58 #SUP: 2469
48 66 34 62 7 36 60 40 29 52 #SUP: 2460
48 66 34 62 7 36 60 40 29 52 58 #SUP: 2460
48 66 34 62 7 36 60 40 52 #SUP: 2462
48 66 34 62 7 36 60 40 52 58 #SUP: 2462
48 66 34 62 7 36 60 29 #SUP: 2481
48 66 34 62 7 36 60 29 58 #SUP: 2481
48 66 34 62 7 36 60 29 52 #SUP: 2472
48 66 34 62 7 36 60 29 52 58 #SUP: 2472
48 66 34 62 7 36 60 52 #SUP: 2474
48 66 34 62 7 36 60 52 58 #SUP: 2474
48 66 34 62 7 36 40 #SUP: 2471
48 66 34 62 7 36 40 58 #SUP: 2471
48 66 34 62 7 36 40 29 #SUP: 2469
48 66 34 62 7 36 40 29 58 #SUP: 2469
48 66 34 62 7 36 40 29 52 #SUP: 2460
48 66 34 62 7 36 40 29 52 58 #SUP: 2460
48 66 34 62 7 36 40 52 #SUP: 2462
48 66 34 62 7 36 40 52 58 #SUP: 2462
48 66 34 62 7 36 29 #SUP: 2481
48 66 34 62 7 36 29 58 #SUP: 2481
48 66 34 62 7 36 29 52 #SUP: 2472
48 66 34 62 7 36 29 52 58 #SUP: 2472
48 66 34 62 7 36 52 #SUP: 2474
48 66 34 62 7 36 52 58 #SUP: 2474
48 66 34 62 7 60 #SUP: 2509
48 66 34 62 7 60 58 #SUP: 2509
48 66 34 62 7 60 40 #SUP: 2497
48 66 34 62 7 60 40 58 #SUP: 2497
48 66 34 62 7 60 40 29 #SUP: 2495
48 66 34 62 7 60 40 29 58 #SUP: 2495
48 66 34 62 7 60 40 29 52 #SUP: 2486
48 66 34 62 7 60 40 29 52 58 #SUP: 2486
48 66 34 62 7 60 40 52 #SUP: 2488
48 66 34 62 7 60 40 52 58 #SUP: 2488
48 66 34 62 7 60 29 #SUP: 2507
48 66 34 62 7 60 29 58 #SUP: 2507
48 66 34 62 7 60 29 52 #SUP: 2498
48 66 34 62 7 60 29 52 58 #SUP: 2498
48 66 34 62 7 60 52 #SUP: 2500
48 66 34 62 7 60 52 58 #SUP: 2500
48 66 34 62 7 40 #SUP: 2497
48 66 34 62 7 40 58 #SUP: 2497
48 66 34 62 7 40 29 #SUP: 2495
48 66 34 62 7 40 29 58 #SUP: 2495
48 66 34 62 7 40 29 52 #SUP: 2486
48 66 34 62 7 40 29 52 58 #SUP: 2486
48 66 34 62 7 40 52 #SUP: 2488
48 66 34 62 7 40 52 58 #SUP: 2488
48 66 34 62 7 29 #SUP: 2507
48 66 34 62 7 29 58 #SUP: 2507
48 66 34 62 7 29 52 #SUP: 2498
48 66 34 62 7 29 52 58 #SUP: 2498
48 66 34 62 7 52 #SUP: 2500
48 66 34 62 7 52 58 #SUP: 2500
48 66 34 62 36 #SUP: 2592
48 66 34 62 36 58 #SUP: 2592
48 66 34 62 36 60 #SUP: 2592
48 66 34 62 36 60 58 #SUP: 2592
48 66 34 62 36 60 40 #SUP: 2580
48 66 34 62 36 60 40 58 #SUP: 2580
48 66 34 62 36 60 40 29 #SUP: 2576
48 66 34 62 36 60 40 29 58 #SUP: 2576
48 66 34 62 36 60 40 29 52 #SUP: 2567
48 66 34 62 36 60 40 29 52 58 #SUP: 2567
48 66 34 62 36 60 40 52 #SUP: 2571
48 66 34 62 36 60 40 52 58 #SUP: 2571
48 66 34 62 36 60 29 #SUP: 2588
48 66 34 62 36 60 29 58 #SUP: 2588
48 66 34 62 36 60 29 52 #SUP: 2579
48 66 34 62 36 60 29 52 58 #SUP: 2579
48 66 34 62 36 60 52 #SUP: 2583
48 66 34 62 36 60 52 58 #SUP: 2583
48 66 34 62 36 40 #SUP: 2580
48 66 34 62 36 40 58 #SUP: 2580
48 66 34 62 36 40 29 #SUP: 2576
48 66 34 62 36 40 29 58 #SUP: 2576
48 66 34 62 36 40 29 52 #SUP: 2567
48 66 34 62 36 40 29 52 58 #SUP: 2567
48 66 34 62 36 40 52 #SUP: 2571
48 66 34 62 36 40 52 58 #SUP: 2571
48 66 34 62 36 29 #SUP: 2588
48 66 34 62 36 29 58 #SUP: 2588
48 66 34 62 36 29 52 #SUP: 2579
48 66 34 62 36 29 52 58 #SUP: 2579
48 66 34 62 36 52 #SUP: 2583
48 66 34 62 36 52 58 #SUP: 2583
48 66 34 62 60 #SUP: 2618
48 66 34 62 60 58 #SUP: 2618
48 66 34 62 60 40 #SUP: 2606
48 66 34 62 60 40 58 #SUP: 2606
48 66 34 62 60 40 29 #SUP: 2602
48 66 34 62 60 40 29 58 #SUP: 2602
48 66 34 62 60 40 29 52 #SUP: 2593
48 66 34 62 60 40 29 52 58 #SUP: 2593
48 66 34 62 60 40 52 #SUP: 2597
48 66 34 62 60 40 52 58 #SUP: 2597
48 66 34 62 60 29 #SUP: 2614
48 66 34 62 60 29 58 #SUP: 2614
48 66 34 62 60 29 52 #SUP: 2605
48 66 34 62 60 29 52 58 #SUP: 2605
48 66 34 62 60 52 #SUP: 2609
48 66 34 62 60 52 58 #SUP: 2609
48 66 34 62 40 #SUP: 2606
48 66 34 62 40 58 #SUP: 2606
48 66 34 62 40 29 #SUP: 2602
48 66 34 62 40 29 58 #SUP: 2602
48 66 34 62 40 29 52 #SUP: 2593
48 66 34 62 40 29 52 58 #SUP: 2593
48 66 34 62 40 52 #SUP: 2597
48 66 34 62 40 52 58 #SUP: 2597
48 66 34 62 29 #SUP: 2614
48 66 34 62 29 58 #SUP: 2614
48 66 34 62 29 52 #SUP: 2605
48 66 34 62 29 52 58 #SUP: 2605
48 66 34 62 52 #SUP: 2609
48 66 34 62 52 58 #SUP: 2609
48 66 34 7 #SUP: 2629
48 66 34 7 36 #SUP: 2603
48 66 34 7 36 60 #SUP: 2603
48 66 34 7 36 60 40 #SUP: 2582
48 66 34 7 36 60 40 29 #SUP: 2580
48 66 34 7 36 60 40 29 52 #SUP: 2571
48 66 34 7 36 60 40 29 52 58 #SUP: 2570
48 66 34 7 36 60 40 29 58 #SUP: 2579
48 66 34 7 36 60 40 52 #SUP: 2573
48 66 34 7 36 60 40 52 58 #SUP: 2572
48 66 34 7 36 60 40 58 #SUP: 2581
48 66 34 7 36 60 29 #SUP: 2601
48 66 34 7 36 60 29 52 #SUP: 2592
48 66 34 7 36 60 29 52 58 #SUP: 2591
48 66 34 7 36 60 29 58 #SUP: 2600
48 66 34 7 36 60 52 #SUP: 2594
48 66 34 7 36 60 52 58 #SUP: 2593
48 66 34 7 36 60 58 #SUP: 2602
48 66 34 7 36 40 #SUP: 2582
48 66 34 7 36 40 29 #SUP: 2580
48 66 34 7 36 40 29 52 #SUP: 2571
48 66 34 7 36 40 29 52 58 #SUP: 2570
48 66 34 7 36 40 29 58 #SUP: 2579
48 66 34 7 36 40 52 #SUP: 2573
48 66 34 7 36 40 52 58 #SUP: 2572
48 66 34 7 36 40 58 #SUP: 2581
48 66 34 7 36 29 #SUP: 2601
48 66 34 7 36 29 52 #SUP: 2592
48 66 34 7 36 29 52 58 #SUP: 2591
48 66 34 7 36 29 58 #SUP: 2600
48 66 34 7 36 52 #SUP: 2594
48 66 34 7 36 52 58 #SUP: 2593
48 66 34 7 36 58 #SUP: 2602
48 66 34 7 60 #SUP: 2629
48 66 34 7 60 40 #SUP: 2608
48 66 34 7 60 40 29 #SUP: 2606
48 66 34 7 60 40 29 52 #SUP: 2597
48 66 34 7 60 40 29 52 58 #SUP: 2596
48 66 34 7 60 40 29 58 #SUP: 2605
48 66 34 7 60 40 52 #SUP: 2599
48 66 34 7 60 40 52 58 #SUP: 2598
48 66 34 7 60 40 58 #SUP: 2607
48 66 34 7 60 29 #SUP: 2627
48 66 34 7 60 29 52 #SUP: 2618
48 66 34 7 60 29 52 58 #SUP: 2617
48 66 34 7 60 29 58 #SUP: 2626
48 66 34 7 60 52 #SUP: 2620
48 66 34 7 60 52 58 #SUP: 2619
48 66 34 7 60 58 #SUP: 2628
48 66 34 7 40 #SUP: 2608
48 66 34 7 40 29 #SUP: 2606
48 66 34 7 40 29 52 #SUP: 2597
48 66 34 7 40 29 52 58 #SUP: 2596
48 66 34 7 40 29 58 #SUP: 2605
48 66 34 7 40 52 #SUP: 2599
48 66 34 7 40 52 58 #SUP: 2598
48 66 34 7 40 58 #SUP: 2607
48 66 34 7 29 #SUP: 2627
48 66 34 7 29 52 #SUP: 2618
48 66 34 7 29 52 58 #SUP: 2617
48 66 34 7 29 58 #SUP: 2626
48 66 34 7 52 #SUP: 2620
48 66 34 7 52 58 #SUP: 2619
48 66 34 7 58 #SUP: 2628
48 66 34 36 #SUP: 2712
48 66 34 36 60 #SUP: 2712
48 66 34 36 60 40 #SUP: 2691
48 66 34 36 60 40 29 #SUP: 2687
48 66 34 36 60 40 29 52 #SUP: 2678
48 66 34 36 60 40 29 52 58 #SUP: 2677
48 66 34 36 60 40 29 58 #SUP: 2686
48 66 34 36 60 40 52 #SUP: 2682
48 66 34 36 60 40 52 58 #SUP: 2681
48 66 34 36 60 40 58 #SUP: 2690
48 66 34 36 60 29 #SUP: 2708
48 66 34 36 60 29 52 #SUP: 2699
48 66 34 36 60 29 52 58 #SUP: 2698
48 66 34 36 60 29 58 #SUP: 2707
48 66 34 36 60 52 #SUP: 2703
48 66 34 36 60 52 58 #SUP: 2702
48 66 34 36 60 58 #SUP: 2711
48 66 34 36 40 #SUP: 2691
48 66 34 36 40 29 #SUP: 2687
48 66 34 36 40 29 52 #SUP: 2678
48 66 34 36 40 29 52 58 #SUP: 2677
48 66 34 36 40 29 58 #SUP: 2686
48 66 34 36 40 52 #SUP: 2682
48 66 34 36 40 52 58 #SUP: 2681
48 66 34 36 40 58 #SUP: 2690
48 66 34 36 29 #SUP: 2708
48 66 34 36 29 52 #SUP: 2699
48 66 34 36 29 52 58 #SUP: 2698
48 66 34 36 29 58 #SUP: 2707
48 66 34 36 52 #SUP: 2703
48 66 34 36 52 58 #SUP: 2702
48 66 34 36 58 #SUP: 2711
48 66 34 60 #SUP: 2738
48 66 34 60 40 #SUP: 2717
48 66 34 60 40 29 #SUP: 2713
48 66 34 60 40 29 52 #SUP: 2704
48 66 34 60 40 29 52 58 #SUP: 2703
48 66 34 60 40 29 58 #SUP: 2712
48 66 34 60 40 52 #SUP: 2708
48 66 34 60 40 52 58 #SUP: 2707
48 66 34 60 40 58 #SUP: 2716
48 66 34 60 29 #SUP: 2734
48 66 34 60 29 52 #SUP: 2725
48 66 34 60 29 52 58 #SUP: 2724
48 66 34 60 29 58 #SUP: 2733
48 66 34 60 52 #SUP: 2729
48 66 34 60 52 58 #SUP: 2728
48 66 34 60 58 #SUP: 2737
48 66 34 40 #SUP: 2717
48 66 34 40 29 #SUP: 2713
48 66 34 40 29 52 #SUP: 2704
48 66 34 40 29 52 58 #SUP: 2703
48 66 34 40 29 58 #SUP: 2712
48 66 34 40 52 #SUP: 2708
48 66 34 40 52 58 #SUP: 2707
48 66 34 40 58 #SUP: 2716
48 66 34 29 #SUP: 2734
48 66 34 29 52 #SUP: 2725
48 66 34 29 52 58 #SUP: 2724
48 66 34 29 58 #SUP: 2733
48 66 34 52 #SUP: 2729
48 66 34 52 58 #SUP: 2728
48 66 34 58 #SUP: 2737
48 66 62 #SUP: 2744
48 66 62 58 #SUP: 2744
48 66 62 7 #SUP: 2629
48 66 62 7 58 #SUP: 2629
48 66 62 7 36 #SUP: 2603
48 66 62 7 36 58 #SUP: 2603
48 66 62 7 36 60 #SUP: 2603
48 66 62 7 36 60 58 #SUP: 2603
48 66 62 7 36 60 40 #SUP: 2588
48 66 62 7 36 60 40 58 #SUP: 2588
48 66 62 7 36 60 40 29 #SUP: 2584
48 66 62 7 36 60 40 29 58 #SUP: 2584
48 66 62 7 36 60 40 29 52 #SUP: 2573
48 66 62 7 36 60 40 29 52 58 #SUP: 2573
48 66 62 7 36 60 40 52 #SUP: 2577
48 66 62 7 36 60 40 52 58 #SUP: 2577
48 66 62 7 36 60 29 #SUP: 2599
48 66 62 7 36 60 29 58 #SUP: 2599
48 66 62 7 36 60 29 52 #SUP: 2588
48 66 62 7 36 60 29 52 58 #SUP: 2588
48 66 62 7 36 60 52 #SUP: 2592
48 66 62 7 36 60 52 58 #SUP: 2592
48 66 62 7 36 40 #SUP: 2588
48 66 62 7 36 40 58 #SUP: 2588
48 66 62 7 36 40 29 #SUP: 2584
48 66 62 7 36 40 29 58 #SUP: 2584
48 66 62 7 36 40 29 52 #SUP: 2573
48 66 62 7 36 40 29 52 58 #SUP: 2573
48 66 62 7 36 40 52 #SUP: 2577
48 66 62 7 36 40 52 58 #SUP: 2577
48 66 62 7 36 29 #SUP: 2599
48 66 62 7 36 29 58 #SUP: 2599
48 66 62 7 36 29 52 #SUP: 2588
48 66 62 7 36 29 52 58 #SUP: 2588
48 66 62 7 36 52 #SUP: 2592
48 66 62 7 36 52 58 #SUP: 2592
48 66 62 7 60 #SUP: 2629
48 66 62 7 60 58 #SUP: 2629
48 66 62 7 60 40 #SUP: 2614
48 66 62 7 60 40 58 #SUP: 2614
48 66 62 7 60 40 29 #SUP: 2610
48 66 62 7 60 40 29 58 #SUP: 2610
48 66 62 7 60 40 29 52 #SUP: 2599
48 66 62 7 60 40 29 52 58 #SUP: 2599
48 66 62 7 60 40 52 #SUP: 2603
48 66 62 7 60 40 52 58 #SUP: 2603
48 66 62 7 60 29 #SUP: 2625
48 66 62 7 60 29 58 #SUP: 2625
48 66 62 7 60 29 52 #SUP: 2614
48 66 62 7 60 29 52 58 #SUP: 2614
48 66 62 7 60 52 #SUP: 2618
48 66 62 7 60 52 58 #SUP: 2618
48 66 62 7 40 #SUP: 2614
48 66 62 7 40 58 #SUP: 2614
48 66 62 7 40 29 #SUP: 2610
48 66 62 7 40 29 58 #SUP: 2610
48 66 62 7 40 29 52 #SUP: 2599
48 66 62 7 40 29 52 58 #SUP: 2599
48 66 62 7 40 52 #SUP: 2603
48 66 62 7 40 52 58 #SUP: 2603
48 66 62 7 29 #SUP: 2625
48 66 62 7 29 58 #SUP: 2625
48 66 62 7 29 52 #SUP: 2614
48 66 62 7 29 52 58 #SUP: 2614
48 66 62 7 52 #SUP: 2618
48 66 62 7 52 58 #SUP: 2618
48 66 62 36 #SUP: 2718
48 66 62 36 58 #SUP: 2718
48 66 62 36 60 #SUP: 2718
48 66 62 36 60 58 #SUP: 2718
48 66 62 36 60 40 #SUP: 2703
48 66 62 36 60 40 58 #SUP: 2703
48 66 62 36 60 40 29 #SUP: 2695
48 66 62 36 60 40 29 58 #SUP: 2695
48 66 62 36 60 40 29 52 #SUP: 2684
48 66 62 36 60 40 29 52 58 #SUP: 2684
48 66 62 36 60 40 52 #SUP: 2692
48 66 62 36 60 40 52 58 #SUP: 2692
48 66 62 36 60 29 #SUP: 2710
48 66 62 36 60 29 58 #SUP: 2710
48 66 62 36 60 29 52 #SUP: 2699
48 66 62 36 60 29 52 58 #SUP: 2699
48 66 62 36 60 52 #SUP: 2707
48 66 62 36 60 52 58 #SUP: 2707
48 66 62 36 40 #SUP: 2703
48 66 62 36 40 58 #SUP: 2703
48 66 62 36 40 29 #SUP: 2695
48 66 62 36 40 29 58 #SUP: 2695
48 66 62 36 40 29 52 #SUP: 2684
48 66 62 36 40 29 52 58 #SUP: 2684
48 66 62 36 40 52 #SUP: 2692
48 66 62 36 40 52 58 #SUP: 2692
48 66 62 36 29 #SUP: 2710
48 66 62 36 29 58 #SUP: 2710
48 66 62 36 29 52 #SUP: 2699
48 66 62 36 29 52 58 #SUP: 2699
48 66 62 36 52 #SUP: 2707
48 66 62 36 52 58 #SUP: 2707
48 66 62 60 #SUP: 2744
48 66 62 60 58 #SUP: 2744
48 66 62 60 40 #SUP: 2729
48 66 62 60 40 58 #SUP: 2729
48 66 62 60 40 29 #SUP: 2721
48 66 62 60 40 29 58 #SUP: 2721
48 66 62 60 40 29 52 #SUP: 2710
48 66 62 60 40 29 52 58 #SUP: 2710
48 66 62 60 40 52 #SUP: 2718
48 66 62 60 40 52 58 #SUP: 2718
48 66 62 60 29 #SUP: 2736
48 66 62 60 29 58 #SUP: 2736
48 66 62 60 29 52 #SUP: 2725
48 66 62 60 29 52 58 #SUP: 2725
48 66 62 60 52 #SUP: 2733
48 66 62 60 52 58 #SUP: 2733
48 66 62 40 #SUP: 2729
48 66 62 40 58 #SUP: 2729
48 66 62 40 29 #SUP: 2721
48 66 62 40 29 58 #SUP: 2721
48 66 62 40 29 52 #SUP: 2710
48 66 62 40 29 52 58 #SUP: 2710
48 66 62 40 52 #SUP: 2718
48 66 62 40 52 58 #SUP: 2718
48 66 62 29 #SUP: 2736
48 66 62 29 58 #SUP: 2736
48 66 62 29 52 #SUP: 2725
48 66 62 29 52 58 #SUP: 2725
48 66 62 52 #SUP: 2733
48 66 62 52 58 #SUP: 2733
48 66 7 #SUP: 2758
48 66 7 36 #SUP: 2732
48 66 7 36 60 #SUP: 2732
48 66 7 36 60 40 #SUP: 2708
48 66 7 36 60 40 29 #SUP: 2704
48 66 7 36 60 40 29 52 #SUP: 2693
48 66 7 36 60 40 29 52 58 #SUP: 2692
48 66 7 36 60 40 29 58 #SUP: 2703
48 66 7 36 60 40 52 #SUP: 2697
48 66 7 36 60 40 52 58 #SUP: 2696
48 66 7 36 60 40 58 #SUP: 2707
48 66 7 36 60 29 #SUP: 2728
48 66 7 36 60 29 52 #SUP: 2717
48 66 7 36 60 29 52 58 #SUP: 2716
48 66 7 36 60 29 58 #SUP: 2727
48 66 7 36 60 52 #SUP: 2721
48 66 7 36 60 52 58 #SUP: 2720
48 66 7 36 60 58 #SUP: 2731
48 66 7 36 40 #SUP: 2708
48 66 7 36 40 29 #SUP: 2704
48 66 7 36 40 29 52 #SUP: 2693
48 66 7 36 40 29 52 58 #SUP: 2692
48 66 7 36 40 29 58 #SUP: 2703
48 66 7 36 40 52 #SUP: 2697
48 66 7 36 40 52 58 #SUP: 2696
48 66 7 36 40 58 #SUP: 2707
48 66 7 36 29 #SUP: 2728
48 66 7 36 29 52 #SUP: 2717
48 66 7 36 29 52 58 #SUP: 2716
48 66 7 36 29 58 #SUP: 2727
48 66 7 36 52 #SUP: 2721
48 66 7 36 52 58 #SUP: 2720
48 66 7 36 58 #SUP: 2731
48 66 7 60 #SUP: 2758
48 66 7 60 40 #SUP: 2734
48 66 7 60 40 29 #SUP: 2730
48 66 7 60 40 29 52 #SUP: 2719
48 66 7 60 40 29 52 58 #SUP: 2718
48 66 7 60 40 29 58 #SUP: 2729
48 66 7 60 40 52 #SUP: 2723
48 66 7 60 40 52 58 #SUP: 2722
48 66 7 60 40 58 #SUP: 2733
48 66 7 60 29 #SUP: 2754
48 66 7 60 29 52 #SUP: 2743
48 66 7 60 29 52 58 #SUP: 2742
48 66 7 60 29 58 #SUP: 2753
48 66 7 60 52 #SUP: 2747
48 66 7 60 52 58 #SUP: 2746
48 66 7 60 58 #SUP: 2757
48 66 7 40 #SUP: 2734
48 66 7 40 29 #SUP: 2730
48 66 7 40 29 52 #SUP: 2719
48 66 7 40 29 52 58 #SUP: 2718
48 66 7 40 29 58 #SUP: 2729
48 66 7 40 52 #SUP: 2723
48 66 7 40 52 58 #SUP: 2722
48 66 7 40 58 #SUP: 2733
48 66 7 29 #SUP: 2754
48 66 7 29 52 #SUP: 2743
48 66 7 29 52 58 #SUP: 2742
48 66 7 29 58 #SUP: 2753
48 66 7 52 #SUP: 2747
48 66 7 52 58 #SUP: 2746
48 66 7 58 #SUP: 2757
48 66 36 #SUP: 2847
48 66 36 60 #SUP: 2847
48 66 36 60 40 #SUP: 2823
48 66 36 60 40 29 #SUP: 2815
48 66 36 60 40 29 52 #SUP: 2804
48 66 36 60 40 29 52 58 #SUP: 2803
48 66 36 60 40 29 58 #SUP: 2814
48 66 36 60 40 52 #SUP: 2812
48 66 36 60 40 52 58 #SUP: 2811
48 66 36 60 40 58 #SUP: 2822
48 66 36 60 29 #SUP: 2839
48 66 36 60 29 52 #SUP: 2828
48 66 36 60 29 52 58 #SUP: 2827
48 66 36 60 29 58 #SUP: 2838
48 66 36 60 52 #SUP: 2836
48 66 36 60 52 58 #SUP: 2835
48 66 36 60 58 #SUP: 2846
48 66 36 40 #SUP: 2823
48 66 36 40 29 #SUP: 2815
48 66 36 40 29 52 #SUP: 2804
48 66 36 40 29 52 58 #SUP: 2803
48 66 36 40 29 58 #SUP: 2814
48 66 36 40 52 #SUP: 2812
48 66 36 40 52 58 #SUP: 2811
48 66 36 40 58 #SUP: 2822
48 66 36 29 #SUP: 2839
48 66 36 29 52 #SUP: 2828
48 66 36 29 52 58 #SUP: 2827
48 66 36 29 58 #SUP: 2838
48 66 36 52 #SUP: 2836
48 66 36 52 58 #SUP: 2835
48 66 36 58 #SUP: 2846
48 66 60 #SUP: 2873
48 66 60 40 #SUP: 2849
48 66 60 40 29 #SUP: 2841
48 66 60 40 29 52 #SUP: 2830
48 66 60 40 29 52 58 #SUP: 2829
48 66 60 40 29 58 #SUP: 2840
48 66 60 40 52 #SUP: 2838
48 66 60 40 52 58 #SUP: 2837
48 66 60 40 58 #SUP: 2848
48 66 60 29 #SUP: 2865
48 66 60 29 52 #SUP: 2854
48 66 60 29 52 58 #SUP: 2853
48 66 60 29 58 #SUP: 2864
48 66 60 52 #SUP: 2862
48 66 60 52 58 #SUP: 2861
48 66 60 58 #SUP: 2872
48 66 40 #SUP: 2849
48 66 40 29 #SUP: 2841
48 66 40 29 52 #SUP: 2830
48 66 40 29 52 58 #SUP: 2829
48 66 40 29 58 #SUP: 2840
48 66 40 52 #SUP: 2838
48 66 40 52 58 #SUP: 2837
48 66 40 58 #SUP: 2848
48 66 29 #SUP: 2865
48 66 29 52 #SUP: 2854
48 66 29 52 58 #SUP: 2853
48 66 29 58 #SUP: 2864
48 66 52 #SUP: 2862
48 66 52 58 #SUP: 2861
48 66 58 #SUP: 2872
48 56 #SUP: 2838
48 56 34 #SUP: 2701
48 56 34 62 #SUP: 2608
48 56 34 62 58 #SUP: 2608
48 56 34 62 7 #SUP: 2514
48 56 34 62 7 58 #SUP: 2514
48 56 34 62 7 36 #SUP: 2488
48 56 34 62 7 36 58 #SUP: 2488
48 56 34 62 7 36 60 #SUP: 2464
48 56 34 62 7 36 60 58 #SUP: 2464
48 56 34 62 7 36 60 40 #SUP: 2452
48 56 34 62 7 36 60 40 58 #SUP: 2452
48 56 34 62 7 36 60 40 29 #SUP: 2450
48 56 34 62 7 36 60 40 29 58 #SUP: 2450
48 56 34 62 7 36 60 40 29 52 #SUP: 2445
48 56 34 62 7 36 60 40 29 52 58 #SUP: 2445
48 56 34 62 7 36 60 40 52 #SUP: 2447
48 56 34 62 7 36 60 40 52 58 #SUP: 2447
48 56 34 62 7 36 60 29 #SUP: 2462
48 56 34 62 7 36 60 29 58 #SUP: 2462
48 56 34 62 7 36 60 29 52 #SUP: 2457
48 56 34 62 7 36 60 29 52 58 #SUP: 2457
48 56 34 62 7 36 60 52 #SUP: 2459
48 56 34 62 7 36 60 52 58 #SUP: 2459
48 56 34 62 7 36 40 #SUP: 2476
48 56 34 62 7 36 40 58 #SUP: 2476
48 56 34 62 7 36 40 29 #SUP: 2474
48 56 34 62 7 36 40 29 58 #SUP: 2474
48 56 34 62 7 36 40 29 52 #SUP: 2469
48 56 34 62 7 36 40 29 52 58 #SUP: 2469
48 56 34 62 7 36 40 52 #SUP: 2471
48 56 34 62 7 36 40 52 58 #SUP: 2471
48 56 34 62 7 36 29 #SUP: 2486
48 56 34 62 7 36 29 58 #SUP: 2486
48 56 34 62 7 36 29 52 #SUP: 2481
48 56 34 62 7 36 29 52 58 #SUP: 2481
48 56 34 62 7 36 52 #SUP: 2483
48 56 34 62 7 36 52 58 #SUP: 2483
48 56 34 62 7 60 #SUP: 2490
48 56 34 62 7 60 58 #SUP: 2490
48 56 34 62 7 60 40 #SUP: 2478
48 56 34 62 7 60 40 58 #SUP: 2478
48 56 34 62 7 60 40 29 #SUP: 2476
48 56 34 62 7 60 40 29 58 #SUP: 2476
48 56 34 62 7 60 40 29 52 #SUP: 2471
48 56 34 62 7 60 40 29 52 58 #SUP: 2471
48 56 34 62 7 60 40 52 #SUP: 2473
48 56 34 62 7 60 40 52 58 #SUP: 2473
48 56 34 62 7 60 29 #SUP: 2488
48 56 34 62 7 60 29 58 #SUP: 2488
48 56 34 62 7 60 29 52 #SUP: 2483
48 56 34 62 7 60 29 52 58 #SUP: 2483
48 56 34 62 7 60 52 #SUP: 2485
48 56 34 62 7 60 52 58 #SUP: 2485
48 56 34 62 7 40 #SUP: 2502
48 56 34 62 7 40 58 #SUP: 2502
48 56 34 62 7 40 29 #SUP: 2500
48 56 34 62 7 40 29 58 #SUP: 2500
48 56 34 62 7 40 29 52 #SUP: 2495
48 56 34 62 7 40 29 52 58 #SUP: 2495
48 56 34 62 7 40 52 #SUP: 2497
48 56 34 62 7 40 52 58 #SUP: 2497
48 56 34 62 7 29 #SUP: 2512
48 56 34 62 7 29 58 #SUP: 2512
48 56 34 62 7 29 52 #SUP: 2507
48 56 34 62 7 29 52 58 #SUP: 2507
48 56 34 62 7 52 #SUP: 2509
48 56 34 62 7 52 58 #SUP: 2509
48 56 34 62 36 #SUP: 2582
48 56 34 62 36 58 #SUP: 2582
48 56 34 62 36 60 #SUP: 2558
48 56 34 62 36 60 58 #SUP: 2558
48 56 34 62 36 60 40 #SUP: 2546
48 56 34 62 36 60 40 58 #SUP: 2546
48 56 34 62 36 60 40 29 #SUP: 2542
48 56 34 62 36 60 40 29 58 #SUP: 2542
48 56 34 62 36 60 40 29 52 #SUP: 2537
48 56 34 62 36 60 40 29 52 58 #SUP: 2537
48 56 34 62 36 60 40 52 #SUP: 2541
48 56 34 62 36 60 40 52 58 #SUP: 2541
48 56 34 62 36 60 29 #SUP: 2554
48 56 34 62 36 60 29 58 #SUP: 2554
48 56 34 62 36 60 29 52 #SUP: 2549
48 56 34 62 36 60 29 52 58 #SUP: 2549
48 56 34 62 36 60 52 #SUP: 2553
48 56 34 62 36 60 52 58 #SUP: 2553
48 56 34 62 36 40 #SUP: 2570
48 56 34 62 36 40 58 #SUP: 2570
48 56 34 62 36 40 29 #SUP: 2566
48 56 34 62 36 40 29 58 #SUP: 2566
48 56 34 62 36 40 29 52 #SUP: 2561
48 56 34 62 36 40 29 52 58 #SUP: 2561
48 56 34 62 36 40 52 #SUP: 2565
48 56 34 62 36 40 52 58 #SUP: 2565
48 56 34 62 36 29 #SUP: 2578
48 56 34 62 36 29 58 #SUP: 2578
48 56 34 62 36 29 52 #SUP: 2573
48 56 34 62 36 29 52 58 #SUP: 2573
48 56 34 62 36 52 #SUP: 2577
48 56 34 62 36 52 58 #SUP: 2577
48 56 34 62 60 #SUP: 2584
48 56 34 62 60 58 #SUP: 2584
48 56 34 62 60 40 #SUP: 2572
48 56 34 62 60 40 58 #SUP: 2572
48 56 34 62 60 40 29 #SUP: 2568
48 56 34 62 60 40 29 58 #SUP: 2568
48 56 34 62 60 40 29 52 #SUP: 2563
48 56 34 62 60 40 29 52 58 #SUP: 2563
48 56 34 62 60 40 52 #SUP: 2567
48 56 34 62 60 40 52 58 #SUP: 2567
48 56 34 62 60 29 #SUP: 2580
48 56 34 62 60 29 58 #SUP: 2580
48 56 34 62 60 29 52 #SUP: 2575
48 56 34 62 60 29 52 58 #SUP: 2575
48 56 34 62 60 52 #SUP: 2579
48 56 34 62 60 52 58 #SUP: 2579
48 56 34 62 40 #SUP: 2596
48 56 34 62 40 58 #SUP: 2596
48 56 34 62 40 29 #SUP: 2592
48 56 34 62 40 29 58 #SUP: 2592
48 56 34 62 40 29 52 #SUP: 2587
48 56 34 62 40 29 52 58 #SUP: 2587
48 56 34 62 40 52 #SUP: 2591
48 56 34 62 40 52 58 #SUP: 2591
48 56 34 62 29 #SUP: 2604
48 56 34 62 29 58 #SUP: 2604
48 56 34 62 29 52 #SUP: 2599
48 56 34 62 29 52 58 #SUP: 2599
48 56 34 62 52 #SUP: 2603
48 56 34 62 52 58 #SUP: 2603
48 56 34 7 #SUP: 2607
48 56 34 7 36 #SUP: 2581
48 56 34 7 36 60 #SUP: 2556
48 56 34 7 36 60 40 #SUP: 2534
48 56 34 7 36 60 40 29 #SUP: 2532
48 56 34 7 36 60 40 29 52 #SUP: 2527
48 56 34 7 36 60 40 29 52 58 #SUP: 2526
48 56 34 7 36 60 40 29 58 #SUP: 2531
48 56 34 7 36 60 40 52 #SUP: 2529
48 56 34 7 36 60 40 52 58 #SUP: 2528
48 56 34 7 36 60 40 58 #SUP: 2533
48 56 34 7 36 60 29 #SUP: 2554
48 56 34 7 36 60 29 52 #SUP: 2549
48 56 34 7 36 60 29 52 58 #SUP: 2548
48 56 34 7 36 60 29 58 #SUP: 2553
48 56 34 7 36 60 52 #SUP: 2551
48 56 34 7 36 60 52 58 #SUP: 2550
48 56 34 7 36 60 58 #SUP: 2555
48 56 34 7 36 40 #SUP: 2558
48 56 34 7 36 40 29 #SUP: 2556
48 56 34 7 36 40 29 52 #SUP: 2551
48 56 34 7 36 40 29 52 58 #SUP: 2550
48 56 34 7 36 40 29 58 #SUP: 2555
48 56 34 7 36 40 52 #SUP: 2553
48 56 34 7 36 40 52 58 #SUP: 2552
48 56 34 7 36 40 58 #SUP: 2557
48 56 34 7 36 29 #SUP: 2579
48 56 34 7 36 29 52 #SUP: 2574
48 56 34 7 36 29 52 58 #SUP: 2573
48 56 34 7 36 29 58 #SUP: 2578
48 56 34 7 36 52 #SUP: 2576
48 56 34 7 36 52 58 #SUP: 2575
48 56 34 7 36 58 #SUP: 2580
48 56 34 7 60 #SUP: 2582
48 56 34 7 60 40 #SUP: 2560
48 56 34 7 60 40 29 #SUP: 2558
48 56 34 7 60 40 29 52 #SUP: 2553
48 56 34 7 60 40 29 52 58 #SUP: 2552
48 56 34 7 60 40 29 58 #SUP: 2557
48 56 34 7 60 40 52 #SUP: 2555
48 56 34 7 60 40 52 58 #SUP: 2554
48 56 34 7 60 40 58 #SUP: 2559
48 56 34 7 60 29 #SUP: 2580
48 56 34 7 60 29 52 #SUP: 2575
48 56 34 7 60 29 52 58 #SUP: 2574
48 56 34 7 60 29 58 #SUP: 2579
48 56 34 7 60 52 #SUP: 2577
48 56 34 7 60 52 58 #SUP: 2576
48 56 34 7 60 58 #SUP: 2581
48 56 34 7 40 #SUP: 2584
48 56 34 7 40 29 #SUP: 2582
48 56 34 7 40 29 52 #SUP: 2577
48 56 34 7 40 29 52 58 #SUP: 2576
48 56 34 7 40 29 58 #SUP: 2581
48 56 34 7 40 52 #SUP: 2579
48 56 34 7 40 52 58 #SUP: 2578
48 56 34 7 40 58 #SUP: 2583
48 56 34 7 29 #SUP: 2605
48 56 34 7 29 52 #SUP: 2600
48 56 34 7 29 52 58 #SUP: 2599
48 56 34 7 29 58 #SUP: 2604
48 56 34 7 52 #SUP: 2602
48 56 34 7 52 58 #SUP: 2601
48 56 34 7 58 #SUP: 2606
48 56 34 36 #SUP: 2675
48 56 34 36 60 #SUP: 2650
48 56 34 36 60 40 #SUP: 2628
48 56 34 36 60 40 29 #SUP: 2624
48 56 34 36 60 40 29 52 #SUP: 2619
48 56 34 36 60 40 29 52 58 #SUP: 2618
48 56 34 36 60 40 29 58 #SUP: 2623
48 56 34 36 60 40 52 #SUP: 2623
48 56 34 36 60 40 52 58 #SUP: 2622
48 56 34 36 60 40 58 #SUP: 2627
48 56 34 36 60 29 #SUP: 2646
48 56 34 36 60 29 52 #SUP: 2641
48 56 34 36 60 29 52 58 #SUP: 2640
48 56 34 36 60 29 58 #SUP: 2645
48 56 34 36 60 52 #SUP: 2645
48 56 34 36 60 52 58 #SUP: 2644
48 56 34 36 60 58 #SUP: 2649
48 56 34 36 40 #SUP: 2652
48 56 34 36 40 29 #SUP: 2648
48 56 34 36 40 29 52 #SUP: 2643
48 56 34 36 40 29 52 58 #SUP: 2642
48 56 34 36 40 29 58 #SUP: 2647
48 56 34 36 40 52 #SUP: 2647
48 56 34 36 40 52 58 #SUP: 2646
48 56 34 36 40 58 #SUP: 2651
48 56 34 36 29 #SUP: 2671
48 56 34 36 29 52 #SUP: 2666
48 56 34 36 29 52 58 #SUP: 2665
48 56 34 36 29 58 #SUP: 2670
48 56 34 36 52 #SUP: 2670
48 56 34 36 52 58 #SUP: 2669
48 56 34 36 58 #SUP: 2674
48 56 34 60 #SUP: 2676
48 56 34 60 40 #SUP: 2654
48 56 34 60 40 29 #SUP: 2650
48 56 34 60 40 29 52 #SUP: 2645
48 56 34 60 40 29 52 58 #SUP: 2644
48 56 34 60 40 29 58 #SUP: 2649
48 56 34 60 40 52 #SUP: 2649
48 56 34 60 40 52 58 #SUP: 2648
48 56 34 60 40 58 #SUP: 2653
48 56 34 60 29 #SUP: 2672
48 56 34 60 29 52 #SUP: 2667
48 56 34 60 29 52 58 #SUP: 2666
48 56 34 60 29 58 #SUP: 2671
48 56 34 60 52 #SUP: 2671
48 56 34 60 52 58 #SUP: 2670
48 56 34 60 58 #SUP: 2675
48 56 34 40 #SUP: 2678
48 56 34 40 29 #SUP: 2674
48 56 34 40 29 52 #SUP: 2669
48 56 34 40 29 52 58 #SUP: 2668
48 56 34 40 29 58 #SUP: 2673
48 56 34 40 52 #SUP: 2673
48 56 34 40 52 58 #SUP: 2672
48 56 34 40 58 #SUP: 2677
48 56 34 29 #SUP: 2697
48 56 34 29 52 #SUP: 2692
48 56 34 29 52 58 #SUP: 2691
48 56 34 29 58 #SUP: 2696
48 56 34 52 #SUP: 2696
48 56 34 52 58 #SUP: 2695
48 56 34 58 #SUP: 2700
48 56 62 #SUP: 2740
48 56 62 58 #SUP: 2740
48 56 62 7 #SUP: 2638
48 56 62 7 58 #SUP: 2638
48 56 62 7 36 #SUP: 2612
48 56 62 7 36 58 #SUP: 2612
48 56 62 7 36 60 #SUP: 2588
48 56 62 7 36 60 58 #SUP: 2588
48 56 62 7 36 60 40 #SUP: 2574
48 56 62 7 36 60 40 58 #SUP: 2574
48 56 62 7 36 60 40 29 #SUP: 2567
48 56 62 7 36 60 40 29 58 #SUP: 2567
48 56 62 7 36 60 40 29 52 #SUP: 2562
48 56 62 7 36 60 40 29 52 58 #SUP: 2562
48 56 62 7 36 60 40 52 #SUP: 2569
48 56 62 7 36 60 40 52 58 #SUP: 2569
48 56 62 7 36 60 29 #SUP: 2581
48 56 62 7 36 60 29 58 #SUP: 2581
48 56 62 7 36 60 29 52 #SUP: 2576
48 56 62 7 36 60 29 52 58 #SUP: 2576
48 56 62 7 36 60 52 #SUP: 2583
48 56 62 7 36 60 52 58 #SUP: 2583
48 56 62 7 36 40 #SUP: 2598
48 56 62 7 36 40 58 #SUP: 2598
48 56 62 7 36 40 29 #SUP: 2591
48 56 62 7 36 40 29 58 #SUP: 2591
48 56 62 7 36 40 29 52 #SUP: 2586
48 56 62 7 36 40 29 52 58 #SUP: 2586
48 56 62 7 36 40 52 #SUP: 2593
48 56 62 7 36 40 52 58 #SUP: 2593
48 56 62 7 36 29 #SUP: 2605
48 56 62 7 36 29 58 #SUP: 2605
48 56 62 7 36 29 52 #SUP: 2600
48 56 62 7 36 29 52 58 #SUP: 2600
48 56 62 7 36 52 #SUP: 2607
48 56 62 7 36 52 58 #SUP: 2607
48 56 62 7 60 #SUP: 2614
48 56 62 7 60 58 #SUP: 2614
48 56 62 7 60 40 #SUP: 2600
48 56 62 7 60 40 58 #SUP: 2600
48 56 62 7 60 40 29 #SUP: 2593
48 56 62 7 60 40 29 58 #SUP: 2593
48 56 62 7 60 40 29 52 #SUP: 2588
48 56 62 7 60 40 29 52 58 #SUP: 2588
48 56 62 7 60 40 52 #SUP: 2595
48 56 62 7 60 40 52 58 #SUP: 2595
48 56 62 7 60 29 #SUP: 2607
48 56 62 7 60 29 58 #SUP: 2607
48 56 62 7 60 29 52 #SUP: 2602
48 56 62 7 60 29 52 58 #SUP: 2602
48 56 62 7 60 52 #SUP: 2609
48 56 62 7 60 52 58 #SUP: 2609
48 56 62 7 40 #SUP: 2624
48 56 62 7 40 58 #SUP: 2624
48 56 62 7 40 29 #SUP: 2617
48 56 62 7 40 29 58 #SUP: 2617
48 56 62 7 40 29 52 #SUP: 2612
48 56 62 7 40 29 52 58 #SUP: 2612
48 56 62 7 40 52 #SUP: 2619
48 56 62 7 40 52 58 #SUP: 2619
48 56 62 7 29 #SUP: 2631
48 56 62 7 29 58 #SUP: 2631
48 56 62 7 29 52 #SUP: 2626
48 56 62 7 29 52 58 #SUP: 2626
48 56 62 7 52 #SUP: 2633
48 56 62 7 52 58 #SUP: 2633
48 56 62 36 #SUP: 2714
48 56 62 36 58 #SUP: 2714
48 56 62 36 60 #SUP: 2688
48 56 62 36 60 58 #SUP: 2688
48 56 62 36 60 40 #SUP: 2674
48 56 62 36 60 40 58 #SUP: 2674
48 56 62 36 60 40 29 #SUP: 2661
48 56 62 36 60 40 29 58 #SUP: 2661
48 56 62 36 60 40 29 52 #SUP: 2656
48 56 62 36 60 40 29 52 58 #SUP: 2656
48 56 62 36 60 40 52 #SUP: 2669
48 56 62 36 60 40 52 58 #SUP: 2669
48 56 62 36 60 29 #SUP: 2675
48 56 62 36 60 29 58 #SUP: 2675
48 56 62 36 60 29 52 #SUP: 2670
48 56 62 36 60 29 52 58 #SUP: 2670
48 56 62 36 60 52 #SUP: 2683
48 56 62 36 60 52 58 #SUP: 2683
48 56 62 36 40 #SUP: 2700
48 56 62 36 40 58 #SUP: 2700
48 56 62 36 40 29 #SUP: 2685
48 56 62 36 40 29 58 #SUP: 2685
48 56 62 36 40 29 52 #SUP: 2680
48 56 62 36 40 29 52 58 #SUP: 2680
48 56 62 36 40 52 #SUP: 2695
48 56 62 36 40 52 58 #SUP: 2695
48 56 62 36 29 #SUP: 2699
48 56 62 36 29 58 #SUP: 2699
48 56 62 36 29 52 #SUP: 2694
48 56 62 36 29 52 58 #SUP: 2694
48 56 62 36 52 #SUP: 2709
48 56 62 36 52 58 #SUP: 2709
48 56 62 60 #SUP: 2714
48 56 62 60 58 #SUP: 2714
48 56 62 60 40 #SUP: 2700
48 56 62 60 40 58 #SUP: 2700
48 56 62 60 40 29 #SUP: 2687
48 56 62 60 40 29 58 #SUP: 2687
48 56 62 60 40 29 52 #SUP: 2682
48 56 62 60 40 29 52 58 #SUP: 2682
48 56 62 60 40 52 #SUP: 2695
48 56 62 60 40 52 58 #SUP: 2695
48 56 62 60 29 #SUP: 2701
48 56 62 60 29 58 #SUP: 2701
48 56 62 60 29 52 #SUP: 2696
48 56 62 60 29 52 58 #SUP: 2696
48 56 62 60 52 #SUP: 2709
48 56 62 60 52 58 #SUP: 2709
48 56 62 40 #SUP: 2726
48 56 62 40 58 #SUP: 2726
48 56 62 40 29 #SUP: 2711
48 56 62 40 29 58 #SUP: 2711
48 56 62 40 29 52 #SUP: 2706
48 56 62 40 29 52 58 #SUP: 2706
48 56 62 40 52 #SUP: 2721
48 56 62 40 52 58 #SUP: 2721
48 56 62 29 #SUP: 2725
48 56 62 29 58 #SUP: 2725
48 56 62 29 52 #SUP: 2720
48 56 62 29 52 58 #SUP: 2720
48 56 62 52 #SUP: 2735
48 56 62 52 58 #SUP: 2735
48 56 7 #SUP: 2736
48 56 7 36 #SUP: 2710
48 56 7 36 60 #SUP: 2685
48 56 7 36 60 40 #SUP: 2661
48 56 7 36 60 40 29 #SUP: 2654
48 56 7 36 60 40 29 52 #SUP: 2649
48 56 7 36 60 40 29 52 58 #SUP: 2648
48 56 7 36 60 40 29 58 #SUP: 2653
48 56 7 36 60 40 52 #SUP: 2656
48 56 7 36 60 40 52 58 #SUP: 2655
48 56 7 36 60 40 58 #SUP: 2660
48 56 7 36 60 29 #SUP: 2678
48 56 7 36 60 29 52 #SUP: 2673
48 56 7 36 60 29 52 58 #SUP: 2672
48 56 7 36 60 29 58 #SUP: 2677
48 56 7 36 60 52 #SUP: 2680
48 56 7 36 60 52 58 #SUP: 2679
48 56 7 36 60 58 #SUP: 2684
48 56 7 36 40 #SUP: 2685
48 56 7 36 40 29 #SUP: 2678
48 56 7 36 40 29 52 #SUP: 2673
48 56 7 36 40 29 52 58 #SUP: 2672
48 56 7 36 40 29 58 #SUP: 2677
48 56 7 36 40 52 #SUP: 2680
48 56 7 36 40 52 58 #SUP: 2679
48 56 7 36 40 58 #SUP: 2684
48 56 7 36 29 #SUP: 2703
48 56 7 36 29 52 #SUP: 2698
48 56 7 36 29 52 58 #SUP: 2697
48 56 7 36 29 58 #SUP: 2702
48 56 7 36 52 #SUP: 2705
48 56 7 36 52 58 #SUP: 2704
48 56 7 36 58 #SUP: 2709
48 56 7 60 #SUP: 2711
48 56 7 60 40 #SUP: 2687
48 56 7 60 40 29 #SUP: 2680
48 56 7 60 40 29 52 #SUP: 2675
48 56 7 60 40 29 52 58 #SUP: 2674
48 56 7 60 40 29 58 #SUP: 2679
48 56 7 60 40 52 #SUP: 2682
48 56 7 60 40 52 58 #SUP: 2681
48 56 7 60 40 58 #SUP: 2686
48 56 7 60 29 #SUP: 2704
48 56 7 60 29 52 #SUP: 2699
48 56 7 60 29 52 58 #SUP: 2698
48 56 7 60 29 58 #SUP: 2703
48 56 7 60 52 #SUP: 2706
48 56 7 60 52 58 #SUP: 2705
48 56 7 60 58 #SUP: 2710
48 56 7 40 #SUP: 2711
48 56 7 40 29 #SUP: 2704
48 56 7 40 29 52 #SUP: 2699
48 56 7 40 29 52 58 #SUP: 2698
48 56 7 40 29 58 #SUP: 2703
48 56 7 40 52 #SUP: 2706
48 56 7 40 52 58 #SUP: 2705
48 56 7 40 58 #SUP: 2710
48 56 7 29 #SUP: 2729
48 56 7 29 52 #SUP: 2724
48 56 7 29 52 58 #SUP: 2723
48 56 7 29 58 #SUP: 2728
48 56 7 52 #SUP: 2731
48 56 7 52 58 #SUP: 2730
48 56 7 58 #SUP: 2735
48 56 36 #SUP: 2812
48 56 36 60 #SUP: 2785
48 56 36 60 40 #SUP: 2761
48 56 36 60 40 29 #SUP: 2748
48 56 36 60 40 29 52 #SUP: 2743
48 56 36 60 40 29 52 58 #SUP: 2742
48 56 36 60 40 29 58 #SUP: 2747
48 56 36 60 40 52 #SUP: 2756
48 56 36 60 40 52 58 #SUP: 2755
48 56 36 60 40 58 #SUP: 2760
48 56 36 60 29 #SUP: 2772
48 56 36 60 29 52 #SUP: 2767
48 56 36 60 29 52 58 #SUP: 2766
48 56 36 60 29 58 #SUP: 2771
48 56 36 60 52 #SUP: 2780
48 56 36 60 52 58 #SUP: 2779
48 56 36 60 58 #SUP: 2784
48 56 36 40 #SUP: 2787
48 56 36 40 29 #SUP: 2772
48 56 36 40 29 52 #SUP: 2767
48 56 36 40 29 52 58 #SUP: 2766
48 56 36 40 29 58 #SUP: 2771
48 56 36 40 52 #SUP: 2782
48 56 36 40 52 58 #SUP: 2781
48 56 36 40 58 #SUP: 2786
48 56 36 29 #SUP: 2797
48 56 36 29 52 #SUP: 2792
48 56 36 29 52 58 #SUP: 2791
48 56 36 29 58 #SUP: 2796
48 56 36 52 #SUP: 2807
48 56 36 52 58 #SUP: 2806
48 56 36 58 #SUP: 2811
48 56 60 #SUP: 2811
48 56 60 40 #SUP: 2787
48 56 60 40 29 #SUP: 2774
48 56 60 40 29 52 #SUP: 2769
48 56 60 40 29 52 58 #SUP: 2768
48 56 60 40 29 58 #SUP: 2773
48 56 60 40 52 #SUP: 2782
48 56 60 40 52 58 #SUP: 2781
48 56 60 40 58 #SUP: 2786
48 56 60 29 #SUP: 2798
48 56 60 29 52 #SUP: 2793
48 56 60 29 52 58 #SUP: 2792
48 56 60 29 58 #SUP: 2797
48 56 60 52 #SUP: 2806
48 56 60 52 58 #SUP: 2805
48 56 60 58 #SUP: 2810
48 56 40 #SUP: 2813
48 56 40 29 #SUP: 2798
48 56 40 29 52 #SUP: 2793
48 56 40 29 52 58 #SUP: 2792
48 56 40 29 58 #SUP: 2797
48 56 40 52 #SUP: 2808
48 56 40 52 58 #SUP: 2807
48 56 40 58 #SUP: 2812
48 56 29 #SUP: 2823
48 56 29 52 #SUP: 2818
48 56 29 52 58 #SUP: 2817
48 56 29 58 #SUP: 2822
48 56 52 #SUP: 2833
48 56 52 58 #SUP: 2832
48 56 58 #SUP: 2837
48 34 #SUP: 2857
48 34 62 #SUP: 2730
48 34 62 58 #SUP: 2730
48 34 62 7 #SUP: 2620
48 34 62 7 58 #SUP: 2620
48 34 62 7 36 #SUP: 2594
48 34 62 7 36 58 #SUP: 2594
48 34 62 7 36 60 #SUP: 2570
48 34 62 7 36 60 58 #SUP: 2570
48 34 62 7 36 60 40 #SUP: 2558
48 34 62 7 36 60 40 58 #SUP: 2558
48 34 62 7 36 60 40 29 #SUP: 2556
48 34 62 7 36 60 40 29 58 #SUP: 2556
48 34 62 7 36 60 40 29 52 #SUP: 2547
48 34 62 7 36 60 40 29 52 58 #SUP: 2547
48 34 62 7 36 60 40 52 #SUP: 2549
48 34 62 7 36 60 40 52 58 #SUP: 2549
48 34 62 7 36 60 29 #SUP: 2568
48 34 62 7 36 60 29 58 #SUP: 2568
48 34 62 7 36 60 29 52 #SUP: 2559
48 34 62 7 36 60 29 52 58 #SUP: 2559
48 34 62 7 36 60 52 #SUP: 2561
48 34 62 7 36 60 52 58 #SUP: 2561
48 34 62 7 36 40 #SUP: 2582
48 34 62 7 36 40 58 #SUP: 2582
48 34 62 7 36 40 29 #SUP: 2580
48 34 62 7 36 40 29 58 #SUP: 2580
48 34 62 7 36 40 29 52 #SUP: 2571
48 34 62 7 36 40 29 52 58 #SUP: 2571
48 34 62 7 36 40 52 #SUP: 2573
48 34 62 7 36 40 52 58 #SUP: 2573
48 34 62 7 36 29 #SUP: 2592
48 34 62 7 36 29 58 #SUP: 2592
48 34 62 7 36 29 52 #SUP: 2583
48 34 62 7 36 29 52 58 #SUP: 2583
48 34 62 7 36 52 #SUP: 2585
48 34 62 7 36 52 58 #SUP: 2585
48 34 62 7 60 #SUP: 2596
48 34 62 7 60 58 #SUP: 2596
48 34 62 7 60 40 #SUP: 2584
48 34 62 7 60 40 58 #SUP: 2584
48 34 62 7 60 40 29 #SUP: 2582
48 34 62 7 60 40 29 58 #SUP: 2582
48 34 62 7 60 40 29 52 #SUP: 2573
48 34 62 7 60 40 29 52 58 #SUP: 2573
48 34 62 7 60 40 52 #SUP: 2575
48 34 62 7 60 40 52 58 #SUP: 2575
48 34 62 7 60 29 #SUP: 2594
48 34 62 7 60 29 58 #SUP: 2594
48 34 62 7 60 29 52 #SUP: 2585
48 34 62 7 60 29 52 58 #SUP: 2585
48 34 62 7 60 52 #SUP: 2587
48 34 62 7 60 52 58 #SUP: 2587
48 34 62 7 40 #SUP: 2608
48 34 62 7 40 58 #SUP: 2608
48 34 62 7 40 29 #SUP: 2606
48 34 62 7 40 29 58 #SUP: 2606
48 34 62 7 40 29 52 #SUP: 2597
48 34 62 7 40 29 52 58 #SUP: 2597
48 34 62 7 40 52 #SUP: 2599
48 34 62 7 40 52 58 #SUP: 2599
48 34 62 7 29 #SUP: 2618
48 34 62 7 29 58 #SUP: 2618
48 34 62 7 29 52 #SUP: 2609
48 34 62 7 29 52 58 #SUP: 2609
48 34 62 7 52 #SUP: 2611
48 34 62 7 52 58 #SUP: 2611
48 34 62 36 #SUP: 2704
48 34 62 36 58 #SUP: 2704
48 34 62 36 60 #SUP: 2680
48 34 62 36 60 58 #SUP: 2680
48 34 62 36 60 40 #SUP: 2668
48 34 62 36 60 40 58 #SUP: 2668
48 34 62 36 60 40 29 #SUP: 2664
48 34 62 36 60 40 29 58 #SUP: 2664
48 34 62 36 60 40 29 52 #SUP: 2655
48 34 62 36 60 40 29 52 58 #SUP: 2655
48 34 62 36 60 40 52 #SUP: 2659
48 34 62 36 60 40 52 58 #SUP: 2659
48 34 62 36 60 29 #SUP: 2676
48 34 62 36 60 29 58 #SUP: 2676
48 34 62 36 60 29 52 #SUP: 2667
48 34 62 36 60 29 52 58 #SUP: 2667
48 34 62 36 60 52 #SUP: 2671
48 34 62 36 60 52 58 #SUP: 2671
48 34 62 36 40 #SUP: 2692
48 34 62 36 40 58 #SUP: 2692
48 34 62 36 40 29 #SUP: 2688
48 34 62 36 40 29 58 #SUP: 2688
48 34 62 36 40 29 52 #SUP: 2679
48 34 62 36 40 29 52 58 #SUP: 2679
48 34 62 36 40 52 #SUP: 2683
48 34 62 36 40 52 58 #SUP: 2683
48 34 62 36 29 #SUP: 2700
48 34 62 36 29 58 #SUP: 2700
48 34 62 36 29 52 #SUP: 2691
48 34 62 36 29 52 58 #SUP: 2691
48 34 62 36 52 #SUP: 2695
48 34 62 36 52 58 #SUP: 2695
48 34 62 60 #SUP: 2706
48 34 62 60 58 #SUP: 2706
48 34 62 60 40 #SUP: 2694
48 34 62 60 40 58 #SUP: 2694
48 34 62 60 40 29 #SUP: 2690
48 34 62 60 40 29 58 #SUP: 2690
48 34 62 60 40 29 52 #SUP: 2681
48 34 62 60 40 29 52 58 #SUP: 2681
48 34 62 60 40 52 #SUP: 2685
48 34 62 60 40 52 58 #SUP: 2685
48 34 62 60 29 #SUP: 2702
48 34 62 60 29 58 #SUP: 2702
48 34 62 60 29 52 #SUP: 2693
48 34 62 60 29 52 58 #SUP: 2693
48 34 62 60 52 #SUP: 2697
48 34 62 60 52 58 #SUP: 2697
48 34 62 40 #SUP: 2718
48 34 62 40 58 #SUP: 2718
48 34 62 40 29 #SUP: 2714
48 34 62 40 29 58 #SUP: 2714
48 34 62 40 29 52 #SUP: 2705
48 34 62 40 29 52 58 #SUP: 2705
48 34 62 40 52 #SUP: 2709
48 34 62 40 52 58 #SUP: 2709
48 34 62 29 #SUP: 2726
48 34 62 29 58 #SUP: 2726
48 34 62 29 52 #SUP: 2717
48 34 62 29 52 58 #SUP: 2717
48 34 62 52 #SUP: 2721
48 34 62 52 58 #SUP: 2721
48 34 7 #SUP: 2747
48 34 7 36 #SUP: 2721
48 34 7 36 60 #SUP: 2696
48 34 7 36 60 40 #SUP: 2674
48 34 7 36 60 40 29 #SUP: 2672
48 34 7 36 60 40 29 52 #SUP: 2663
48 34 7 36 60 40 29 52 58 #SUP: 2662
48 34 7 36 60 40 29 58 #SUP: 2671
48 34 7 36 60 40 52 #SUP: 2665
48 34 7 36 60 40 52 58 #SUP: 2664
48 34 7 36 60 40 58 #SUP: 2673
48 34 7 36 60 29 #SUP: 2694
48 34 7 36 60 29 52 #SUP: 2685
48 34 7 36 60 29 52 58 #SUP: 2684
48 34 7 36 60 29 58 #SUP: 2693
48 34 7 36 60 52 #SUP: 2687
48 34 7 36 60 52 58 #SUP: 2686
48 34 7 36 60 58 #SUP: 2695
48 34 7 36 40 #SUP: 2698
48 34 7 36 40 29 #SUP: 2696
48 34 7 36 40 29 52 #SUP: 2687
48 34 7 36 40 29 52 58 #SUP: 2686
48 34 7 36 40 29 58 #SUP: 2695
48 34 7 36 40 52 #SUP: 2689
48 34 7 36 40 52 58 #SUP: 2688
48 34 7 36 40 58 #SUP: 2697
48 34 7 36 29 #SUP: 2719
48 34 7 36 29 52 #SUP: 2710
48 34 7 36 29 52 58 #SUP: 2709
48 34 7 36 29 58 #SUP: 2718
48 34 7 36 52 #SUP: 2712
48 34 7 36 52 58 #SUP: 2711
48 34 7 36 58 #SUP: 2720
48 34 7 60 #SUP: 2722
48 34 7 60 40 #SUP: 2700
48 34 7 60 40 29 #SUP: 2698
48 34 7 60 40 29 52 #SUP: 2689
48 34 7 60 40 29 52 58 #SUP: 2688
48 34 7 60 40 29 58 #SUP: 2697
48 34 7 60 40 52 #SUP: 2691
48 34 7 60 40 52 58 #SUP: 2690
48 34 7 60 40 58 #SUP: 2699
48 34 7 60 29 #SUP: 2720
48 34 7 60 29 52 #SUP: 2711
48 34 7 60 29 52 58 #SUP: 2710
48 34 7 60 29 58 #SUP: 2719
48 34 7 60 52 #SUP: 2713
48 34 7 60 52 58 #SUP: 2712
48 34 7 60 58 #SUP: 2721
48 34 7 40 #SUP: 2724
48 34 7 40 29 #SUP: 2722
48 34 7 40 29 52 #SUP: 2713
48 34 7 40 29 52 58 #SUP: 2712
48 34 7 40 29 58 #SUP: 2721
48 34 7 40 52 #SUP: 2715
48 34 7 40 52 58 #SUP: 2714
48 34 7 40 58 #SUP: 2723
48 34 7 29 #SUP: 2745
48 34 7 29 52 #SUP: 2736
48 34 7 29 52 58 #SUP: 2735
48 34 7 29 58 #SUP: 2744
48 34 7 52 #SUP: 2738
48 34 7 52 58 #SUP: 2737
48 34 7 58 #SUP: 2746
48 34 36 #SUP: 2831
48 34 36 60 #SUP: 2806
48 34 36 60 40 #SUP: 2784
48 34 36 60 40 29 #SUP: 2780
48 34 36 60 40 29 52 #SUP: 2771
48 34 36 60 40 29 52 58 #SUP: 2770
48 34 36 60 40 29 58 #SUP: 2779
48 34 36 60 40 52 #SUP: 2775
48 34 36 60 40 52 58 #SUP: 2774
48 34 36 60 40 58 #SUP: 2783
48 34 36 60 29 #SUP: 2802
48 34 36 60 29 52 #SUP: 2793
48 34 36 60 29 52 58 #SUP: 2792
48 34 36 60 29 58 #SUP: 2801
48 34 36 60 52 #SUP: 2797
48 34 36 60 52 58 #SUP: 2796
48 34 36 60 58 #SUP: 2805
48 34 36 40 #SUP: 2808
48 34 36 40 29 #SUP: 2804
48 34 36 40 29 52 #SUP: 2795
48 34 36 40 29 52 58 #SUP: 2794
48 34 36 40 29 58 #SUP: 2803
48 34 36 40 52 #SUP: 2799
48 34 36 40 52 58 #SUP: 2798
48 34 36 40 58 #SUP: 2807
48 34 36 29 #SUP: 2827
48 34 36 29 52 #SUP: 2818
48 34 36 29 52 58 #SUP: 2817
48 34 36 29 58 #SUP: 2826
48 34 36 52 #SUP: 2822
48 34 36 52 58 #SUP: 2821
48 34 36 58 #SUP: 2830
48 34 60 #SUP: 2832
48 34 60 40 #SUP: 2810
48 34 60 40 29 #SUP: 2806
48 34 60 40 29 52 #SUP: 2797
48 34 60 40 29 52 58 #SUP: 2796
48 34 60 40 29 58 #SUP: 2805
48 34 60 40 52 #SUP: 2801
48 34 60 40 52 58 #SUP: 2800
48 34 60 40 58 #SUP: 2809
48 34 60 29 #SUP: 2828
48 34 60 29 52 #SUP: 2819
48 34 60 29 52 58 #SUP: 2818
48 34 60 29 58 #SUP: 2827
48 34 60 52 #SUP: 2823
48 34 60 52 58 #SUP: 2822
48 34 60 58 #SUP: 2831
48 34 40 #SUP: 2834
48 34 40 29 #SUP: 2830
48 34 40 29 52 #SUP: 2821
48 34 40 29 52 58 #SUP: 2820
48 34 40 29 58 #SUP: 2829
48 34 40 52 #SUP: 2825
48 34 40 52 58 #SUP: 2824
48 34 40 58 #SUP: 2833
48 34 29 #SUP: 2853
48 34 29 52 #SUP: 2844
48 34 29 52 58 #SUP: 2843
48 34 29 58 #SUP: 2852
48 34 52 #SUP: 2848
48 34 52 58 #SUP: 2847
48 34 58 #SUP: 2856
48 62 #SUP: 2877
48 62 58 #SUP: 2877
48 62 7 #SUP: 2757
48 62 7 58 #SUP: 2757
48 62 7 36 #SUP: 2731
48 62 7 36 58 #SUP: 2731
48 62 7 36 60 #SUP: 2707
48 62 7 36 60 58 #SUP: 2707
48 62 7 36 60 40 #SUP: 2692
48 62 7 36 60 40 58 #SUP: 2692
48 62 7 36 60 40 29 #SUP: 2685
48 62 7 36 60 40 29 58 #SUP: 2685
48 62 7 36 60 40 29 52 #SUP: 2674
48 62 7 36 60 40 29 52 58 #SUP: 2674
48 62 7 36 60 40 52 #SUP: 2681
48 62 7 36 60 40 52 58 #SUP: 2681
48 62 7 36 60 29 #SUP: 2700
48 62 7 36 60 29 58 #SUP: 2700
48 62 7 36 60 29 52 #SUP: 2689
48 62 7 36 60 29 52 58 #SUP: 2689
48 62 7 36 60 52 #SUP: 2696
48 62 7 36 60 52 58 #SUP: 2696
48 62 7 36 40 #SUP: 2716
48 62 7 36 40 58 #SUP: 2716
48 62 7 36 40 29 #SUP: 2709
48 62 7 36 40 29 58 #SUP: 2709
48 62 7 36 40 29 52 #SUP: 2698
48 62 7 36 40 29 52 58 #SUP: 2698
48 62 7 36 40 52 #SUP: 2705
48 62 7 36 40 52 58 #SUP: 2705
48 62 7 36 29 #SUP: 2724
48 62 7 36 29 58 #SUP: 2724
48 62 7 36 29 52 #SUP: 2713
48 62 7 36 29 52 58 #SUP: 2713
48 62 7 36 52 #SUP: 2720
48 62 7 36 52 58 #SUP: 2720
48 62 7 60 #SUP: 2733
48 62 7 60 58 #SUP: 2733
48 62 7 60 40 #SUP: 2718
48 62 7 60 40 58 #SUP: 2718
48 62 7 60 40 29 #SUP: 2711
48 62 7 60 40 29 58 #SUP: 2711
48 62 7 60 40 29 52 #SUP: 2700
48 62 7 60 40 29 52 58 #SUP: 2700
48 62 7 60 40 52 #SUP: 2707
48 62 7 60 40 52 58 #SUP: 2707
48 62 7 60 29 #SUP: 2726
48 62 7 60 29 58 #SUP: 2726
48 62 7 60 29 52 #SUP: 2715
48 62 7 60 29 52 58 #SUP: 2715
48 62 7 60 52 #SUP: 2722
48 62 7 60 52 58 #SUP: 2722
48 62 7 40 #SUP: 2742
48 62 7 40 58 #SUP: 2742
48 62 7 40 29 #SUP: 2735
48 62 7 40 29 58 #SUP: 2735
48 62 7 40 29 52 #SUP: 2724
48 62 7 40 29 52 58 #SUP: 2724
48 62 7 40 52 #SUP: 2731
48 62 7 40 52 58 #SUP: 2731
48 62 7 29 #SUP: 2750
48 62 7 29 58 #SUP: 2750
48 62 7 29 52 #SUP: 2739
48 62 7 29 52 58 #SUP: 2739
48 62 7 52 #SUP: 2746
48 62 7 52 58 #SUP: 2746
48 62 36 #SUP: 2851
48 62 36 58 #SUP: 2851
48 62 36 60 #SUP: 2825
48 62 36 60 58 #SUP: 2825
48 62 36 60 40 #SUP: 2810
48 62 36 60 40 58 #SUP: 2810
48 62 36 60 40 29 #SUP: 2797
48 62 36 60 40 29 58 #SUP: 2797
48 62 36 60 40 29 52 #SUP: 2786
48 62 36 60 40 29 52 58 #SUP: 2786
48 62 36 60 40 52 #SUP: 2799
48 62 36 60 40 52 58 #SUP: 2799
48 62 36 60 29 #SUP: 2812
48 62 36 60 29 58 #SUP: 2812
48 62 36 60 29 52 #SUP: 2801
48 62 36 60 29 52 58 #SUP: 2801
48 62 36 60 52 #SUP: 2814
48 62 36 60 52 58 #SUP: 2814
48 62 36 40 #SUP: 2836
48 62 36 40 58 #SUP: 2836
48 62 36 40 29 #SUP: 2821
48 62 36 40 29 58 #SUP: 2821
48 62 36 40 29 52 #SUP: 2810
48 62 36 40 29 52 58 #SUP: 2810
48 62 36 40 52 #SUP: 2825
48 62 36 40 52 58 #SUP: 2825
48 62 36 29 #SUP: 2836
48 62 36 29 58 #SUP: 2836
48 62 36 29 52 #SUP: 2825
48 62 36 29 52 58 #SUP: 2825
48 62 36 52 #SUP: 2840
48 62 36 52 58 #SUP: 2840
48 62 60 #SUP: 2851
48 62 60 58 #SUP: 2851
48 62 60 40 #SUP: 2836
48 62 60 40 58 #SUP: 2836
48 62 60 40 29 #SUP: 2823
48 62 60 40 29 58 #SUP: 2823
48 62 60 40 29 52 #SUP: 2812
48 62 60 40 29 52 58 #SUP: 2812
48 62 60 40 52 #SUP: 2825
48 62 60 40 52 58 #SUP: 2825
48 62 60 29 #SUP: 2838
48 62 60 29 58 #SUP: 2838
48 62 60 29 52 #SUP: 2827
48 62 60 29 52 58 #SUP: 2827
48 62 60 52 #SUP: 2840
48 62 60 52 58 #SUP: 2840
48 62 40 #SUP: 2862
48 62 40 58 #SUP: 2862
48 62 40 29 #SUP: 2847
48 62 40 29 58 #SUP: 2847
48 62 40 29 52 #SUP: 2836
48 62 40 29 52 58 #SUP: 2836
48 62 40 52 #SUP: 2851
48 62 40 52 58 #SUP: 2851
48 62 29 #SUP: 2862
48 62 29 58 #SUP: 2862
48 62 29 52 #SUP: 2851
48 62 29 52 58 #SUP: 2851
48 62 52 #SUP: 2866
48 62 52 58 #SUP: 2866
48 7 #SUP: 2893
48 7 36 #SUP: 2867
48 7 36 60 #SUP: 2842
48 7 36 60 40 #SUP: 2817
48 7 36 60 40 29 #SUP: 2810
48 7 36 60 40 29 52 #SUP: 2799
48 7 36 60 40 29 52 58 #SUP: 2798
48 7 36 60 40 29 58 #SUP: 2809
48 7 36 60 40 52 #SUP: 2806
48 7 36 60 40 52 58 #SUP: 2805
48 7 36 60 40 58 #SUP: 2816
48 7 36 60 29 #SUP: 2835
48 7 36 60 29 52 #SUP: 2824
48 7 36 60 29 52 58 #SUP: 2823
48 7 36 60 29 58 #SUP: 2834
48 7 36 60 52 #SUP: 2831
48 7 36 60 52 58 #SUP: 2830
48 7 36 60 58 #SUP: 2841
48 7 36 40 #SUP: 2841
48 7 36 40 29 #SUP: 2834
48 7 36 40 29 52 #SUP: 2823
48 7 36 40 29 52 58 #SUP: 2822
48 7 36 40 29 58 #SUP: 2833
48 7 36 40 52 #SUP: 2830
48 7 36 40 52 58 #SUP: 2829
48 7 36 40 58 #SUP: 2840
48 7 36 29 #SUP: 2860
48 7 36 29 52 #SUP: 2849
48 7 36 29 52 58 #SUP: 2848
48 7 36 29 58 #SUP: 2859
48 7 36 52 #SUP: 2856
48 7 36 52 58 #SUP: 2855
48 7 36 58 #SUP: 2866
48 7 60 #SUP: 2868
48 7 60 40 #SUP: 2843
48 7 60 40 29 #SUP: 2836
48 7 60 40 29 52 #SUP: 2825
48 7 60 40 29 52 58 #SUP: 2824
48 7 60 40 29 58 #SUP: 2835
48 7 60 40 52 #SUP: 2832
48 7 60 40 52 58 #SUP: 2831
48 7 60 40 58 #SUP: 2842
48 7 60 29 #SUP: 2861
48 7 60 29 52 #SUP: 2850
48 7 60 29 52 58 #SUP: 2849
48 7 60 29 58 #SUP: 2860
48 7 60 52 #SUP: 2857
48 7 60 52 58 #SUP: 2856
48 7 60 58 #SUP: 2867
48 7 40 #SUP: 2867
48 7 40 29 #SUP: 2860
48 7 40 29 52 #SUP: 2849
48 7 40 29 52 58 #SUP: 2848
48 7 40 29 58 #SUP: 2859
48 7 40 52 #SUP: 2856
48 7 40 52 58 #SUP: 2855
48 7 40 58 #SUP: 2866
48 7 29 #SUP: 2886
48 7 29 52 #SUP: 2875
48 7 29 52 58 #SUP: 2874
48 7 29 58 #SUP: 2885
48 7 52 #SUP: 2882
48 7 52 58 #SUP: 2881
48 7 58 #SUP: 2892
48 36 #SUP: 2987
48 36 60 #SUP: 2960
48 36 60 40 #SUP: 2935
48 36 60 40 29 #SUP: 2922
48 36 60 40 29 52 #SUP: 2911
48 36 60 40 29 52 58 #SUP: 2910
48 36 60 40 29 58 #SUP: 2921
48 36 60 40 52 #SUP: 2924
48 36 60 40 52 58 #SUP: 2923
48 36 60 40 58 #SUP: 2934
48 36 60 29 #SUP: 2947
48 36 60 29 52 #SUP: 2936
48 36 60 29 52 58 #SUP: 2935
48 36 60 29 58 #SUP: 2946
48 36 60 52 #SUP: 2949
48 36 60 52 58 #SUP: 2948
48 36 60 58 #SUP: 2959
48 36 40 #SUP: 2961
48 36 40 29 #SUP: 2946
48 36 40 29 52 #SUP: 2935
48 36 40 29 52 58 #SUP: 2934
48 36 40 29 58 #SUP: 2945
48 36 40 52 #SUP: 2950
48 36 40 52 58 #SUP: 2949
48 36 40 58 #SUP: 2960
48 36 29 #SUP: 2972
48 36 29 52 #SUP: 2961
48 36 29 52 58 #SUP: 2960
48 36 29 58 #SUP: 2971
48 36 52 #SUP: 2976
48 36 52 58 #SUP: 2975
48 36 58 #SUP: 2986
48 60 #SUP: 2986
48 60 40 #SUP: 2961
48 60 40 29 #SUP: 2948
48 60 40 29 52 #SUP: 2937
48 60 40 29 52 58 #SUP: 2936
48 60 40 29 58 #SUP: 2947
48 60 40 52 #SUP: 2950
48 60 40 52 58 #SUP: 2949
48 60 40 58 #SUP: 2960
48 60 29 #SUP: 2973
48 60 29 52 #SUP: 2962
48 60 29 52 58 #SUP: 2961
48 60 29 58 #SUP: 2972
48 60 52 #SUP: 2975
48 60 52 58 #SUP: 2974
48 60 58 #SUP: 2985
48 40 #SUP: 2987
48 40 29 #SUP: 2972
48 40 29 52 #SUP: 2961
48 40 29 52 58 #SUP: 2960
48 40 29 58 #SUP: 2971
48 40 52 #SUP: 2976
48 40 52 58 #SUP: 2975
48 40 58 #SUP: 2986
48 29 #SUP: 2998
48 29 52 #SUP: 2987
48 29 52 58 #SUP: 2986
48 29 58 #SUP: 2997
48 52 #SUP: 3002
48 52 58 #SUP: 3001
48 58 #SUP: 3012
66 #SUP: 3021
66 56 #SUP: 2846
66 56 34 #SUP: 2730
66 56 34 62 #SUP: 2644
66 56 34 62 58 #SUP: 2644
66 56 34 62 7 #SUP: 2551
66 56 34 62 7 58 #SUP: 2551
66 56 34 62 7 36 #SUP: 2454
66 56 34 62 7 36 58 #SUP: 2454
66 56 34 62 7 36 60 #SUP: 2454
66 56 34 62 7 36 60 58 #SUP: 2454
66 56 34 62 7 36 60 40 #SUP: 2442
66 56 34 62 7 36 60 40 58 #SUP: 2442
66 56 34 62 7 36 60 40 29 #SUP: 2440
66 56 34 62 7 36 60 40 29 58 #SUP: 2440
66 56 34 62 7 36 60 40 29 52 #SUP: 2435
66 56 34 62 7 36 60 40 29 52 58 #SUP: 2435
66 56 34 62 7 36 60 40 52 #SUP: 2437
66 56 34 62 7 36 60 40 52 58 #SUP: 2437
66 56 34 62 7 36 60 29 #SUP: 2452
66 56 34 62 7 36 60 29 58 #SUP: 2452
66 56 34 62 7 36 60 29 52 #SUP: 2447
66 56 34 62 7 36 60 29 52 58 #SUP: 2447
66 56 34 62 7 36 60 52 #SUP: 2449
66 56 34 62 7 36 60 52 58 #SUP: 2449
66 56 34 62 7 36 40 #SUP: 2442
66 56 34 62 7 36 40 58 #SUP: 2442
66 56 34 62 7 36 40 29 #SUP: 2440
66 56 34 62 7 36 40 29 58 #SUP: 2440
66 56 34 62 7 36 40 29 52 #SUP: 2435
66 56 34 62 7 36 40 29 52 58 #SUP: 2435
66 56 34 62 7 36 40 52 #SUP: 2437
66 56 34 62 7 36 40 52 58 #SUP: 2437
66 56 34 62 7 36 29 #SUP: 2452
66 56 34 62 7 36 29 58 #SUP: 2452
66 56 34 62 7 36 29 52 #SUP: 2447
66 56 34 62 7 36 29 52 58 #SUP: 2447
66 56 34 62 7 36 52 #SUP: 2449
66 56 34 62 7 36 52 58 #SUP: 2449
66 56 34 62 7 60 #SUP: 2551
66 56 34 62 7 60 58 #SUP: 2551
66 56 34 62 7 60 40 #SUP: 2539
66 56 34 62 7 60 40 58 #SUP: 2539
66 56 34 62 7 60 40 29 #SUP: 2537
66 56 34 62 7 60 40 29 58 #SUP: 2537
66 56 34 62 7 60 40 29 52 #SUP: 2532
66 56 34 62 7 60 40 29 52 58 #SUP: 2532
66 56 34 62 7 60 40 52 #SUP: 2534
66 56 34 62 7 60 40 52 58 #SUP: 2534
66 56 34 62 7 60 29 #SUP: 2549
66 56 34 62 7 60 29 58 #SUP: 2549
66 56 34 62 7 60 29 52 #SUP: 2544
66 56 34 62 7 60 29 52 58 #SUP: 2544
66 56 34 62 7 60 52 #SUP: 2546
66 56 34 62 7 60 52 58 #SUP: 2546
66 56 34 62 7 40 #SUP: 2539
66 56 34 62 7 40 58 #SUP: 2539
66 56 34 62 7 40 29 #SUP: 2537
66 56 34 62 7 40 29 58 #SUP: 2537
66 56 34 62 7 40 29 52 #SUP: 2532
66 56 34 62 7 40 29 52 58 #SUP: 2532
66 56 34 62 7 40 52 #SUP: 2534
66 56 34 62 7 40 52 58 #SUP: 2534
66 56 34 62 7 29 #SUP: 2549
66 56 34 62 7 29 58 #SUP: 2549
66 56 34 62 7 29 52 #SUP: 2544
66 56 34 62 7 29 52 58 #SUP: 2544
66 56 34 62 7 52 #SUP: 2546
66 56 34 62 7 52 58 #SUP: 2546
66 56 34 62 36 #SUP: 2547
66 56 34 62 36 58 #SUP: 2547
66 56 34 62 36 60 #SUP: 2547
66 56 34 62 36 60 58 #SUP: 2547
66 56 34 62 36 60 40 #SUP: 2535
66 56 34 62 36 60 40 58 #SUP: 2535
66 56 34 62 36 60 40 29 #SUP: 2531
66 56 34 62 36 60 40 29 58 #SUP: 2531
66 56 34 62 36 60 40 29 52 #SUP: 2526
66 56 34 62 36 60 40 29 52 58 #SUP: 2526
66 56 34 62 36 60 40 52 #SUP: 2530
66 56 34 62 36 60 40 52 58 #SUP: 2530
66 56 34 62 36 60 29 #SUP: 2543
66 56 34 62 36 60 29 58 #SUP: 2543
66 56 34 62 36 60 29 52 #SUP: 2538
66 56 34 62 36 60 29 52 58 #SUP: 2538
66 56 34 62 36 60 52 #SUP: 2542
66 56 34 62 36 60 52 58 #SUP: 2542
66 56 34 62 36 40 #SUP: 2535
66 56 34 62 36 40 58 #SUP: 2535
66 56 34 62 36 40 29 #SUP: 2531
66 56 34 62 36 40 29 58 #SUP: 2531
66 56 34 62 36 40 29 52 #SUP: 2526
66 56 34 62 36 40 29 52 58 #SUP: 2526
66 56 34 62 36 40 52 #SUP: 2530
66 56 34 62 36 40 52 58 #SUP: 2530
66 56 34 62 36 29 #SUP: 2543
66 56 34 62 36 29 58 #SUP: 2543
66 56 34 62 36 29 52 #SUP: 2538
66 56 34 62 36 29 52 58 #SUP: 2538
66 56 34 62 36 52 #SUP: 2542
66 56 34 62 36 52 58 #SUP: 2542
66 56 34 62 60 #SUP: 2644
66 56 34 62 60 58 #SUP: 2644
66 56 34 62 60 40 #SUP: 2632
66 56 34 62 60 40 58 #SUP: 2632
66 56 34 62 60 40 29 #SUP: 2628
66 56 34 62 60 40 29 58 #SUP: 2628
66 56 34 62 60 40 29 52 #SUP: 2623
66 56 34 62 60 40 29 52 58 #SUP: 2623
66 56 34 62 60 40 52 #SUP: 2627
66 56 34 62 60 40 52 58 #SUP: 2627
66 56 34 62 60 29 #SUP: 2640
66 56 34 62 60 29 58 #SUP: 2640
66 56 34 62 60 29 52 #SUP: 2635
66 56 34 62 60 29 52 58 #SUP: 2635
66 56 34 62 60 52 #SUP: 2639
66 56 34 62 60 52 58 #SUP: 2639
66 56 34 62 40 #SUP: 2632
66 56 34 62 40 58 #SUP: 2632
66 56 34 62 40 29 #SUP: 2628
66 56 34 62 40 29 58 #SUP: 2628
66 56 34 62 40 29 52 #SUP: 2623
66 56 34 62 40 29 52 58 #SUP: 2623
66 56 34 62 40 52 #SUP: 2627
66 56 34 62 40 52 58 #SUP: 2627
66 56 34 62 29 #SUP: 2640
66 56 34 62 29 58 #SUP: 2640
66 56 34 62 29 52 #SUP: 2635
66 56 34 62 29 52 58 #SUP: 2635
66 56 34 62 52 #SUP: 2639
66 56 34 62 52 58 #SUP: 2639
66 56 34 7 #SUP: 2637
66 56 34 7 36 #SUP: 2540
66 56 34 7 36 60 #SUP: 2540
66 56 34 7 36 60 40 #SUP: 2519
66 56 34 7 36 60 40 29 #SUP: 2517
66 56 34 7 36 60 40 29 52 #SUP: 2512
66 56 34 7 36 60 40 29 52 58 #SUP: 2511
66 56 34 7 36 60 40 29 58 #SUP: 2516
66 56 34 7 36 60 40 52 #SUP: 2514
66 56 34 7 36 60 40 52 58 #SUP: 2513
66 56 34 7 36 60 40 58 #SUP: 2518
66 56 34 7 36 60 29 #SUP: 2538
66 56 34 7 36 60 29 52 #SUP: 2533
66 56 34 7 36 60 29 52 58 #SUP: 2532
66 56 34 7 36 60 29 58 #SUP: 2537
66 56 34 7 36 60 52 #SUP: 2535
66 56 34 7 36 60 52 58 #SUP: 2534
66 56 34 7 36 60 58 #SUP: 2539
66 56 34 7 36 40 #SUP: 2519
66 56 34 7 36 40 29 #SUP: 2517
66 56 34 7 36 40 29 52 #SUP: 2512
66 56 34 7 36 40 29 52 58 #SUP: 2511
66 56 34 7 36 40 29 58 #SUP: 2516
66 56 34 7 36 40 52 #SUP: 2514
66 56 34 7 36 40 52 58 #SUP: 2513
66 56 34 7 36 40 58 #SUP: 2518
66 56 34 7 36 29 #SUP: 2538
66 56 34 7 36 29 52 #SUP: 2533
66 56 34 7 36 29 52 58 #SUP: 2532
66 56 34 7 36 29 58 #SUP: 2537
66 56 34 7 36 52 #SUP: 2535
66 56 34 7 36 52 58 #SUP: 2534
66 56 34 7 36 58 #SUP: 2539
66 56 34 7 60 #SUP: 2637
66 56 34 7 60 40 #SUP: 2616
66 56 34 7 60 40 29 #SUP: 2614
66 56 34 7 60 40 29 52 #SUP: 2609
66 56 34 7 60 40 29 52 58 #SUP: 2608
66 56 34 7 60 40 29 58 #SUP: 2613
66 56 34 7 60 40 52 #SUP: 2611
66 56 34 7 60 40 52 58 #SUP: 2610
66 56 34 7 60 40 58 #SUP: 2615
66 56 34 7 60 29 #SUP: 2635
66 56 34 7 60 29 52 #SUP: 2630
66 56 34 7 60 29 52 58 #SUP: 2629
66 56 34 7 60 29 58 #SUP: 2634
66 56 34 7 60 52 #SUP: 2632
66 56 34 7 60 52 58 #SUP: 2631
66 56 34 7 60 58 #SUP: 2636
66 56 34 7 40 #SUP: 2616
66 56 34 7 40 29 #SUP: 2614
66 56 34 7 40 29 52 #SUP: 2609
66 56 34 7 40 29 52 58 #SUP: 2608
66 56 34 7 40 29 58 #SUP: 2613
66 56 34 7 40 52 #SUP: 2611
66 56 34 7 40 52 58 #SUP: 2610
66 56 34 7 40 58 #SUP: 2615
66 56 34 7 29 #SUP: 2635
66 56 34 7 29 52 #SUP: 2630
66 56 34 7 29 52 58 #SUP: 2629
66 56 34 7 29 58 #SUP: 2634
66 56 34 7 52 #SUP: 2632
66 56 34 7 52 58 #SUP: 2631
66 56 34 7 58 #SUP: 2636
66 56 34 36 #SUP: 2633
66 56 34 36 60 #SUP: 2633
66 56 34 36 60 40 #SUP: 2612
66 56 34 36 60 40 29 #SUP: 2608
66 56 34 36 60 40 29 52 #SUP: 2603
66 56 34 36 60 40 29 52 58 #SUP: 2602
66 56 34 36 60 40 29 58 #SUP: 2607
66 56 34 36 60 40 52 #SUP: 2607
66 56 34 36 60 40 52 58 #SUP: 2606
66 56 34 36 60 40 58 #SUP: 2611
66 56 34 36 60 29 #SUP: 2629
66 56 34 36 60 29 52 #SUP: 2624
66 56 34 36 60 29 52 58 #SUP: 2623
66 56 34 36 60 29 58 #SUP: 2628
66 56 34 36 60 52 #SUP: 2628
66 56 34 36 60 52 58 #SUP: 2627
66 56 34 36 60 58 #SUP: 2632
66 56 34 36 40 #SUP: 2612
66 56 34 36 40 29 #SUP: 2608
66 56 34 36 40 29 52 #SUP: 2603
66 56 34 36 40 29 52 58 #SUP: 2602
66 56 34 36 40 29 58 #SUP: 2607
66 56 34 36 40 52 #SUP: 2607
66 56 34 36 40 52 58 #SUP: 2606
66 56 34 36 40 58 #SUP: 2611
66 56 34 36 29 #SUP: 2629
66 56 34 36 29 52 #SUP: 2624
66 56 34 36 29 52 58 #SUP: 2623
66 56 34 36 29 58 #SUP: 2628
66 56 34 36 52 #SUP: 2628
66 56 34 36 52 58 #SUP: 2627
66 56 34 36 58 #SUP: 2632
66 56 34 60 #SUP: 2730
66 56 34 60 40 #SUP: 2709
66 56 34 60 40 29 #SUP: 2705
66 56 34 60 40 29 52 #SUP: 2700
66 56 34 60 40 29 52 58 #SUP: 2699
66 56 34 60 40 29 58 #SUP: 2704
66 56 34 60 40 52 #SUP: 2704
66 56 34 60 40 52 58 #SUP: 2703
66 56 34 60 40 58 #SUP: 2708
66 56 34 60 29 #SUP: 2726
66 56 34 60 29 52 #SUP: 2721
66 56 34 60 29 52 58 #SUP: 2720
66 56 34 60 29 58 #SUP: 2725
66 56 34 60 52 #SUP: 2725
66 56 34 60 52 58 #SUP: 2724
66 56 34 60 58 #SUP: 2729
66 56 34 40 #SUP: 2709
66 56 34 40 29 #SUP: 2705
66 56 34 40 29 52 #SUP: 2700
66 56 34 40 29 52 58 #SUP: 2699
66 56 34 40 29 58 #SUP: 2704
66 56 34 40 52 #SUP: 2704
66 56 34 40 52 58 #SUP: 2703
66 56 34 40 58 #SUP: 2708
66 56 34 29 #SUP: 2726
66 56 34 29 52 #SUP: 2721
66 56 34 29 52 58 #SUP: 2720
66 56 34 29 58 #SUP: 2725
66 56 34 52 #SUP: 2725
66 56 34 52 58 #SUP: 2724
66 56 34 58 #SUP: 2729
66 56 62 #SUP: 2755
66 56 62 58 #SUP: 2755
66 56 62 7 #SUP: 2658
66 56 62 7 58 #SUP: 2658
66 56 62 7 36 #SUP: 2561
66 56 62 7 36 58 #SUP: 2561
66 56 62 7 36 60 #SUP: 2561
66 56 62 7 36 60 58 #SUP: 2561
66 56 62 7 36 60 40 #SUP: 2547
66 56 62 7 36 60 40 58 #SUP: 2547
66 56 62 7 36 60 40 29 #SUP: 2543
66 56 62 7 36 60 40 29 58 #SUP: 2543
66 56 62 7 36 60 40 29 52 #SUP: 2538
66 56 62 7 36 60 40 29 52 58 #SUP: 2538
66 56 62 7 36 60 40 52 #SUP: 2542
66 56 62 7 36 60 40 52 58 #SUP: 2542
66 56 62 7 36 60 29 #SUP: 2557
66 56 62 7 36 60 29 58 #SUP: 2557
66 56 62 7 36 60 29 52 #SUP: 2552
66 56 62 7 36 60 29 52 58 #SUP: 2552
66 56 62 7 36 60 52 #SUP: 2556
66 56 62 7 36 60 52 58 #SUP: 2556
66 56 62 7 36 40 #SUP: 2547
66 56 62 7 36 40 58 #SUP: 2547
66 56 62 7 36 40 29 #SUP: 2543
66 56 62 7 36 40 29 58 #SUP: 2543
66 56 62 7 36 40 29 52 #SUP: 2538
66 56 62 7 36 40 29 52 58 #SUP: 2538
66 56 62 7 36 40 52 #SUP: 2542
66 56 62 7 36 40 52 58 #SUP: 2542
66 56 62 7 36 29 #SUP: 2557
66 56 62 7 36 29 58 #SUP: 2557
66 56 62 7 36 29 52 #SUP: 2552
66 56 62 7 36 29 52 58 #SUP: 2552
66 56 62 7 36 52 #SUP: 2556
66 56 62 7 36 52 58 #SUP: 2556
66 56 62 7 60 #SUP: 2658
66 56 62 7 60 58 #SUP: 2658
66 56 62 7 60 40 #SUP: 2644
66 56 62 7 60 40 58 #SUP: 2644
66 56 62 7 60 40 29 #SUP: 2640
66 56 62 7 60 40 29 58 #SUP: 2640
66 56 62 7 60 40 29 52 #SUP: 2635
66 56 62 7 60 40 29 52 58 #SUP: 2635
66 56 62 7 60 40 52 #SUP: 2639
66 56 62 7 60 40 52 58 #SUP: 2639
66 56 62 7 60 29 #SUP: 2654
66 56 62 7 60 29 58 #SUP: 2654
66 56 62 7 60 29 52 #SUP: 2649
66 56 62 7 60 29 52 58 #SUP: 2649
66 56 62 7 60 52 #SUP: 2653
66 56 62 7 60 52 58 #SUP: 2653
66 56 62 7 40 #SUP: 2644
66 56 62 7 40 58 #SUP: 2644
66 56 62 7 40 29 #SUP: 2640
66 56 62 7 40 29 58 #SUP: 2640
66 56 62 7 40 29 52 #SUP: 2635
66 56 62 7 40 29 52 58 #SUP: 2635
66 56 62 7 40 52 #SUP: 2639
66 56 62 7 40 52 58 #SUP: 2639
66 56 62 7 29 #SUP: 2654
66 56 62 7 29 58 #SUP: 2654
66 56 62 7 29 52 #SUP: 2649
66 56 62 7 29 52 58 #SUP: 2649
66 56 62 7 52 #SUP: 2653
66 56 62 7 52 58 #SUP: 2653
66 56 62 36 #SUP: 2658
66 56 62 36 58 #SUP: 2658
66 56 62 36 60 #SUP: 2658
66 56 62 36 60 58 #SUP: 2658
66 56 62 36 60 40 #SUP: 2644
66 56 62 36 60 40 58 #SUP: 2644
66 56 62 36 60 40 29 #SUP: 2636
66 56 62 36 60 40 29 58 #SUP: 2636
66 56 62 36 60 40 29 52 #SUP: 2631
66 56 62 36 60 40 29 52 58 #SUP: 2631
66 56 62 36 60 40 52 #SUP: 2639
66 56 62 36 60 40 52 58 #SUP: 2639
66 56 62 36 60 29 #SUP: 2650
66 56 62 36 60 29 58 #SUP: 2650
66 56 62 36 60 29 52 #SUP: 2645
66 56 62 36 60 29 52 58 #SUP: 2645
66 56 62 36 60 52 #SUP: 2653
66 56 62 36 60 52 58 #SUP: 2653
66 56 62 36 40 #SUP: 2644
66 56 62 36 40 58 #SUP: 2644
66 56 62 36 40 29 #SUP: 2636
66 56 62 36 40 29 58 #SUP: 2636
66 56 62 36 40 29 52 #SUP: 2631
66 56 62 36 40 29 52 58 #SUP: 2631
66 56 62 36 40 52 #SUP: 2639
66 56 62 36 40 52 58 #SUP: 2639
66 56 62 36 29 #SUP: 2650
66 56 62 36 29 58 #SUP: 2650
66 56 62 36 29 52 #SUP: 2645
66 56 62 36 29 52 58 #SUP: 2645
66 56 62 36 52 #SUP: 2653
66 56 62 36 52 58 #SUP: 2653
66 56 62 60 #SUP: 2755
66 56 62 60 58 #SUP: 2755
66 56 62 60 40 #SUP: 2741
66 56 62 60 40 58 #SUP: 2741
66 56 62 60 40 29 #SUP: 2733
66 56 62 60 40 29 58 #SUP: 2733
66 56 62 60 40 29 52 #SUP: 2728
66 56 62 60 40 29 52 58 #SUP: 2728
66 56 62 60 40 52 #SUP: 2736
66 56 62 60 40 52 58 #SUP: 2736
66 56 62 60 29 #SUP: 2747
66 56 62 60 29 58 #SUP: 2747
66 56 62 60 29 52 #SUP: 2742
66 56 62 60 29 52 58 #SUP: 2742
66 56 62 60 52 #SUP: 2750
66 56 62 60 52 58 #SUP: 2750
66 56 62 40 #SUP: 2741
66 56 62 40 58 #SUP: 2741
66 56 62 40 29 #SUP: 2733
66 56 62 40 29 58 #SUP: 2733
66 56 62 40 29 52 #SUP: 2728
66 56 62 40 29 52 58 #SUP: 2728
66 56 62 40 52 #SUP: 2736
66 56 62 40 52 58 #SUP: 2736
66 56 62 29 #SUP: 2747
66 56 62 29 58 #SUP: 2747
66 56 62 29 52 #SUP: 2742
66 56 62 29 52 58 #SUP: 2742
66 56 62 52 #SUP: 2750
66 56 62 52 58 #SUP: 2750
66 56 7 #SUP: 2749
66 56 7 36 #SUP: 2652
66 56 7 36 60 #SUP: 2652
66 56 7 36 60 40 #SUP: 2629
66 56 7 36 60 40 29 #SUP: 2625
66 56 7 36 60 40 29 52 #SUP: 2620
66 56 7 36 60 40 29 52 58 #SUP: 2619
66 56 7 36 60 40 29 58 #SUP: 2624
66 56 7 36 60 40 52 #SUP: 2624
66 56 7 36 60 40 52 58 #SUP: 2623
66 56 7 36 60 40 58 #SUP: 2628
66 56 7 36 60 29 #SUP: 2648
66 56 7 36 60 29 52 #SUP: 2643
66 56 7 36 60 29 52 58 #SUP: 2642
66 56 7 36 60 29 58 #SUP: 2647
66 56 7 36 60 52 #SUP: 2647
66 56 7 36 60 52 58 #SUP: 2646
66 56 7 36 60 58 #SUP: 2651
66 56 7 36 40 #SUP: 2629
66 56 7 36 40 29 #SUP: 2625
66 56 7 36 40 29 52 #SUP: 2620
66 56 7 36 40 29 52 58 #SUP: 2619
66 56 7 36 40 29 58 #SUP: 2624
66 56 7 36 40 52 #SUP: 2624
66 56 7 36 40 52 58 #SUP: 2623
66 56 7 36 40 58 #SUP: 2628
66 56 7 36 29 #SUP: 2648
66 56 7 36 29 52 #SUP: 2643
66 56 7 36 29 52 58 #SUP: 2642
66 56 7 36 29 58 #SUP: 2647
66 56 7 36 52 #SUP: 2647
66 56 7 36 52 58 #SUP: 2646
66 56 7 36 58 #SUP: 2651
66 56 7 60 #SUP: 2749
66 56 7 60 40 #SUP: 2726
66 56 7 60 40 29 #SUP: 2722
66 56 7 60 40 29 52 #SUP: 2717
66 56 7 60 40 29 52 58 #SUP: 2716
66 56 7 60 40 29 58 #SUP: 2721
66 56 7 60 40 52 #SUP: 2721
66 56 7 60 40 52 58 #SUP: 2720
66 56 7 60 40 58 #SUP: 2725
66 56 7 60 29 #SUP: 2745
66 56 7 60 29 52 #SUP: 2740
66 56 7 60 29 52 58 #SUP: 2739
66 56 7 60 29 58 #SUP: 2744
66 56 7 60 52 #SUP: 2744
66 56 7 60 52 58 #SUP: 2743
66 56 7 60 58 #SUP: 2748
66 56 7 40 #SUP: 2726
66 56 7 40 29 #SUP: 2722
66 56 7 40 29 52 #SUP: 2717
66 56 7 40 29 52 58 #SUP: 2716
66 56 7 40 29 58 #SUP: 2721
66 56 7 40 52 #SUP: 2721
66 56 7 40 52 58 #SUP: 2720
66 56 7 40 58 #SUP: 2725
66 56 7 29 #SUP: 2745
66 56 7 29 52 #SUP: 2740
66 56 7 29 52 58 #SUP: 2739
66 56 7 29 58 #SUP: 2744
66 56 7 52 #SUP: 2744
66 56 7 52 58 #SUP: 2743
66 56 7 58 #SUP: 2748
66 56 36 #SUP: 2749
66 56 36 60 #SUP: 2749
66 56 36 60 40 #SUP: 2726
66 56 36 60 40 29 #SUP: 2718
66 56 36 60 40 29 52 #SUP: 2713
66 56 36 60 40 29 52 58 #SUP: 2712
66 56 36 60 40 29 58 #SUP: 2717
66 56 36 60 40 52 #SUP: 2721
66 56 36 60 40 52 58 #SUP: 2720
66 56 36 60 40 58 #SUP: 2725
66 56 36 60 29 #SUP: 2741
66 56 36 60 29 52 #SUP: 2736
66 56 36 60 29 52 58 #SUP: 2735
66 56 36 60 29 58 #SUP: 2740
66 56 36 60 52 #SUP: 2744
66 56 36 60 52 58 #SUP: 2743
66 56 36 60 58 #SUP: 2748
66 56 36 40 #SUP: 2726
66 56 36 40 29 #SUP: 2718
66 56 36 40 29 52 #SUP: 2713
66 56 36 40 29 52 58 #SUP: 2712
66 56 36 40 29 58 #SUP: 2717
66 56 36 40 52 #SUP: 2721
66 56 36 40 52 58 #SUP: 2720
66 56 36 40 58 #SUP: 2725
66 56 36 29 #SUP: 2741
66 56 36 29 52 #SUP: 2736
66 56 36 29 52 58 #SUP: 2735
66 56 36 29 58 #SUP: 2740
66 56 36 52 #SUP: 2744
66 56 36 52 58 #SUP: 2743
66 56 36 58 #SUP: 2748
66 56 60 #SUP: 2846
66 56 60 40 #SUP: 2823
66 56 60 40 29 #SUP: 2815
66 56 60 40 29 52 #SUP: 2810
66 56 60 40 29 52 58 #SUP: 2809
66 56 60 40 29 58 #SUP: 2814
66 56 60 40 52 #SUP: 2818
66 56 60 40 52 58 #SUP: 2817
66 56 60 40 58 #SUP: 2822
66 56 60 29 #SUP: 2838
66 56 60 29 52 #SUP: 2833
66 56 60 29 52 58 #SUP: 2832
66 56 60 29 58 #SUP: 2837
66 56 60 52 #SUP: 2841
66 56 60 52 58 #SUP: 2840
66 56 60 58 #SUP: 2845
66 56 40 #SUP: 2823
66 56 40 29 #SUP: 2815
66 56 40 29 52 #SUP: 2810
66 56 40 29 52 58 #SUP: 2809
66 56 40 29 58 #SUP: 2814
66 56 40 52 #SUP: 2818
66 56 40 52 58 #SUP: 2817
66 56 40 58 #SUP: 2822
66 56 29 #SUP: 2838
66 56 29 52 #SUP: 2833
66 56 29 52 58 #SUP: 2832
66 56 29 58 #SUP: 2837
66 56 52 #SUP: 2841
66 56 52 58 #SUP: 2840
66 56 58 #SUP: 2845
66 34 #SUP: 2886
66 34 62 #SUP: 2766
66 34 62 58 #SUP: 2766
66 34 62 7 #SUP: 2657
66 34 62 7 58 #SUP: 2657
66 34 62 7 36 #SUP: 2560
66 34 62 7 36 58 #SUP: 2560
66 34 62 7 36 60 #SUP: 2560
66 34 62 7 36 60 58 #SUP: 2560
66 34 62 7 36 60 40 #SUP: 2548
66 34 62 7 36 60 40 58 #SUP: 2548
66 34 62 7 36 60 40 29 #SUP: 2546
66 34 62 7 36 60 40 29 58 #SUP: 2546
66 34 62 7 36 60 40 29 52 #SUP: 2537
66 34 62 7 36 60 40 29 52 58 #SUP: 2537
66 34 62 7 36 60 40 52 #SUP: 2539
66 34 62 7 36 60 40 52 58 #SUP: 2539
66 34 62 7 36 60 29 #SUP: 2558
66 34 62 7 36 60 29 58 #SUP: 2558
66 34 62 7 36 60 29 52 #SUP: 2549
66 34 62 7 36 60 29 52 58 #SUP: 2549
66 34 62 7 36 60 52 #SUP: 2551
66 34 62 7 36 60 52 58 #SUP: 2551
66 34 62 7 36 40 #SUP: 2548
66 34 62 7 36 40 58 #SUP: 2548
66 34 62 7 36 40 29 #SUP: 2546
66 34 62 7 36 40 29 58 #SUP: 2546
66 34 62 7 36 40 29 52 #SUP: 2537
66 34 62 7 36 40 29 52 58 #SUP: 2537
66 34 62 7 36 40 52 #SUP: 2539
66 34 62 7 36 40 52 58 #SUP: 2539
66 34 62 7 36 29 #SUP: 2558
66 34 62 7 36 29 58 #SUP: 2558
66 34 62 7 36 29 52 #SUP: 2549
66 34 62 7 36 29 52 58 #SUP: 2549
66 34 62 7 36 52 #SUP: 2551
66 34 62 7 36 52 58 #SUP: 2551
66 34 62 7 60 #SUP: 2657
66 34 62 7 60 58 #SUP: 2657
66 34 62 7 60 40 #SUP: 2645
66 34 62 7 60 40 58 #SUP: 2645
66 34 62 7 60 40 29 #SUP: 2643
66 34 62 7 60 40 29 58 #SUP: 2643
66 34 62 7 60 40 29 52 #SUP: 2634
66 34 62 7 60 40 29 52 58 #SUP: 2634
66 34 62 7 60 40 52 #SUP: 2636
66 34 62 7 60 40 52 58 #SUP: 2636
66 34 62 7 60 29 #SUP: 2655
66 34 62 7 60 29 58 #SUP: 2655
66 34 62 7 60 29 52 #SUP: 2646
66 34 62 7 60 29 52 58 #SUP: 2646
66 34 62 7 60 52 #SUP: 2648
66 34 62 7 60 52 58 #SUP: 2648
66 34 62 7 40 #SUP: 2645
66 34 62 7 40 58 #SUP: 2645
66 34 62 7 40 29 #SUP: 2643
66 34 62 7 40 29 58 #SUP: 2643
66 34 62 7 40 29 52 #SUP: 2634
66 34 62 7 40 29 52 58 #SUP: 2634
66 34 62 7 40 52 #SUP: 2636
66 34 62 7 40 52 58 #SUP: 2636
66 34 62 7 29 #SUP: 2655
66 34 62 7 29 58 #SUP: 2655
66 34 62 7 29 52 #SUP: 2646
66 34 62 7 29 52 58 #SUP: 2646
66 34 62 7 52 #SUP: 2648
66 34 62 7 52 58 #SUP: 2648
66 34 62 36 #SUP: 2669
66 34 62 36 58 #SUP: 2669
66 34 62 36 60 #SUP: 2669
66 34 62 36 60 58 #SUP: 2669
66 34 62 36 60 40 #SUP: 2657
66 34 62 36 60 40 58 #SUP: 2657
66 34 62 36 60 40 29 #SUP: 2653
66 34 62 36 60 40 29 58 #SUP: 2653
66 34 62 36 60 40 29 52 #SUP: 2644
66 34 62 36 60 40 29 52 58 #SUP: 2644
66 34 62 36 60 40 52 #SUP: 2648
66 34 62 36 60 40 52 58 #SUP: 2648
66 34 62 36 60 29 #SUP: 2665
66 34 62 36 60 29 58 #SUP: 2665
66 34 62 36 60 29 52 #SUP: 2656
66 34 62 36 60 29 52 58 #SUP: 2656
66 34 62 36 60 52 #SUP: 2660
66 34 62 36 60 52 58 #SUP: 2660
66 34 62 36 40 #SUP: 2657
66 34 62 36 40 58 #SUP: 2657
66 34 62 36 40 29 #SUP: 2653
66 34 62 36 40 29 58 #SUP: 2653
66 34 62 36 40 29 52 #SUP: 2644
66 34 62 36 40 29 52 58 #SUP: 2644
66 34 62 36 40 52 #SUP: 2648
66 34 62 36 40 52 58 #SUP: 2648
66 34 62 36 29 #SUP: 2665
66 34 62 36 29 58 #SUP: 2665
66 34 62 36 29 52 #SUP: 2656
66 34 62 36 29 52 58 #SUP: 2656
66 34 62 36 52 #SUP: 2660
66 34 62 36 52 58 #SUP: 2660
66 34 62 60 #SUP: 2766
66 34 62 60 58 #SUP: 2766
66 34 62 60 40 #SUP: 2754
66 34 62 60 40 58 #SUP: 2754
66 34 62 60 40 29 #SUP: 2750
66 34 62 60 40 29 58 #SUP: 2750
66 34 62 60 40 29 52 #SUP: 2741
66 34 62 60 40 29 52 58 #SUP: 2741
66 34 62 60 40 52 #SUP: 2745
66 34 62 60 40 52 58 #SUP: 2745
66 34 62 60 29 #SUP: 2762
66 34 62 60 29 58 #SUP: 2762
66 34 62 60 29 52 #SUP: 2753
66 34 62 60 29 52 58 #SUP: 2753
66 34 62 60 52 #SUP: 2757
66 34 62 60 52 58 #SUP: 2757
66 34 62 40 #SUP: 2754
66 34 62 40 58 #SUP: 2754
66 34 62 40 29 #SUP: 2750
66 34 62 40 29 58 #SUP: 2750
66 34 62 40 29 52 #SUP: 2741
66 34 62 40 29 52 58 #SUP: 2741
66 34 62 40 52 #SUP: 2745
66 34 62 40 52 58 #SUP: 2745
66 34 62 29 #SUP: 2762
66 34 62 29 58 #SUP: 2762
66 34 62 29 52 #SUP: 2753
66 34 62 29 52 58 #SUP: 2753
66 34 62 52 #SUP: 2757
66 34 62 52 58 #SUP: 2757
66 34 7 #SUP: 2777
66 34 7 36 #SUP: 2680
66 34 7 36 60 #SUP: 2680
66 34 7 36 60 40 #SUP: 2659
66 34 7 36 60 40 29 #SUP: 2657
66 34 7 36 60 40 29 52 #SUP: 2648
66 34 7 36 60 40 29 52 58 #SUP: 2647
66 34 7 36 60 40 29 58 #SUP: 2656
66 34 7 36 60 40 52 #SUP: 2650
66 34 7 36 60 40 52 58 #SUP: 2649
66 34 7 36 60 40 58 #SUP: 2658
66 34 7 36 60 29 #SUP: 2678
66 34 7 36 60 29 52 #SUP: 2669
66 34 7 36 60 29 52 58 #SUP: 2668
66 34 7 36 60 29 58 #SUP: 2677
66 34 7 36 60 52 #SUP: 2671
66 34 7 36 60 52 58 #SUP: 2670
66 34 7 36 60 58 #SUP: 2679
66 34 7 36 40 #SUP: 2659
66 34 7 36 40 29 #SUP: 2657
66 34 7 36 40 29 52 #SUP: 2648
66 34 7 36 40 29 52 58 #SUP: 2647
66 34 7 36 40 29 58 #SUP: 2656
66 34 7 36 40 52 #SUP: 2650
66 34 7 36 40 52 58 #SUP: 2649
66 34 7 36 40 58 #SUP: 2658
66 34 7 36 29 #SUP: 2678
66 34 7 36 29 52 #SUP: 2669
66 34 7 36 29 52 58 #SUP: 2668
66 34 7 36 29 58 #SUP: 2677
66 34 7 36 52 #SUP: 2671
66 34 7 36 52 58 #SUP: 2670
66 34 7 36 58 #SUP: 2679
66 34 7 60 #SUP: 2777
66 34 7 60 40 #SUP: 2756
66 34 7 60 40 29 #SUP: 2754
66 34 7 60 40 29 52 #SUP: 2745
66 34 7 60 40 29 52 58 #SUP: 2744
66 34 7 60 40 29 58 #SUP: 2753
66 34 7 60 40 52 #SUP: 2747
66 34 7 60 40 52 58 #SUP: 2746
66 34 7 60 40 58 #SUP: 2755
66 34 7 60 29 #SUP: 2775
66 34 7 60 29 52 #SUP: 2766
66 34 7 60 29 52 58 #SUP: 2765
66 34 7 60 29 58 #SUP: 2774
66 34 7 60 52 #SUP: 2768
66 34 7 60 52 58 #SUP: 2767
66 34 7 60 58 #SUP: 2776
66 34 7 40 #SUP: 2756
66 34 7 40 29 #SUP: 2754
66 34 7 40 29 52 #SUP: 2745
66 34 7 40 29 52 58 #SUP: 2744
66 34 7 40 29 58 #SUP: 2753
66 34 7 40 52 #SUP: 2747
66 34 7 40 52 58 #SUP: 2746
66 34 7 40 58 #SUP: 2755
66 34 7 29 #SUP: 2775
66 34 7 29 52 #SUP: 2766
66 34 7 29 52 58 #SUP: 2765
66 34 7 29 58 #SUP: 2774
66 34 7 52 #SUP: 2768
66 34 7 52 58 #SUP: 2767
66 34 7 58 #SUP: 2776
66 34 36 #SUP: 2789
66 34 36 60 #SUP: 2789
66 34 36 60 40 #SUP: 2768
66 34 36 60 40 29 #SUP: 2764
66 34 36 60 40 29 52 #SUP: 2755
66 34 36 60 40 29 52 58 #SUP: 2754
66 34 36 60 40 29 58 #SUP: 2763
66 34 36 60 40 52 #SUP: 2759
66 34 36 60 40 52 58 #SUP: 2758
66 34 36 60 40 58 #SUP: 2767
66 34 36 60 29 #SUP: 2785
66 34 36 60 29 52 #SUP: 2776
66 34 36 60 29 52 58 #SUP: 2775
66 34 36 60 29 58 #SUP: 2784
66 34 36 60 52 #SUP: 2780
66 34 36 60 52 58 #SUP: 2779
66 34 36 60 58 #SUP: 2788
66 34 36 40 #SUP: 2768
66 34 36 40 29 #SUP: 2764
66 34 36 40 29 52 #SUP: 2755
66 34 36 40 29 52 58 #SUP: 2754
66 34 36 40 29 58 #SUP: 2763
66 34 36 40 52 #SUP: 2759
66 34 36 40 52 58 #SUP: 2758
66 34 36 40 58 #SUP: 2767
66 34 36 29 #SUP: 2785
66 34 36 29 52 #SUP: 2776
66 34 36 29 52 58 #SUP: 2775
66 34 36 29 58 #SUP: 2784
66 34 36 52 #SUP: 2780
66 34 36 52 58 #SUP: 2779
66 34 36 58 #SUP: 2788
66 34 60 #SUP: 2886
66 34 60 40 #SUP: 2865
66 34 60 40 29 #SUP: 2861
66 34 60 40 29 52 #SUP: 2852
66 34 60 40 29 52 58 #SUP: 2851
66 34 60 40 29 58 #SUP: 2860
66 34 60 40 52 #SUP: 2856
66 34 60 40 52 58 #SUP: 2855
66 34 60 40 58 #SUP: 2864
66 34 60 29 #SUP: 2882
66 34 60 29 52 #SUP: 2873
66 34 60 29 52 58 #SUP: 2872
66 34 60 29 58 #SUP: 2881
66 34 60 52 #SUP: 2877
66 34 60 52 58 #SUP: 2876
66 34 60 58 #SUP: 2885
66 34 40 #SUP: 2865
66 34 40 29 #SUP: 2861
66 34 40 29 52 #SUP: 2852
66 34 40 29 52 58 #SUP: 2851
66 34 40 29 58 #SUP: 2860
66 34 40 52 #SUP: 2856
66 34 40 52 58 #SUP: 2855
66 34 40 58 #SUP: 2864
66 34 29 #SUP: 2882
66 34 29 52 #SUP: 2873
66 34 29 52 58 #SUP: 2872
66 34 29 58 #SUP: 2881
66 34 52 #SUP: 2877
66 34 52 58 #SUP: 2876
66 34 58 #SUP: 2885
66 62 #SUP: 2892
66 62 58 #SUP: 2892
66 62 7 #SUP: 2777
66 62 7 58 #SUP: 2777
66 62 7 36 #SUP: 2680
66 62 7 36 58 #SUP: 2680
66 62 7 36 60 #SUP: 2680
66 62 7 36 60 58 #SUP: 2680
66 62 7 36 60 40 #SUP: 2665
66 62 7 36 60 40 58 #SUP: 2665
66 62 7 36 60 40 29 #SUP: 2661
66 62 7 36 60 40 29 58 #SUP: 2661
66 62 7 36 60 40 29 52 #SUP: 2650
66 62 7 36 60 40 29 52 58 #SUP: 2650
66 62 7 36 60 40 52 #SUP: 2654
66 62 7 36 60 40 52 58 #SUP: 2654
66 62 7 36 60 29 #SUP: 2676
66 62 7 36 60 29 58 #SUP: 2676
66 62 7 36 60 29 52 #SUP: 2665
66 62 7 36 60 29 52 58 #SUP: 2665
66 62 7 36 60 52 #SUP: 2669
66 62 7 36 60 52 58 #SUP: 2669
66 62 7 36 40 #SUP: 2665
66 62 7 36 40 58 #SUP: 2665
66 62 7 36 40 29 #SUP: 2661
66 62 7 36 40 29 58 #SUP: 2661
66 62 7 36 40 29 52 #SUP: 2650
66 62 7 36 40 29 52 58 #SUP: 2650
66 62 7 36 40 52 #SUP: 2654
66 62 7 36 40 52 58 #SUP: 2654
66 62 7 36 29 #SUP: 2676
66 62 7 36 29 58 #SUP: 2676
66 62 7 36 29 52 #SUP: 2665
66 62 7 36 29 52 58 #SUP: 2665
66 62 7 36 52 #SUP: 2669
66 62 7 36 52 58 #SUP: 2669
66 62 7 60 #SUP: 2777
66 62 7 60 58 #SUP: 2777
66 62 7 60 40 #SUP: 2762
66 62 7 60 40 58 #SUP: 2762
66 62 7 60 40 29 #SUP: 2758
66 62 7 60 40 29 58 #SUP: 2758
66 62 7 60 40 29 52 #SUP: 2747
66 62 7 60 40 29 52 58 #SUP: 2747
66 62 7 60 40 52 #SUP: 2751
66 62 7 60 40 52 58 #SUP: 2751
66 62 7 60 29 #SUP: 2773
66 62 7 60 29 58 #SUP: 2773
66 62 7 60 29 52 #SUP: 2762
66 62 7 60 29 52 58 #SUP: 2762
66 62 7 60 52 #SUP: 2766
66 62 7 60 52 58 #SUP: 2766
66 62 7 40 #SUP: 2762
66 62 7 40 58 #SUP: 2762
66 62 7 40 29 #SUP: 2758
66 62 7 40 29 58 #SUP: 2758
66 62 7 40 29 52 #SUP: 2747
66 62 7 40 29 52 58 #SUP: 2747
66 62 7 40 52 #SUP: 2751
66 62 7 40 52 58 #SUP: 2751
66 62 7 29 #SUP: 2773
66 62 7 29 58 #SUP: 2773
66 62 7 29 52 #SUP: 2762
66 62 7 29 52 58 #SUP: 2762
66 62 7 52 #SUP: 2766
66 62 7 52 58 #SUP: 2766
66 62 36 #SUP: 2795
66 62 36 58 #SUP: 2795
66 62 36 60 #SUP: 2795
66 62 36 60 58 #SUP: 2795
66 62 36 60 40 #SUP: 2780
66 62 36 60 40 58 #SUP: 2780
66 62 36 60 40 29 #SUP: 2772
66 62 36 60 40 29 58 #SUP: 2772
66 62 36 60 40 29 52 #SUP: 2761
66 62 36 60 40 29 52 58 #SUP: 2761
66 62 36 60 40 52 #SUP: 2769
66 62 36 60 40 52 58 #SUP: 2769
66 62 36 60 29 #SUP: 2787
66 62 36 60 29 58 #SUP: 2787
66 62 36 60 29 52 #SUP: 2776
66 62 36 60 29 52 58 #SUP: 2776
66 62 36 60 52 #SUP: 2784
66 62 36 60 52 58 #SUP: 2784
66 62 36 40 #SUP: 2780
66 62 36 40 58 #SUP: 2780
66 62 36 40 29 #SUP: 2772
66 62 36 40 29 58 #SUP: 2772
66 62 36 40 29 52 #SUP: 2761
66 62 36 40 29 52 58 #SUP: 2761
66 62 36 40 52 #SUP: 2769
66 62 36 40 52 58 #SUP: 2769
66 62 36 29 #SUP: 2787
66 62 36 29 58 #SUP: 2787
66 62 36 29 52 #SUP: 2776
66 62 36 29 52 58 #SUP: 2776
66 62 36 52 #SUP: 2784
66 62 36 52 58 #SUP: 2784
66 62 60 #SUP: 2892
66 62 60 58 #SUP: 2892
66 62 60 40 #SUP: 2877
66 62 60 40 58 #SUP: 2877
66 62 60 40 29 #SUP: 2869
66 62 60 40 29 58 #SUP: 2869
66 62 60 40 29 52 #SUP: 2858
66 62 60 40 29 52 58 #SUP: 2858
66 62 60 40 52 #SUP: 2866
66 62 60 40 52 58 #SUP: 2866
66 62 60 29 #SUP: 2884
66 62 60 29 58 #SUP: 2884
66 62 60 29 52 #SUP: 2873
66 62 60 29 52 58 #SUP: 2873
66 62 60 52 #SUP: 2881
66 62 60 52 58 #SUP: 2881
66 62 40 #SUP: 2877
66 62 40 58 #SUP: 2877
66 62 40 29 #SUP: 2869
66 62 40 29 58 #SUP: 2869
66 62 40 29 52 #SUP: 2858
66 62 40 29 52 58 #SUP: 2858
66 62 40 52 #SUP: 2866
66 62 40 52 58 #SUP: 2866
66 62 29 #SUP: 2884
66 62 29 58 #SUP: 2884
66 62 29 52 #SUP: 2873
66 62 29 52 58 #SUP: 2873
66 62 52 #SUP: 2881
66 62 52 58 #SUP: 2881
66 7 #SUP: 2906
66 7 36 #SUP: 2809
66 7 36 60 #SUP: 2809
66 7 36 60 40 #SUP: 2785
66 7 36 60 40 29 #SUP: 2781
66 7 36 60 40 29 52 #SUP: 2770
66 7 36 60 40 29 52 58 #SUP: 2769
66 7 36 60 40 29 58 #SUP: 2780
66 7 36 60 40 52 #SUP: 2774
66 7 36 60 40 52 58 #SUP: 2773
66 7 36 60 40 58 #SUP: 2784
66 7 36 60 29 #SUP: 2805
66 7 36 60 29 52 #SUP: 2794
66 7 36 60 29 52 58 #SUP: 2793
66 7 36 60 29 58 #SUP: 2804
66 7 36 60 52 #SUP: 2798
66 7 36 60 52 58 #SUP: 2797
66 7 36 60 58 #SUP: 2808
66 7 36 40 #SUP: 2785
66 7 36 40 29 #SUP: 2781
66 7 36 40 29 52 #SUP: 2770
66 7 36 40 29 52 58 #SUP: 2769
66 7 36 40 29 58 #SUP: 2780
66 7 36 40 52 #SUP: 2774
66 7 36 40 52 58 #SUP: 2773
66 7 36 40 58 #SUP: 2784
66 7 36 29 #SUP: 2805
66 7 36 29 52 #SUP: 2794
66 7 36 29 52 58 #SUP: 2793
66 7 36 29 58 #SUP: 2804
66 7 36 52 #SUP: 2798
66 7 36 52 58 #SUP: 2797
66 7 36 58 #SUP: 2808
66 7 60 #SUP: 2906
66 7 60 40 #SUP: 2882
66 7 60 40 29 #SUP: 2878
66 7 60 40 29 52 #SUP: 2867
66 7 60 40 29 52 58 #SUP: 2866
66 7 60 40 29 58 #SUP: 2877
66 7 60 40 52 #SUP: 2871
66 7 60 40 52 58 #SUP: 2870
66 7 60 40 58 #SUP: 2881
66 7 60 29 #SUP: 2902
66 7 60 29 52 #SUP: 2891
66 7 60 29 52 58 #SUP: 2890
66 7 60 29 58 #SUP: 2901
66 7 60 52 #SUP: 2895
66 7 60 52 58 #SUP: 2894
66 7 60 58 #SUP: 2905
66 7 40 #SUP: 2882
66 7 40 29 #SUP: 2878
66 7 40 29 52 #SUP: 2867
66 7 40 29 52 58 #SUP: 2866
66 7 40 29 58 #SUP: 2877
66 7 40 52 #SUP: 2871
66 7 40 52 58 #SUP: 2870
66 7 40 58 #SUP: 2881
66 7 29 #SUP: 2902
66 7 29 52 #SUP: 2891
66 7 29 52 58 #SUP: 2890
66 7 29 58 #SUP: 2901
66 7 52 #SUP: 2895
66 7 52 58 #SUP: 2894
66 7 58 #SUP: 2905
66 36 #SUP: 2924
66 36 60 #SUP: 2924
66 36 60 40 #SUP: 2900
66 36 60 40 29 #SUP: 2892
66 36 60 40 29 52 #SUP: 2881
66 36 60 40 29 52 58 #SUP: 2880
66 36 60 40 29 58 #SUP: 2891
66 36 60 40 52 #SUP: 2889
66 36 60 40 52 58 #SUP: 2888
66 36 60 40 58 #SUP: 2899
66 36 60 29 #SUP: 2916
66 36 60 29 52 #SUP: 2905
66 36 60 29 52 58 #SUP: 2904
66 36 60 29 58 #SUP: 2915
66 36 60 52 #SUP: 2913
66 36 60 52 58 #SUP: 2912
66 36 60 58 #SUP: 2923
66 36 40 #SUP: 2900
66 36 40 29 #SUP: 2892
66 36 40 29 52 #SUP: 2881
66 36 40 29 52 58 #SUP: 2880
66 36 40 29 58 #SUP: 2891
66 36 40 52 #SUP: 2889
66 36 40 52 58 #SUP: 2888
66 36 40 58 #SUP: 2899
66 36 29 #SUP: 2916
66 36 29 52 #SUP: 2905
66 36 29 52 58 #SUP: 2904
66 36 29 58 #SUP: 2915
66 36 52 #SUP: 2913
66 36 52 58 #SUP: 2912
66 36 58 #SUP: 2923
66 60 #SUP: 3021
66 60 40 #SUP: 2997
66 60 40 29 #SUP: 2989
66 60 40 29 52 #SUP: 2978
66 60 40 29 52 58 #SUP: 2977
66 60 40 29 58 #SUP: 2988
66 60 40 52 #SUP: 2986
66 60 40 52 58 #SUP: 2985
66 60 40 58 #SUP: 2996
66 60 29 #SUP: 3013
66 60 29 52 #SUP: 3002
66 60 29 52 58 #SUP: 3001
66 60 29 58 #SUP: 3012
66 60 52 #SUP: 3010
66 60 52 58 #SUP: 3009
66 60 58 #SUP: 3020
66 40 #SUP: 2997
66 40 29 #SUP: 2989
66 40 29 52 #SUP: 2978
66 40 29 52 58 #SUP: 2977
66 40 29 58 #SUP: 2988
66 40 52 #SUP: 2986
66 40 52 58 #SUP: 2985
66 40 58 #SUP: 2996
66 29 #SUP: 3013
66 29 52 #SUP: 3002
66 29 52 58 #SUP: 3001
66 29 58 #SUP: 3012
66 52 #SUP: 3010
66 52 58 #SUP: 3009
66 58 #SUP: 3020
56 #SUP: 3021
56 34 #SUP: 2884
56 34 62 #SUP: 2791
56 34 62 58 #SUP: 2791
56 34 62 7 #SUP: 2697
56 34 62 7 58 #SUP: 2697
56 34 62 7 36 #SUP: 2600
56 34 62 7 36 58 #SUP: 2600
56 34 62 7 36 60 #SUP: 2556
56 34 62 7 36 60 58 #SUP: 2556
56 34 62 7 36 60 40 #SUP: 2544
56 34 62 7 36 60 40 58 #SUP: 2544
56 34 62 7 36 60 40 29 #SUP: 2542
56 34 62 7 36 60 40 29 58 #SUP: 2542
56 34 62 7 36 60 40 29 52 #SUP: 2537
56 34 62 7 36 60 40 29 52 58 #SUP: 2537
56 34 62 7 36 60 40 52 #SUP: 2539
56 34 62 7 36 60 40 52 58 #SUP: 2539
56 34 62 7 36 60 29 #SUP: 2554
56 34 62 7 36 60 29 58 #SUP: 2554
56 34 62 7 36 60 29 52 #SUP: 2549
56 34 62 7 36 60 29 52 58 #SUP: 2549
56 34 62 7 36 60 52 #SUP: 2551
56 34 62 7 36 60 52 58 #SUP: 2551
56 34 62 7 36 40 #SUP: 2588
56 34 62 7 36 40 58 #SUP: 2588
56 34 62 7 36 40 29 #SUP: 2586
56 34 62 7 36 40 29 58 #SUP: 2586
56 34 62 7 36 40 29 52 #SUP: 2581
56 34 62 7 36 40 29 52 58 #SUP: 2581
56 34 62 7 36 40 52 #SUP: 2583
56 34 62 7 36 40 52 58 #SUP: 2583
56 34 62 7 36 29 #SUP: 2598
56 34 62 7 36 29 58 #SUP: 2598
56 34 62 7 36 29 52 #SUP: 2593
56 34 62 7 36 29 52 58 #SUP: 2593
56 34 62 7 36 52 #SUP: 2595
56 34 62 7 36 52 58 #SUP: 2595
56 34 62 7 60 #SUP: 2653
56 34 62 7 60 58 #SUP: 2653
56 34 62 7 60 40 #SUP: 2641
56 34 62 7 60 40 58 #SUP: 2641
56 34 62 7 60 40 29 #SUP: 2639
56 34 62 7 60 40 29 58 #SUP: 2639
56 34 62 7 60 40 29 52 #SUP: 2634
56 34 62 7 60 40 29 52 58 #SUP: 2634
56 34 62 7 60 40 52 #SUP: 2636
56 34 62 7 60 40 52 58 #SUP: 2636
56 34 62 7 60 29 #SUP: 2651
56 34 62 7 60 29 58 #SUP: 2651
56 34 62 7 60 29 52 #SUP: 2646
56 34 62 7 60 29 52 58 #SUP: 2646
56 34 62 7 60 52 #SUP: 2648
56 34 62 7 60 52 58 #SUP: 2648
56 34 62 7 40 #SUP: 2685
56 34 62 7 40 58 #SUP: 2685
56 34 62 7 40 29 #SUP: 2683
56 34 62 7 40 29 58 #SUP: 2683
56 34 62 7 40 29 52 #SUP: 2678
56 34 62 7 40 29 52 58 #SUP: 2678
56 34 62 7 40 52 #SUP: 2680
56 34 62 7 40 52 58 #SUP: 2680
56 34 62 7 29 #SUP: 2695
56 34 62 7 29 58 #SUP: 2695
56 34 62 7 29 52 #SUP: 2690
56 34 62 7 29 52 58 #SUP: 2690
56 34 62 7 52 #SUP: 2692
56 34 62 7 52 58 #SUP: 2692
56 34 62 36 #SUP: 2694
56 34 62 36 58 #SUP: 2694
56 34 62 36 60 #SUP: 2650
56 34 62 36 60 58 #SUP: 2650
56 34 62 36 60 40 #SUP: 2638
56 34 62 36 60 40 58 #SUP: 2638
56 34 62 36 60 40 29 #SUP: 2634
56 34 62 36 60 40 29 58 #SUP: 2634
56 34 62 36 60 40 29 52 #SUP: 2629
56 34 62 36 60 40 29 52 58 #SUP: 2629
56 34 62 36 60 40 52 #SUP: 2633
56 34 62 36 60 40 52 58 #SUP: 2633
56 34 62 36 60 29 #SUP: 2646
56 34 62 36 60 29 58 #SUP: 2646
56 34 62 36 60 29 52 #SUP: 2641
56 34 62 36 60 29 52 58 #SUP: 2641
56 34 62 36 60 52 #SUP: 2645
56 34 62 36 60 52 58 #SUP: 2645
56 34 62 36 40 #SUP: 2682
56 34 62 36 40 58 #SUP: 2682
56 34 62 36 40 29 #SUP: 2678
56 34 62 36 40 29 58 #SUP: 2678
56 34 62 36 40 29 52 #SUP: 2673
56 34 62 36 40 29 52 58 #SUP: 2673
56 34 62 36 40 52 #SUP: 2677
56 34 62 36 40 52 58 #SUP: 2677
56 34 62 36 29 #SUP: 2690
56 34 62 36 29 58 #SUP: 2690
56 34 62 36 29 52 #SUP: 2685
56 34 62 36 29 52 58 #SUP: 2685
56 34 62 36 52 #SUP: 2689
56 34 62 36 52 58 #SUP: 2689
56 34 62 60 #SUP: 2747
56 34 62 60 58 #SUP: 2747
56 34 62 60 40 #SUP: 2735
56 34 62 60 40 58 #SUP: 2735
56 34 62 60 40 29 #SUP: 2731
56 34 62 60 40 29 58 #SUP: 2731
56 34 62 60 40 29 52 #SUP: 2726
56 34 62 60 40 29 52 58 #SUP: 2726
56 34 62 60 40 52 #SUP: 2730
56 34 62 60 40 52 58 #SUP: 2730
56 34 62 60 29 #SUP: 2743
56 34 62 60 29 58 #SUP: 2743
56 34 62 60 29 52 #SUP: 2738
56 34 62 60 29 52 58 #SUP: 2738
56 34 62 60 52 #SUP: 2742
56 34 62 60 52 58 #SUP: 2742
56 34 62 40 #SUP: 2779
56 34 62 40 58 #SUP: 2779
56 34 62 40 29 #SUP: 2775
56 34 62 40 29 58 #SUP: 2775
56 34 62 40 29 52 #SUP: 2770
56 34 62 40 29 52 58 #SUP: 2770
56 34 62 40 52 #SUP: 2774
56 34 62 40 52 58 #SUP: 2774
56 34 62 29 #SUP: 2787
56 34 62 29 58 #SUP: 2787
56 34 62 29 52 #SUP: 2782
56 34 62 29 52 58 #SUP: 2782
56 34 62 52 #SUP: 2786
56 34 62 52 58 #SUP: 2786
56 34 7 #SUP: 2790
56 34 7 36 #SUP: 2693
56 34 7 36 60 #SUP: 2648
56 34 7 36 60 40 #SUP: 2626
56 34 7 36 60 40 29 #SUP: 2624
56 34 7 36 60 40 29 52 #SUP: 2619
56 34 7 36 60 40 29 52 58 #SUP: 2618
56 34 7 36 60 40 29 58 #SUP: 2623
56 34 7 36 60 40 52 #SUP: 2621
56 34 7 36 60 40 52 58 #SUP: 2620
56 34 7 36 60 40 58 #SUP: 2625
56 34 7 36 60 29 #SUP: 2646
56 34 7 36 60 29 52 #SUP: 2641
56 34 7 36 60 29 52 58 #SUP: 2640
56 34 7 36 60 29 58 #SUP: 2645
56 34 7 36 60 52 #SUP: 2643
56 34 7 36 60 52 58 #SUP: 2642
56 34 7 36 60 58 #SUP: 2647
56 34 7 36 40 #SUP: 2670
56 34 7 36 40 29 #SUP: 2668
56 34 7 36 40 29 52 #SUP: 2663
56 34 7 36 40 29 52 58 #SUP: 2662
56 34 7 36 40 29 58 #SUP: 2667
56 34 7 36 40 52 #SUP: 2665
56 34 7 36 40 52 58 #SUP: 2664
56 34 7 36 40 58 #SUP: 2669
56 34 7 36 29 #SUP: 2691
56 34 7 36 29 52 #SUP: 2686
56 34 7 36 29 52 58 #SUP: 2685
56 34 7 36 29 58 #SUP: 2690
56 34 7 36 52 #SUP: 2688
56 34 7 36 52 58 #SUP: 2687
56 34 7 36 58 #SUP: 2692
56 34 7 60 #SUP: 2745
56 34 7 60 40 #SUP: 2723
56 34 7 60 40 29 #SUP: 2721
56 34 7 60 40 29 52 #SUP: 2716
56 34 7 60 40 29 52 58 #SUP: 2715
56 34 7 60 40 29 58 #SUP: 2720
56 34 7 60 40 52 #SUP: 2718
56 34 7 60 40 52 58 #SUP: 2717
56 34 7 60 40 58 #SUP: 2722
56 34 7 60 29 #SUP: 2743
56 34 7 60 29 52 #SUP: 2738
56 34 7 60 29 52 58 #SUP: 2737
56 34 7 60 29 58 #SUP: 2742
56 34 7 60 52 #SUP: 2740
56 34 7 60 52 58 #SUP: 2739
56 34 7 60 58 #SUP: 2744
56 34 7 40 #SUP: 2767
56 34 7 40 29 #SUP: 2765
56 34 7 40 29 52 #SUP: 2760
56 34 7 40 29 52 58 #SUP: 2759
56 34 7 40 29 58 #SUP: 2764
56 34 7 40 52 #SUP: 2762
56 34 7 40 52 58 #SUP: 2761
56 34 7 40 58 #SUP: 2766
56 34 7 29 #SUP: 2788
56 34 7 29 52 #SUP: 2783
56 34 7 29 52 58 #SUP: 2782
56 34 7 29 58 #SUP: 2787
56 34 7 52 #SUP: 2785
56 34 7 52 58 #SUP: 2784
56 34 7 58 #SUP: 2789
56 34 36 #SUP: 2787
56 34 36 60 #SUP: 2742
56 34 36 60 40 #SUP: 2720
56 34 36 60 40 29 #SUP: 2716
56 34 36 60 40 29 52 #SUP: 2711
56 34 36 60 40 29 52 58 #SUP: 2710
56 34 36 60 40 29 58 #SUP: 2715
56 34 36 60 40 52 #SUP: 2715
56 34 36 60 40 52 58 #SUP: 2714
56 34 36 60 40 58 #SUP: 2719
56 34 36 60 29 #SUP: 2738
56 34 36 60 29 52 #SUP: 2733
56 34 36 60 29 52 58 #SUP: 2732
56 34 36 60 29 58 #SUP: 2737
56 34 36 60 52 #SUP: 2737
56 34 36 60 52 58 #SUP: 2736
56 34 36 60 58 #SUP: 2741
56 34 36 40 #SUP: 2764
56 34 36 40 29 #SUP: 2760
56 34 36 40 29 52 #SUP: 2755
56 34 36 40 29 52 58 #SUP: 2754
56 34 36 40 29 58 #SUP: 2759
56 34 36 40 52 #SUP: 2759
56 34 36 40 52 58 #SUP: 2758
56 34 36 40 58 #SUP: 2763
56 34 36 29 #SUP: 2783
56 34 36 29 52 #SUP: 2778
56 34 36 29 52 58 #SUP: 2777
56 34 36 29 58 #SUP: 2782
56 34 36 52 #SUP: 2782
56 34 36 52 58 #SUP: 2781
56 34 36 58 #SUP: 2786
56 34 60 #SUP: 2839
56 34 60 40 #SUP: 2817
56 34 60 40 29 #SUP: 2813
56 34 60 40 29 52 #SUP: 2808
56 34 60 40 29 52 58 #SUP: 2807
56 34 60 40 29 58 #SUP: 2812
56 34 60 40 52 #SUP: 2812
56 34 60 40 52 58 #SUP: 2811
56 34 60 40 58 #SUP: 2816
56 34 60 29 #SUP: 2835
56 34 60 29 52 #SUP: 2830
56 34 60 29 52 58 #SUP: 2829
56 34 60 29 58 #SUP: 2834
56 34 60 52 #SUP: 2834
56 34 60 52 58 #SUP: 2833
56 34 60 58 #SUP: 2838
56 34 40 #SUP: 2861
56 34 40 29 #SUP: 2857
56 34 40 29 52 #SUP: 2852
56 34 40 29 52 58 #SUP: 2851
56 34 40 29 58 #SUP: 2856
56 34 40 52 #SUP: 2856
56 34 40 52 58 #SUP: 2855
56 34 40 58 #SUP: 2860
56 34 29 #SUP: 2880
56 34 29 52 #SUP: 2875
56 34 29 52 58 #SUP: 2874
56 34 29 58 #SUP: 2879
56 34 52 #SUP: 2879
56 34 52 58 #SUP: 2878
56 34 58 #SUP: 2883
56 62 #SUP: 2923
56 62 58 #SUP: 2923
56 62 7 #SUP: 2821
56 62 7 58 #SUP: 2821
56 62 7 36 #SUP: 2724
56 62 7 36 58 #SUP: 2724
56 62 7 36 60 #SUP: 2680
56 62 7 36 60 58 #SUP: 2680
56 62 7 36 60 40 #SUP: 2666
56 62 7 36 60 40 58 #SUP: 2666
56 62 7 36 60 40 29 #SUP: 2659
56 62 7 36 60 40 29 58 #SUP: 2659
56 62 7 36 60 40 29 52 #SUP: 2654
56 62 7 36 60 40 29 52 58 #SUP: 2654
56 62 7 36 60 40 52 #SUP: 2661
56 62 7 36 60 40 52 58 #SUP: 2661
56 62 7 36 60 29 #SUP: 2673
56 62 7 36 60 29 58 #SUP: 2673
56 62 7 36 60 29 52 #SUP: 2668
56 62 7 36 60 29 52 58 #SUP: 2668
56 62 7 36 60 52 #SUP: 2675
56 62 7 36 60 52 58 #SUP: 2675
56 62 7 36 40 #SUP: 2710
56 62 7 36 40 58 #SUP: 2710
56 62 7 36 40 29 #SUP: 2703
56 62 7 36 40 29 58 #SUP: 2703
56 62 7 36 40 29 52 #SUP: 2698
56 62 7 36 40 29 52 58 #SUP: 2698
56 62 7 36 40 52 #SUP: 2705
56 62 7 36 40 52 58 #SUP: 2705
56 62 7 36 29 #SUP: 2717
56 62 7 36 29 58 #SUP: 2717
56 62 7 36 29 52 #SUP: 2712
56 62 7 36 29 52 58 #SUP: 2712
56 62 7 36 52 #SUP: 2719
56 62 7 36 52 58 #SUP: 2719
56 62 7 60 #SUP: 2777
56 62 7 60 58 #SUP: 2777
56 62 7 60 40 #SUP: 2763
56 62 7 60 40 58 #SUP: 2763
56 62 7 60 40 29 #SUP: 2756
56 62 7 60 40 29 58 #SUP: 2756
56 62 7 60 40 29 52 #SUP: 2751
56 62 7 60 40 29 52 58 #SUP: 2751
56 62 7 60 40 52 #SUP: 2758
56 62 7 60 40 52 58 #SUP: 2758
56 62 7 60 29 #SUP: 2770
56 62 7 60 29 58 #SUP: 2770
56 62 7 60 29 52 #SUP: 2765
56 62 7 60 29 52 58 #SUP: 2765
56 62 7 60 52 #SUP: 2772
56 62 7 60 52 58 #SUP: 2772
56 62 7 40 #SUP: 2807
56 62 7 40 58 #SUP: 2807
56 62 7 40 29 #SUP: 2800
56 62 7 40 29 58 #SUP: 2800
56 62 7 40 29 52 #SUP: 2795
56 62 7 40 29 52 58 #SUP: 2795
56 62 7 40 52 #SUP: 2802
56 62 7 40 52 58 #SUP: 2802
56 62 7 29 #SUP: 2814
56 62 7 29 58 #SUP: 2814
56 62 7 29 52 #SUP: 2809
56 62 7 29 52 58 #SUP: 2809
56 62 7 52 #SUP: 2816
56 62 7 52 58 #SUP: 2816
56 62 36 #SUP: 2826
56 62 36 58 #SUP: 2826
56 62 36 60 #SUP: 2780
56 62 36 60 58 #SUP: 2780
56 62 36 60 40 #SUP: 2766
56 62 36 60 40 58 #SUP: 2766
56 62 36 60 40 29 #SUP: 2753
56 62 36 60 40 29 58 #SUP: 2753
56 62 36 60 40 29 52 #SUP: 2748
56 62 36 60 40 29 52 58 #SUP: 2748
56 62 36 60 40 52 #SUP: 2761
56 62 36 60 40 52 58 #SUP: 2761
56 62 36 60 29 #SUP: 2767
56 62 36 60 29 58 #SUP: 2767
56 62 36 60 29 52 #SUP: 2762
56 62 36 60 29 52 58 #SUP: 2762
56 62 36 60 52 #SUP: 2775
56 62 36 60 52 58 #SUP: 2775
56 62 36 40 #SUP: 2812
56 62 36 40 58 #SUP: 2812
56 62 36 40 29 #SUP: 2797
56 62 36 40 29 58 #SUP: 2797
56 62 36 40 29 52 #SUP: 2792
56 62 36 40 29 52 58 #SUP: 2792
56 62 36 40 52 #SUP: 2807
56 62 36 40 52 58 #SUP: 2807
56 62 36 29 #SUP: 2811
56 62 36 29 58 #SUP: 2811
56 62 36 29 52 #SUP: 2806
56 62 36 29 52 58 #SUP: 2806
56 62 36 52 #SUP: 2821
56 62 36 52 58 #SUP: 2821
56 62 60 #SUP: 2877
56 62 60 58 #SUP: 2877
56 62 60 40 #SUP: 2863
56 62 60 40 58 #SUP: 2863
56 62 60 40 29 #SUP: 2850
56 62 60 40 29 58 #SUP: 2850
56 62 60 40 29 52 #SUP: 2845
56 62 60 40 29 52 58 #SUP: 2845
56 62 60 40 52 #SUP: 2858
56 62 60 40 52 58 #SUP: 2858
56 62 60 29 #SUP: 2864
56 62 60 29 58 #SUP: 2864
56 62 60 29 52 #SUP: 2859
56 62 60 29 52 58 #SUP: 2859
56 62 60 52 #SUP: 2872
56 62 60 52 58 #SUP: 2872
56 62 40 #SUP: 2909
56 62 40 58 #SUP: 2909
56 62 40 29 #SUP: 2894
56 62 40 29 58 #SUP: 2894
56 62 40 29 52 #SUP: 2889
56 62 40 29 52 58 #SUP: 2889
56 62 40 52 #SUP: 2904
56 62 40 52 58 #SUP: 2904
56 62 29 #SUP: 2908
56 62 29 58 #SUP: 2908
56 62 29 52 #SUP: 2903
56 62 29 52 58 #SUP: 2903
56 62 52 #SUP: 2918
56 62 52 58 #SUP: 2918
56 7 #SUP: 2919
56 7 36 #SUP: 2822
56 7 36 60 #SUP: 2777
56 7 36 60 40 #SUP: 2753
56 7 36 60 40 29 #SUP: 2746
56 7 36 60 40 29 52 #SUP: 2741
56 7 36 60 40 29 52 58 #SUP: 2740
56 7 36 60 40 29 58 #SUP: 2745
56 7 36 60 40 52 #SUP: 2748
56 7 36 60 40 52 58 #SUP: 2747
56 7 36 60 40 58 #SUP: 2752
56 7 36 60 29 #SUP: 2770
56 7 36 60 29 52 #SUP: 2765
56 7 36 60 29 52 58 #SUP: 2764
56 7 36 60 29 58 #SUP: 2769
56 7 36 60 52 #SUP: 2772
56 7 36 60 52 58 #SUP: 2771
56 7 36 60 58 #SUP: 2776
56 7 36 40 #SUP: 2797
56 7 36 40 29 #SUP: 2790
56 7 36 40 29 52 #SUP: 2785
56 7 36 40 29 52 58 #SUP: 2784
56 7 36 40 29 58 #SUP: 2789
56 7 36 40 52 #SUP: 2792
56 7 36 40 52 58 #SUP: 2791
56 7 36 40 58 #SUP: 2796
56 7 36 29 #SUP: 2815
56 7 36 29 52 #SUP: 2810
56 7 36 29 52 58 #SUP: 2809
56 7 36 29 58 #SUP: 2814
56 7 36 52 #SUP: 2817
56 7 36 52 58 #SUP: 2816
56 7 36 58 #SUP: 2821
56 7 60 #SUP: 2874
56 7 60 40 #SUP: 2850
56 7 60 40 29 #SUP: 2843
56 7 60 40 29 52 #SUP: 2838
56 7 60 40 29 52 58 #SUP: 2837
56 7 60 40 29 58 #SUP: 2842
56 7 60 40 52 #SUP: 2845
56 7 60 40 52 58 #SUP: 2844
56 7 60 40 58 #SUP: 2849
56 7 60 29 #SUP: 2867
56 7 60 29 52 #SUP: 2862
56 7 60 29 52 58 #SUP: 2861
56 7 60 29 58 #SUP: 2866
56 7 60 52 #SUP: 2869
56 7 60 52 58 #SUP: 2868
56 7 60 58 #SUP: 2873
56 7 40 #SUP: 2894
56 7 40 29 #SUP: 2887
56 7 40 29 52 #SUP: 2882
56 7 40 29 52 58 #SUP: 2881
56 7 40 29 58 #SUP: 2886
56 7 40 52 #SUP: 2889
56 7 40 52 58 #SUP: 2888
56 7 40 58 #SUP: 2893
56 7 29 #SUP: 2912
56 7 29 52 #SUP: 2907
56 7 29 52 58 #SUP: 2906
56 7 29 58 #SUP: 2911
56 7 52 #SUP: 2914
56 7 52 58 #SUP: 2913
56 7 58 #SUP: 2918
56 36 #SUP: 2924
56 36 60 #SUP: 2877
56 36 60 40 #SUP: 2853
56 36 60 40 29 #SUP: 2840
56 36 60 40 29 52 #SUP: 2835
56 36 60 40 29 52 58 #SUP: 2834
56 36 60 40 29 58 #SUP: 2839
56 36 60 40 52 #SUP: 2848
56 36 60 40 52 58 #SUP: 2847
56 36 60 40 58 #SUP: 2852
56 36 60 29 #SUP: 2864
56 36 60 29 52 #SUP: 2859
56 36 60 29 52 58 #SUP: 2858
56 36 60 29 58 #SUP: 2863
56 36 60 52 #SUP: 2872
56 36 60 52 58 #SUP: 2871
56 36 60 58 #SUP: 2876
56 36 40 #SUP: 2899
56 36 40 29 #SUP: 2884
56 36 40 29 52 #SUP: 2879
56 36 40 29 52 58 #SUP: 2878
56 36 40 29 58 #SUP: 2883
56 36 40 52 #SUP: 2894
56 36 40 52 58 #SUP: 2893
56 36 40 58 #SUP: 2898
56 36 29 #SUP: 2909
56 36 29 52 #SUP: 2904
56 36 29 52 58 #SUP: 2903
56 36 29 58 #SUP: 2908
56 36 52 #SUP: 2919
56 36 52 58 #SUP: 2918
56 36 58 #SUP: 2923
56 60 #SUP: 2974
56 60 40 #SUP: 2950
56 60 40 29 #SUP: 2937
56 60 40 29 52 #SUP: 2932
56 60 40 29 52 58 #SUP: 2931
56 60 40 29 58 #SUP: 2936
56 60 40 52 #SUP: 2945
56 60 40 52 58 #SUP: 2944
56 60 40 58 #SUP: 2949
56 60 29 #SUP: 2961
56 60 29 52 #SUP: 2956
56 60 29 52 58 #SUP: 2955
56 60 29 58 #SUP: 2960
56 60 52 #SUP: 2969
56 60 52 58 #SUP: 2968
56 60 58 #SUP: 2973
56 40 #SUP: 2996
56 40 29 #SUP: 2981
56 40 29 52 #SUP: 2976
56 40 29 52 58 #SUP: 2975
56 40 29 58 #SUP: 2980
56 40 52 #SUP: 2991
56 40 52 58 #SUP: 2990
56 40 58 #SUP: 2995
56 29 #SUP: 3006
56 29 52 #SUP: 3001
56 29 52 58 #SUP: 3000
56 29 58 #SUP: 3005
56 52 #SUP: 3016
56 52 58 #SUP: 3015
56 58 #SUP: 3020
34 #SUP: 3040
34 62 #SUP: 2913
34 62 58 #SUP: 2913
34 62 7 #SUP: 2803
34 62 7 58 #SUP: 2803
34 62 7 36 #SUP: 2706
34 62 7 36 58 #SUP: 2706
34 62 7 36 60 #SUP: 2662
34 62 7 36 60 58 #SUP: 2662
34 62 7 36 60 40 #SUP: 2650
34 62 7 36 60 40 58 #SUP: 2650
34 62 7 36 60 40 29 #SUP: 2648
34 62 7 36 60 40 29 58 #SUP: 2648
34 62 7 36 60 40 29 52 #SUP: 2639
34 62 7 36 60 40 29 52 58 #SUP: 2639
34 62 7 36 60 40 52 #SUP: 2641
34 62 7 36 60 40 52 58 #SUP: 2641
34 62 7 36 60 29 #SUP: 2660
34 62 7 36 60 29 58 #SUP: 2660
34 62 7 36 60 29 52 #SUP: 2651
34 62 7 36 60 29 52 58 #SUP: 2651
34 62 7 36 60 52 #SUP: 2653
34 62 7 36 60 52 58 #SUP: 2653
34 62 7 36 40 #SUP: 2694
34 62 7 36 40 58 #SUP: 2694
34 62 7 36 40 29 #SUP: 2692
34 62 7 36 40 29 58 #SUP: 2692
34 62 7 36 40 29 52 #SUP: 2683
34 62 7 36 40 29 52 58 #SUP: 2683
34 62 7 36 40 52 #SUP: 2685
34 62 7 36 40 52 58 #SUP: 2685
34 62 7 36 29 #SUP: 2704
34 62 7 36 29 58 #SUP: 2704
34 62 7 36 29 52 #SUP: 2695
34 62 7 36 29 52 58 #SUP: 2695
34 62 7 36 52 #SUP: 2697
34 62 7 36 52 58 #SUP: 2697
34 62 7 60 #SUP: 2759
34 62 7 60 58 #SUP: 2759
34 62 7 60 40 #SUP: 2747
34 62 7 60 40 58 #SUP: 2747
34 62 7 60 40 29 #SUP: 2745
34 62 7 60 40 29 58 #SUP: 2745
34 62 7 60 40 29 52 #SUP: 2736
34 62 7 60 40 29 52 58 #SUP: 2736
34 62 7 60 40 52 #SUP: 2738
34 62 7 60 40 52 58 #SUP: 2738
34 62 7 60 29 #SUP: 2757
34 62 7 60 29 58 #SUP: 2757
34 62 7 60 29 52 #SUP: 2748
34 62 7 60 29 52 58 #SUP: 2748
34 62 7 60 52 #SUP: 2750
34 62 7 60 52 58 #SUP: 2750
34 62 7 40 #SUP: 2791
34 62 7 40 58 #SUP: 2791
34 62 7 40 29 #SUP: 2789
34 62 7 40 29 58 #SUP: 2789
34 62 7 40 29 52 #SUP: 2780
34 62 7 40 29 52 58 #SUP: 2780
34 62 7 40 52 #SUP: 2782
34 62 7 40 52 58 #SUP: 2782
34 62 7 29 #SUP: 2801
34 62 7 29 58 #SUP: 2801
34 62 7 29 52 #SUP: 2792
34 62 7 29 52 58 #SUP: 2792
34 62 7 52 #SUP: 2794
34 62 7 52 58 #SUP: 2794
34 62 36 #SUP: 2816
34 62 36 58 #SUP: 2816
34 62 36 60 #SUP: 2772
34 62 36 60 58 #SUP: 2772
34 62 36 60 40 #SUP: 2760
34 62 36 60 40 58 #SUP: 2760
34 62 36 60 40 29 #SUP: 2756
34 62 36 60 40 29 58 #SUP: 2756
34 62 36 60 40 29 52 #SUP: 2747
34 62 36 60 40 29 52 58 #SUP: 2747
34 62 36 60 40 52 #SUP: 2751
34 62 36 60 40 52 58 #SUP: 2751
34 62 36 60 29 #SUP: 2768
34 62 36 60 29 58 #SUP: 2768
34 62 36 60 29 52 #SUP: 2759
34 62 36 60 29 52 58 #SUP: 2759
34 62 36 60 52 #SUP: 2763
34 62 36 60 52 58 #SUP: 2763
34 62 36 40 #SUP: 2804
34 62 36 40 58 #SUP: 2804
34 62 36 40 29 #SUP: 2800
34 62 36 40 29 58 #SUP: 2800
34 62 36 40 29 52 #SUP: 2791
34 62 36 40 29 52 58 #SUP: 2791
34 62 36 40 52 #SUP: 2795
34 62 36 40 52 58 #SUP: 2795
34 62 36 29 #SUP: 2812
34 62 36 29 58 #SUP: 2812
34 62 36 29 52 #SUP: 2803
34 62 36 29 52 58 #SUP: 2803
34 62 36 52 #SUP: 2807
34 62 36 52 58 #SUP: 2807
34 62 60 #SUP: 2869
34 62 60 58 #SUP: 2869
34 62 60 40 #SUP: 2857
34 62 60 40 58 #SUP: 2857
34 62 60 40 29 #SUP: 2853
34 62 60 40 29 58 #SUP: 2853
34 62 60 40 29 52 #SUP: 2844
34 62 60 40 29 52 58 #SUP: 2844
34 62 60 40 52 #SUP: 2848
34 62 60 40 52 58 #SUP: 2848
34 62 60 29 #SUP: 2865
34 62 60 29 58 #SUP: 2865
34 62 60 29 52 #SUP: 2856
34 62 60 29 52 58 #SUP: 2856
34 62 60 52 #SUP: 2860
34 62 60 52 58 #SUP: 2860
34 62 40 #SUP: 2901
34 62 40 58 #SUP: 2901
34 62 40 29 #SUP: 2897
34 62 40 29 58 #SUP: 2897
34 62 40 29 52 #SUP: 2888
34 62 40 29 52 58 #SUP: 2888
34 62 40 52 #SUP: 2892
34 62 40 52 58 #SUP: 2892
34 62 29 #SUP: 2909
34 62 29 58 #SUP: 2909
34 62 29 52 #SUP: 2900
34 62 29 52 58 #SUP: 2900
34 62 52 #SUP: 2904
34 62 52 58 #SUP: 2904
34 7 #SUP: 2930
34 7 36 #SUP: 2833
34 7 36 60 #SUP: 2788
34 7 36 60 40 #SUP: 2766
34 7 36 60 40 29 #SUP: 2764
34 7 36 60 40 29 52 #SUP: 2755
34 7 36 60 40 29 52 58 #SUP: 2754
34 7 36 60 40 29 58 #SUP: 2763
34 7 36 60 40 52 #SUP: 2757
34 7 36 60 40 52 58 #SUP: 2756
34 7 36 60 40 58 #SUP: 2765
34 7 36 60 29 #SUP: 2786
34 7 36 60 29 52 #SUP: 2777
34 7 36 60 29 52 58 #SUP: 2776
34 7 36 60 29 58 #SUP: 2785
34 7 36 60 52 #SUP: 2779
34 7 36 60 52 58 #SUP: 2778
34 7 36 60 58 #SUP: 2787
34 7 36 40 #SUP: 2810
34 7 36 40 29 #SUP: 2808
34 7 36 40 29 52 #SUP: 2799
34 7 36 40 29 52 58 #SUP: 2798
34 7 36 40 29 58 #SUP: 2807
34 7 36 40 52 #SUP: 2801
34 7 36 40 52 58 #SUP: 2800
34 7 36 40 58 #SUP: 2809
34 7 36 29 #SUP: 2831
34 7 36 29 52 #SUP: 2822
34 7 36 29 52 58 #SUP: 2821
34 7 36 29 58 #SUP: 2830
34 7 36 52 #SUP: 2824
34 7 36 52 58 #SUP: 2823
34 7 36 58 #SUP: 2832
34 7 60 #SUP: 2885
34 7 60 40 #SUP: 2863
34 7 60 40 29 #SUP: 2861
34 7 60 40 29 52 #SUP: 2852
34 7 60 40 29 52 58 #SUP: 2851
34 7 60 40 29 58 #SUP: 2860
34 7 60 40 52 #SUP: 2854
34 7 60 40 52 58 #SUP: 2853
34 7 60 40 58 #SUP: 2862
34 7 60 29 #SUP: 2883
34 7 60 29 52 #SUP: 2874
34 7 60 29 52 58 #SUP: 2873
34 7 60 29 58 #SUP: 2882
34 7 60 52 #SUP: 2876
34 7 60 52 58 #SUP: 2875
34 7 60 58 #SUP: 2884
34 7 40 #SUP: 2907
34 7 40 29 #SUP: 2905
34 7 40 29 52 #SUP: 2896
34 7 40 29 52 58 #SUP: 2895
34 7 40 29 58 #SUP: 2904
34 7 40 52 #SUP: 2898
34 7 40 52 58 #SUP: 2897
34 7 40 58 #SUP: 2906
34 7 29 #SUP: 2928
34 7 29 52 #SUP: 2919
34 7 29 52 58 #SUP: 2918
34 7 29 58 #SUP: 2927
34 7 52 #SUP: 2921
34 7 52 58 #SUP: 2920
34 7 58 #SUP: 2929
34 36 #SUP: 2943
34 36 60 #SUP: 2898
34 36 60 40 #SUP: 2876
34 36 60 40 29 #SUP: 2872
34 36 60 40 29 52 #SUP: 2863
34 36 60 40 29 52 58 #SUP: 2862
34 36 60 40 29 58 #SUP: 2871
34 36 60 40 52 #SUP: 2867
34 36 60 40 52 58 #SUP: 2866
34 36 60 40 58 #SUP: 2875
34 36 60 29 #SUP: 2894
34 36 60 29 52 #SUP: 2885
34 36 60 29 52 58 #SUP: 2884
34 36 60 29 58 #SUP: 2893
34 36 60 52 #SUP: 2889
34 36 60 52 58 #SUP: 2888
34 36 60 58 #SUP: 2897
34 36 40 #SUP: 2920
34 36 40 29 #SUP: 2916
34 36 40 29 52 #SUP: 2907
34 36 40 29 52 58 #SUP: 2906
34 36 40 29 58 #SUP: 2915
34 36 40 52 #SUP: 2911
34 36 40 52 58 #SUP: 2910
34 36 40 58 #SUP: 2919
34 36 29 #SUP: 2939
34 36 29 52 #SUP: 2930
34 36 29 52 58 #SUP: 2929
34 36 29 58 #SUP: 2938
34 36 52 #SUP: 2934
34 36 52 58 #SUP: 2933
34 36 58 #SUP: 2942
34 60 #SUP: 2995
34 60 40 #SUP: 2973
34 60 40 29 #SUP: 2969
34 60 40 29 52 #SUP: 2960
34 60 40 29 52 58 #SUP: 2959
34 60 40 29 58 #SUP: 2968
34 60 40 52 #SUP: 2964
34 60 40 52 58 #SUP: 2963
34 60 40 58 #SUP: 2972
34 60 29 #SUP: 2991
34 60 29 52 #SUP: 2982
34 60 29 52 58 #SUP: 2981
34 60 29 58 #SUP: 2990
34 60 52 #SUP: 2986
34 60 52 58 #SUP: 2985
34 60 58 #SUP: 2994
34 40 #SUP: 3017
34 40 29 #SUP: 3013
34 40 29 52 #SUP: 3004
34 40 29 52 58 #SUP: 3003
34 40 29 58 #SUP: 3012
34 40 52 #SUP: 3008
34 40 52 58 #SUP: 3007
34 40 58 #SUP: 3016
34 29 #SUP: 3036
34 29 52 #SUP: 3027
34 29 52 58 #SUP: 3026
34 29 58 #SUP: 3035
34 52 #SUP: 3031
34 52 58 #SUP: 3030
34 58 #SUP: 3039
62 #SUP: 3060
62 58 #SUP: 3060
62 7 #SUP: 2940
62 7 58 #SUP: 2940
62 7 36 #SUP: 2843
62 7 36 58 #SUP: 2843
62 7 36 60 #SUP: 2799
62 7 36 60 58 #SUP: 2799
62 7 36 60 40 #SUP: 2784
62 7 36 60 40 58 #SUP: 2784
62 7 36 60 40 29 #SUP: 2777
62 7 36 60 40 29 58 #SUP: 2777
62 7 36 60 40 29 52 #SUP: 2766
62 7 36 60 40 29 52 58 #SUP: 2766
62 7 36 60 40 52 #SUP: 2773
62 7 36 60 40 52 58 #SUP: 2773
62 7 36 60 29 #SUP: 2792
62 7 36 60 29 58 #SUP: 2792
62 7 36 60 29 52 #SUP: 2781
62 7 36 60 29 52 58 #SUP: 2781
62 7 36 60 52 #SUP: 2788
62 7 36 60 52 58 #SUP: 2788
62 7 36 40 #SUP: 2828
62 7 36 40 58 #SUP: 2828
62 7 36 40 29 #SUP: 2821
62 7 36 40 29 58 #SUP: 2821
62 7 36 40 29 52 #SUP: 2810
62 7 36 40 29 52 58 #SUP: 2810
62 7 36 40 52 #SUP: 2817
62 7 36 40 52 58 #SUP: 2817
62 7 36 29 #SUP: 2836
62 7 36 29 58 #SUP: 2836
62 7 36 29 52 #SUP: 2825
62 7 36 29 52 58 #SUP: 2825
62 7 36 52 #SUP: 2832
62 7 36 52 58 #SUP: 2832
62 7 60 #SUP: 2896
62 7 60 58 #SUP: 2896
62 7 60 40 #SUP: 2881
62 7 60 40 58 #SUP: 2881
62 7 60 40 29 #SUP: 2874
62 7 60 40 29 58 #SUP: 2874
62 7 60 40 29 52 #SUP: 2863
62 7 60 40 29 52 58 #SUP: 2863
62 7 60 40 52 #SUP: 2870
62 7 60 40 52 58 #SUP: 2870
62 7 60 29 #SUP: 2889
62 7 60 29 58 #SUP: 2889
62 7 60 29 52 #SUP: 2878
62 7 60 29 52 58 #SUP: 2878
62 7 60 52 #SUP: 2885
62 7 60 52 58 #SUP: 2885
62 7 40 #SUP: 2925
62 7 40 58 #SUP: 2925
62 7 40 29 #SUP: 2918
62 7 40 29 58 #SUP: 2918
62 7 40 29 52 #SUP: 2907
62 7 40 29 52 58 #SUP: 2907
62 7 40 52 #SUP: 2914
62 7 40 52 58 #SUP: 2914
62 7 29 #SUP: 2933
62 7 29 58 #SUP: 2933
62 7 29 52 #SUP: 2922
62 7 29 52 58 #SUP: 2922
62 7 52 #SUP: 2929
62 7 52 58 #SUP: 2929
62 36 #SUP: 2963
62 36 58 #SUP: 2963
62 36 60 #SUP: 2917
62 36 60 58 #SUP: 2917
62 36 60 40 #SUP: 2902
62 36 60 40 58 #SUP: 2902
62 36 60 40 29 #SUP: 2889
62 36 60 40 29 58 #SUP: 2889
62 36 60 40 29 52 #SUP: 2878
62 36 60 40 29 52 58 #SUP: 2878
62 36 60 40 52 #SUP: 2891
62 36 60 40 52 58 #SUP: 2891
62 36 60 29 #SUP: 2904
62 36 60 29 58 #SUP: 2904
62 36 60 29 52 #SUP: 2893
62 36 60 29 52 58 #SUP: 2893
62 36 60 52 #SUP: 2906
62 36 60 52 58 #SUP: 2906
62 36 40 #SUP: 2948
62 36 40 58 #SUP: 2948
62 36 40 29 #SUP: 2933
62 36 40 29 58 #SUP: 2933
62 36 40 29 52 #SUP: 2922
62 36 40 29 52 58 #SUP: 2922
62 36 40 52 #SUP: 2937
62 36 40 52 58 #SUP: 2937
62 36 29 #SUP: 2948
62 36 29 58 #SUP: 2948
62 36 29 52 #SUP: 2937
62 36 29 52 58 #SUP: 2937
62 36 52 #SUP: 2952
62 36 52 58 #SUP: 2952
62 60 #SUP: 3014
62 60 58 #SUP: 3014
62 60 40 #SUP: 2999
62 60 40 58 #SUP: 2999
62 60 40 29 #SUP: 2986
62 60 40 29 58 #SUP: 2986
62 60 40 29 52 #SUP: 2975
62 60 40 29 52 58 #SUP: 2975
62 60 40 52 #SUP: 2988
62 60 40 52 58 #SUP: 2988
62 60 29 #SUP: 3001
62 60 29 58 #SUP: 3001
62 60 29 52 #SUP: 2990
62 60 29 52 58 #SUP: 2990
62 60 52 #SUP: 3003
62 60 52 58 #SUP: 3003
62 40 #SUP: 3045
62 40 58 #SUP: 3045
62 40 29 #SUP: 3030
62 40 29 58 #SUP: 3030
62 40 29 52 #SUP: 3019
62 40 29 52 58 #SUP: 3019
62 40 52 #SUP: 3034
62 40 52 58 #SUP: 3034
62 29 #SUP: 3045
62 29 58 #SUP: 3045
62 29 52 #SUP: 3034
62 29 52 58 #SUP: 3034
62 52 #SUP: 3049
62 52 58 #SUP: 3049
7 #SUP: 3076
7 36 #SUP: 2979
7 36 60 #SUP: 2934
7 36 60 40 #SUP: 2909
7 36 60 40 29 #SUP: 2902
7 36 60 40 29 52 #SUP: 2891
7 36 60 40 29 52 58 #SUP: 2890
7 36 60 40 29 58 #SUP: 2901
7 36 60 40 52 #SUP: 2898
7 36 60 40 52 58 #SUP: 2897
7 36 60 40 58 #SUP: 2908
7 36 60 29 #SUP: 2927
7 36 60 29 52 #SUP: 2916
7 36 60 29 52 58 #SUP: 2915
7 36 60 29 58 #SUP: 2926
7 36 60 52 #SUP: 2923
7 36 60 52 58 #SUP: 2922
7 36 60 58 #SUP: 2933
7 36 40 #SUP: 2953
7 36 40 29 #SUP: 2946
7 36 40 29 52 #SUP: 2935
7 36 40 29 52 58 #SUP: 2934
7 36 40 29 58 #SUP: 2945
7 36 40 52 #SUP: 2942
7 36 40 52 58 #SUP: 2941
7 36 40 58 #SUP: 2952
7 36 29 #SUP: 2972
7 36 29 52 #SUP: 2961
7 36 29 52 58 #SUP: 2960
7 36 29 58 #SUP: 2971
7 36 52 #SUP: 2968
7 36 52 58 #SUP: 2967
7 36 58 #SUP: 2978
7 60 #SUP: 3031
7 60 40 #SUP: 3006
7 60 40 29 #SUP: 2999
7 60 40 29 52 #SUP: 2988
7 60 40 29 52 58 #SUP: 2987
7 60 40 29 58 #SUP: 2998
7 60 40 52 #SUP: 2995
7 60 40 52 58 #SUP: 2994
7 60 40 58 #SUP: 3005
7 60 29 #SUP: 3024
7 60 29 52 #SUP: 3013
7 60 29 52 58 #SUP: 3012
7 60 29 58 #SUP: 3023
7 60 52 #SUP: 3020
7 60 52 58 #SUP: 3019
7 60 58 #SUP: 3030
7 40 #SUP: 3050
7 40 29 #SUP: 3043
7 40 29 52 #SUP: 3032
7 40 29 52 58 #SUP: 3031
7 40 29 58 #SUP: 3042
7 40 52 #SUP: 3039
7 40 52 58 #SUP: 3038
7 40 58 #SUP: 3049
7 29 #SUP: 3069
7 29 52 #SUP: 3058
7 29 52 58 #SUP: 3057
7 29 58 #SUP: 3068
7 52 #SUP: 3065
7 52 58 #SUP: 3064
7 58 #SUP: 3075
36 #SUP: 3099
36 60 #SUP: 3052
36 60 40 #SUP: 3027
36 60 40 29 #SUP: 3014
36 60 40 29 52 #SUP: 3003
36 60 40 29 52 58 #SUP: 3002
36 60 40 29 58 #SUP: 3013
36 60 40 52 #SUP: 3016
36 60 40 52 58 #SUP: 3015
36 60 40 58 #SUP: 3026
36 60 29 #SUP: 3039
36 60 29 52 #SUP: 3028
36 60 29 52 58 #SUP: 3027
36 60 29 58 #SUP: 3038
36 60 52 #SUP: 3041
36 60 52 58 #SUP: 3040
36 60 58 #SUP: 3051
36 40 #SUP: 3073
36 40 29 #SUP: 3058
36 40 29 52 #SUP: 3047
36 40 29 52 58 #SUP: 3046
36 40 29 58 #SUP: 3057
36 40 52 #SUP: 3062
36 40 52 58 #SUP: 3061
36 40 58 #SUP: 3072
36 29 #SUP: 3084
36 29 52 #SUP: 3073
36 29 52 58 #SUP: 3072
36 29 58 #SUP: 3083
36 52 #SUP: 3088
36 52 58 #SUP: 3087
36 58 #SUP: 3098
60 #SUP: 3149
60 40 #SUP: 3124
60 40 29 #SUP: 3111
60 40 29 52 #SUP: 3100
60 40 29 52 58 #SUP: 3099
60 40 29 58 #SUP: 3110
60 40 52 #SUP: 3113
60 40 52 58 #SUP: 3112
60 40 58 #SUP: 3123
60 29 #SUP: 3136
60 29 52 #SUP: 3125
60 29 52 58 #SUP: 3124
60 29 58 #SUP: 3135
60 52 #SUP: 3138
60 52 58 #SUP: 3137
60 58 #SUP: 3148
40 #SUP: 3170
40 29 #SUP: 3155
40 29 52 #SUP: 3144
40 29 52 58 #SUP: 3143
40 29 58 #SUP: 3154
40 52 #SUP: 3159
40 52 58 #SUP: 3158
40 58 #SUP: 3169
29 #SUP: 3181
29 52 #SUP: 3170
29 52 58 #SUP: 3169
29 58 #SUP: 3180
52 #SUP: 3185
52 58 #SUP: 3184
58 #SUP: 3195
