25 150 370
53 306
562
24 357 594 761
167 687 823 870
19 187 281 476 498 628 666 834 849 933 936 966
164 271
605
12 82 86 139 148 192 380 400 522 549 596 688 714 955 980
257 349
14 65 67 95 158 188 300 437 816
15 33 71 76 107 214 234 349 357 412 461 474 507 571 584 627 688 691 708 824 965
476 632 785 907 954
59 401
760 852
252
414 460 792
324 499
206 567 861 965
26 97 452 487 619 650 671 724 796 869 961 990
192
45 129 170 226 239 264 278 313 352 394 428 443 460 585 613 654 718 802 803 845 882 936
596
76 531 851
637 790
12 627
4 27 103 104 209 267 282 294 320 419 448 506 602 618 742 771 821 942 973 995
18 83 133 558 602 989
341 453
402
143 749
589
324 926
824
86 161 730 789 970
521 947
254 438 490 673 833 904 971
158 167 235 330 391 617 706
579 752
522
922
57 67 511 572 761 814 876 901
225 298 447 477 482 516 803
510
87 149 152 163 203 220 264 288 322 341 363 373 437 489 586 600 608 614 686 701 833 851 870
47 154 477 483 498 873
940
231
801 931
195 520 621 925
57 58 134 231 374 397 401 593 743 895
633
670
210
14 222 693 710
531 735
414
30 109 217 340 377 406 451 472 478 576 668 727 737 819 835 919 963
470
301
654
766
21 91 217 222 240 296 317 555 599 679 982
535 580 618 805
976
42 891
242 333 592 935
34 97 102 124 163 177 211 325 329 356 417 422 457 477 483 512 525 536 610 613 623 635 696 852 915
71
198 565
85 559
33 250 280 298 413 509 705 773
542 579 660 991
244 347 409 758
1 151 241 279 334 348 431 534 614 632 659 773 928 936 975
425 488 524 554 792
243 301 366 433 466 562 687 735 906 958 979
227 329 601 609 620 726 783 999
356 633 694 717 725 777
67 552 687 866 870 896 923
298 333 819 991
267 428 565 998
220 571
119 352 759
60 65 262 577 617 723
132 632 755 843
68 101 104 223 245 387 427 543 627 720 740 786 914 915 973 992
434 609
43 624 670 892
856
19 92 95 252 302 362 398 436 561 732 758 869 995
489
571 1000
388 416 466 562 802 879 922
44 57 416 430 516 782 785 834 848 874 953
55 70 168 176 314 493 566 600 615 633 719 790 907 985
150 276 291 582 589 945
404 734
79 125 166 270 323 348 940
161 344 765 860
39 922
250 351 421 559 771 827
167
890
858
561 701
423 516 656 783 806 840 881 933 984
136 231 394 564 721 781
74 644 883
916
8 38 372 421 617 636 968
103
2 32 584
127 353
215 224 548 676
162 183 260 548 622 667 762 852 915 933 1000
46 902 960
100 149 168 205 362 420 536 561 602 665 691 787 867 960
116 192 201 296 569 607 667 700 961 978
15 251 334 349 381 425
152 207 233 482 676 765 936 937
191 225 406 472 494 522 529 748 797
262 323 349 351 465 511 521 554 682 765 872
72 380 510 651 819 898
24
104 215 516
466 803 892
566
506 512
58 89 162 233 236 244 259 398 416 432 486 529 576 585 595 711 737 747 796 803 804 808 839 849 900
11 206 533 827
137 142 189 245 321 427 625 679 891
372 713 734 762 775 936
5 671
535
216 701 879
59 136 170 412 477 492 509 636 692 718 871 873 937
16 42 63 67 113 132 141 155 164 186 209 210 234 258 261 322 459 538 577 682 696 712 742 760 868 940 959
260 419 434 550 832
666
42 313 528 777 981
68
24 98 214 260 307 358 441 551 572 654 824
199
300 470 559 655 801 807 833 929
384 965
28 232 371 372 567 672 689 821
185 254 329 382 446 455 462 701 716 762
357
219 391 394
199 810
31 43 96 322 429 440 594 823 839 899
762
5 361 397 602 645 888
6 157 189 835
49
328 860
284
34 213 291 331 462 606 625 633 712 720 727 818 819 923
131 210 379
28 345 682 775 915
394
125 190 207 249 364 493 530 556 706 937 955
57 415 604 617 928 940 960
91
140 861 991
474 507
2 111 192 345 351 386 681 716 922 964
9
253
173 283 382 410 617 858 892 998
25 33 183 268
308
97 131 157 315 419 615 719 866 913 953 960
119 137 483 773 781 888
926
750 851
277 362 430 431 469 487 551 690 921
72 162 225 365 416 586
16 252 287 524 992
306 336 357 378 1000
207 346 454
302 620 978
107 168 237 256 643
373
342
62 183 456 613 729
50 114 183 334 451 593
165 490
621
394
966
891
230 747 984
6 76 92 172 810
14
41 117 187 384 529 681 744 905
74 136 534 564 576 676 927
171 370 734
104
94 224 759 963 973
290 663 989
28 180 384 438 448 477 891
22 46 71 237 267 928 966
222 407 589 615 905 968
28
641
306
53
4 6 93 171 197 245 263 274 299 417 467 481 566 604 647 650 724 755 761 781 825 876 877 952 968
446 571 651 675 768 824 923 943
82
159 207 228 289 296 381 476 655 701 752 910 983
33 135 364 373 595 678
714
33 421 448 655 728 793 885 936
217 219 480 607 676 867 932
159 189 231
246 288 304 305 430 440 480 546 591 614 649 654 662 742 904 921 930 936 983
53 373 442 788 893
914
2 801
850 900
284 433 792 836 958
229 275 362 436 498 611 635 971 988
844
37 72 512 537 649
4 92 129 459 976
293
126 130 160 238
30 48 233 325 337 368 378 395 430 437 527 583 696 735 768 830 906 911 919 925 934 966
66 137 305 514 529 622 652 664 677 697 707 809 823 942
9 332 716 724 841
188 234
213
401 500 782
436
312 352 407 426 523 616 703 735 744 757 995
65 399 413 663 672 817
976
209
83 114 230 845 933 978
148 397 650 676 680 849 863
278
304
29 414 570 830
62 978
3
119 393 848 973
130 163 622 996
297 449 524 719
584 693 889
974
665
242 262 823
126
126 170 306 425 449 784
63 68 280 371 436 516 529 925 972
79 157 164 352
224 901 911
41 165 247 349 383 584 591 709 724 893 912 967
608
110 246 346 414 645 723 933
866
10 420 943
303
88 148 293 300 414 572 787 858
204 742
839 988
56 74 335 349 506 553 718 743 889 939 949
340 379 589 784 965 996
562
72
280 438 518 731
134 197 233 422 424 430 442 511 551 641 762 876
308 470 631 888 979
150
829
259 287 523 547 559 629 851
49 109 135 157 190 238 335 374 384 448 455 485 537 542 553 563 625 907
435
6 46 50 84 219 569 728 901 986
306 762
216
141
315 465 561 655 838 849
76 261 325 647 699 862 976
186 195 219 353
60 157 167 305 406 459 460 493 537 613 614 665 732 791 836
416 537
34 52 221 252 313 374 443 511 591 623 624 718 773 823
375 543 759 898
720 744
292
22 75 141 160 184 207 307 516 556 560 630 638 737 815 924 947 984
36 64 82 114 275 306 475 600 652 682 755 933
894
223 258 516 639 709 868
40
13 610 615 727 738 836 870 888 939 942
77 258 369 459 473 542 543 619 635 664 920 992 996
17 93 184 279 410 441 566 616 619 716 946 967 971
29
229
82 429 948 970 986
277 414 494 912
150 160 959
733
54 728
440
101 502 778
331
86
74 194 213 252 338 448 606 626 638 706
569
221 627 694 782
27 70 72 123 207 270 310 383 425 501 516 640 710 719 831
780 858
43 119 328 541 566 701 831 837 959
83 125 173 233 262 329 379 440 617 651 802
203 268
306 538
586 684
89 221 277 411 418 560 575 932
964
396 482
282
22 152 220 379 416 531 723 795 804 877
545 770
138 408 435
254 500 704
16 53 284 426 466 623 664 757 890 924 957
240 250 437 995
141
420 449 523 731
221 415 602 668 673
140 142 417 442 778
990
421
42 55 213 334 378 596 850 878
310 436 568
52 397 904
24 42 237 499 532 655 702 735 846 863 949 952 969
1 2 393 408 446 610 930
278 482 521 727 849 923 964
170 209 373 640
34 83 250 477 839 869
571
61 392
588
386
254 681 943
215
763 796
109 753 992
81 168 314 342 448 599 770 825 912 974 997
357 448 632 795
640
563
313
333 459
195 326 518
94 359 365 600 826 832 949
71 119 456 472 585 694 967
741
72 76 98 160 188 226 298 508 558 626 640 717
211 662 739 917
910
281 393 554 588 794 961
79 168 243 396 712 747
125 162 404 433 936
392 529 612 762 870
3 40 164 251 479 535 831
60 272 344 459 463 499 513 692 812 956
1 31 174 180 202 226 248 423 525 559 613 724 923
252
282 337 354 706
144 325 345 380 574 886
94 189 610 824
438 485 520
23 44 47 103 117 130 134 158 166 187 189 253 255 296 308 330 364 366 402 424 601 632 693 748 761 769 925 970 978
17
707
305 323 439 446 587 779
139 530 684 957
9 47 113 227 382 405 597 706 749 789 897 964
336 570 903
3 224 270 502 610 618 649 716 923 997
230 441 739 889
89
816 829 881
591
923
507 750 859
837
98 1000
514 685 747 757 960
291 602 672
337 445 565
165 483
87
301 393
81 202 573 646 699 854 885
79 290 341 613 727 801 814 859
48 58 61 115 159 162 172 175 202 245 251 271 295 304 364 380 405 650 673 695 735 749 806 810 840 855 872 876 899 920 937 964 965
106 365 456 546 695 735 848
221 224 847
277 393 575 692 825 875 877 964
203
168 374 763 830
486 501 642 747 761 859
206 214 219 387 470 503 526 767 886
110 181 822
330 369 409 419 532 603 657 742 759 813 847 980
8 29 50 132 168 391 394 410 446 531 545 549 779 958 967
40 328 520 555 603 625 742 750 842 997
239 324 399 721 787 880
119 127 241 666 995
330 427 881
190 216 460 585 838
79 147 260 368 418 556 586 769 772
88 113 129 146 240 500 678 681 749 821
806
222
76
211
81 270 391
94 120 181 215 264 328 378 680
207
11 488
403 562 592 713 747 776 866
47 81
233
243 248 360 562
943
119 187 763
80 430 462 909
45 77 192 408 574 638 732 864 903 916 952
310 323 617 704 874 921
46 373 593 716 903 959
44 205 318 498 557 917
2 46 60 178 200 291 382 465 476 502 530 542 618 629 636 741 782 797 811 828 873 920 984
40 230 288 461 513 663 728
591 695
39 123 130 179 198 351 548 564 569 722
951 953
31 137 323 476 722 834 850
25 336 371 555 570 735 902 906
19 73 222 251 428 458 470 863 899
192 264 317 427 430 500 508 654 666 775 879 949
89 143 230 235 487 641 891
70 77 147 167 176 180 185 198 205 212 225 283 302 318 320 330 443 490 525 575 688 733 736 752 764
33 98 232 249 274 321 427 660 713 755 794 871 979 988
50 162 367 438 490 596 616 691 716 782 925 955
40 79 352 423 453 634 829 907
414 556 713 823
288 323 799 858 893 987
158
12 23 88 260 367 502 512 662 683 692 757 768 813 902 938 967
331 607 636 839
19 93 141 358 426 549 641 904 940
181 571
958
88 547 552 646
62 124 141 155 168 235 244 252 307 322 334 393 419 452 775 816 984
61 107 355 395 428 494 538 594 708 779 790 823 883 896 898 955
76 389 539 562 721 857 869
218 221 323 520 555 672 798
99 115 124 140 315 494 523 549 728 742
980
63 215 226 239 445 922
17 284 522 664 926 927
13 156 176 548 639 666 800 876 916
271 813
648
56 148 250 355 414 718 750 814 855 941 946
3 760 981
751
396
361 619
130 888
745
140 249 270 420 440 649 818 845 990
216
748
154 198 670 896 915
19 255 501 603 841 869
99 287 305 324 951
399 597
142 196 277
82 319 473 559 643 645 986
40 59 66 105 113 124 131 140 143 145 159 205 207 225 257 331 334 355 384 414 434 444 491 523 543 626 657 713 747 764 783 797 840 850 863 881 931 943 953 981 989
318
47 954 964
82 164 175 266 380 616 744 824 881
88 119 178 262 506 557 662 678 857 961 972
371
353
19 58 188 266 385 463 498 547 782
25 230 388 411 490 576 587 626 645 661 721 806 837 849 891 971
23 62
412
176 191 389 884 910
240 258 431 564 723 742 876 938
217 408 533 536 551 600 726 876 936 946
287 293
38 95 190 199 226 238 330 358 474 528 549 572 578 597 619 625 739 784 831 887 906 908 919 955
54 207 213 612 648
472
6 208 341 368 371 458 474 509 564 641 877 994
116 243 580
521 796
23 387 400 563 567 577 599 675 727 738 759 823 878 960
46 78 238 246 403 414 452 475 578 591 661 947
528 686
118 344 501 838 948
7 147 556 789
176 178 282 569 679 821 943 985
63
47
345 396 490 600 719
750 974
11 276 354 535
43 78 253 395 414 510 632 737 832 884 896
61 73 255 699 897
37 668 749
10 662 794
297 306 588 602 642 752 997
428 578 827
76
151
636
9 36 128 133 223 239 273 375 466 511 722 771 795
2 404 896
665
389
567 693 748
660 897
176 251 266 800 861 867 881
633
194
317 364 380 634 840
380 537
575
18 20 53 115 324 330 443 447 472
105 108 902
861 944
702
17 182 191 428 672 771 994
651 748 805 834
120 470 636 859
535
173 546 661 909 944 961
349
279 312 408 564
149 176 183 211 229 250 258 272 312 335 378 411 563 713 727 775 929 963
330
126 145 153 202 213 227 571 683 709 791 902
540 622
24 85 101 576 654 717 789 884 911 917 991
575
31 343 518 724 769
241 453 471 739
686 773
102 197 388 463 615 785 968 992
50 240 243 277 427 455 533 585 698 709 712
52 60 140 202 271 300 429 493 499 573 667 714 755 770 783 837 876
216 286 299 329 370 426 435 493 569 593 801 882 936 971
79 436 539 869 928
171 213 219 311 470 497 538 548 656 675 789 909
18 226 245 299 679 723
3 119 199 300 336 363 375 384 399 466 524 779 794 988
476 560
502 528 539 555 566 679 689 850 994
60 90 430 599
466
247 748
323 365 627
101 274 477 500 509 729 730 875
549
302 412 447 613 624 783
490 505 645 727
317 373 562 588 702 767 914
70 739 794
275 313 412 419 529 573 685 743 902
21 75 158 204 346 348 383 389 789
473 570
78 352 375 429 495 640 641 791 883 931 932 972
57 89 169 679
112 216 228 364 482 564 652 663 798 940
595
487
533 747
50 129 154 387 591
490 772
259
52 278 457 741 837
897
123
83 139 653
60 568 663 860
721 846
432 442 551 596 678 728 870 871 926 944 969 973
810
36 49 81 85 194 377 439 461 468 496 511 535 683 688 706
126 450 466 576 732 745 984
677 934
303
565
796
696
478
320 460 523 924
85 214 840
83 284 492 565 709 791
163 604 951
924
113 127 448 972
141 251 421 586 909
54 95 203 506
43 153 155 205 249 282 306 326 329 348 401 455 495 496 509 595 631 649 665 698 700 730 758 793 943
577 827 843
29 61 223 281 404 443 505 572 750 773 995
17 247 260 328 355 416 499 661 740 752 822
223 436 452 504
822
21 53 455 614 868
915
784
300 479 608 720 947 981
643 745 798
194 426 715 794 899 992
727
49 112 120 251 543 680 808
219 457 495 592 717 737 741 980
112 968
32 107 230 337 452 468 505 678 815
18 151 225 231 276 341 387 445 564 575 589 659 716 915
53 59 267 303 335 672 809 868 888 920 945
471
61 320
359
31 167 282 781 985
9 114 119 159 161 174 255 281 291 341 350 363 431 512 516 542 657 690 700 782 830 919 994
24 86 587 800
355 770
765
59 120 133 203 494 507 511 722 758 765 810
316 486 611 766 858
791
613
29 108 168 173 174 185 209 224 272 278 359 438 472 669 698 743 795 829 836 908 922 996
375 660 716
195 376 877
113 594 723 859 861
73 198
228 316 859 873
580
186 736
742
300 344 447 497 667 772 966
20 811
729
150 290 331 493 679 799
146 299 344 472 795 884 933
310
83 271 452
188 703
256 537 601 964
674
25 46 173 273 302 377 451 477 555 739 757 770 922 929 953 980
36 39 210 421 618 652 668 796 805 832 859 895 939
144 238 312 528 583 714
24 54 141 220 229 373 426 490 527 562 564 834 989
120 142
298 481
95 172 177 193 271 287 296 395 510 670 863
227 247 259 439 495 929
625 750 772 891
258 646
625
244 571 646 678 749 862 864 987
214
51
134 215 240 319 395 592 603 624 731 739 843 999
18 24 70 99 125 148 330 423 516 532 634 824 978
840
665
490 545 945
288 505 572 584 801 942
55 62 67 85 132 421 562 601 603 636 681 789
75
6 113 184 336 680 688 807 886 892 970
75 282 338 485 516 594 643 696 704 761 803 827 860 893 909 932
35 793
217 238 286 705 846 954 983
24 116 706 717 823 850
136 169 202 336 367 408 447 449 742 884 922 978
87 764
989
808
111 143 260 356 551 736 745 875 906
2 71 138 161 170 198 622 716 777
716 914
563
420 662 698
80 291 766 802 956
75 452 508 554 721
18 61 255 290 837 976
353 681
96 147 367 754
266 598 637
44 71 254 377 428 452 532 716
92 94 163 387 728 813 989
3 165 241 462 529 675 922
90 328 491 624 631
363 475 971
137 204 271 396 427 505 520 568 841 926 968
467
704
76 612 622
136 286 591 649 882
177
141
231 423 493 581 746 780 829
8
616
785 861
9 429 899
84 88 249 318 398 444 454 514 627 765 902
10 998
178 243
369 392 655
312
487 537 895
626 721
51 121 167 304 532 792 834 973 979
354
148 369
22 63 246 282 577 582
328 871
388 706
781 855
935
237 805 976
57 78 93 160 281 360 426 473 589 876 908
38 210 391 744
500
403 960
165 261 414 541 617 839
953
574 585
20 27 150 161 186 189 195 258 286 341 350 437 439 448 466 576 581 651 677 753 766 862 875 925 978
25
881
836
21 92 499 579 685 833
508
149 374 696 803 872 930
1 215 233 235 248 304 356 372 403 436 627 632 666 698 730 794 865
4 89 350 976
33 579 656 962
123 136 279 326 352 492 541 628 672 689 706 806 832 892
34
114 221 237 330 536 594
230
769
628 637
83 175 774
100 259
300
39 395 408 415 489 679 896 980
30 309
233 526 768 848 880 962
695
461 465 848
525 713 891
93 137 235 261 266 287 330 541 741 1000
29 113 121 895 988
205 309 438 672 705 733 944
61 559
343 397 550 889 995
100 680 845 901
62 714 729 891 918 968
288 378
77 473 761 764
93
27 58 83 112 269 455 473 487 601 807
15 22 33 281 295 302 355 432 474 485 530 630 716 730 875 912 937
18
49 89 151 333 353 572
169 193 625
58
271 292 390 454 541 717 720
105 379 943 994
98 351 613 977
56 61 473 536 599 776 794 948 1000
81 400 552 578
60 116 302 311 498 869
694
32 91 171 231 333 518 928
188 500 543
20 263 328
40 183 384 410 476 493 720 863
63 296 569 575 718 798 816
52 62 68 150 176 179 350 357 432 595 637 646 688 750 791 841 856
99 128 591 780
2 41 145 375 651 680 686 721 746 846
89 549 815 940 950
641
256 533
323
41 124 258 375 550 745 798 826 896 970
549
197
421 792
520
161 920
186 241 487 990
32 64 298 384 450 621 878
472
584
228
58 680 830
555 717
215 234 314 425 452 551 606
168 208 275 441 603
323 648 782 820 852 854 951 975
207 270 426 588 615 940
941
614
486 488
362 395 591 634
968
511
95 575 849
778
205 537 590 674
343 354 491 755
90 156 205 719 745 967
132 135 285 379 519 618 834 909 928 954 994
233 260 294 828
739 796
84 407 680 779 797
322 362
235
716
156 380 385 495 796 798
74 301 336 647 677 691 798 849 895 992
38 174 250 580 837 861
597
373 381 509 635 901
170 278 647 790 892 893 911
88
50 116
147
561
168 196 380 682 753
655 659
570
786 858 871
972
262 406 586
26 271 362 635 645 738 770
84 258 375 505 563 665 714 805 877
824
317
161 356 367 619 633 707
195 241 810
143 266 453 476 633 971
121 390 481 519
51 105 115 140 145 150 169 207 261 317 326 372 437 451 486 577 582 634 667 680 682 735 841 851 868 926 938 979 989
7 26 47 72 90 96 114 118 156 369 386 397 478 562 579 580 622 726 773 792 824 891
720
17 145 148 177 242 630 634 644 933
321 935
273
616
237
713
92 427 962 972
622
369 825
856
187 193 195 413 576 680 839 841 989
361 375 492 715 926
734
693
45
1 51 62 181 246 352 360 398 520 655 714 733 866 903 1000
408 432 649
211
466 570 963
219
232
620
256
87 249 313 344 428 476 743
537
2 10 61 278 308 330 409 447 495 609 681 776 888
471
47 285 306 346 400 534 659 716 769 892 980 988
486 875
53 155 221 261 371 580 638 695 802 872 967
80 98 269 623 731
791 812 900
45 124 187 205 262 273 297 356 363 383 391 446 496 499 539 599 807 989
236 343 718 959
933
74 125 891
173 506 863
19 41 45 81 86 97 166 210 243 247 254 274 297 378 458 495 496 530 532 641 687 798 952
51 158 241 929
162 676
2 477 573 851 887
622 896
88 799
707
524
31 53 144 274 291 296 529 547 593 612 876 919 925 975
40 45 75 327 377 497 534 536 543 991
72 204 277 315 374 570 641 721 856 884
67 280 336 391 554 868 896
133 562
115 203 298 370 371 378 380 526 537 565 604 655 691 863 878 885 898 975
600 670
84 273 343 356 688 773
179 401 510 640 776 955
89 868
92 507 666 838
79 162 189 903
259
196 265 528
310 427 444 625 642 780 846
15 50 142 170 249 266 271 393 478 604 770 773 790 929 974
401 442 468 561 613 804
351 432 475 620 654 667 694 697 805 846
4 242 280 339 562
502 659 934
728 852 900
595
531
223
77 90 99 440 763 965 989
13 498 782
230 398 478 532 645 806 880 900 928 971
178 213 403 537 674 987
66
505 658 946
285
371
105 349 567
411
39 204 253
137 457
305 993
835 842
2 7 164 224 241 281 513 703 836 871
11 89 556
782 985
41 55 191 228 444
58 250 404 679 695 702 926
52
48 313 344 766 877 906 937 951 968
65 102 107 157 178 251 385 419 517 573 651 790 949 959
43 350 481 797 802
167 333 720 771 872 896 902 970 972
218 235 375 621 632 774 907 928 988
329
32 519 624 842 897
53 93 95 160 263 273 393 403 423 432 539 667 847
177 233 240 286 347 497 567 623 659 681 730 780 797 824 867 912 972
511 943
89 262 435 940
560
129 141 149 173 451 455 912 917 986
583 616
938
3 165 274 566 573 672
754
27 82 155 197 225 228 355 364 398 416 448 502 708 712 765 813 896 907 933 951 981
297 505 616 662 678 870
60 150 238 276 425 605 745
520 647 930 946
240 901
320 445 482 504 898
602 963
506 906 923 963 992
66 87 385 507 642 657 744 968
113 319 405 512 553 591 628 825
80 219 370 504 752 765 775 938
114
580 622 753 860 872 946
122
83 105 106 117 245 251 274 347 376 383 439 586 589 687 796 913
289 907
83 424 479 845 963
412
197 230 284 550 582
9
896
73 162 312 330 479 524 535 557 565 582 617 678 691 889
1 68 177 204 217 325 410 418 423 565 636 657 712 878
514 620 634 734 735
218
65 390 436 520 535 660 761 908 956 984
343
265
74 678
4
429 567 657 675 692
44 93 218 436 754 781
237 326 809 863 982
219 393 396 594 605
18 820 827 947
52 230 308 346 455 545 560 825 846
617
408
221
498 544 592 780
314 901
84 503 572
407
100 812
82 155 157 243 406 553 559 597
63 66 72 107 158 236 250 609 617 635 653 773 797 804 852 867
284 317 543
65 82 125 182 209 237 255 344 574 619 635 684 712 838 855
148 327 354 714 786 813 896 924
916
31
542
827
13
6 118 217 223 430 569 667 767 988
86 292 501 531 736 754 770 808
111 130 393 410 435 474 813 817 896 927 980
173
90 121 133 540 545
57 116 387 594 641 709 741 911
837
340 385 392 690 953 987
201
933
406 443 566 577 638 731 733 781 810 836 850 870 921 984
8 35 73 139 189 279 284 288 313 317 331 343 446 495 621 632 638 647 708 757 936 967
269
14
254 494 694 732 737 922
582 621 766
23 36 263 290 528 592 625 659 803 861 977
96 520 604 760
8 71 288 473
213 436 484 694 923 940
464 713 872
827 867 904 927 945
314
651
13 271 511 526 719 825
650 868 913
74 811 821
148
234 251 569 641 894
88 213 363 368 389 404 430 450 634 643 672 798 812 877 916 941 949
74 236 285 551 603 928
178 357 601 788 972
102 383
397 428 539 723 801 874 954 995
65 73 140 205 346 402 496 556 625 654 705 884 952
207 288 308 330 375 387 427 512 646 674 721 785 888 964 975
40 65 88 288 345 473 490 803 843 882 890 912 935 957
513 688 797
14 61 87 152 977
742
310 426 439 465 475 519 818
148 152 300 589 938
27 66 243 514 650 907
170 309 477 957
204 231 241 368 400 417 511 532 540 546 583 595 658 680
306 414 919
30 58 223 285 325 361 430 456 468
129 197 422 455 607 763 768 771 816 943 952 958 995
116 215 299 789
367
92 620 819
524
181 189 207 325 525
929
461
87 266 470 471 684
81
186 322
80 248 249 251 403 481 635 984
137 399 801 953
840
114 196 203 248 304 383 469 610 845 846 943
5 79 561 621
582
304 568
628 907 970
266
241 376 574 841
214 467 837
338 663 835 979
401 825
451 657 973
283 514 564 708 756 838 968
245
27 41 472 575 836 900 985
383 395 429
134 210
241
55 81 236 329 435 449 489 512 559 610 700 720 778 784 849 978
309 633
138 309 340 533 627 882
121 204 256 499 512 580 608 659 900 916
875
689 942
838
101 436
10 61 102 144 464 480 493 560 590 625 740 765 817 965
207 789
19 109 144 314 343 591 624 656 778 816 895 959 961
82 737 887 936
81 95 683 846
6 477
161
492 603 845
838
29 54 197 220 249 260 398 496 846 899
202 414
16
70 182 606 693 694 715 772 798 812 821
35 38 123 179 277 373 531 647
6 21 122 206 220 302 557 596 625 634 979
20 101 358 446 605 823
46 111 996
308
6 91 289 362 431 595 786 918
300
51 92 129 155 161 186 207 405 416 440 484 508 528 541 545 598 602 610 777 813 870 940
141 379 447 741 767 954
47 48 71 113 136 293 325 338 362 492 550 679 786 891 900 904 918 932 940
834
56 84 129 241 354 531 568 598 783 804
2 289 564 675 708 970
272 636 644
391 426 792 848
193 593 844
292
244 286 326 343 438 707 746 783 827 840 886 908
919
31 155 386 559
61
197 280 495 754
113 476 485 590 603 721 798 887
314 376 470 483 660 699 821 885 898
48 138 220 296 321 427 487 533 562 595 613 630 740 870 878 907 980
410 456 524
21 285 310 447 712 914 945
140
382 621 627 661 757
320 800
8 76 258 268 337 423 705 795 889 916
215
5 607 705
453 494 544 604 870
121
203 432
266
373
184 862 956
944
12 57 60 164 196 197 245 409 568 679 946 994
300 395 405 446 581 593 671 707 836 933
26
428 703 917
191 394 505 557 578 663 985
99
304
42 391 862
975
595
65 213 531 804
90 518 593
71 258 524 619
258 273 301 399 417 427 606 649 749 892 932 980
50 485 500 703 820 850 915
399 466
37 44 317 376 509 704 772 820 906
103 897
134 460
305 502 532 551 616 801 841
612
117
167 265 457 809 898 902
370 683 875
512
32 285 536
660
26 465
31 148 380 470 522 578 663 827 851
251 378 525 544 631 845 862
663
931
131
28 282
172 354 560 664
735 865
253 492 609 880
437 482 523
43 104 906
767
487
32 65 118 383 385 414 692 714 830
12 38 158 706 823
303 543
209 431
62 107 471 683 778 805 967
165 346
976
770
229 266 461 693
880 957 959
454
430 606 643
29 124 225 314 445 486 758 816
199
158 240 654
586
933
253 392 476 501 630 667 772
11 14 83 100 181 240 266 313 389 557 576 804 812 819
477
39 53 115 273 274 339 379 424 445 502 617 657 802 827 838 869 886 904 983 990
117 136 392
339
23 69 179 310 330 344 702 873 955
112 148 185 308 610
181 331 548 955 971
789
416 480 724 904
34
309 480 763
936
126 379 412 780
550
161 356 715
205
784
96 143 260 278 343 362 394 473 638 850 877
340
938
192 857
410 622
395
39 191 339 502 554 652 710
204 236 661 782
325
53
124 180 224 259 279 287 302 469 478 581 753 777 837 930
10 61 188 197 358 712 758 807 857 898 924
135 173 189 360 365 446 484 641
939
121
862 927
317
95 191 454
537
32 61 83 102 153 189 326 415 444 466 467 558 577 600 656 662 684 693 783 885 984 989
199
63 834 860
258 307 552 884
26 67 195 537 646 725 747 785 895 964 974
522 628 637 754 908 970
284 933
89 560 802 831 842
353
45 92 345 963
243 353 531 745 868 883
463 925
56 91 604 702 790 987
33 141 192 644 664 858 993
123
204 280 820
29 240 401 560 776 923
39 77 90 171 201 251 271 314 319 472 495 502 674 685 753 781 784 888
123 281 978
215
404
506
30 92 165 195 251 363 365 374 431 472 498 504 601 636 739 748 777 906 908 997
363 403 706 873
153
394 642 837 939
24 33 44 212 331 539 655 862 880
140 214 295 413 484 489 522 567 928 937
90 221 295 455 520 574
592
27 62 258 287 512 781
44 273 349 509
82 96 109 195 248 275 278 322 346 356 369 536 642 673 943
33 196 344 428 560 664 670 686 851 902
894
52 705 783
150
90
106 155 216 552
492
13 15 46 82 84 108 128 155 225 274 302 356 450 471 769 793 796 861 992
32 48 60 61 145 251 255 276 357 384 479 489 503 575 630 659 664 688 758 760 773 797 807 820 913 920
95 296 552 927 939 941
99 691
212 231 252 437 629
982
742
17 311 333 546
585
1 57 98 153 178 250 331 435 513 558 598 623 672 699 776 808 880 910 994
371 432
233 594 620 709
30 40 43 64 118 154 222 282 320 327 340 354 410 416 450 487 511 516 517 524 581 653 757 829 837 862 868 876 895 934 945 970 988
24 76 237 293 308 508 514 608 718 741 848 855 894 963
600
89 258 389 445 666 827
198 558 806
171 306 373 473 581 662 696 854
25 38 68 85 192 245 269 301 397 629 684 726 850 937 954 962
622
31 76 132 736 757
100 201 335 384 584 591 757 760 784 897 937
302
147 971
780
24 340 354 586 643
28 197 288 301 385 389 391 487 572 642 651 665 732 754 756 902
90 362 558
177
78 296
178 258 381 735 740 853 940 997
235 263 277 458 491 521 571 634 663 870
550
49 390 393 521 698 734 896 945
511
96 236 721
26 112 356 588 645 774 815
5
549 562 600
903
132 253 457 556
509
141 782
13 28 67 78 100 104 144 216 251 254 303 319 442 445 522 555 587 599 603 605 606 614 648 792 828 847 864 871 895 897 923 970
57 120 136 187 219 256 263 287 295 344 354 412 498 562 760 770 786 789 804 961 970
99 126 741
371 910
270 364 382 645 745
465 603
70 147 269 386 436 956
1000
169 295 378 444 550 875
211 320 398
845
354 588
163 292 368 584 612 754 870
386
466 601 629
46 119 486 701 720 759 952
16 18 156 521 877 891 990
310 369 780
57 392 723 730 742 953
241 289 389 466 583 885 903 959
29 157 472 706 715 990 991 993
911
154 338 497 504 578 724
59 284 339 503 539 908
959
73 277 388 429 434 823 965
28 164 213 383 873 991
430
53 110 136 142 156 268 307 415 505 591 609 653 662 689 791 881 903 992
525
157 425
10 31 66 166 169 180 568 595 800 837 881 900 901 911
190 209 264 341 539 767
860
70 116 133 322 562 749
609
9 197 286 363 551 558 604 731
61 387 828 849
167
6 122 345 397 748 824 905 960 986
228 596 817 827 840 947
12 350 408 661 784
68 79 375 478 926
35 72 88 148 162 183 186 188 299 352 429 478 502 529 541 543 566 635 656 671 676 690 693 767 864 972
161
469 481 693
890
417 893
133 362 638
862
262
331
49 229 729 746 762 820 827 868 902 949
363
144
346 448 513 538 935
351 458 650
40 210 248 347 413 701 887
74 444 518 736 808 879 946
384 510 513 633
226 241 441 506 587 604 615 941
95 133 165 170 417 482 496 549 645 716
416 434 466 486 533 632 956
9
222 693 884 930
879
132 327 454 522 844 875
759
20 39 50 530 790 927
167
978 988
305
56 552 836
359 438 492 656 760 788
473
13 41 50 139 156 325 408 445 568 596 685 780
891
62 64 174 200 301 304 336 402 448 456 479 592 640 660 672 758 865 931
528
27 698 925
3
376 382 584
73 370 689
386 439 554 678 693 829 844
306 855
327 735
223 455
171 179 484 741 823
119 237 298 545
249 445 638 879
182
90 170 185 218 426 771 938
180 712 881
148 388 461 535 923 980
113 204 294 321 529 552 836 910 919
104 253 327 586 606 837 981
143 182 260 279 340 545 625 758 777 897 955
210 337 345 347 405 591 862
13 88 323 383
220 264 312 394
517 596 702 928
168 578 757 913 941
213
445 756
133 174 193 338 393 435 513 524 553 728 739 764 826 855
251
45 61 200 305 507 637 795 870
134 582 768 806 955
305 322 349 539 767 775 910
438 598 883
66 117 141 142 157 184 233 416 523 575 655 708 728 740 774 874 888
51
426 576
232 491 516 869 977
139 348 743 922
32 163 618 639 714 805 818 881
141 261 273 315 350 458 541 902
238
133 178 310 333 399 409 432 467 496 532 582 667 710 854 857 878 948 997
218 261 346 348 405 716 759 789 790 879
222 319 323 459 543 636 907 927
291 468 557
494 879
194
176 446 628
204 373 752
413 979
22 100 426 580 638 744 800 864 881 911 964
22 142 296 428 525 551 562 579 677 754 787 846 919 931
471 560
61 336 531 761
393 790 938
21 72 186 221 306 416 432 491 509
89 208 232 303 375 381 610 685 874 878
429 510 564 650 951
364
22 188 223 253 377 421 496 515 557 579 639 647 847 962
24 325 481
44 53 948 956
99 199 256 277 376 406 451 481 501 510 545 547 645 724 943 954 955 970
34 90 127 311 323 382 406 539 651
91 237 291 299 384 401 435 606 658 745 893 984 987
30 197 224 342 546 666 688 773 811 846 869 904 969
39
49 59 489 599 829 942 996
69 215 313 369 385 424 449 869
753
59
154 162 229 292 405 543 575 595 687 807 926 959
6 122 175 633 691 773 866 879
225
45 97 496 553 820
44 145 521 595
180
51 99 110 188 305 435 472 630 637 737 912 931 942 967
458 622 628 776
66 87 408 448 632 668 669 738 772 827
48 320 562 616
22 207 961
345 998
498 617
768
13 125 229 260 298 453 459 524 605 790 863 970
102 238 315 384 451 875
416 569 732 881 888
363 443
344
615 672 695
773
120 304 622 962
299 694
357 378 620 707 750 768 963
722 895
8 312
6 218 472
60 455 559
59 237 320 616 650
753
268 595 660 795 895
192 257 392 999
38 42 63 79 87 156 180 194 201 281 346 347 449 457 461 502 532 534 563 564 579 630 644 698 786 821 921 933 953
123
78 88 112 289 315 319 321 402 501 522 617 636 730 763 797 901 968
44 116 449 665
260 301 423 492 613 681 939
151 473 701
425 806 959
129 231 744
648
2 60 111 121 128 183 233 336 407 449 520 549 559 640 707 711 864 872 898 905 910 996
51 99 268 424 492 528 625 637 710 868
145 365 406 588 649 666
175 351 517 769
9 117 128 145 189 210 222 405 482 483 563 890 919
23 70 118 465 835
224 408
337 412
878 893 971 989
485
149 183 387 485 752
155 168 301 575 859 896 995
36 60 131 148 167 213 250 396 457 475 563 644
413
93 438 552
330
292
41 402 515 649 685 736 841 852 868
74 230 482 497 713
568
339 445 453 719
824
638
351 374 382 449 682 820 829 941 972
8 105 152 155 459 497 527 566 836 905 909
334 427 539 738 913
89 329 576 786 928
532
258 570 574 690 863 898 926
524
58 131 287 323 433 468 471 509
157 317 324 529 779 858
10 672 673
97 470
215 415 679 811
17 205 288 374 1000
63 835 838
679
41 76 134 321 358 451 739 798 813 848 880
703
108 340 592
830
116 194 198 246 335 525 644 851 904 980 993
258 371 530 636 774 807 957
125 336
626 799 834
53 196 217 231 367 666 896
160 422 458 662
66 169 673
30 51 122 177 537 764
529 611 912
86 111 288 444 531 585 611 802 979
879 924
764 796
226
81
128 136 146 211 268 518 628 865 914 963
929 972
353 387
58 136 399 471 487 710 843
87 211 318 345 365 531 566 615 872
210 506
145 238 619 706
329
317 572 574 820
310 442 501 707 925
169 278 373 538 609 793
38 58 214 282 296 374 389 564 665 879
215 424 516 912
482
16 97 115 163 209 251 337 357 388 435 539 772 944
37 366
210
181
451 481 562 697
398
38 102 163 615 673 872 876
135
245 624 921
345 364 658 775 802 920
938
226
91 155 281 288 350 370 389 442 456 520 529 727 806 827 897 944
878
589
287 301 538 560 984
55 105 112 230 261 308 332 664
16 44 483 576 661 666 697 725 731 755 767 839 857
7 719
31 286 434 445 586 747
71 285 318 476 478 639 722
953
487
6 64 414
61 138 237 290 401 530 746 855 956 996
313 368 438 597 600 664 708
257 478 528 843 972
656
137 411 789
413 440 635
62 170 220 498 610
120 154 249 304 356 387 425 508 515 564 648 724 775 794 816 889 953 962 970
64 212 477 575 763 773
288 750 839 970
820 941 984
89 230 233 247 355 458 864 943 981
320 413 505 820 828 979
86 770
104 395 570 810 970
30 40 685
452 540 615 818 908 941 952
159 250 456 529 664
23 204 361 585 640
98 111 575 954
14 52 128 186 190 283 337 428 532 622 666 675 706 724 773 818 839 931
124 740 834
416 470 664
48 129 470 692
328 442 550 759
19
129 154 169 291 326 579 719 780 850 969 970
9 105 190 363 421 424 590 679 726 759 763 785 841 988
236 460 599 766 929
50 618
131
339
95 164 179 495 540 634 856
17 218 242 297 311 337 372 397 430 436 459 471 548 569 584 674 806 867 992
219 432
30 135 218 550 951
75 245 279 304 377 631 955
61
23 48 522 542 703 885 993
148 268 366 621
199
173 174 196 364 388 557 598 614 627 699 710 779 839 844
357 895
970
178 802
102 479
297
101 561 696 761
40 495
28 439 470 928 931
778 859
31 82 138 169 284 403 412 497 511 513 544 773 794 910 992
54 531 667 691 895 897
228 429 745
16 62 307 319 442 486 730 998
420 555 644
59 97 177 248 278 299 406 441 465 566 645 732 808 825 866
739 777
16 206 269 270 411 840 904
1 62 300 476 559 908
29
679 966
945
43 179 303 523 538 567 691 937
684 992 994
125 164 195 285 293 560 566 641 876 990
101 192 197 330 555 674 697
186 236 537
159
165 295 493 498 654 992
434
755
21 115 129 184 194 239 355 404 405 479 592 623 655 762 772 862 914 959 990
141 162 272 400 452 457 483 500
49 116 167 224 243 262 264 345 370 421 487 510 553 675 694 813 819 843 890
215 343 598 610 893
114 227 437 586 624 671 720 795
165 178 319 382 433 589 640 652 713 731 756 851
46 80 135 170 253 257 263 346 513 526 610 667 685 791 976 982
7 606 623 711 977
140 141 347 398 943 973 994
614 706 957
116 179 318 471 556 565 711 771 856 981
81 359 487 577 589 685
347 538
10 44 195 310 448 451 525 618 635 709 776 851 886 916 938 974 995
556 943
86 245 496 975
935
52 815
764
271 507 827 852
423 930
48 65 169 172 269 286 327 363 431 445 502 542 929 937
56 644
155 194 645 675 691 803
294 348 417 507 568 572 669 854
237
441
608 611
345 990
5 94 145 224 545 616 632 702 923 975
34 41 65 68 103 129 152 271 568 728 733 836 896 915 953 978
242 531 844
117 368 510 843
312
157 239 250 748 996
286 334 474 638 762 776 781 783 840 987
44 245 279 411 496 670
713
385 465 663 694 815 861
379
5 281 379 699
4 37 66 75 108 168 177 199 324 334 380 389 401 402 432 484 558 568 578 582 625 630 649 666 670 702 703 750 836 842 906 924 970 978
17 53 87 92 143 236 274 296 305 370 380 387 443 455 579 864
578
142 534
302
768
81 112 380 465 516 542 620 635
212 424
17 499
156 286 292 318 495 727 881 999
306 348 387 575 779 911
30 404 413 840
81 761 813
902
289 450 934
233
498 857
233 235 238 435 523 552 616 936 992
8 224 416 551 898 934 981
119 711 813
94 208 330 364 594 637 758 794 869 937 996
229
437
34 375 382 991
309 376 650
890
106 420 493 593 831 856 880
1
78
61 125 161 190 230 269 329 370 435 456 557 581 648 664 752 845 847 889
252 553 680
570
70 94 237 259 265 306 309 455 676 746 750 762 770 793 823 840 850 855 874 922
122 279
276
121 190 244 488 548 789
242 940
25 120 531 733 884
51 79 132 142 160 190 224 269 281 417 472 559 572 573 589 595 743 854 917
696
843
15 493 591 683 721 808 855 928
47 275
118 439
13 265 478 948
190 405 835
152 153 212 244 282 304 318 333 478 704 792
195
428 440 574 671 800
4 62 74 155 540 587 903 936
661
89 430 931
571
298 591 831
11 92 296 381 468
190 987
838
988
711
399
166 186 270 352 354 376 495 678 713 722 803 806 860 864 890 920 934
232 272 442 668 922
52 271 380
327 361
77
128 147 546 680
5 173 233 245 356 610
102 487 657 816 839
128 142 316 327
165
97 122 191 195 312 429 444 459 464 483 705 741 754 792 805
76 79 90
694
118 130 870
379
841
303 446 639 886
140 199 330 425 437 483 578 584 632 648 760 841 885 944
229 335 478 715 759 859 961
945
157 158 235 384 408 856 974
858 864
29 515 849 923
69 103 400
2 456
315 660 685
240 344 374 402 409 493 619 633 708 837 863 989
685
12 109 162 167 452 539 621 683 864 867 895 933 950 976
233 289 389 535 713 812 991
223 346 947
41 53 341 424 815 916
491
809 955
282 470 636 881
20 71 75 168 209 220 317 384 408 424 492 715 764 790 820 905 950 951 975 996
76 84 931
34 104 107 119 177 250 271 277 280 898
796 892
398
721 980
440
70 72 158 262 273 312 583 789 823 886 900 938
215 822
679
245 277 400
125
137 240 255 332 440 563 573 624 704 748
187 290
24 153 648 744
45
490
22 68 228 332 393 423 541 597 598 643 777 800 839 892 926
5 45 57 127 177 257 317 412 462 466 493 672 779 800 821 851
140 354 698
62 92 129 169 189 280 321 470 472 600 656 800 927 960 962
218 358 731 800
328 624 804 860 922
886
79 457
28 73 89 277 290 334 351 481 771 921 962
347 377 534 537 820 894 917 946
862
30 83 115 312 330 371 450 494 570 609 708 851
335 749
127 300 312 719 837
882
782
240 629 747 886
191 460 907
41 330 333 349 462 534 593 638 678 762 763 842 897 937 1000
50 53 105 147 168 247 272 420 432 516 628 804 865 974
95 96 289 483 541 578 710 730 769 785 902 909 933 970 989
569 897
189 355 390 404
312 847 906
98 433 526 570 596 756
125 218 271 354 399 452 530 596 735 776 791
101 443 475 699 733 820 997
360 634 798 915 962
849
210 553
18 421 631 844 948 959
123
4 82 121 188 199 234 362 364 371 411 429 725 733 846 903
331 513
473
187 695
382 589
185 582 612 715
97 129 937
43 164 360 554 582 812
126 170 241 422 805
208 419
973
10 44 77 93 97 203 284 384 480 563 599 611 643 776 828 835 838 852 894 900 918
210 220 289 469 720 872
295 300 456 553 623 756 788 871
203 451 490 570 839 928
111 500
5 70 775
398 472 554
99 210 337 406 490 576 611 710 956
111 258 578 944
232 742 955
94 481
96 118 198 215 382 770 859
374 465 730 965
3 149 354 370 406 434 456 543 621
65 344
331 866 994
128 134 498 581 629 744 963
116 418 784 866 950 960 974 990
678 920
1 98 156 246 275 330 391
250 415
68 341 343 557 905
159
4 428 437 476 491 501 572 873
32 569 883
1 107 182 236 240 307 331 411 420 439 453 514 531 683 693 728 780 789 848 944 1000
410
169 230 468 550 575 635 638 663 828
137
846
529 825
48 260 392 509 525 632 661 796
253 511 579 901
131 138 219 238 292 315 358 507 735 779 783 826 833 848
54 319 322 720 899 980
252 375 403 531 562 944
318
308 584 694 715 728
672
153 194 315 393 779 955
2
37 155 448 658 739 789
108 252 532 585 611 724 791 966
503 872
86 609
688
127 875
61
332 377 626 942
16 121 350 419 577 600 843 870 873 941 992
535 572 644 658 963 971
10 76 115 120 384 408 530 636 648 695
24 295 400 442 460 635 763 826 874 935 953
229 488 611
202 424 431 437 448
404 484 588 643 745 764
7 33 264 293 336 397 639 669 675 757 765 920
213 355 520 563 662 983
181 231 714 721 873 926 998
58 552
687 874
18 351 956
4 155 309 329 417 738 938
399 665 748 970
59 230 245 278 289 363 407 557 871 897
467
16 93 156 180 255 358 388 569 625 646 655
85 122 333 523 826 972
818
65 116 129 197 489 553 649
13 40 53 121 166 198 204 258 378 399 452 471 523 826 894 927 970
281 437 604 650 657 725
50 97 134 159 221 274 295 611 633 696 698 708 871 931 978
4
96 519 671
529
290 328 333 372 538 971
15 21 54 62 96 184 302 321 387 408 452 480 492 497 558 669 673 717 822 892 948 966 972
553
434 456
242
720
399
25 119 162 303 309 371 402 697 706 796 811 924 943 949
715 801 937
17 71 93 157 180 402 469 481 553 575 652 667 898 949
622 767
527
538
182 351 463
136
55 169 281 469 576
617
4 147 164 569 667 800 926
33 109 319 419 615 645 720 850 877 885 892 984
23 65 85 436
247 283
834
193
31
548
30 46 211 525 752 807
874
123 325 406 658 707 818
207 494 938 974
544
449 701 923
486
505 645
232 639 874 876
257 273 326 451 472 476 569 650 810 993
33 160 167 184 301 343 420 472 474 475 483 575 632 694 700 710 815 819 823 848
41 44 269 275 475 619 698 776 969
600 709 868 955
38 251 329 560 711 942
582
30 313 430 433 930
28 100 281 390 470 680 687 730 814 981
296 324 335 539
380
80
222 244 269 283 345 571 793 818 847 939 940 941 983 999
140
19 79 185 257 273 346 354 423 504 608 642 770 826 886 890
173 205 208 215 260 300 337 399 458 841 949 993
221 255 320 367 576 847
278 325
965
464
96 223 261 508 552 681 790
87 107 144 147 186 195 202 274 681 701 914
319 697 702 821 990
6 12 21 68 132 134 154 196 291 420 472 480 518 647 652 659 675 731 832 938 976
710
470 689 991
3 20 389 398 533 626 656 676 687 753 767 835 882 937 974
879 990
311 378 566 803 917
134 187 227 404 633 764 872
156 653 666 735 751 876 939
335 582
157
926
58 233 331 376 403 552 736 884 974
8 14 21 50 77 107 111 113 159 202 215 269 279 355 373 461 676 679 715 739 758 782 785 861 959
132 783
79 95 306
738
132 460 579 922
50 434 646 793
90 874
227
8 72 146 197 274 326 338 348 375 376 385 395 401 418 568 598 631 648 665 676 690 727 737 761 774 795 823 824 855 875 911
192 194 240 307 407 553 595 597 622 639 895 967 969
982
204
8 84 365 454 518 738 903
937
30 448 481
547
126 359 416 434 439 803 824 825
255 274
165 204 281 301 617 679
748
208 718 866 992
973
208 340 457 573
2 51 64 79 423 437 446 499 586 645 683 709 785 860 977
176 699 707
5 49 80 238
114 165 300 647 893 938 993
384
132 222 315 443 670
496
180 756 820 980
68 158 248 463 480 485 491 539 578 671 783 786 819 834 963 996
189 557 583 621 825
111
387 680 910
98 318 321 444 451 597 895
403 542 600 651 664 676 703 769
91
8 47 74 93 100 101 119 137 164 201 261 272 310 344 358 361 458 520 587 591 602 607 684 809 838 858 889 983 990
119 272
340 542 972
578
14 129 339 395 858 909 959
8 77 131 235 254 511 638 677 747 825 895
102 535 860 971
4 131 468 717
32 760 853 863 874
55
252 273 383 511
149 161 240 289 343 387 452 481 489 658 686 712 736 877 900 905 906 958 978
266 325 522 531 742
200 834
473
29
92 173 217 295 657 742 844
265
151 494 912 929 940
950
938
381
63 330 499 633 694 758 854 905 907
555
215
46 164 313 329 338 350 415 487 562 594 691 693 696 978
75 149 166 173 281 454 520 572 629 739 848 941
4 211 275 278 284 408 438 520 880 908 973
167 291 389 453 507 694
571 858 926 960
266 274 588
13 615 770
25 362 653 662 855 937
7 14 15 68 117 131 157 220 259 299 338 355 477 572 694 734 779 810 825 992
362 948 982
112 256 284 635 833
253 551
981
431 592 928
501 510 853
399 863
430 713
84 156 180 237 277 348 372 401 461 481 524 579 612 640 645 688 697 788 902 916 954 972
71 138 969
530 783
24 62 111 133 135 210 286 324 433 537 555 607 640 642 654 665 693 699 745 849 853 880 904 911 919 941 996
574 856
624 715
41 347
16 93 866
47 206 361 415 435 614 706 909
69 167 403 454 538
33 151 411 427 445 499 688 701 763 920 923
899
145 315 360
992
169
240
321
480
19 65 232 329 586 642 796 898
579 755 780 806
71 87 108 116 546 697 802 998
376 384 664 691 696 969 986
150 282 560 647 806 829 899
126 262
6 126 804 978
131 605 684 749 767 795
11 129 206 298 372 597
170 192 360 395 478 486 556 694 770 790 800 899 975 980
119
124 830 905
50 678
632
232
28 244 280 488 553
94 99 295 445 488 861 987
731 734 820 861
131 471 703
247 299 303 482 760 834
862
24
160
190 234 337 346 482 483 602 770 863 897 961
634
293 345 371 656
8 45 238 936
62 144 177 232 419 447 553 554 601 671 897 914 934 963
29 30 212 220 276 277 394 410 445 472 496 511 561 583 608 610 659 697 712 759 809 841 892 955 970 990
419 985
161 163 297 343 358 416 417 421 425 505 548 557 613 626 694 821 865 873 905 970 985
263
455 478 496
11 35 145 401 809 931
7 8 117 185 430 542
395 536 692 727 804 879
212 544 576 633 732 860 894
639
137 242 276 503 540 732 855 875 947 999
334
75 131 156 242 264 436 454 495 508 523 564 632 704 752 791
80 768
10 84 127 461 465 494 548 604 703 737 809 860 903 982
526 568 768
336 445 552 738 801 855 929 942
13 61 109 170 236 353 442 470 499 572 626 899
911
983
451 760
782
28 122 365 832
13 108 131 160 360 780 821 823 907
10 377 466 505 556 738 854 996
104 137 317 386 667 780
53 403 457 523 894
278 436 815
27 839
890
100 131 215 306 462 537 543 544 628 746 977
28 258 399 404 550 614 662 674 794 856 967
94 225 267 337 451 480 527 593 839 929
51
143 211 272 631
25 69 272 279 338 574 618 644 725 831 874 902 938
29 339 379 465 511 584 930
11 143 258
478
319
532
357 694
20 686 753 856
10 110 121 333 360 423 586 619 681 686 750 801 852 858 962
71 242 480 784 969
239 563 703 875 959
417
542
915
857
34 182 393 470 553 683 754
271
15 43
177
406 448 602
5 103 271 366 534 671 831 856 952 998
656
17 19 135 146 213 268 321 365 462 720 793 810 849 873
306 493 777
157 354 900
79 236 521
121
51
307 376
305 888
210 453 598 650
223 856 998
3 43 535
96 754
79 125 206 303 378 483 616 761 784
35 233 628 631 675 725 763 851 856 876
406 488 792 879 924
427 538 575
234 236 387 830 874 941
110 651
63 192 366 368 962
102 249 299 486 555 613 656 781 792 886 956
406
392 962
242 502 630 660 852 942
56 138 771
531
259 353 707 875
57 164
688
17 141 276 283
384 600 681 775 789
156
95 396 416 422 651 718 784
761
169 668 982
705
165 173 227 408 613 761 824 920
127 194 258 354 441 447 502 518 620 841
99
104 293 561 578 681 734 740 959
8 54 111
269 939
411
538 558 599 675 720 766 789 830 951
948
510 551 557 590 649 701 742 753 888
379 385 482 516 567 583 672 752 838 979
572
326 572 800 825
93 345 359 541 628
119 222 473 679 771 889 951
751
86 95 105 235 350 436 550 660 663 740 809 881 895 905 923 966
425 508 907
425 620
37 332
333 446 499 509 648 734 782 996
958
709
133 161 233 513 575 738
205 659 683 951 959
581 921
47 167 504 777 830
593 665 702 752 807
134 689 902 976
102
14 59 219 485 522 655 822
404 414 495
201 940
599
158 194 373 545 549
182 192 484 530 552 758 789 841
75 120 201 460 564 568 672 681 714 720
13 79 169 508 513 669 823 975
215 308 542 694 751 960
52 703 732 1000
74 84 156 249 279 370 402 640 804 814 870 875
491 507
41 605 625 749 908
60 76 170 246 389 472 485 601 761 799 836 944 960
549 864
494
92 627 661 715 839
779
315 334 349 737 754 824
29
97 469 738 909 910 961
33 322 723
94 98 104 155 222 281 354 522 526 611 713 746 793 894 942 957 985 996
450 780
267
525 797
18 24 49 57 553 565 605 773 792 897
1 531 604 916
351 807 860 866
56 64
249 253 308 348 457 558 571 699
307
417
14 76 135 149 175 264 653 752 812
22 153 523 556 664 673 691 695 936
24 176 203 582
76 325 338 605 646 848 923
62 87 129 165 202 212 216 233 243 246 283 298 304 329 354 357 386 399 404 434 439 463 554 559 594 611 612 654 703 732 760 806 851 889 891 915 925 934 944 987 989
261 503 554 774 986
272 300 584 757 914 974 982
11 405 876 927
82 144 346 457 559 703 969
44 133 183 481 761
37 320 400 421 424 465 573
644
3 4 235 244 276 407 454 652 793 821 881 988
647
473 794
102 310 598 747
492 618 674
828
509 717 783
44 205 560
505 603 652
30 329 544
52 149 163 214 244 526 538 596 613 797
33 71 93 200 290 341 431 552 606 619 696 776 780 819 871 902
18 52 60 121 430 441 462 537 562 659 743
563 620 710 800 827 899 913
769
781
30 147 167 223 229 245 283 311 351 395 539 542 582 698 717 819 929 976
439
198
175 892 934
3 59 146 164 250 336 342 502 807 921
105 509 610 713 875
69
871
3 78 237 554 585 610 631 829
258 543 625
979
265 406 700 835
294 500
107
555
168 199 295 715 933
17 67 227 573
29 116 211 414 620 820 975
556
127 449 559 944
463 953
62 975
5 52 88 151 174 184 242 344 357 374 588 652 682 781 877
104 183 297 564 818 916
257
55 105 124 181 246 323 462 477 691 747 847 970 988
150 153 207 545 651 716 867 965 979
828
107 170 294 313 435 980
39 290 414 558 645
44 441 838
50 99 104 145 248 259 263 281 286 289 357 544 731 738 788 798 801 811 862
53 243 278 474 654 700 831
45 185 402 570 628 737 763 834 880 914
773 893
84 513
344 794
258 682
44 46 73 189 405 470 508 738
80 315 437 438 712 881 900
4 126 640 683 846 898 965
527
165 841
554 639 783
126 870
584 730 953
66 924
175
290 448
214 240 242 252 355 444 446 449 503 579 750 762 769 777 786 828 836 967
904
338 567 639 707 752 796
168 299 357 563 615 672 802 826 851 871 909 996 998
202 781
23 196 198 446 508 542
358 603 753
143 377 436 615 714 790
744
44 47 52 68 136 260 295 335 431 489 558 607 681 709 742 780 837 868 895 917
300
301 351 543 549 677 743 793 973
129 162 468 631 757 833 893 956
126 191 279 382 975 980
52 57 100 116 121 125 155 171 528 677 777 847 853 908 913 927 948 952 959
40 61 177 231 270 328 342 402 479 514 578 582 656 677 772 858 879 911 927 997
853
31 149 198 208 245 586 755 858
163 539 567 873
9 15 401 431
54 421 607
296
469 702 705 877 928
93 442 450 467 477 845 931
445
112 134
140 360 657 722 909 957
101 184 193 435 691 755 825 955
81 110 170 214 295 301 331 397 486 500 501 511 571 603 636 664 696 709 751 765 830 855 865 948
198 223 255 361 458 472 615 761
624 638
115 851
540 673 739 744
66 72 104 517 997 999
148 521
44 454 653 712
200 365 993
22 568 637 650 703
29 154 162 411 702 732 747 770
11 240 378 632 791 868
124 344 528 594 631 634 642 722
724
92 211 465 653 773 827 833
40 96 108 136 146 156 232 293 297 336 375 639 674 948 968 976
218 387 636 882 903
113 161 872
36
184 274 604 608
1 313 724 817 942
204 209 241 454 532 909
234 502 776 803 881 915
112 380 945
310 343 390 567 570
4 105 216 301 327 336 425 473 573 930
650 873
102 308 512 776 789
3 149 355
260
68 322 574 949
620
121 954 999
423 588 732
504 524
51
308 516
442
309
18 287 500 904
132 255 394 399 654 686 861 944
717
77 218 307 477 579 864
191 647 888
42 150 218 560 803
41 171 302 451 492 729
11 36 61 85 91 229 368 408 426 580 585
80 222 232 236 284 460 487 695 785 831 874 933
525
131 145 179 248 293 326 365 484 626 661 683 722 884 889 919
227 476 477 578
40 138 220 608 675 676 756 860 953 974
91 408 550 567 594 659
366 554
5 39 42 97 226 352 397 585 606 910
10 169 264 738
43 44 488
25 130 228 237 318 463 472 584 615 651 666 686 733 815
5 384 755 987
97 499 576 781 873
140 204 225 251 265 513 564 738
31 109 175 396 666 704 779 812 818 821 832
222 525
30 33 387 726 867 923
471 592 593
55 244 764
148 367 387 390
309 386 492 669 673 928
115 141 257 757 835 836 887
371
360 701 981
8 115 197 382 384 539 566 588 606 672 785 817 918
142
522
141 186 654 766 820
137
20 171 230 308 388 604 605 645 738 761 802 834
410 604
431 895
226 787 796 994
45 140 239 345 408 562 666 742 989
9 17 101 141 169 289 636 677 712 763 953 980 981
570
76 106 157 239 254 344 359 395 490 747 890 991
109 141 192 633 989
109 146 148 189 253 394 451 483 560 640 687 689 776 819 826 855 926 959
52 394 679 718
40 509
7 114 188 233 238 297 330 471 653 669 670 920
12
353
483 688
41 197 359 774
187
68 595
130 390 483 561 635 648 664 674 919
969
56 111 291 506
200 211 234
81 645 809 953
197 578 983
129 181 200 262 455 468 481 554 563 601 605 667 728 770 811 952
126 146 461 500 604 687 816 897 968 989
77 198 484 561 666 787 825 976
58 84 108 205 226 306 327 362 376 628 781 849 908 919 934 949 971 978 999
12 24 141 155 187 468 491 552 578 619 724 835 949 985
54 84 176 367 420 759 836 855
534
87 345 352 363 719 779 854 958
51 223 246 435 494 585 599 738 818
417 449 461 669
21 118 377 876 909 936
592
79 144 191 303 319 639 901 933
156 176 318 326 400 412 526 559 560 561 575 640 836 838
82 200 507 552 613 758
169 276 464 573 586 658 721 737 814 841 893
857 899 989
935
21 287 427 655 881
259 409
311
196 392 764
232 303 360 597
100 144 286 544 837
569 815 861
78 159 363 550 664 778 825 857 928
86 223 816
895
456
123 276 537 614 795 984 996 997
327
8 154 296 623
239 561
82 141 161 180 266 272 482 507 637 818 882 905 950 973
581
211 679 908 937
460
148 317 693 755 809
65 489
48 54 243 280 479 565 650 916 952
671 709 730 920
15 57 71 78 111 262 284 321 338 514 592 711 740 800 809 829 923 978
73 737 976
547
137 219 499 579 686 774
337
344 481 690 969
335 487
84 395
27 48 365 792 822
233 272 276 331 380 385 574 795
55 249 462 872 931
152 169 200 322 453 457 466 641 668 913 914 941
191 463 528
279 651 845
13 15 26 153 213 301 365 400 629 980
196 645
3
67 172 420 426 481 732 777 855
119
313 317 376 484 603 720
198
540
79 388 398 486 566 705
133 151 196 257 266 445 468 523 547 576 588 940
997
181 595 759 852 859 972
308
850
316
111 293 493 535
456
36
907
356 388 489 680 778
42 563 600 914 948
64 94 120 154 163 174 180 234 419 479 559 567 570 576 831 836 848 900 931 952 998
60 69 198 363 440 454 749 879 907 962
599 762
271
448
348 428 624
61 237 608
205 278 561
181 258 673 866
40 63 90 267 310 392 430 460 463 483 601 873 974
71 236 503 510 532 539 854 901 905
362 405 466 956
526
86 438 568
28 394 625 732
186 845
73 611 737 818 941 965
357 479 535 609 715 742 756 814 928
815
64 105 118 451 786 994
169 627 877
224 445 544 871 963
942
613
39 553 953 976
772
56 98 117 344 502 711 730 996
33 174 413 718 720 767
388
111 179 188 313 414 472 475 673 733 985
560 939
95 256 383 889
67 97 470 696
108 303 319 349 390 406 428 445 454 464 521 529 544 622 794 972
78 329 595 687
166 196 295 303 465 680 833
424
28 51 58 112 114 118 199 200 272 321 480 581 723 862
71 74 214 971
66 175 386 399 479 511 543 689 702 939
24 53 254 264 608 712
250 820
224 608 618
563
4 176 507 686
219 306 442 762 780 807 850 868 967
97 837 937 945
133
834
425 465 657 748
430 541
22 110 600
188
16 84 156 290 342 424 514 592 633 711 777 802 846 909 935 969
108 383 854
577
633 935 966
73 205 573 600 724 825 923 983
857
257 357 486 762
327
104
438
16
685
944
185 190 289 305 424 753 864 935
187 394 537 548 896
248 326 329 634 716
27 67 90 300 891
375
842
189 593
84 493 504 727 736
621 781
457
986
103 197 243 395 502 856
87 647
323
23 248 412
704
32 42 53 88 143 163 285 286 351 493 568 580 663 792 835
132 365
5 9 237 385 477 489
64 760 778
289
901
787
14 470 481 698 713 852 889 931 977
7 259 261 289 339 376 444 465 471 533 612 691 721 729 779 874 881
431 624 804 978
17 33 100 132 145 166 373 375 394 402 528 529 534 735 821 832 910 922 961 989
4 375 499 607 637 708 720 806 888 927 972
36 143 616 988
40 152 336 765 777 797 880 903
941
41 50 88 188 194 264 299 309 345 422 613 671 708
31 39 79 359 379 513 660 688 713 729 750 810 858 859 904 929
257
127 140 154 202 240 385 407 625 779 805 960 999
57 261 271 298 310 901
273 466 681 712
999
187 552 657 918
171 393 750
588
257 459 698 854
919 985
183
487
216 278 296 548 750 760 908 951
14 59 340 677 731 799
149 676
111 298 813
983
13 41 442 896
44 414 595 841 918
591 827 878 989
857
8 589
154 234 619 779
13 307 818
795 955 986
177
968
12 84 173 366 435 588 631 635
311 333 432 600 710 758 795
25 91 474 643 761 979
512 611 630 965
799
421
6 48 250 277 479 668 698 760 763 770 795 818
182 633 793
88 944
211 243 283 299 303 358 527 530 542 570 609 634 701 739 743 782 821 849 883 892 921 926
12 207 261 319 358 774
455
119 166 241 305 542 897
165
63 99 136 181 212 760 765
180 321 483 570 653
817 913
66 133 223 396 691
12 508 537 703 750 914
842 913 994
214 440 632 666 676
103 163 398 777 845 880 902
354 754
141 163 501 617 693 800 832 870
817
16 46 61 63 70 193 320 504 583 606 633 700 836 901 945
56 310 635 701 872
19 388 389 507 555 624
44 98 524 660 664
5 49 449 483 673 721 749 993
196 271 435 447 511 661 717 737 815
10 41 73 480 509 551 696
91 511 843
64 190 867
452 819
255 353 692 707 815 884 905 906
653
268
1
138 177
279
545
66 416 519 615 627 746 806
27 110 267 288 509 685 889
21 97 335 351 371 482 593 668 686 733 827 883 896 929 954 978 998
22 54 252 309 367 723 797 819 874
23 529 731
519 525 545 709 727 876 973
3 818
148 355 844
75
34 283 351 461 475 571 646 894
897
5 150 166 273 422 688
736
261 280 840 958
4 373 427 716
356
152 226 466 539 773
69
119 129 186 467 574 743
203 214 296 337 368 374 433 580 600 617 641 738 779 828 836 900 912 940 999
432 507 780
105 379 991
96 105 573 779 907 920 969
512
283 689 830 831 853
92 267
613 816 855 879
3 5 20 130 221 284 478 775 882 929
63 95
373
13 38 65 113 260 390 408 474 628 678 757 924 939 980
84 170 378 591
845
210 230 259 373
200 276 653 677 766 867 876
247
84 95 446 541 892 915
39 134 244 289 322 526 593 623 722
674
594
93 99 373 393 458 489 558 671 763 857 864
139 322 526
65 299 316 355 478 506 564 726 809 862 869 946 972
768
647
87 250 363 409 483 750
10 59 352 401 686 701 822 840
42 437
257
148 163 224 606 666 771 838 956 960
77 322 442 743
811
60 87 89 110 126 193 234 372 436 490 512 555 655 794 804 940 983 984
111 536 555 560
59 69 91 132 196 271 285 291 330 358 524 529 631 704 839 914 963
121 185 227 461 478 511 533 578 581 650
282 345 347
76 158 220 306 423 527 633 698 781
161 462 790 876
136 214 577 899
605 621 650 738 748
189 714 824 848
146
150 302 394 458 477 621 670 854 886
36 141 194 214 313 669 689 849 920 949
121 339 458 501 529 575 730 790 794 899 942
11 497
483 494 587 659 874 881
193 416 465 707 726 871 886 910 935 987
134 254 430 437 561 615 621 954 987
179 204 370 595 611 834 940
584 605 703 997
169 394 734 936
171 252 420 669 764 978
263 658
77 131 436 483 485 783 832 862
498 517 654 676
158 588 674
787
12 263 462 871 927
753
58 136 884
787
45 57 81 130 141 267 270 620 660 882 904 956 970 995
343 871
38 206 299 730 774 910 966 987
655 771
704
6 574 848 982
669 761 883 889 906
22 370 392 402 485 750 894
15 27 137 176 218 342 370 458 482
24 62 86 178 216 226 404 432 450 525 527 653 666 669 679 692 734 736 760 778 789 810 849 879 971 983
136 932
127 285 294 308 309 802
532
595
444 714
68 416 463 568
668 733
160 242 451 532 590 613 620 634 672
878 900 922 927
53 77 144 199 310 324 467 471 523 573 594 602 750 870 942 981
208 535 740
570 735 759 932
848
66 257 334 373 378 413 426 696 720 882
655
503 524 580 689 702 926 974
162 242 458 616 656 685 847
77
72 75 99 130 156 271 298 376 408 438 733
14 24 218 251 401 411 513 617 652 658 839 858 900 920
330 673 822
21 67 251 318 428 748
544
126 131 322 376 805
962
28 65 66 141 178 197 278 290 335 355 378 391 468 479 532 594 604 634 663 701 861 920 982 990
27 40 80 184 233 262 460 552
70 379
233 425 711 759
9 54 248 351 702 798 958 967
22 62 166 249 436 447 827
9 66 134 185 368 413 437 466 522 605 696 704 713 804 902 935
451
542
557
250 354
145 204 208 305 338 364 470 607 686 803 910 960 989
79 116 306 522 775 791
189 537 714
410 499 560 620 674 772 787 854
67 181 369 399 470 563 644 718 850 968
99 106 164 185 228 284 407 411 462 530 543 764
8 128 156 200 207 210 270 314 316 341 381 464 525 564 598 625 643 662 713 715 825 840 851 869 975
214 309
565 714 792
185 618
11 141 746 791
648
503 615
35 131 144 279 423 515 613 663 781 874 878 879 974
108 206 265 522 562 568 571 868 883 969
313
29 31 348 388 507 750 863
215 338
127 269 304 390 507 892
209
289 320 884
261 504 644 670 709
979
100
701
742
133 373 982
695 704 733 821 962
177 918
71 140 213 297 386 405 449 776 778 885 995
84 179 345 358 362 457 481 553 574 627 720 769 776 877
36 45 122 229 242 349 412 434 460 518 643 690 724 766 825 868 973
112 403
47
359 385 475 545 741 969
243
93 249 544 564
129 190 259
234 251 495 524 888
108
3 159
157 237 325
164 233 405 618 636
616 840 947
992
9 18 26 340 436 668 691 693 702 714 758 823
365 878 886
321 415 482 785 787
35 100 210 712
220 919 994
148 184 194 211 361 515
814
27 149 202 284 290 695 888
268 299 754
36 850
27
43 198 352 384 670 703 711 716 718 862 884
496 878 908
46 57 75 104 117 222 265 312 393 436 473 538 643 658 684 689 782 862 883 927 960
43 176 513 844 990 995
118 428
67 184 349 820
872
351 694 918
288 530 539 621 816 825 879 897 930
581
532
12 166 329 389 439 990
320
130 591 907
221
82 139 188 346 517 900 958 989
238 375 477 593 849 854
422 477 518 669
638 799
14 91 135 184 195 200 226 363 482 483 547 569 674 695 709 755 973 998
87 457 626
158 168 301 333 352 643 963
738
407 484
5 21 28 184 220
165 172 183 184 361 506 516 631 655 661 679 736 764 907
889
891
391 403 549 705 804
82 95 104 240 277 363 424 521 567 704 717 810 816 863 946
64
21 155 528 642 807 896 989
1 324 361 370 392 433 445 605 675 695 737 882 895 906 999
149 375 478 568 904 911
621
258 342 705 756
790 933
27 88 106 117 131 170 716 777 796 857
644 645
104 238 240 603 822 847 976
7 139 142
300
313 325 672 769
76 138 184 200 270 289 297 353 555 662 721 997
283 406 422 538 603 677 962
6 17 441 949 983
198 213 246 358 363 577 695 783 784 986
19 20 91 309 312 381 430 729 766 806 861 876 928
106 183 187 190 247 256 276 300 319 325 413 435 503 552 610 623 629 691 741 756 784 788 826 833 866 979 981
1 36 70 242 437 727 803
58 268 350 547 650 978
555 759
175 520
80
95 123 239
8
363 672 955
990
51 149 192 325 332 349 728 807 952
102 105 587 654 669 679 813 985 997
615
6 13 125 220 331 338 474 476 497 645 840 864
411 597 744 779 823
319
13 426 603 686
260 319 934
57 66 207 227 247 265 470 556 575 827 889 991
230 277 343 444 723 880 949 984
483 553 862 882 894
71 175 203 277 312 317 350 493 495 505 647 865 932
506 593
30 390 400 684 697 934
490
50 107 206 273 320 331 609 775 824 895
150
942
260 485 528 715 717 745 808 827 962
542 629 650 666 687
145 398 505
762
578 804 830
147 193 306 344 365 532 604 844
558 701
739
841 917
292 550 556 978
36 294 298 324 341
145 709 742 961
552
335 451 742 787
92
317
537
168
667
143 192 330 531 626 767 826 873 958 979 998
24 50 67 68 73 183 239 246 249 283 372 412 424 565 578 622 643 658 720 757 767 792 884 999
62 97 111 248 274 286 374 489 526 568 838 873
661 894
126 390 526 766 772 805 864 867 881 904 935
743
853
19 179 290 393 402 503 534 659 682 782 794 807
207 501 666 699 735 780 893 973 986
8 27 51 85 171 196 228 234 354 395 468 555 660 697 832
87 100 106 164 274 290 325 482 534 581 590 608 711 798 867 894
50 65 212 326 394 487 659 800 831 875 923 952
65 133 177 324 347 358 516 519 527 548 566 601 605 637 686 877 887 936 976 981 1000
9 139 215 509 559 625 716 860 914 952
267 466 501 562 807
8 340 540 706 719 771 777 794 839 979
60 98 187 540 686
814 823 997
288 370
996
678
378 748
50 160 228 289 351 491
12 87 118 140 367 427 481 510 581 605 613 660 681 810 812 906
65 256 262 305 315 346 479 534 764 896 969 997
346 454
54 100 238 243 273 277 355 370 376 558 588 673 693 695 740 832 880 969
33 880
189 470 479 519
15 94 307 751 766
183 253 514 527 816 863
509 928
59 105 160 202 217 239 333 373 409 414 458 560 620 705 778 931 982
218 224 260 616 715 806 951
124 151 178 298 713 870
983
120 130 157 308 759 791
548 567 637 762 829 899 912
308 336 430 472 639 696 710 838 906 915
160 281 322 504 665 719 904 930
823
24 163 588 843 910
210
276 285 512 539 590
569 690 814
400 586
81 417 860
158 505 612 620 807
28 92 357 508 574 600 656 762 779 891 947 959
248 573 587 864
67 361 530 625 630 873 950
133 160 396 500 693
132 851
270 329 659 797 945
240 567 869
586
318
23 377 562 571 977
3 66 209 246 328 531 551 673 692 698 746 770 819 823 954
93 108 345 893
967
838
12 132 377 385 633 954
45 304 333 489 691
712 761 990
574 636 659 777 959
771
250 252 400 771
114 228 393 656 834 896
15 24 45 104 113 415 753 797 927 975
313 324 333 553 766 883
304 727
735
440 462 839
350 716 804
3
34 142 222 261 263 272 357 629 642 793 871 921 966 997
926
282
84 88 174 223 257 293 363 422 479 540 587 934 940
435
111 148 269 317 352 529 593 595 703 979
285
333 651 950
15 158 348 646
201 424 522 566 626 661 737 975
393
914
39 156 478 518 663 798 965
86 593 759 943
825
577
223 527 591
357 459 489 495 715
184 412 445 472
601 739
530 839
140 482 731
288 289 292 369 518 804
24 186 392 418 836 976
320
142 245 723 843
8 148 390 910
141 601 728 864
46 190 233 465 728 904
187 208 254 322 597 663 822 859
3
15 64 147 329 599 733 785
518 577
604
21 29 163 568 889
12 397 435 451
460 515 540 545 911
114 663
479 731 879
9 321 521 995
710 803 933 996
76 394 482 525 550 816 840
92 284 509
335
48 118 268 426 449 478 597 666 671 685 882 950
125 262 895 999
217
125 364 767 834
446
80 169 303 322
2 206 228 533 536 551 716 919
440 998
629
47 108 183 230 411 422 501 803 913 973 978
182 311 340 521 924
447 653 966
799 963
261 480 595 688
798
243 497 865 866 976
20 23 96 102 201 316 339 353 384 481 537 653 771 787 811 817 818 846 882 946 961
254 400 500 549 683 756 779 975
75 96 142 465 533 566 588 871 921
469
281 594 675 951
57
60 69 238 255 368 437 597 609 627 790 801 838 892 894 915 993
338 494
27 179 240 332 550 648 704 865 958 984
292 308 712 741
221 281 866
914
287
94 152 244 349 378 502 662 728 898 931
141 457 635
77 126 457 717 742 848 992
760
677 769 907
5 25 68 154 345 374 472 481 508 588 623 783 830 857 921 977
74 340
49 205 225 337 471 708 882 907
77 247 259 340 375 514 617 650 774 798 848 863 976
207 289 296 313 436 441 513 938
55 741 929
176 760
23 717 868
181 305
628
501 957
38
127 171 364 369 583 680 714 802 859 942
450
146 330 650 810 815
188 190 212 486 561
209 333 426 463 590 718
887
608 660 989
19 230 879
75 552
149 263 979
1 377 564
639 805
178 234 333 561
445
13 47 182 189 229 234 278 413 468 487 584 611 654 688 760 839 917
189 475 483
64 750 861 917
19 26 230 411 425 567 967
51 390 469 509 519 687 881
454
350 496
906 963
24 38 134 146 190 299 445 576 743 783 884
880
57 784 851 870 896 985
134 239 343 414 476 842
162 181 498
905
20 335 445 449 453 499 596 622 647 668 682 733 811 874 925 929 945
208 227 264 426 672 820 967
429 518 520 888
132 154 262 383 661
810
91 115 308
39 367 434 436 457 563 594 674 761
132 576 865
183 309
2
25 198 562 774 967
170 249 287 399 800
176
371
811
67 90 295 566 662
472 684 954
11 433
387 884
218 245 296 485 722 820 858
940
29 36 184 276 337 361 364 463 484 536 540 550 597 625 635 710 743 824
237 456
489 557
182 239 470 499 555 574 750 772 785 965
4 352 673
148 175 207 281 576 613
389
19 34 64 108 190 191 251 288 345 499 532 620 783 794 802 806 851 984
723
13
71 296 424 566 601 613 713 772 897 993
585
222 239 467 696
57 197 525 531 571
132 192 388 561 795 840 885
434
3 224 230 499 623 672 723 741 768 811 957
207 406 759
2 168 179 349 615 624 922 945
35 335 617 996
193 363 614 837
524 574 878
597
73 135 267 283 672 739 779 794 935 964 969 972
34 87 335 354 391 658 710 803 947
453
489
290 383 449 628 872
389 539 737
3 149 631
867
140 249 322 583 706 787
102 202 210 760 795
533
297 496 516 571 835 924
224
892
8 71 138 325 810
89 788 989
135 237 245 394 444 508 700
169
541 720 960
144 478 517 644 657 786 793 848
54 111 156 184 262 289 308 327 377 394 416 507 544 592 597 618 626 724 726 731 768 817 851 896 899 912 922 924 942 950 997
13 556 710 886 896
409
545
314 898
411 476
247 270 604 792
238 658
132 179 275 330 342 359 368 433 512 669 795 939 941
184 650
34 162 194 363
8 57 82 102 167 195 354 370 439 460 534 542 613 732 765 768 772 898 949 962
11 255 505 592 681 965
170 228 356 750 773
420 718 819
492 597 832 954
331 641 883
459 690
4 24 53 62 87 131 384 488 529 651 734 758 822 911 940 968
139 236 265 629
228 287 388 816 907
577
178 293 359 589 921 977
652
131
28 48 49 189 201 205 262 441 451 575 582 641 675 693 751 831 874 939 944 972 1000
741
84 347 394 396 585 912 945
113 191 196 197 337 831 999
20 150 201 296 360 599 617 952
802
17 56 120 456
918
171 254 280 874
3 127 395 555 662 691 840
82 212 400 425 731 790 812 869 940 985
58 80 172 195 236 266 318 328 334 357 376 391 425 544 669 670 755 767 863 870 876 881 896 937 980
397 634
96 212 244 379 630 701 905 1000
598
736 998
321 354 362 538 800
839
310 537
41 46 85 92 136 153 696 773 820 967 996
19 216 325 483 642 702 743 918
386 873 931
606 632 831 980
160 251 395 435 500 555 567 595 703 770 796 836
34 87 167 170 173 175 225 338 340 352 456 464 475 517 548 566 599 723 767 778 780 824 890 892 946 972 983
516
256 422 490 637
9 24 186 326 363 696 753
65 382 585 901
313 518 547 605 812 820 972 973
38 289 426 445
148 166 167 298 441 464 668 725 964
33 420 684 763 993 1000
101 369 532 717
113 172 179 284 342 462 467 698 957 963 979
630
122
106
66 541 584 725 744 847 864
110 335 748 834
161 188 192 235 280 333 391 442 482 500 532 549 603 628 646 675 678 689 838 913 915 974
313 318 541 796 879
531 795
630 968
48 318 350 663 862 896
1 8 89 375 445 535 555 921
293
324
194 326
124 185 290 493 752
254 264 269 473
639 648 910 976
23 40 59 89 95 131 308 345 351 411 429 466 506 534 671 678 686 730 829 890 901 912 939 959
172 216 590
18 138 284 654 789 866 906
57 224 228 337 480 595 785
182
249 341
619 652
339 400 679 904 964
459 537 654 712
924
661 980
48 138 141 174 207 308 812 996
287
576
64 610 667
8 57 101 232 385 608 616 629 726 891 957
520 809 940
127 146 157 219 343 574 643 705 829 930 956 959 980
210 268 437 469 563 935
15 407 410 524
166 476 711 748 782
1000
243 285 415 545 615 638 674 831 854 868
508
69 395 443 522
57 496 554 569 761 764
113 299 359 608 655 704 724 749 775 850
655
9 780
23 35 60 112 196 238 287 842 892 954
513 771 961
112 147 150 304 492 499 576 625 674 762 787 833 854 860 900 970
321
283 284 674 728 763 782 806 857 953 957
506
150 344 355 427 483 494 580 595 625 746 757 778 838 839 889 921 960 973 976
366 842
77
435 951 997
232
248 287 312 428 532 680 745 764
712
187 279 300 822 937 994
2 198 214 237 252 285 835 870 898
30 66 80 148 211 223 385 544 583 612 690 738 740 772 827 897 977 978
101 827
318 814 956 964 993
281
525 906 999
331 723 915 950
85 144 252 390 489 535 601 704 809 914 916 924
725 804 809
24 280 313 517 558 850 872 916 917
36 83 241 778 957
80 117 173 469 489 959
11 82 168 392 442 755 837
186 267 273 495 561 618 687 705 718 785 821 824 980
160 224 387 501 660 741
316
180 212 279 607 650 708 792 876 961 978
84
616
891
100 758 935
26 99 311 323 414 623 705 798 817 909
5 61 145 184 316 444 540 761
65 78 177 398 646 701 706 753 772 888 991 993
522 637 716 776 865
527
223 969
814
200 213 520 656 722
177 635
130 316 488 517 633 699 756 882 892 961
128 173 221 441 449 471 530 534 611 613 911
11 256 275 323
530 549 884 895
580
264 586 608 631 735
187 227 314 392 476 698 760 875 879
549
509
10
348
674
144 795 901
14
17 55 105 204 215 551 681 685 976
275 285 330 398 413 586 738 856
465
810
52 385 626 680
150 236 460 467 805 869
48 325 428 429 539
87 150 169 281 457 630 667 668 725 783 868 912 938
209 399 480 737 913
335
110 476 941
159
53 59 272 395 944 992
449 510 608 618 677 852 914
2 132 311 317 424 594 596 622 756 783 824
5
65 84 236 256 262 307 343 496 500 508 514 707 744 770 832
839
982
79 224 585
37 179 334 387 719 800 968
73 127 139 256 273 378 413 418 647 689 764 768 810 857 990
203 911
275 325 387 391 426 491 574 705 790 792 906
318 865
792
296 307 425
52 178 201 223 319 456 514 575 669 687 697 731 735 781 864 915
85 126 184 428 570 672 740 785 822
44 235 775
31 104 510 560 756 782 883 926 946
73 105 205 318
145 636 834 945
42 301 792 870
503 731
419
265
63 929
29 232 570 600 629 683 859 903 999
49 83 638
11 335 374 603 733 796 926
235 419
71
552
104 256 397 429 450 583 725 953
455 505 886 897
143 373 453
419 628
384 656 995
51 86 118 179 309 382 443 594 609 617 650 784 819 865 871 904 944
328 355 422 479 622 680 795 997
70 377 480 535 626
65 117 120 357 471 778 951 953
649
576
460 639 832 867
31 322
72 478
306
461 490 531 716
106 139 187 189 267 369 410 436 445 475 505 574 619 627 640 649 707 800 854
329
87 263 268 316 329 348 360 502 551 682 713 906
14 522
20 198 378 428 510
383 465
440
162 175 279 397 508 536 768
759 818
61 286 681 708 937 982
393 398 537 551 711 715 736 995
620
138 359 421 447 459 472 548 585 591 757 795 868 922
316 965 986
134 261 385 494 520 664 869 903 924 948
211 258 489 702 747 752 916
769
10 628 800
311 639 807
387
507
196 291 665 678 723 729 775 898 962 979
149 749
621
437
37 350 588 804
145 146 711 724 787 855 922
423
87 241 449 469 938
303 869 920
101 630 795 844 845 958
128 153 167 207 415 419 741 787 888 905 983
163
130 483 573 604 655 664 963
110 238 323 541 714 742
452 469 686 744
22 89 134 216 244 271 348 357 403 455 468 488 494 503 583 637 687 768 796 898 899 912
427
284 392
372 420 521 885 911 971
493 589 944
32 213 257 422 553 792 869
33 178 224 361 675 691 742 873
221
373 443
103 634
12 47 412 603 796 889
234 371 542 607 817 913
527 534 598
81 335 473 508 569 611 737
415 990
89 487 820
45 138
703 772 875
355 945
47 122 260 412 469 480 499 501 506 523 566 661 728 768 990
264 350 631 687 703 745 819
362
89 312 514 690 973
466 671
603 764 797
220 323 342 368 402 517 742
165 496
133 591 849 868
248 309 320 337 650
516
923
72 105 350 528 563 680
110 175 210 302 314 350 623 860 993
657
237 659 750 925
527 638 820 824 911
142 754
3 493 503 672
39 510
840
151 190 206 278 306 791 796
209
29
125 181 329 370 401 620 746 992
818
376 521 534 578 857
52 113 158 211 293 313 374 387 395 461 558 758 816 820
48
387 431 449 485 504 659 971
164 662 978
916
60 273 420 545 674 713 775
849
121 671 788 869
107 186 460 525 706
177 643
23 56 163 287 298 374 375 377 499 622 743 895 902
345 404 720
60 116 277 338 484 733 836 853
85 133 165 190 193 209 263 374 411 416 748 764 963
12 262 715 819
76 118 141 271 272 367 378 416 745 782 856 926
507
33 915 933
745
247
76 432 517 696
45 65 170 227 253 306 430 440 453 467 536 561 578 634 775 832 891
545 709
320 390 391 416 468 482 524 610 615 751 875 884
54
946
389 693 720
927
47 357
4 35 72 78 119 248 399 654 689 779 808 886 996
135 170 985
159 198 199 430 533 663 748 988
557
86 87 158 608 779 877 922
141 338 545 609 796
64 126 166 208 239 336 355 364 370 442 702 782 908 926
472 481 498 587 778 852 899 944
25 135 188 300
28 186 442 752
225 268 526 791 841
35 66 192 505 729 731 997
489 979
36 272 550 805 889
32 324 868 982
886
182
361
3 29 99 169 188 231 447 528 586 617 810 859
437 723
39 41 291 481 578 795 974
48 65 239 242 249 310 374 464 476 563 629 692 732 798 799
403 526 587 765 847 904
26 48 327 329 415 530 606 701 792 868
124 156 550 556 661 870
24 29 357 413 686 789 830 955
154
490 644 645
25 147 391 674 755 967 985
29 79 249 328 513 662 752 772 824 837 857 896 904 911 919 975
34 44 49 89 126 159 160 199 257 358 364 422 505 517 610 632 649 686 717 883 897
62 75 137 161 175 291 974
157 205 229 268 395 528 838 922
432
88 204 284 453 798 862 977
9 258 666 704 727 810 871
5 8 171 182 232 288 319 882 897 924 971
294 572 730 769 932
226 397 815
5 132 185 215 339 369 577 840
504
204 395 447 539 563
132
49
40 58 93 342 443 516 842
106 229 318 352 753 787 948 969
130 172 281 595 741
51 126 350 376 389 431 637 748 766 919 938
138
10 109 121 138 284 302 329 423 596 602 806 930
54 172 313 503 637 825 868
156 779
41
4 95 106 127 266 440 503 546 558 625 822 864 895
277 616
25 34 133 208 248 599 739 780 818 861 922 928 942 986
29 209 239 459 547 589 641 985
181 659 821 870 934
163
394 805
18 221 241 296 445 480 739 848 853 877
120 210 223 377 609 622 633 675 695 717 741 947
309 486 952 984
228 283 389 406 807 840 932
32 122 482 530 656 817 886
12 36 542 884 888
57 530 697 769
51 726 740
397 467 656
27 104 154 242 290 308 498 557 630
175 182 824
487 721 978
215 638 815 974
90 178 186 474 496 592 875 915
710
53 881
72 511 947
108 144 167 226 374 680 732 855
303 383 436 488 500 545 868
420 497
803 867
792
55 311 401 485 639 668
425 787 823
53 100 140 211 340 353 408 409 571 612 669 687 721 775 792 927 979
83 130 375 959
80 216 778
292
441 578
175 277 316 332 415 427 543 559 576 632 646 751 795 892
836
141 179 315 443 650 776 808 835 874 880
44 217 368 633
76 272 553 677
493
240 380 506 749 864 952
893
485
11 433 518 656 862
956
4 74 142 190 325 628 680 766 776 801 842 846 915
523
267 311 554 831 850 886 907
504
259 458 776 856
570
665 951
249 458 593 715 986
55 364 461 540 944
23 187 265 365 375 451 993
43 193 278 718 821 949 991
44 296 388 428 447 553 555 613 710 722 759 782 968
132
21 95 109 111 126 130 179 224 318 339 425 440 442 468 694 815 818 892 949 957
226 250 965
49 93
974
154
63 176 223 351 400 435 484 599 637 688 700 952 994
642 885
70 71 87 282 301 302 379 525 553 612 714 894
870 945
214
169 921
461 831 833
45 113 250 614 707 710
420
23 37 281 282 290 343 513 632 684 844
193 598 658
52 57 390 713 755 875 883
77 227 233 246 285 306 320 332 359 524 533 541 725 861 932 965
4 226 277 285 309 340 418
381 841
51 141 475 486 769 953
38 39 244 284 298 326 342 405 461 671 753 857 921
276 300 331 557
152 464 642 940
169 493
316 735 998
37 269 494 616 959
193
148
261 440 504
97 117 560 935
60 234 312 513 821 847 954
405 935
40 181 247 298 299 301 557 582 637 669 812 980
84 193 247 495 826 857 902 926 966
17 100 102 248 416 447 565 785 788 810 813 878 904
241 382 565 709 877
996
192 520 865
237 876
726
349 932
571 782 956
111 354
48
620
168
74 202 279 666
589
744
259 400 501 792
114 852 883
318 464 685 856 864 868 893
147 161 384
985
45 109 125 373 612 620 642 689 727 867 869 891 910
683 834
318
805
170 199
561
823
662
383 534 565 601
21 24 85 89 434 573 727 922
104 313 314 337 412 462 552 573 647 835 921
652
68 154 275 707
76 92 168 171 282 340 407 446 547 581
90 365 479 616 727 773 872 944 958 981
184 470 501 798 819
138
300
43 281 824
110 476 533 597 856 1000
841
906
210 421
36 168 251 721
203 265 314 318 592 961 966
123 240 268
37 154 173 351 454 487 500 641 653 736 851 925 967
559 586 755 808 885
78 162 923
76 646
66 320 336 342 453 933 942
568
779
63 111 218 235 267 317 333 413 440 611 661 735 791 805 831 936 950 971 978
373 414 450
44 134 303 517 531 869
485
208
182 639
52 175 270 348
2 51 126 142 186 308 413 566 567 888 927
896 917
246
175 213 794 832 986
462
1
185 397
95 151 209 270 285 520 721 798 894 904 964
8 550
63 149 189 366 373
249 495 608 835
90 375 680 780 790 978 988
249 617
20 130 166 304 936 973
232 265 736 829
133 797 944
237 239 296 602 766
681
141 480 484 509 696 806
27 35 73 244 270 604 797
429
351 502 786 864 979
106 107 145 201 244 301 305 332 492 802
10 93 102 112 245 581 728 742 756 893 903 946 948 996
94 169 240 627 876 981 984
368 909
515 560
161 448 679
492 958
19 39 753 964
98 516
14 29 137 227 697 900
148 432 800 850
40 281 740
307 899
975
33 359 450 582
205 522
106 175 230 290 371 621 787
455 712
694 922
145 189 351 394 400 443 447 490 497 518 519 608 761 797 848 868 983 995
935
8 239 308 474 504 512 739
234
61 423 497
179
33 44 56 109 459 568 645 732 760 761 814
111 430 453 516 718 775
57 65 110 150 331 396 405 451 519 591 629 672 872 934 938
208 284 909 935 977
852
382 665 906
79 129 158 260 269 271 316 332 349 423 441 586 620 725 750 941 992 995
39 96 434 450 524 577 586 600 636 653 779 787 842 860 896 951
31 393 553
334 529 574 740 762 839 875
58 946
103 364 461 467 620
104 171 244 255 317 345 350 412 437 523 643 837 881 952
529 615 999
467 862
91 123 140 208 550 603 671 819 900 954
892
279 328 335 472 580 914
14 63 113 221 229 318 354 398 470 506 870
101 249 430 497 894 993
118 602
589 938
183 199 546 862
11 48
95 117 133 168 207 273 447 492 641 654 735 794 817
18 23 63 243 262 287 337 349 473 547 557 575 646 660 670 682 693 733 817 878 916
598
20 36
366
100 641
43 80 100 209 316 459 477 598 628 803 885 965 975
665
86 99 106 236 262 614 801
60 91 339 574
708
197 201 683 856
179
590
4 71 82 97 127 136 184 204 225 227 244 382 384 447 575 611 704 707 730 743 747 782 822 971 1000
110 377 440 467 548 565 625 628 724 913
147
186 665 801
4 147 216 356 378 689 766 959
139 322 471 562 710 761 969
91
176
250 411 505 654 854
321
417 579 892
569
204 325 637
293 521 534 563
760
171 281 801
34 650 857
523
424
696
303 598
142 211 277 320 459 519 544 725 753 779
17 234 241 366 457 470 514 652 718 823 826 993
544 659 675 762 782
630 712 853
837
331
74 92 142 161 443 515 789
181 285 493 547 656 774 834 984
17 42 109 113 157 295 314 417 450 627 693 708 990
67 104 109 172 238 650 694 752 824 855 856 884 946
22 28 116 206 212 233 322 331 419 433 439 599 811 892
94
17 587 781 944 948
65 234
527 700 767
163 240 284 622 868 911 997
823
378 382 617
229 363 543
905 930
184 305 324
24 43 140 277 715 811
15 266 722
203 905 969
718
49 80 81 247 277 279 334 366 399 457 484 524 530 542 673 788 883
54 182 900
386 496
288 454 685 815 848
431 566
280 320 631
104 121 362
134 185 239 529 648 746 890
538
605
306 395 819
137
441 583 707 814 844 852 912 938
33 318 384 482 493 499 506
360 658
180 198 209 287 477 777 841 851
324 483 505
40 385 658 983
237 408 495
50 96 405 423 545 652
732 948
292 715
956
26 729 855
677
34 48 285 308 360 686 687 779 816 873 976
138 344 510 707 709
90 376 637
27 90 155 682 824 868
113 650 659
176 190 253 492 544 590 662 665 671
37
400 427
89 264 290 308 325 333 354 403 505 619 667 748 827 984 990
407 576 577 890
660
502
181
7 24 190 213 694
5
560 991
41 77 239 301 308 554 640 698 736 820 868 922 986
166 366 867
61 169 185 246 249 296 321 367 379 411 429 563 689 873 918 933
157 164 247 584 679 773 780
429
502 745 777 817 929
491 539 692 768 943 950
484
43 156 198 276 301 577 596 658 702 722 749 793 954
630
269 333 366 450 455 486 519 595 687 793 948 990
7 129 477 484 488 533 880 910
50 517
36 85 157 191 229 241 335 366 396 459 527 537 563 656 751 801
3 90 156 361 383 527 530 582 611 614 674 759 790 810 928 941
308 393 441 516 533 558 620 753 754 862 898 948
33 905 907 981
905
269 302 909
11 295 327 701 754 973
681
120 398 495 529 571 791
899
868
873
457
112 120 287 297 368 480 502 514 586 637 652
14 268
372 522
728
45 480 683 779
54 195 199 307 455 484 781 978
63
442 516 613 622 813 960
113 131
48 103 190 201 218 265 278 348 524 584 632 697 730 788 849 963
122 412 811 854 953 977
62 422 545
183
287 341 496
16 78 143 150 259 284 333 384 385 416 435 436 440 566 569 638 709 846 885 945 974
458
673
249 336 365 438 496 579 622 644 650 759 763 821 929 995
869
613
292 708 844 868 930 964
148
566
7 64 205 617 651 661 733 777
13 142 175 245 251 298 343 410 633 634 678 800 807 866 917 932 980
117 355 411
97 168 177
43 148 217 255 286 430 597 611 616 712
103 109 111 149 161 281 334 372 377 392 411 421 591 649 666 672 704 744 811 828 831 858 862 887 895 909 912 929 940 945 963
258 406 499 594 685 845 870
223 577
948
76 337 502
250 560 619 679 937
740
276 571 609 885
616
493 684
62 84 103 800 818
41 72 347 410 867
667
499
228 622
301 688
379 449 531 605 647 883 921
728 747
34 45 100 190 349 390 401 425 443 532 926 927
16
404 470 855 860
372 551 863
698 729 822 965
56 451 749 787 906 910
32 105 514 552 817 826 909 961
153 318 406
3 85 109 122 172 202 262 307 310 343 344 407 424 568 615 674 724 732 809 890 904 929 932 971 988 997
578
535
43 178 282 417 539 581 728
106 123 167 469 663 665 724 960
92 253 360 748
604
994
81 108 197 700
86 328
65 72 930
384 574 910
273
200 211 398
85 98 137 246 258 294 586 999
297 829 946
679
685 856 965
39 91 180 246 813 817 866 936
301 516
475
274
6 44 68 87 269 310 411 426 515 566 568 611 669 692 739 814 858 986
208 254 307 741 835 911
393
29 112 307 429 521 654
26
21 171 293 692 853
150 212 250 408 536 745
81 250 286 409 490 713 798 812
117 235 623 700 826
106 254 416 487 508 570 692 744 760 789
393 620 631 685
243
26 288 298 344 357 372 412 466 467 501 519 563 570 691 709 720 723 734 816 829 881 897 915 985
34
52 62 100 162 191 195 283 449 465 640 681 718 785 786 811
314 530 842
817
464
85 385 491 515 539 693 700 747 814 834
21
184 328 361 378 439 443 869 925
23 70 142 193 224 273 274 294 462 476 517 521 579 587 684 735 813 875 985
16 841 941
32 103 136 195 412 513 534 636 645 675 909 923
13 72 131 154 160 213 221 228 246 268 290 317 397 399 402 419 421 443 461 476 494 506 525 583 606 639 702 825 834 862 864
41 79 179 624 655 953 975
679 951
578
159 186 230 282 634 646 693 741
254 692 786 947
97 234 414 521 548 680 737 866
89 341 517 590 712 892
119 477 713 844 897 916
746
913
132 582 602 612 954
204 215 569 594 742 758
135 239 295 442 454 590
105 143 772 848 910
393 778 781
265
639
46 168 237 426 471 677 717 982
9 407 632 703 759 911
25 33 78 158 178 309 355 529 681 782 918
138
44 417 878 936
81
10 13 80 143 369 474 507 604 665 682 707 830 928 959 963 970
152 324 508 990
709
25
256 483 614
289 444 844
235 411 584 622 635 662 668 803 968
66 135 602 837
44 51 128 173 192
37 183 441 468 647 649 830 844 860
32 229 296 606 938
5 68 276 336 416 448 493 725 757 994 1000
231 498 803
231
20 194 630 824
243 488 571 705 734 838 844 845
363
220 382
739
480 555 734 905
309 321 410 450 581 582 893
837
232 329 345 381 527 561 592 615 787 859 865 868
37 171
23 122 189 422 424 515 539 570 595 597 796 845 930
203 406 601 744
763
42 64 84 97 145 220 280 370 424 432 629 634 657 663 726
133 433 724 956
252
219 511 825
413 655 737 848
15 116 131 433 504 618 791 859
82
72
568
78
258 361
697
28 95 261 290 582 727 981
294 473 930
891 966 972
139 295 523 684
263 393 501 567 612 756 885 946
711
689
604 779 862
406 932 954
86 317 477 802
186 390 500 592 615
955
799
404 496 557 599 757 833 863 900
378
33 173 240 485 862 983
34
77 270 285 541 825 828 846 849 917 982
605 725
361 370 625
206
520
855
748
41 67 447 518 661 919
141 332 401 820
47 569 988
58 66 152 689 732 957
151 196 288 534 575 731 857 969 973
18 126 622 705 808 809 890
422
156 168 188 190 286 310 460 513 673 694 725 809 819 833 964
78 83 126 148 173 289 297 433 447 471 473 621 859 889 910
136 147 378 418 535 700 740 790 861 946
244
438 677 791 980
138 865 903
58 81
104 569 726 878
159 269 331 388 583 630 753 887
412 546 920
253 328 617
76 317 337 366 373 543 624 847 968
20
12 63 459 949
26 114 255 288 308 686 857 963 1000
668
198
70
339
400 989
127 324 351 502
385 710 825 832 904 930
28 81 155 290 666 721 744 875 902 989
206 207 591 612 884
94 180 198 291 296 354 490 629 654
576 688 808 919
34 68 188 242 432 486 596 634 645 801 802 804 936
55 204 275 475 693 716 799
611 836 881
684
80 96 175 218 905
423
93 532 593 692 836 881 930
199 774
300 561
5 108 137 183 251 293 319 322 488 489 640 725 780 816 863 884 969
923
833
65 306 547 835 951
549 611 671 753
571 784 965
79 116 604
388 677 685 907 940
39 665 698
888
218
466
404
26 592 612 804
651 975
96 160 315 339 349 366 388 395 418 591 665 761 868 874 887 903 929
40
497 798 875
373 385 481 593 622
516
987
54 131 147 284 378 391 404 713 803 855 888 928
212 484 597 882
229
961
32 111 122 210 289 487 608 677 830
548 606
703
123
152 158 172 192 255 316 350 391 434 586 666 723 740 910
196 331 508 595 665 681 821 889
229 893
267 379 412 619 775 780
113 222 908
786
112 436 498
19 119 145 181 195 259 279 539 623 653 696 910 937 950 960 970
809 839
73 232 420 516 798 808 960
75 215 454 476 744 980
110 165 183 192 218 319 368 421 445 475 483 502 539 689 757 818 838 880 975
185 339 391 448 496 520 542 572 700 771 963 1000
424
830
871
527 641
125 907
271
32 90 113 114 399 485 505 538 585 754 844 885 905 987
1 69 98 120 161 375 676 746 801
706
613
78 550 616 719 780 830 846
154 163 324 486 501 515
229 231 432
25 85 114 212 258 349 350 395 402 477 651 761 869 887 907 930
338 505 594 710 769 800 886 992
1 2 625 962
15 162 185 219 232 286 596
62 167 283 416 836
54 261 641
88 243 361 382 432 767 874
35 224 614 701 783 803
234 265
158 167 200 390 425 457 471 488 533 610 680 814 876
21 234 757 781
26 155 174 307 494 587 598 696 864 896 981
826
109 330 996
32 86 259 307 462 963
315 384 505 882
106 132 482 568
342 355 840
512
16 46 123 174 176 203 226 289 563 583 625 664 674 720 723 780 785 829 846 858 903 919 970
84 146 280 282 290 410 536 542 589 898 994
98 299 316 380 451 839
74 226 332 694 946
976
240 598 897
633
205 816
276 286 411
172 351
855
120 969 983
437 738
102 214 329 338 850
57 424 466
802 894
539
185 351 377 508 541 561 733 759 800 805 948
222 515 587 781 962
42 283 685 726 727 881
213
798 945
257 275
741 833 981 996
284
10 56 247 814
10 29 143 201 440 459 508 534 643 881
88 368 589 722 817 831
7 19 37 75 317 392 482 485 533 549 581 652 695 725 787 985
206 360 958
127 222 383 482 483 554 632
301
658
10 39 74 102 131 134 153 222 234 257 319 382 421 534 609 656 688 764 787 825 833 868 950 970
32 135 160 165 650 696 916 965
935
966
42 128 251 266 315 393 397 416 499 653 731 784 841
154 564 650 907 953
21 193 603 615
254 425 572 623 681 719 787
134
44 165 796 860
403
359
527 738
647
118 157 243 247 248 250 260 304 324 337 347 375 378 417 470 493 542 565 585 672 685 756 765 787 790 833 962 999
76 97 341 352 447 640 705 817 914
456 894 904
174 798
705
39 128 145 169 436 800
342 528
57 632 672 811
76
233 738 756 805
33 239 372 475 691 733 961
192 580
413 858 949
238 449 925
219 322 328 681
421
28
829
296 597
4 14 28 69 73 123 209 224 325 365 403 472 573 664 783 893 938 960 991
502 542
83 166 241 261 651 785 843 856 991
78 157 339 409 532 650 766
586
384
41 161 858
41 59 64 275 286 321 335 644 755 862 916 974
561 574
320 528 593 641
88 157 317 531 577 579 793
947
137 241 302 633 841
34 38 150 151 369 776 842 903 936 986
60 268 297 873 887
361
752
103 378 551 609 645 648 995
56 230 342 357 371 450 609 725
92 146 248 267 329 342 366 480 542 547 566 578 787 792 825
346 430 465 477 591
582 612 991
532
10 600 618 660 797
748
325 338 512
23
222 460 465 493 578 943 951 982 985
103
158 389 474
41 128 238 321 356 485 508 701 708 726 952 994
429 442 835
250 575
77 476 649 719 739
375 458 836
126 573 611 945 963
147 567 761 779 925
817
89 415 538 969
897
2 39 74 79 82 101 155 183 206 249 305 308 315 376 548 564 611 704 708 739 757 760 833 842 895 897 912 913 942 953
491
108 162 206 330 450 453 722 744
116 165 279 501 696 785 924
199 356 656 847 949
134 246 332 443 737 821 916 979 983
20 27 83 266 284 594 632 715 836 849 975 980
21 102 267 275 329 337 612 620 650 805 976
333 492 789 805 968
89 163 897 903
108 781 994
37 61 77 131 246 260 321 454 477 526 629 955
926
850
175
17 251 471 997
277 327 546 568 766 780 930
67 253
344
377
203 309 453 466 824
248
222 873
519
364 542 905
64 91 93 427 811
194
73 107 217 278 351 365 421 569 723 736 748 836 866 939 963 965
843
709
19 41 134 145 294 635
413
639 725
85 100 473 493
820
149 407 446 660 918
4 188 284 519 873 885
119 278 393 444 532 649 856
458 712
120 218 266 669 765
662
125 256 304 307 321 381 433 575 578 583 584 620 634 662 722
424 554 992
32 244 384 640
171 267 311 486 497 555 587 601 632 674 734 879 965 991
10 136 239 329 680 681 687 772 924 973
40 53 54 181 184 218 260 275 309 313 349 380 397 446 473 558 637 669 694 705 722 751 803 863 885 901 980 981
315 460 517 631
85 185 450 513 582
250
142
164 176 345 999
234 245 386 800
322 492 804
182
662
176 471 541 838
7 48 88 162 385 410 541 613 620 624 848 869
99 112 433 686 764
447 542
151 279 350
299 529
566
300 324 447 559 702
77 140 322 343 364 644 702 896
62 250 290 380 395 564 578 627 724 969
41 64 119 285 292 322 403 569 691 794 932
70 504
8 61 336 369 389 660 689 827 842 868
940
145 274 361 407 626
709 851 872
78 336 347 405 464 883
658
112 284 634
388 882
30
332 611
414 693
27 151 168 169 259 265 308 345 436 664 744 814 853 865 913 965 970 975
267 350 384 624 653 760 799 889
560 765 766 994
74 898
427 740
10 105 615 639 642 649 697 920
169 201 384 521 827 931
13 47 232 345 577 641 675 757 812 851 911 973
67 96 245 341 424 852
420
547 763 885
19 48 50 54 177 267 329 335 362 436 495 539 590 648 716 773 782 816 897 936 971
314
359 450
399
37 457 599 606 735 887 997
51 302 576 682
47 220 231 232 242 261 353 436 487 537 547 572 574 578 642 667 710 740 756 792 938 986
694
53 140 696 904
29 82 144 158 183 198 199 202 331 401 438 518 519 529 533 606 636 637 677 746 757 806
981
60 189 208 244 545 727 771 899 921
12 52 882 907 995
365
2 61 118 300 485 590 697 710 927
184 204 296 321 383 416 617 702 908
228 244 304 431 988
658 982
256 303 476 485 605 925
53 61 182 319 364 368 493 559 584 914
28 68 127 137 152 160 204 257 284 288 307 375 488 491 671 672 674 705 714 729 734 747 796 817 818 845 867 892 895 918 946
573
238
465
144 221 599 690 708 890 914 988
178 247 276 451 708
407
53 98 138 142 186 275 283 288 293 322 373 379 430 498 574 575 577 664 667 691 736 756 883 894 942 943 976 994
18 473 550 850
72 87 206 242 307 390 398 661 764 834 958
99 934
43 103 241 340 611 659 696 742 745 834 893 921 962 969
35 75 544 904
944
95 219 299 353 378 436 448 458 482 807 854 903
46 582 964
202
646 935
331 890
440 793
242 317 432 484 698
795
172
772 892
183 437 590
391 539 755 844 982
138 452 684 880
149 207 219 264 514 576 667
362
37 40 192 260 297 312 337 359 706 985
286 354 375 388 400 748 839 959
691
9 664
344
538
809
233
122 636 977
30 349 428 547 632 775 795 802
31 116 398 424 621 823 867 981
141 214 389 445 478 493 536 559 591 613 629 652 668 727 859 878 959
55 79 209 276 304 466 516 595 677 750 832 844 853
380 628
549 945 949 999
157
56 270 292 425 567
270 286
222 519 712
414
325 334 482 895
544
695 824 882
47 124 268 666 766 813
64 526 751 809 832 864 906 995
216 632 982
774 810 945 986
260 263 888
401 445 479 813
2 14 67 106 284 380 396 694 719 745 786 791 824 830 872 950 996
38 123 244 347 447 653 981
192 514 759 901
96 343 468 469 527 544 582 600 611 700 708 713 751 794 799 807 838 858 903 916 933 972 978
17 527
71 84 244 501 618 645 735 764 838 891 906 912
237 459 744 753 805 887
18 78 86 153 320 437 512 672 782 845 872 978
462 463 570 801
53 148 231 309 437 548 578 998
115 166 182 209 227 262 405 490 561 564 578 710 770 807 859 880 996
397 872
104 440 586
620
131 352 363
77
139 706 865 991
16 586 862 942
808
29 140 611
178 301 308 965
259
255 288 381 494 535
19 31 434 831 932
244 410 425 453 789
481 601 732
481
677 935
122
448
39 90 104 713 769
636
92 460 824
135 527 661 720 755
139 488 719 864
39 278 327 339 520 528 799
214 341 449 640 646 774
377 467 539 650 712 894
89 94 410 730 881 895
391 534 729 774 907 926
558
331 370 428 948
914
270 325 563 783 825 842 963
32 223 266 365 370 378 436 778 960
42
713
514
129 139 392 687 784
6 474 544 658 775 871 874
11 130 146 154 194 195 200 334 377 390 398 677 708 748 755 788 789 806 838
557 656
33 40 180 181 249 397 446 532 605 651 697 982
224
174 258 271 555 728 753 858 933 943 993
38 191 401 454 527 687 754 865 886 976
83 86 197 226 302 438 585 597 600 700 792 828 830 864
511 535
229 334
75 106 350 441 657 676 983
241 361 549
1 33 41 80 200 282 458 484 524 543 564 705 746 965
938
141
364
17 350
398
642
131 421 521 856 991
154 994
724
36 47 126 331 362 460 542 636 768 769 810 899 935
840
620
862
151 832
199 243 902
216 270 274 332 430 903 964 980
528 765 968
550
59 100 145 213 227 352 362 381 477 571 628 673 733 774 907 915 959
148 535 551 599 708
819
11 197 239 374 423 477 652 708 862 926 959
145 171 189 192 667 701 761 901 906
40 117 146 174 657 682 729 760 811 927
133 560
554
94 394 451 489 560 594 696
9 38 69 165 191 351 769 813 902 932
146 945
425
60 92 395
65 382 484 533 771 933
365 438
123
221 355 388 471 493 599 647 672 760 818 822 849 929 956
678
333 603
142 193 247 292 551 665 788 860 977
50 91 120 407 750 792 806 860 933
97 216 266 277 762 801 841 878 900
201 215 589 742 997
24 144 152 215 281 427 447 494 612 647 665 781 937 993
6 54 65 102 224 316 368 430 431 453 610 661 762 855 921 993
180 288 647 868 956
295 686 763
20 196 339 515 616 669 782 960
770
25
836
132 147 208 224 417
77 194 232 344 447 521 542 717 871 922 959
29 253 399
7 89 107 113 308 603 818 920 926 931
270 295 430 501 702 703 856 911
896 982
219 436 484
253 342 602 630 638 716 851
364
74 92 450 675 768
22 93 149 290 352 371 524 682
203 585 866
200 552 896
254 625 722 767
164 333 454 509 583 740
40 435 489 591 644 689 701 858 863 949
209 404 407
54 104 241 425 459 500 549 705 893
264 600 785
29 199 224 642
32 549
171 745
20 55 222 453 614 922 927 964
109 142 181 215 371 551 681 834 916
662 709 932
792
178 533 603 679 871
171
96 163 191 341 434 495
44 57 144 296 349 393 397 448 489 492 599 631 697 772 828 831 923
149 206 576 899 908
750
270 432 736 826
204 408 448
89 152 394 457 907 951
347
343
77 92 106 154 298 322 403 411 415 610 690 723 935 965
140 195 268
960
76 125 284 311 321 700 736
698
881
209 281 386 657 852
227 272 493
707 759 788
235 318 379 387 597 956
170 336 560 623 987
53 344 377 753 900
5 122 317 356 374 418
86 941
78 92 322 337 440 562 641 834 960
120
192 195 423 498 544 910
171 184 678 735
191
332
145 296 351 361 385 435 895
142 295 815
92 122 373 634
91 478 801
159 169 252 411 637 834 873 878
178 257 368 561 689 794
181 362 421 553 711 902
129 157 274 326 403 709 801 909
795
125 383 389
1 62 83 130 216 271 321 332 517 586 697 746 953 977
256 519 990
54 255 518 565 571
122 149 548 592
9 211 339 489 870
59 122 323 344 350 372 400 403 652 776 902 912
97 158 208 550 872
186 749 990 997
446 746
5 66 79 102 174 181 242 280 347 682 698 874
6 199 448 537 704 715 811
727
132 902
46 97 227 483 534 622 664 750 859 865 917
238 773 883
496 661
31 161 336
484 527
178 209
488 782
169 444 458 684 924
468
12 193 300 431 543 571 606 628 735 830 858 872 878 901 913 990
678 999
102 153 465 998
879
1 78 135 203 516 683 943 977
280 450 483 692 799 914
203 420 852
61 273 338 549 851 895
189 190 241 314 628
445
44
56 81 113 245 436 555 741 818 909 947 967
183 318 387 427
388 891 899
26 205 239 258 374 800 828 908
163 638 641 774 804 921 940 960
485
100 224 287 391 847
418 541 615 784
451 639 766
114 157 425 572 743 755 817 848
187 264 311 342 397 455 481 529 555 566 774 838 901
48 122 260 339 629 968
419
325 339 486 498 500 524 545 561 744 777
192 200 373 437 476 485 486 537 756
475 863 876 976
265 557
31 172 575 736 896 973
558
1 28 249 267 563 652 770 908 927
71 288 578 868
97 155 312 535 544 596 966
127 283 765
50 239 984
26 229 406 768 866 950
179 265 409 437 468 509 857
16 44 96 235 252 289 346 417 485 903 905 965
238 277 796
26 61 114 163 165 226 279 312 414 530 700 835 900 901
206 498 708
447
74 162 246
580
231 779
244 398 813 995
441 543 632 869
43 247 491 657
819 909
65 140 655 860
725 808 992
624
507 684 689 820 822
82 130 430 667 693 737 874
236 885
173 492 501
643 771
242 315 426 512 540 925
36 84 119 373
255 893
49 108 224 307 859
44 128 158 179 195 196 311 337 424 478 576 616 700 751 775 805 811 858 876 897 916 979
470 494 530 623 733 793 977
98 303 416 554 777
330 573 915
239 305 396
192 350 790
418 552 604 665 686 801 847
97 487 682 746 777 792
120 675 715 821
36 90 102 192 229 299 418 451 570 748 868 966
236 341 590
374 381 841
889
870
26 141 407 453 654 688 749 766 922 946
98 220 291
19 103 111 141 187 242 332 333 349 357 367 424 428 431 531 559 561 659 703 775 940 991
35 66 78 333 345 348 434 535 550 650 663 814 856
74 646 694 734 809 957
3 42 564
80 176 229 351 458 490 504 536 564 611 615 932
333 388 414 665
375 385 405 721 722 784 930
441
173
546 573
248 682 869 925
242
35 60 378 399 666 674 947 960
76 115 220 840 889 944
104 199 344 523 566 577 709 796 832 923 971
286 320
208
286 366 734 792
272
19 56 81 305 387 429 565 586 712 787 795 808 822 963
342 621 958
35 92 471 491 506 770 776 997
34 498 575 728 787
223 697
126 170 956
398
311 986
715
423
332 338 347 349 360 448 883 954
18 397 428 778
98 780
449
998
78 477 674 916 924
406 633 660 968
372
64 95 113 146 397 429 661 697 737 750 751
971
367
175 833
165 197 214 828 836
682
889
177 258 289 513 596
4 151 223 261 282 421 686 881 987
95 159 384 398 713 766 806 864 893
33 115 141 327 794
20 43 88 93 130 321 560 686 768 855 953
14 596 740 932
14 102 419 510 779 829 970
347 557 658 990
855
271 872
309 375 557 679 978
185 207 314 321 453 476 631 753 933
25 314 315 433 459 590 689 795 931
26 118 187 283 321 463 471 483 507 557 617 655 684 692 832 897 988
18 48 63 138 210 290 339 386 472 618 819 1000
110 116 307 363 396 433 446 449 464 573 745 758 799 823 874 925
4 295 324 754 875
48 63 189 285 335 401 442 479 513 534 598 758 835 853
43 81 119 147 196 271 308 345 494 508 605 767 826 938 951
124 320
50
6 94 347 719 729
215 788
678 743
141 466 585 688 715 788
59 136 176 576 616 705 739 898
595 913
272
843
426
384 562 981
595
12 212 218 474 544 578 649 717 780 892 958
497
45 388 481 612 927
45 340 362 807 873
410 586 871 916
473 508
801
93 308 337 356 383 449 455 469 526 702
586
6 76 289 512 880 881
434 575
524 578 584 672 719 744 777 831 846 905
52 56 185 222 325 417 626 664 666 674 682 743 769 860 904
975
2 273 362 368 381 491 493 768 819 862 874
561 637
100 116 343 405 409 435 518 612 810 902 916
219 319 351 382 521 659 695 980
512 513
425 469 480 730 787 900
467 936
277
93 143 215 280 574 848
17 216
921
116 515 985
498 817
66 75 263 306 602 646 776 797 836 989
613
718
359
89
199
297 629
274 720 893
79 169 200 460 483 549 555 611 697 723 734 786 867 888
287 605 831
154 195 270 315 358 359 471 803
69 605
79 383
172
2 5 27 50 75 81 84 91 98 207 264 328 408 409 421 516 566 567 570 594 634 646 662 869 910 1000
329
2 16 178 226 298 314 396 421 617 836 887 888
23 47 66 68 190 248 287 357 477 510 720 737 901 983
61 231 268 305 579 866 915
98 279 391
35 210 389 390 396 629 929 934
383 556 656 659
86
425 793 967
193 346 478 708 751
6 24 28 55 368 384 431 480 550
113 266 343 411 543 599 611 744 799
800
535
37
414
366 391 643 646
69 264 900
668 880 931 962
203
203 439 848 872
254 962
157 176 389 432 598 837
66 294 301 570 705 791 792 866
143 227 376 492 550 621 648 688 745 769 926
326 354 456 680 805
368 560 584 613 649 772 780 907 925
829
117 417 486 611 677 832
9 190 240 245 253 376 541 573 619 679 999
327 452 586 923
648 912 946
288 684 900 974
5 78 287 970
248 336 499 946 955
153 161 216 304 666 678 766 801 829
230 348 499 501 530 558 814 888 997
76
15 43 88 192 241 274 297 353 363 388 463 482 540 541 567 588 639 776 800 850 902 907 1000
142 708
583 825
53 71 119 189 195 202 247 285 346 426 430 596 603 609 695 704 737 753 784 794 926 927 945 974 981 985
283 946
432
5 119 204 211 507 763 788 912
862
207 234 371 480 505 515 588
772
953
549
354 505 721 756 782 831 953
325
125 340 390
284
104 166 243 309 351 441 786 812
552 883
535 875
125 223 252 278 285 293 322 535 604 811 891
901
414 596
77 120 187 441 551 824 833 889
6 70 166 225 335 343 411 417 435 497 575 633 644 705 856
150 385 512 518
15 92 143 223 278 340 347 479 552 778 806 991
9 99 184 483 500 516 812 846 948
319 476
277
5 38 516 599 865
150 691 700 877
186 203 239 240 275 515 800 871 937
33 938
394
124 147 150 345 665 725 896
604
65 569 801 869 956
460 615 904
498
23 235
482 745 982
101 211 983
18 123 128 222 487 716 774 792 807 889
67 80 124 964
8 119 227 251 337 716
818
78 561 756 834
174
703
61 74 92 190 247 647 812
174 373 388 768
271 450
139 336 577 615
82 453 510
98
37 114 118 185 288 395 701 717
266 451 568 681 970
310 807
89
22 58 173 518 836 1000
34 69 148 467 733 819 846 868 940
104 154 178 198 237 257 370 372 394 522 666 790 836 852 867 876 920 969
598
35 586 667
414 500 632 875
105 798
68 532
666
210
20 451 452 483
28 47 100 289 346 617 721 724 763 850 920
928
274
138 157 199 256 516 924
15 167 237 321 372 449 486 491 739 785 872 915
10 588 635
54 160 237 318 350
140
49 136 194 673 827
199 386 484 629 677
320
55 145 200 264 404 489 498 704 733 787 952
93 191 345 612 620 692 697 747 946 956
36 71 132 361 567
171
399 663 896 946
155
110 175 184 256 382 427 455 467 485 709
392
188 283 341 536
61 168 183 217 277 780
29 539 713 735 763 828
9 237 415 887
483 756
44
400
423
136 890 975
137 682 742 952
168
402 414 683 910 916
19 26 61 65 68 85 94 111 115 133 139 158 237 256 284 347 369 382 393 402 447 460 525 533 563 582 602 661 671 702 704 735 763 790 823 891 940
64 97 339 828 879 893
138 156 169 285 351 397 463 652 735 760
281 722 985
285 324
188 394 432 880
192 754
37 110 851 922
118
94 346 401 518 684 755
144 457 637 696
59
843
220 431 464 494 509 515 517 541 874 881
130 158 228 323 453 477 537 573 623 739
56 90 160 246 311 364 406 533 555 646 744 787 807 809 846 854 939
506 508
300 553 712
19 22 34 125 131 140 166 273 310 349 426 490 536 553 736 798 841 916
203 208
41 65 105 146 237 238 270 313 417 425 455 467 501 533 578 588 590 623 631 634 689 766 804 974
422 453 543 550 602 606 695 729 763 784 824 918 991
78 216 259 355 399 406 459 507 611 614 853 884 889 909 986
29 40 70 192 323 441 488 581 597 743 765 883 939 960
16 58 132 199 229 258 313 439 440 482 529 550 555 596 609 620 651 654 683 707 743 802 976
886
21
25 156 669 857 940
58 184 450
482 577 690 999
315 406 722 903
240 284
122 191
321 399 459 466 578 804 876
2 259 265 309 438 511 830 911 960
586 669 890
422
188 245 303 358 363 416 668 699 755 817 868
62 176 285 822 866
3 141 144 174 193 249 253 338 372 404 432 440 454 480 482 541 619 635 645 729 771 854 881 994
29 177 360 494 530 543 693 854
946
138 598 682 759 815 825 832 995
326 400 422 443 455 582 696 723 747 758 805 901 913 954
246 302 551 892
614
220 264 279 300 467 753 798 880 895 934
296 346 522
6 72 159 238 263 352 475 516 533 578 617 699 714 885
121 650 705
661 756
323 825
996
27 228 437 644
161 220 321 381 506 590 752
15 28 32 257 289 338 400 576 588 817 963 969
380
11 18 90
867
538 902
106 461 575 716 752 974
146 192 280 318 370 485 486 538 653 717 758 786
9
215 348
91 124 243 268 312 359 566 706 710 712 757 890 966 995
44 155 768
236
15 242 532 727
7 39 888 915
114 601 669 770 824 831
67 429 451 578 952
123 622 990
335 648 817
310 739
335 623
764
290 333 498 596 865 970
66 335 824
44 89 292 344 394 492 603 807 860
200 398 550 621 690 852 998
124 131 176 304 699 724
930
81 230 746
4 82 93 102 143 275 391 440 649 664 835 922 961 969 975
254
365
255 293 628 629 653 707
497 587 616
205
127 255 329 337 366 477 637 734 813 826 864 910
319 341 385 489 782 856 966 968
65 198 260 343 358 455 584 592 602 794 898 935 949 966 997
28 470 484 611 725 929
433
545
102
63 656 902 915 939
18 254 476 820
193 272 307 348 710 848 885
58 850 919
392 512 900
559
81 114 137 238 250 366 463 569 601 658 722 797 802 921 962
817 859
210 777
84 873
15 109 140 263 283 305 355 425 440 460 527 564 569 588 592 676 720 781 839 850 899 913 941 990
61 165 205 215 218 231 305 328 365 506 523 541 543 555 649 676 690 721 828 957 973 981 988
511 916
60 197 199 265 687 695 717 765 773 897
352 429 475
13 188 308 376 403 529 615 792
49 110 474 482 640 738 814
2 111 117 142 151 188 217 302 382 483 497 643 815
150 271 274 376 441 497 502 622 657 659 793 854
397 956
139 215 267
513
175 617
244
5 96 499 629 713 787
200 347
152 405
115 333
134 377 730 970
627
61 144 254 283 339 402 470 575 603 723 738 845 963
48 702
137 254
71 104 174 288 313 463 506 551 651 697 867 886
28 78 199 354 441 542 559 744 852
109 258 271 348 354 532 537 575
175 311
20 793 913
754 895
464 468 555
890
39 48 58 80 89 141 222 283 335 614 626 753 831 912 947
640
2 152 567 850
75
117 263 308 592 655 946 985
110 214 230 433 781 973
108 855
50 80 171 216 249 257 322 405 444 491 523 562 615 843 857 907 930 962
494 611 770
7 63 225 278 486 542 656 737 903 923 970
5 29 128 152 257 409 449 490 558 596
6 117 127 135 278 383 503 514 650 775 793 794 828 844 963
142 327 495 910
719 908
65 71
177 239 535 574 577 856 938
84 297 404
145 350 433 522 957
92 96 137 290 375 481 567 573 585 977
653
428
99 118 942
355 398 562 730
389 424 675 801 852
87 586
817
107 129 419 879
451
129 218 458
63 350 598 798
105 209 272 320 329 534 599 601 637 643 656 762 799 824 888
295 327 719 792
315
539
123
400 443
989
121 377 664 720 724 990
104 390 429 630
1 253 306 590 622 625 773 817 924
241 375 433 752 837
637 930
124 413 551 597
236
98 105 262 419 514 611 838
116 183 186 260 514 592 692 719 798 980
103 264 377 513 706
46
60 83 98 298 417 420 523 633 739 872 941 987
84 154 212 383
340 395 530 851
289
42 65 220 248 501 961
264 450 491 536 544 661 765 895 944 988
20 84 123 353 375 410 466 542 585 608 804 811 857 972
290 695 854
508 845 941 974
542
22 225 287 292 550 566 579 932 996
127 138 228 235 240 249 294 344 376 380 390 502 575 590 599 694 815 819 863 936 949 956 979 981
490 678 765 868
348 393 691 700 825
1 68
247 613 614 633 763 778 887 917
763
222
177 535
381 519 609 668 706 847 894 907
19 273
68 189 211 295 714 912 918 982
173
436
121 576 628
226 266 318 516 594 853
84 170 229 429 862
607
411
527 579 668
239
300
36 763 935 954
803
50 252 373 517 559 560 689 898
122 140 715
39 224 249 407 671 768
274
9 147 179 489 735 790
53 156 190 208 688 713 797 990
112 133 219 251 278 335 376 410 458 574 675 701 749 901
153
636
10
57 153
58 317 337 713 857 860 986
124 248 496 691 828 851 886
137 155 256 264 519 610 613 747 923
83
92 324 397 453 510 745 771 890 983
37 248 259 415 602 852 859
339 859
479
187 714 988
50 191 193 908
219 405
683
86 214 497 520 579 628 713 785 971 974
128 361 401 430 481 538 557 849 858
441 722 761 881
774
544 559
562 975
56 132 426 530 536
77 82 103 105 127 139 218 312 411 492 496 501 538 579 712 730 737 776 820 837 898 967 968 993
890
67 152 256 297 451 463 488 501 521 911 923 925 991
448
39 813 890 919
37 116 842
33 71 201 204 338 439 493 877 896 959
595
171 201 384 401 464 506 655 659 672 737 770 837 841 964 978 1000
88 397 438 450 466 467 542 603 607 678 841 859 939
189 438 689
68 91 369 407 411 502 503 850
77 125 244 456 461 560 707 733 976
83 223 457 511 527 649 658 759 855
15 233 308 430 448 662 793
130 149 209 743 787 818 840 842
45
856
41 543
440 555 805
83
380
33 285 601 700 907 958
53
39 48 92 94 95 199 299 404 502 510 557 658 666 676 739 783 813 839 902 933
434
501 991
390 447 644
209 211 366 394 463 502 554 695 732 801 862
848
98 237 338 786 897
89
212
111 115 666 755 780 848 871 904 991
25 261
224 517
563 665 766
564
191 231 240 547 586 681 727
301 703 988
813
177 363 398 844 941 960
940
841
495 788 992
263 536 659
11 326 418 476 522 586 601
9 142 180 186 508 525 528 541 627 690 714 760 852 860 916 951 971 973 982
145 577 595
149 206 307 329 339 432 436 515 621 634 702 767 835 843 895 915 927 953
148
529
7 49 287 413 514 521 620 665 790 809 845 849 898 901 989
476
554
435
31 523
82 449 464 753 868 981
305 730
212 213
78 429 536 815
371
368 567
700
257 494 824
71 299 338 497 672 764
105 602 725
143 214 401 412 501 597 791 814
66 112 423 437 465 597 871
17 19 260 270 322 501
775
461 954
210 468 624 767 830
44 440 561 876
371 619 627 808
69 193 346 580 679 831
280
29 213 455 484 605 752 843 911 950 970 981
325 450 653 780 863 886 963
411 649 768 887
22 58 96 129 186 234 243 263 287 314 341 358 397 486 549 714 764 832
615 762
119 172 177 404 421 486 527 708 735
1 75 340 429 444 464 812
68 157 222 280 325 380 456 525 616 741 770 800 893 992
23 44 83 88 175 182 244 297 418 781 840 895 901 923 976
51 61 68 156 470 475 501 555 632 871 999
176 221 753 815
128 330
332 501
322 496 621
106
48 52 115 160 248 317 658 931 974
573
607
138 170 239 386 423 472 479 602 699 706 729 965
210
164 321 511 550 602 961
481 886
305 510
23 205 692 759
352 395 618 629 660 676 964
157 530 661 778 986
19 86 478 792
21 35 117 382 581 981
848
139 277 313 324 422 636
33 150 433 455 798
353
48 65 303 880
108 435
161 174 252 330 626 760 786 921
259
9 160 255 603
474
54 338 413 567 597 614 820
226 482 490 562 630 943
438 606 607 633 995
80
70
31 449 693 747 987
492 495 711 989
43 108 112 169 381 394 398 440 453 459 537 577 593 740 750 774 827 959
143 994
21
115
265 452 914
16 716
569 818 829 914
150 178 197 274 352
207 242 313 538 657 785 815 822
188 267 360 401 428 515 542 565 678 772 975
390
759
97 473 578 707
335 600 791 795
156 209 297 433 622 644 759 849 929 934 960
313 327 463
49 748
386
80 146 180 323 474 655 659 703 739 803 857 907 967 972 995
493 636 893
35 455 735 855
200 216 303 305 307 538 958 964
155 533 956
951
464
151 212 338 589 736 805 810
5 115 427 436 663 718 988
122 165 198 221 248 360 429 453 508 564 727 730 799 837 911
857
274 344 410 429 454 503 642 752 777 784 809 823 836 1000
225 275 322 560
2 62 186 196 242 308 419 544 563 598
39 176 209 211 248 330 421 453 590 650 814 866
732
104 433 513
166
76 750
240 973
93 259 333 384
42 67 107 120 137 174 348 425 443 521 531 547 619 640 656 663 730 764 869 903
91 971
128 158 195 316 410 618 656 841 925
257 403 930 931
20 432
58 82 431 841 970
7 19 319 427 544 574 577 677 684 826
419
406 540 613 653 892
226 827 862
97 151 195 335 388 530 605 870 906 985
96 170 174 217 253 334 395 420 485 609 714 751 811
23 161 204 214 243 605 633 665
378 644
19 26 118 182
271 641 680 710
62 251 380 471
329 474 761
149 443 480 586 605 793
142 324 340 472 529 994
233 628
889
233
5 164 362 918 922
32 79 83 111 320 341 349 435 558 584 636 657
883
227 306 365 498 554 631 638 888 968
102 109 157 185 251 281 444 578 583 637 719 971
115
23 141 833
654 906
129 291 768 787 830 881 892 908
136 254 476 913
242 509 609
374
335 392
175 309 845
724
158 292 638 712 889
70 320 657
33 445 461 520 699 726 979
15 306 325 441 617 630 818 895
162 335 711
351 425 987
79 437 441 846
291 314 374 767 793
422
879
521
52 515 900
70 94 427 494 555 806 838
29 530 791 793
51 199 324 436 932
174 200 239 240 329 555 847
57 63 112 157 221 282 345 371 374 390 474 489 593 603 657 745 796 815
245 363
51 82 103 158 159 210 476 477 530 655 900 961
327 400 967
725
774
310 500 744
11 89 111 317 395 417 829
78 206 250 407 497 696 719 745 847 887 960 984 989
5 86 295 474 485 514 698 704 710 791 803 824 917 975 989
303 446 633 681 878
221 321 724
174 516 588 623 900
759
101 117 438 550 999
489 690 759
33 539
28 165 697
1 10 36 149 181 204 263 265 413 443 487 570 660 686 769 870 874 896 948 992
280 427 664
5 106 426 561 867
83 172 307 714 834 999
41 347 369 690 933
5 11 150 637 676 969
274 594
456 808
15 188 293 501 541 618 636 800 861
42 43 649
205 918 919
264 593 734
87
7 37 38 67 95 113 142 167 180 350 397 517 688 708 754 940 942
676 933
156 419 423 514 571 591 700 711 810 848
577
4
548
270 678 848
307 524
763
493 807
191 957
436 602
79 127 248 318 369 555 635
678 978
363 700 745 762
298 460 643 693 717 738 771 814 905
182 233 436 627
77 582 614 726
767
220 319 593 626 747 748 942
170 212 511 667 686 689 884 900 902 949
26 221 422 428 674 745 870 898 992
20
58 190 369 391 621 758 800 946
299 474 624 794
1000
67 306 413
41 77 251 310 592 767
60 760 963
322
41 83 103 236 463 761 882 930
84
47 207 734 779
511
113 390 501
514 592 628 809
106 184 990
8
40 86 247 292 307 331 486 742 778 933 962
361 798 966
22 40 183 242 426 450 459 471 494 645 684 791 866 874 892
380 872 968
77 172 206 211 231 379 381 395 488 543 606 712 744 787 796 844 908 963
885 934 977
526
341 345 446 798 838 855
453 718
626
181 263 312 350 513 521 766 817
9 23 188 211 258 307 602 889
38 46 100 123 364 378 707 784
337 740 947
153 526 683
42 111 300 309 317 421 566 678 692 790 882 983
280
69
865
410
102 247 596 691 729 814
282 392 494 540 566 683 980
132 181 353 466 605
120 311 733 752 881
615 868
241 788
288 308 502 552 610 884 925 994
6 251 324 380 445 483 505 631 693 698 743 757
678
535 949
104 213 811 951
84 446 538 590 918 962 987
28 154 263 529 537
548
409
15 26 59 158 345 349 395 551 750 868 980
615
145 175 555 645 807
944
775 852
706
24 895
115 225 460 637 716 768 869 921 949
10 48 128 166 299 309 938
316 466 506 617 839 901 958
10 88 141 326 379 446 529 784 942
188
142 151 703 719 724 771 794 824 856 935 984
513
443 755 820
883
85 156 170 198 495 594 630 693 707 864 969
540 649 741
199 209 361 581 652 787
16 21 54 173 198 300 379 422 551 604 628 641 650 666 754 847 955
382 562 932
52 77 81 276 296 350 534 602 755 804 834 853 999
200 207 247 297 329 673 768 836 893
294 948
140 149 277 348 555 876 896 918
252 350 504
460 581 803
235 605 997
15 160 475 621 626 710 787 810 828 934
27 31 143 159 194 260 267 377 543 763 791 981
19 140 391 438 593 671 919
620
102 911
79 110 336 390 417 582 656 659 688 937 938
334 372
69 370 610 656 757 830
29 222 322 590 599 757 856
102 188 599
71 138 146 170 242 282 447 456 545 569 593 776 834 842 883 963
150 404 407 520 880 895 911
66 391 554 855
682
68 97 139 286 323 339 487 500 544 583 669 780 792 827 923 944 976
395 872 912
151 234 536 547 663 703 727 743 951
623 941
71 256 681 892 966
13 186 199 315 320 556 568 589 645 718 995 1000
205 389 493 576 595 750 893
31 58 96 163 264 313 396 441 502 645 661 666 729
158
350 652
495
860
23 506 627
154 355 798
49 58 154 279 282 327 344 361 416 482 708 764 810 962
126 186 805
83 94 205 980
44 205 668 826
53 79 249 342 375 422 512 617 686 704 716 752 764 795 946
615
268 312 658 707 904 936
373 678 800
998
186 335 682 779 950
586
50 79 214 221 368 498 895 987
50 370 392 611 662 757 785 881 979 998 1000
80 123 175 187 196 226 396 472 497 650 835 999
13 386 527 539
96 321 409 411 416 481 529 635 717 733
25 285 628 702 749 829
102 395 418 460 477 552 638 668 710 739
145 279 297 389 619 740
482 846
260
96 272 768
958
401 853
83 163 164 442 778 950
523
64 199 249 382 489 966
65 124 431 624
60 103 106 224 246 280 322 497 628 630 737 759 820 831 931
47 74 282 386 513 526 599 856 913 976
38 118 122 403 444 459 480 485 505 523 541 663 670 711 812 827 855 888 894 908 929 946
50 573
59
298 511 855 977 990
38 934
560 844 942
126 134 576 632
53 226 449 584 604 779
90 264 500 628
642 763
478
51 477 954 973
740
96 127 223 615
40 144 278 286 472 711 783 805 828 852 926
74
180 287 562 668 705 843 875 947
1 5 33 41 97 101 120 123 156 205 294 295 296 446 547 549 570 650 863 995
144 641
4 41 149 268 338 352 435 506 572 787 791 970
103 184 205 240 333 363 478 613 692 697 708 745 752 850
10 438 457 731 740
28 38 243 295 393 456 466 487 580 714 715 759 779 845 885 898 903 907 992
170 383 699 820
53 144 210 360 372 504 523 597 837 868 925 944
157 521 631
133 500 966
39 140 248 464 637
237 297 808
62 74 182 364 843 850 896
19 35 40 133 157 219 231 258 267 367 373 507 508 562 635 689 709 835 839 883 951
475 500 794 823 965
713 946
782 996
150 175 257 277 446 485 735 926
697 812
18 210 981
20 26 52 104 240 269 345 438 474 511 719 822 841 853 895 928 978
341 670 938
31
417 712
8 137 150 200 259 310 351 365 489 521 601 626 677 739 742 746 759 819 879 946 953 956 975
386 468 649 722
6 93 171 553 693
383 557
206
571 928
215 254 444 519 595 667 682 686 735
27 181 360 508 511
154 192 417 670 801
419
141 142 209 308 529 539 587 622 649 712 722 728 817 824 913
73 357 540
32 43 140 388 913 977
78 340 369 714 908 923 929
152
220 304 614 635 804
10 41 65 122 155 199 430 553 789 818 835
19
19 64 66 139 239 496 757 842
501 996
244 344 432 463 915 923 929
75 125 131 531 567 587 825
218 314 597 821 951
109 165
783
321
60 929 985
13 89 144 372 423 482
85
885
147 293 323 406 483 499 777 912
245
10 732 755
321
962
472
406 532
51 104 486 854
528 744
121 141 177 206 240 392 674 828 830 879 882 918 940 973 998
123 242
15 294 315 430 604 677
32 48 213 272 384 460 986
154 420 422 513 714 731 750
154 482 825 908
62 294 511 635 762
133 338 455 611 785 820
108
449
35 65 96 157 190 198 203 250 275 304 449 479 560 721 757 788 813 837 841 927
78 279 396 478 581 712
303 328 407 960
267
28 195 224 387 389 430 458 560 651 775 834
195 245 255 286 395 435 468 501 960 979
221 317 447 730 798 841 919
718
484 604 720 728 957
8 12 60 68 75 82 88 165 175 286 315 325 344 421 459 501 591 593 616 682 734 744 750 782 794 830 865 940 977
47 322
354
104 198 390 580 603
1 110 321 436 536 872 929 933
625
191 275 784 913
3 21 43 104 120 152 225 236 356 514 517 799 836 985
88 110 379 408 544 758
258
630 653
10 711 899
86 845
342 388 410 638 655 693 723 838 902
387 404 511 520 679 684 780 892 944 955
82 534
178 231 302 314 451 498 607 634 648 677 679 749 765 875 885 944
28 57 69 257 315 602 690 749 778 936 987
138 170 200 266 286 510 514 526 674 780 801 896 899 927 931
282 295 416 421 423 462 594 660
975
39 388 464 514 812 923
861 911
94 130 255 352 363 404 482 495 535 576 580 872
2 171 492 651 681 997
953
522 979 984
73 223 260 622 804
366 468 706 738 843 849 937 959
104 338
618 639 927
73 502 536 663 770
329 389 623
370 493 697 723 830 927
119 232 245 294 299 350 387 388 398 404 440 499 519 530 539 621 746 759 790 941
25 158 551 769
101 267 841
84 215 389 439 450 465 616 798
73 82 271 280 398 616 851
772
50 569
28 377 702
2 7 23 68 231 271 411 415 553 578 614 626 734 737 999
503 670 761 961
115 297 529 799 972
57 116 304 653 781 929 950
43 215 348 387 563 647 731 766
51 199 379 458 578 595 690 786 808 867 895 951
422 458
116 136 265 349 362 526 661
182 213 477 579 799
311 957
158 581 674 739 830
527
11 118 136 184 187 282 302 390 808
10 169 264 344 440 635
621 722
63 232 248 427 448
15 29 90 181 213 237 264 316 322 436 437 521 606 687 712 782 874 916 917
193
148 164 601 637
90 122 157 260 273 422 506 529 796 797 799 850 890 907 926 939
266 368 502 609 827 934
462
31 210 365 514 698 961 988
22 161 233 445
654 701 855 975 991
385 851
44 69 131 140 262 321 324 353 369 568 590 599 662 687 700 794 909 922
601 662
370
504
90 306 744 998
84 279 468 565 623 704 712 852
12 29
106 245 293 382 518 632 645 668 691 695 852
807
322 386 613 702 835
47 285 337 447 493 673
35 80 90 275 293 582 601 667 810 827 844 882 943 957 988
394
190 191 296 483 493
37 492 942
216 335 665 726 868
325
291
378 592 598 754
139 581 958
133 412 546 661 662 955
60 243 275 374 471 608 698 961 974
93 317 716
1 234 294 379 438 461 536 561 634 658 898 924 971
893
199 448 467 475 578 621 657 968 983 986
332
1 40 75 148 184 266 284 431 608 636 672 708 843 904 918
81 408 602 632 712 849 961 980
512
58 135 228 422 457 518 553 593 637 917
365 525 866 959 982
670 844
666
172
418 439
272 483
364 541
398 478 493 631 671 699 764 871 899 986
654 805 981
263 424 480 600
242 640
788 876
852
322
44 49 213 304 325 402 428 855
154 233 248 662
532 851 924
144 154 439 726
190 263 264 407 414 500 514 582 724
401 575
44 70 144 238 263 279 344 705 706 994
926
699
134 683
64 153 568 765 784
3 323 347 423 507 580 664 784 809 833 889 952
364
35 394
593 883 941
67
159 185 421 563 651 873
764
869
281 442 475
118
752
263 366 392 530 717 750
856 894
33 45 136 184 281 429 477 484 720 748 862 891 959
394 930
603 698
290 926
82 140 404 487 690 698
165
108 170 445 562 585 899 933 987
189
80 130 134 297 340 385 388 442 492 608 856
81 323 436 620 633
91 176 340 401 472 508 510 554 731 765 830 854 857 913 987
18 152 405 585 674 764 780 800 919
137 808 890
100 317 654
598 663 853
665 705 978
66 151 190 192 267 445 590 723 888 967
100 110 900
147 215 558 606 650 742 773 859 895 929 974 986
523 606
87 566 990
336 992
81 435
653
127
303 324 734 888 897 922
35 291 392 589 631 854
656
471 483 674 819 822
134 441 530 587 627 901 999
2 254 286 309 320 459 557 561 680 825 845 897 954 977
444
155 308 325 360 876
99 127 178 484
555 580 797 903
22 127 175 250 283 329 383 407 520 766 965
61 136 489 550
544 613 984 989
788
147 682 879
8 15 52 140 142 263 377 407 644
30 111 223 246 273 475 509 548 563 833 910 972
195 300 522
724
8 786
495
1 374 416 678
129
940
784
798
600 871 950
220 342 373 582 622 665 769 988
75 213 310 996
86 123 365 408 557 840
278
545 574
444 494 702
22
183 214 459 598 857
79 505
140 458 709
30 252 339 504 533 629 788 862
184 187 421 500
804 851
70 87 126 146 150 173 283 534 560 571 685 744 844 956
2 8 280 290 588 681 712
585
247 475 738
40
281 451 657 695
37 205 230 323 421 575 911 986
262 391 435 606 608 766
342 602
277 426
524
314 338 436 474 526 608 676 702 725
788
125 300 638 642 785 985
58 377 979
155 704 723
92 103 212 326 446 539 661 672 762 800 820 860
354 672 816
105 160 251 481 554 600 765
148 506 946
399 579 870 914 915
335
179 310 394 675 760 811
41
155 198 202 391 397 415 425 551 600 720 728 766 793 837 869
17 85 104 168 269 567 835
295 724
2 4 30 68 158 253 384 466 583 638 708 765 887 986
33 210
282 395 465 785
90
14 943
9 13 118 190 246 360 403 587 637 748 879
59 103 230 567 827 945
32 53 95 179 209 224 233 273 281 292 298 349 408 441 524 624 708 806
174 883
228 369 528
82 98 186 226 330 384 401 445 488 616 740 839 866 883 901 907 939
34 331 401 629
178 413 421 807
87 117 319 653
100 387 891 998
270
589
251 292 611
227 344 351 418
61 843
81 136 175 178 183 307 440 444 470 526 545 689 728 949 980
78 237 269 351 396 397 453 564 730 779 951 957
55 925
378
813
336 493 556 583 608 791
321 365 496
86 242 513
97 279 327 364 550 782
826
96 186 687 759 888
336
358
13 83 136 156 157 466 623 716 729 897
889
391
11 30 123 241 282 295 407 432 624 860
717
673 697
135 158 269 404 477 634 694 707 721 760 835 982
22 38 272 301 353 401 406 547 610 637 693 775 830 839 901
116 210 767 802
214
102 350 537
412 497 575
87 201 358 396 621 695 735 736 773 997
81 351 399 446 477 543 572 657 684 757 889 901
630
18 641
44 83 191 200 255 277 295 370 490 492 533 539 646 693 723 754 845 859 864 902 936 975
573
232 262 490 963 988
731
178 292 360
130 360 398 682 815 878
87 181 284 390 423 433 461 476 664 806 814 904 941
473 507 509 599 721
17 47 68 148 208 328 396 484 686 729
98 178 964
122 796 981
106 215 621 659 817
153 596 896 997
272
2 416 724 791 934
937
50 417 472 501 557 610 749 831
400 509 647 748 870
332 678
452 778 823
54 302 373 425 717 743 896
62 107 483 519 773 796 806 827 915
17 112 360 467 961
201 474 591 712 849 883 953 960 986
436 916
426 633 738 910
229 364 553 806 828
142 308 809
974
166 366 513 977 989
34 136 248 473
62 429 598 764 906
65
63 111 193 313 349 375 402 429 461 570 582 590 606 651 671 681 817
445 891
164 476 482 813
32 67 631 792 937 978
268 692 703 889
637
199 240 616 650 668 701 807 859 872 945
23 82 214 305 413
127 228 360 414 446 515 569 580 850 866 955 965
16 709 774
328 551
482
107
921
87 152 219 325 329 332 343 482 485 541 626 759 768
15 96 135 257 274 372 408 483 540 799 816 818 845 862 939
15 84 176 326 489 523 619 668 728 817 902 903 912 973
433
497
908
273
55 106 178 202 212 259 304 311 440 571 728 730 741 955 987
122 222 377 507 584 689 770 773 823 991
162
289 319 345 450 569 722 773 829
386
982
282
55 867
106
30 564 605 763 773 877 965
540
629 855
3 17 70 168 294 425 453 474 487 495 513 572 596 611 753 901
183
274
40 46 253 303 373 416 418 424 594 627 718 770
144 161 337 595 921
48 157 251 665 671 885
944
58 132 389 716 880 932 958
111 366 496 553 671 958
56 77 497
301 443 874
575
294
591 965
578 592 940
96 127 544 598 736 740 760 873
543 588 650
690 920
62 548 549 702 895 988
1 656 747 787 872 926 988
269 272 503 599
767
543
2 12 16 53 62 67 112 136 256 302 303 313 400 404 433 458 576 585 646 708 797 851 875 879 907 965
12 25 56 172 179 235 255 426 520 566 618 633 651 664 670 697 750 799 929 943 964 979
976
16 262 639
926
42 52 298 502 597 651 747
312 469 596 856
151 200 264 303 346 578 724 730 842 938 992
3 25 79 220 222 314 323 335 588 706 875 938
99 359
7
127 555 892 915
325
638
202 244 249 277 435 569 612 687 891 931 963
273 323 337 696 704 841
172 189 449 732 787
247 862
68
278 813
123 370 403 413 452 591 630 665 668 671 699 708 772 811 816 908 988
12 15 43 90 114 138 188 214 221 332 401 410 632 655 697 732 886 915 923
148 464 511 528
40 68 87 140 151 300 402 426 488 496 672 710 900 917
302
449 931
37 176 205 288 374 430 516 751 756 780 905 956
331 482 721 886
241 281 497 937
581
238 376 525 528 796 858
310 451 610
110 247 327 494 794 916 924
135 274 574 580 635 708 732 984
28 128 152 191 194
486 539
742
574 705 938
683
424
287 380 502 694
209 664 920 994
369
55 714
5 17 19 80 118 135 229 235 278 380 409 421 462 531 592 627 678 728 987
142 351 404
216 226 243 299 497 613 713 884 890 932
113 182 436 469 519 549 895 910
272 356
270 289 594 734 750 775 927 999
998
212 260 338 416 604 640 699 725 814 843
109 589 624 857 982
191 266 274 639 689 723 773 806 825
193
300 529 589 871 916
93 356 675 765
480
223 643
545
651
643 984
8 203 258 451 551 648
118 304 707 890 988
57 302 361 548 574 700 857 871 946
222 403 778
450
711
122 388 538 585 635 727 824 878 879 904 982
452 640
508
608
31 504
404 760
683
88 210 983
173 473 690 870
756
24 77 198 218 279 283 435 460 488 587 603 627 740 815 910 936 988
472
283 389 475 502 529 562 636 669 697 810 823 951
918
60 91 946
914 994
152
359
93 99 164 783 791 811 920
2 115 415 528
514
15 670
191
95 202 260 293 340 567 710 714 782 851 902 923 994
136
48 717
950 973
359 378 720 741
400
851
147 609 739 771 924 938
976
646
422 906
32 78 104 141 197 320 520 789 830
453
4 208 301 593 598 928
58 110 232 241 274 281 327 328 343 404 450 575 615 633 665 811 929 933 947
925
49 213 293 852
40 53 77 111 340 360 369 390 447 463 499 506 535 563 591 634 651 695 708 713 726 908 942 975
176 814 884
5 115 173 286 368 402 429 717 854 913
789 888
99 982
373 941
623 687 691 726 829 880
218 635
135 717 732 936
138 213 349 591
228
185
68 69 270 609 796 836
175 339 377 396 427 430 625 687 731 800 875 954
51 710 712 725
180 211 264 295 362 416 584 658 700 762 819 822
22 119 151 234 294 359 403 458 513 647 659 836 881
393
76 77 305 308 357 459 913 923 994
198 302 400 470 520 560 597 731 912
6 16 35 68 116 145 314 373 447 454 471 546 549 568 572 596 614 638 652 662 725 774 852 855 876 885 904 933 988
406 431 523 555 617 839
80 196 199 284 328 334 484 523 586 629 670 803 818 860 864 869 919 944 946 959 984
676 838
735 861 961
104
195 275
82 452 549 649
278 540
44 186 548
176 246 291 691 718
104
524
78 138 234 412 436 507 687 691 734 764 815 874 902 993
26 337 374 766
112 720
420
278 323 326 690
46 120 152 161 189 204 289 644 783 874 886
188 212 337
269 903
8 39 95 109 124 351 565 637 645
695 963
98 257
62 617
13
914
24 130 133 208 216 221 280 320 347 598 745 910 965 983
109 302 646 676 704 853
673
94 171 223 326 407 535 743 911
17 74 95 209 271 527 601 642 771 806 897
202 237 335 754 839
456 727 919
822
8 11 14 40 80 103 110 172 188 259 270 273 292 331 412 432 473 523 526 686 744 779 827 852 854 947 959 995
157 396 496 593 892
834
32 157 202 344 497 504 619 625 810 820 932
190 197 277 293 517
270 518
409 630 644 694 800 995
135 425 832
85 878
541
640
93
13 69 328 939 980
579
147 573
652 814
44 63 361 414 556 572 590 675 796 797 906 978
5 549 689 976
35 306 328 501 646 678 832
190 588 593 648
11 933
184
141 660 862
10 780
2 19 116 217 240
51 229 230
40 139 239 359 373 454 577 876
849
116
132 306 563
55 185 197 297 328 357 373 454 483 624 699 784 846 980
287 503 558 969
166 528
36 525
978
523
795
722 784
2 33 373 560 738 794 968
62 499 575 616 912
300
185 594 674
941
306 352 371 390 425 716 834 837 907
588
31 152 216 308
62 95 551 653
25 444
193 905
654
102 144 303 525 526 552 571 748 770 831 935
38 290 442 770 787 926
16 478 625
76 210 382 436 498 761
290
7 27 87 132 148 243 244 380 396 428 464 522 551 655 686 688 849 850 937 957 961 1000
53 74 326 346 666 833
830
896
935
250 522 644 910
405
686 802 889
572
508 518 745 752 785 807
164 211 259 278 338 655 668 866 896
487
112 120 276 425 475 707 731 939
521 573
686
264 506 866
458
80 268 290 707 785 935
97 154 171 247 299 334 348 408 414 469 474 481 568 593 671 700 793 898 921 962
78 99 194 207 275 329 637 722 796 911 951 999
31 228 245 347 413 553
57 185 340 383 388 579 637 900 987 990
540
988
88
220 548 806 860 936
530
623 674 708 737 846
127
40 167 377 473 485 770
455
219 352
812
104 214 254 294 343 383 461 728 768 882 915 993
123 308 478 538 571 646 765
6 42 145 153 159 163 170 219 235 265 408 448 452 620 650 656 826 828 847 878 909 955 975
246 378 380 425 474 528 556 599 679 696 697 705 711 747 819 838 904 939 955
457 812
105 178 209 273 307 509 582 833 860 968 971
9 899
139 508 886 951 952
136 156 429 462 532 587 623 717 778 800 863 887 967
194 512 611
391 394 417 643 744 750 766 952 977
151 286 296 547 725 846 889 973
22 88 137 143 240 275 278 298 321 418 513 529 531 609 830 860 952 987
78 119 219 486 615 908 962
286 567 774 881 951 996
730
58 97 239 669 797 841
288 454 476
16 98 106 519 678 1000
167 203 651 832
846 874
503 720
823
388
16 478
85 99 160 374 525 615 618 620 640 652 662 724 769 805 863 924 950 961
120 187 356 365 472 492 563 653 658 860
300
91 406 448 532 749 877 898
62 447
996
218 389 400 434 447 695 746 821
362
158 310 355 525 607 633 658 799 803 858 991
177 180 271 338 420 786 941
185
439
177 196 301 388 389 402 618 631 644 743 754 823 885
266 432 498 616 838 912
715 927 995
16 417 991
220 393 441
243 473 582 605 618 691 823 903
115 127 144 237 297 391 553 569 580 764 880 889 970 995 997
538 557 828 888
47 96 216 375 438 584 648 678 740 811 864 979
114 531
32 296 410 563 892 925
32 467 656
87 852 885
7 258 432 666
155 370 428 502 515 574 598 757 896 909
268
265
460
20 33 44 94 149 204 255 258 260 294 322 358 406 451 466 502 535 631 645 659 665 742 770 826 931 971
113 210 235 436 544 579 610 700 825 832 844
347 434 823 891
71 89 348 427 681 718
401
169 198 464 485 518 573 647 785
479
10 198 233 442 490
90 94 104 105 222 322 395 429 607 707 815 817 841 968
377 869
38 120 575 899 996
723
344 353 472 851
139 170 201 358 480 506 541 566 621 697 708 720 842 889 921
525 936
21 80 94 159 301 400 403 463 487 580 584 676 809 811 901 928 944
295
642 902
208 554 901
473 887
30 132 249 252 389 417 477 512 642 659 710 750 809 866 897 933 964
66 328 408 556 620 661 763 842
121 293 380 456 661 779 802 929
690
217 652 735
274 311 488
526
323 686
106 193 229 424 436 491 591 617 723 820 914
350 528 670 701 714
444
254 694
58 239 830 882
59 85 176 309 727 891 963
844
77 166 242 484 505 578 579 721 851 865
146 200 349 358 367 481 585 718 733 749 757 836
43 268 639 842 898
121 161 179 196 239 436 438 734 814 820 825
281 728 939
479 557 914 927
22 140 483 680 828 870 921
71 142 709 895
365 484 501 523
970
9 39 59 108 131 148 292 460 466 506 571 906 962
357
122 178 225 229 236 264 446 522 895 940
169 593 964
688
625
67 156 175 342 474 597 857
39 273 327 523 715 773 884
825 906
361 435
41 298 515 604 646 769 836 897 983
24 38 88 250 311 470 764 870 937 955
578 726
137 218 318 421 434 625 639
39 45 172 175 226 338 499 506 600 714 757 798 880
58 618 626 775
130 294 394 573 823 830 935
77 185 307
13 41 73 150 202 264 530 628 722 836 895 949
139 313 354 497 624 676 700 785
119 367 491 743 772
156 287 493 772 824 970
108 362
121 267 734 853
122 176 536 576 927
58 156 161 200 221 312 319 346 412 452 517 624 639 721 812 869
56 190 338 439 828 836
59 731 817
316 382 431 596 711 945
338 837
127 528 781 891
581
107 251 301 482 759 769 834 916 941 959 994
171 275 284 350 704 828
842
132 234 430 607 722 780
105 467 681 954
401 582 783
140 798
169
599 678 792 867
438 571 794 860 961
83 101 349 588 608 851
166 818
750
314 510 699
563
751 966
171 212 242 293 406 411 607 649 684 920
64 233 606 971
20 96 116 209 293 460 480 531 547 606 637 711 735 834 841 855 939 943 947 971
105 809
141 332 375 495 758 845 963
49 338
56 272 319 498 681 902
871
515
968
276
339 410 467
120
43 167 253 469 474 488 716 756 812 910
142 647 661 771
265 547 568 880
930
303 349 542 776
236 362 567 867
36 420 951
577 843
86 97 576 775 786 971
318 520 816
806
175
920 935
160 510 820 930
767
90 133
2 95 482 639 908
46 64 97 519
142 571 605 664 706 764 857 893 965
719
423 811
233 583 598 617
124 372 665 709 841 976 993
578 813
216 228 371
242 703
119
47 165 311 353 666 855
180 253
47 240 266 281 291 337 403 831 922 949 974
118 982
72
78 131 162 315
335 419 703
48 95 199 220 988
98 862
84 194 584 829 920 996
432 532
686 889
163 444 707
361 362 417 673 807 951
192 484 515 619 688
367 451 503
303 399 582 686 717 888 978
977
111
160 339 494 657 892 938
126 247 272 348 764 951 968
225
106 505
576 648 706
33 35 44 64 171 207 379 539 550 586 620 697 777 780 800 833 940
78 218 635 916 945 968
79
419
898
501
33 228 782 856 988
230
647
57 433 441 542 736 753 827 865
676
962
344 351 594 725
788 942
476 615 742 901
110 113 284 339 413 475 771
401 952
242 268 293 672
850
139 142 217 549 559 644
20 43 44 71 92 161 240 321 331 416 418 425 474 524 634 682 714 753
61 82 185 239 242 249 399 415 712 976
29 33 640 997
882
757 786
136 213 268
497 739 955 967
40 129 188
162 264 362 455 500 600
72 150 164 469 915 942
115 385 575 620 894 994
12 19 83 103 154 198 235 308 333 446 542 656 753 941 945
39 183 546 664 764 840
130 270 602 789 856
170 348 704
80 297 420 529 754 978
158 907
177 273 331 532 755 876 962
48 171 290 939
21 458 565 863
81 160 168 217 421 438 492 599 640 742 755 885 965
79 198 400 454 499 528 718 737
991
4 601 624 702
434 590
295 921
489 551 577 618 632
19 143 295 383 448 503 648 709 715 722 753 824 856
20
912
312
684
277 391 623 865 1000
24 557
45 48 153 208 511 538 541 633 726
2 67 93 128 278 876
209 290 575 754 822
728
149 189 346 375 391 669 985
130 200 678 830 982
112 420 698 712 842 951
102 700
117 618 785 794 854 886 976
19 129 136 148 191 314 374 503 546 590 635 660 682 767 885 941 949 954 956 974
216 245 348 543
96 948
736 801
277
456 907
570 597 711
635
254
5 459 954
405 467
485
252 274 323 381 382 437 632 950 951
7 112 147 228 257 316 699 745 889
507 778
9 171 351 787 966
736 769
71
30
164 408 430 984
475 527 691
28
31 216 471 811 846
10 69 120 128 179 375 392 396 705 782
18 34 112 233 281 313 341 488 796 890 944 969
74
58 80 852
348 679
295 429 528 802 877
594
50 192 252 698 750
204 543 558 562 572 628 673 913 986
84
9 321 491 692 703 934 968 992
39 98 107 358 399 408 446 511 534 764 820 885
225
16 451
314 573 635
826
152 228 392 418 482
167 372 529 954
6 13 60 92 110 177 184 270 287 415 471 483 508 602 712 762 782 788 812 829 956 957
346 415 499 570 591
54 168 472 594 626 714 858
115 968
585 592 684
181
279 499 888
184
275 348 479 664 837
256 515 827
239
208 545 563
109 367 690 692 862 884 993
7 304 317 740
168
189 362 488 645
302 628 786
58 92 108 354 456 569 596 619 629 685 765 767 873 875
371 629 722
209
42 203 227 237 315 364 379 426 582 655 715 724 730 748 817 872
28 181 336 512 684
435
81 924 928
8 633
12 403 605 616 642 648 652 792 915
130 134 594 726 810
150 162 390 412 414 576 659 673 732 835 923 1000
595 640
472
862
372 405 434 569 640 666 861
81 973
88 245 346 453 481 521 846 867 970
2 457 621 769
7 277
379 518
239 281 351 451 601 617
168 761 824 907 977
661
75 181 411 472 602 683 726 951 982
154
210
201
456 579
745
56 455 546 797 882
252 702
14 354
11 37
43 149 216 298 575 731 768 806
263 428 431
17 660 786 904 980 991
33 55 226 466 526 620 729
61 62 108 194 208 224 229 288 295 316 510 544 623 637 835 845
64 70 504 643 759
29 499 723 761 853 934
958
200 207 353 468 495 893 923 978
2 8
823
163 203 350 843
49 155 231 246 435 465 577 599 610 639 752 775 984
183 319
487 498 625 787
433
295 440 448 503 671
134 304 381
97 262 308 357 745 863 879
208 220 288 309 383 486 586 865 892 893
850
122 241 490 720 733 734
486
512 592 782 869
331 395 912 961 970
112 367
360 404
367 796
2 33 36 113 135 164 367 433 449 450 515 539 613 637 662 689 706 751 812 902 916 921 938 1000
16 68 241 827 840 870 893
104 282 319 350 373 485 571 575 824 918 945 956 965
11 62 87 284 296 538 611 649 664 756 817
77 504 538 594
138 886
171 200 329 465 481 700 701 751 915
869
551
14 48
259 293 361 787 799
823 857 942
995
45 125 272 880 915
113
317
46 245 290 326 373 383 454 591 766
182 735
103 346 370 373 463 823 937 966
624
230 562 605 790 988
545
7 46 91 144 198 251 429 463 525 534 544 550 616 822 925 941 985
534 721
77 179 542 616 626
111
689
5 70 212 314 322 458 467 586 634 891 993
617
70 287 505 674 946
132 246 414 602 867
685
728
67 663 804 919
179 217 259 271 285 592 609 855
727
379 555 580 879 946
18 432 435 464 506 512 550 661 805 820 883 892 914 930 966 989
234
180 505 528 735 817
451 866
67 271 381 386 412 500 522 591 652 710
152 283 698 767 938 975
134 849
193 453 499 814 996
330 846
234 315 450 553 822
138 273 291 330 465 614 629 678 766
84 112 152 161 176 361 543 696 741
166 258 315 324 329 340 350 422 618 659 718 976 995
365 662 668 821 827
192 388
722
307 834 934
367 687
37 169 271 438 644 932 960
253 402
348 722 883
309 718 966
19 239 471 512 674 827
775
219 447 489 492 818 857
664 789 930
70 455 687 720 849 927
178 401 570
906
224 282 526 638 871
177 242 250 409 482 528 553 614 685 732 787 835 997
532 748
96 108
992
382 801
196 448 781
152 197 201 476 546 614 660 675 688 858
481 671
924
893
394
917
375 525
9 16 129 181
182 548 642
643
20 145 498 617 682 785 820 844 950
20 128 151 259 278 281 286 338 364 398 438 483 492 583 585 699 754 760 790 793 839 935 963
333
710
31 236
349
109 177 358 388 430 923
142
306 456 605 754 785 900 933
341
22 28 84 103 181 203 264 291 292 534 548 570 644 681 741 793 803 811 833 902 922
515 841
20 28 101 404 417 442 863 867
404 514 670
17 64 78 432 551 592 594 652 738 978
898
46 329 396 409 476 686 695 737 747 748 749 772 795 881 916 967
14 71 98 171 193 344 825
55 383 482
443 506 602 632 675 714 987
257
734 771
925
127 150 157 177 270 308 319 433 497 534 605 681 692 719 886 920 953
309
143 157 327 521
252 352 395 419 420 690 751 766 950
163 322 469 734 744 795 978
794
532
180 526 849 881
82 172 253 519 580 662 702 778 848 903 912
29 171 274 306 486 531 943 959
161 199 213 399 768 805
172 546 909 959
867
92 279 378 396 401 414 653 664 730 740 772 814 821 941
304 308 362 585 962
86 160 282 290
270 921
77 136 212 344 426 611 692 755 933
102 765 880
163 441 444
28 87 98 104 241 280 818 845 882 921
462 572 603 946
4 292 539 629 816 849 956 984
480 796 864 977
16 43 142 549 910 950
173 722
36
79 83 241 334 497 651 836
106 215 337 787 950
170 258 713 730 903 944
75 257 338 711 947
175 235 831
268 598
241 671 722
160 522 564 677 696 754 972
13 14 43 74 178 392 566 799
14 281
69 563 590 831 834
240
834 936
15 193 384 644 793
31 39 77 202 262 299 308 373 418 478 493 509 517 605 671 747 762 860 931
461 512 554 633 648 773
622 719 838
46 100 343 363 501 617 713 768 831 848 877 961
74 98 116 160 196 234 317 398 412 450 457 466 495 628 646 697 703 737 771 885 953 989
294
134 306
582
3 153 629 673 890
10 71 109 169 182 186 291 343 510 670 829 901 977 982 993
418 548 770 988
278 541
753
722
231 385 891 995
77 752
338 790 980
511 974
4 67 303 878 983
566 714
342 350 503 563
132 181 259 496 627 665 826
106 802 945 976 985
99 101 239 259 319 322 353 367 413 600 615 737 753 905 984 991
116 127 251 288 310 571 648 664 865
71 398 409
81
381
62 348 451 456 715 759 863
535
91 363 463 735 837
59
13 277
118 303 378 423 476 636 741 779 828 994
415 556 728
426 652 692 715 776
513
791
71 238 430 456 505 688 692 875 930 937
93 198 287 345 474 547 665 690 771 976
730 873
111 136 189 896
594
331 488 521 582 719 735 886 949 976
62 98 514 515 734 790 956
55 126 227 309 691 847
9 216 235 437 613 712
72 194 676
373
27 32 86 182 195 215 260 290 491 522 549 704 801 819 857
527 631
253 539
364 615 630
329 549
52 103 442 540 872 914
32 174 285 361 472 787 926
31 198 378 388 452 537 683 695 861 865 901
791
188 336 668
60 182 452 588 779 884 975 994
6 76 78
249 377 513 683 742 987
215 491 631 657 820 985
1 39 65 82 226 340 559 640 699 971
34 67 109 142 231 248 305 355 449 466 471 504 567 641 711 763 849 863 887 904 973
227 380 624
517 638 776 887 898 966
730
430
22 78 141 230 282 320 436 450 840 919 929 976
233 292 405 582 622 922
291 435 535 649
82 223 244 257 293 435 443 887 958
73 98 109 191 192 198 201 216 237 301 313 334 415 447 457 469 514 555 605 672 690 733 770 872 921 970
52 57 59 79 134 162 184 188 207 218 282 309 316 330 341 344 440 481 487 521 593 595 679 704 707 750 754 814 851 895 933
477
211 231 830
26 208 256 350 531 590 621 892 899
210 278 349 626 938
64 214 292 599 721 956
27 105 174 244 255 270 273 437 504 552 597 744 834
60 318 449 506 829
294 481 486 902 917
305 612 716
802
7 75 82 310 517 519 538 667 759 765 990
424
613
178
606
184 475 708 732 817 923
187
213 249 968
174
118
178 239 412 972
113
108 315 362 377 391 398 433 539 715 719 727 765 809 832 840 863 867 991
29 673
30
603 766 828 908
510
100 108 162 313 331 576 600 649 875 916 917
277 323
63 83 178 446 805 824 921
34 48 77 118 568 891
111 371 607 753 970
265
37 42 72 75 132 136 211 254 320 400 522 565 596 649 711 794 928
59 556
698 883
831 895
89 278 331 413 524 884 890
7 99 719 774
922
80 311 604 669
62 83 104 115 189 191 227 314 429 461 464 491 717 758 779 810 818 895 904 933
484
206 321 454 518 699
65 89 106 250 251 595 642 657 682 883
256 406 736
2 251 757
296 769 918 963
119 134 140 172 173 190 197 260 356 364 455 481 542 554 612 614 917 990
387 992
181 927
510
14 18 95 221 273 316 396 530 873
39 40 511 958
9 41 207 258 380 390 394 702 825
565 823
10 60 140 215 389 453 522 591 629 682 781 850 901 931
106 111 142 177 178 294 316 484 807 890
179 260 623 631 697 709 801
137 180 271 408 435 529 592 615 634 775 832 928 977
33 166 187 234 360 526 759 769 942
928
235 258 261 265 291 626 843 855 859 873 927 954 991
569 652
159 303 689 855
207 249 362 394 523 625 626 810 967 990
75 99 153 172 238 260 356 585 590 603 645 784
152 288 664 871
39
643 693 813
4 62 236 330 432 482 769 869
22 234 437 456
308 528 564
195 376 420 489
368
79 673 700 746 844
164 296 386 769 835
43 78 638
476
389 931
356 373 666 788 815
212
58 840 921
532 704
33 254 333 969
113 171 264 428 554 758 849 852 992 994
191 717
178
550 772 898
231 279 298 385 388
34 570 635 985
250 448 579 896 935
101 425 474 594 668 810 819 828 835 913 970 998
15 151 354 384 463 534 592 739 985
544 835
536
19 59 133 160 176 431 456 547 676
603
478 729 839 999
76 78 174 223 335 360 376 406 411 649 672 698 907
102 133 188 367 661 835 922
328
18 70 128 170 221 378 418 496 771 874
43 345 350 490 758
258 348
357 765
124 461 885
875
247
83 184 209 461 509 759 857 889
36 122 164 200 230 322 357 368 404 513 551 564 666 907 972
111 565 570 608 635 723
51 164 542 797 922
373
287
159
94 150 166 175 236 296 337 338 368 432 577 651 833 902 911
861
76 229
76 824
93 841
38 130 339 426 745 758 842 857 875
48 81 118 191 344 666 734 891 941
80 394 470
77 352 946
146 656
708
346
17 294
124
298
5 136 143 156 310 388 500 548 549 552 586 722 813 928
202 203 223 295 419 423 464 585 614 711
181 310 402 468 509 600 765
22 40 53 71 177 235 306 339 364 379 466 479 490 501 512 524 533 650 661 869 902 961 972 980
204 482
10 97 254 488 515 566 631
420 473 589 713 940
329 781 992
32 195 292 320 356 369 527 597 907 974
77 163 187 500
751
72 550 654 703 720 906
40 111 231 380 409 479 848 925
246 439
444
6 581 639 983
170 192 253 267 337 385 449 676 784 819 891 908
202 203 285 554 889 891 945
209 221 337 449 466 605 745 790 966
31 199 387 560 634 682
457 483 918 997
674
1 390 398 594 597 825 912
6 18 19 489 807
100 143 531 567 589 776
5 246 436 614
322
88 99 481 742 968
15 257 484
409
460 997
84 155 206 351 393 504 507 742 786
80 193 196 252 323 345 425 487 543 636 645 788 862 872 905 971
43
119 122 362 422 668 766 998
373 536 842
226 295 471 523 538 776 787
750
382 591 976 988
111 192 195 341 400 632
85 107 285 363 487 505 634 789 869 909 959
452
77 417 478 764 866 915 970 978
44 152 187 204 581 759 783 886
69 134 184 185 283 436 604 730 811 877 939
118 279 333 617 708 850 998
828
697
130 352 454 533 823
373 484
868
721 822 919
18 154 219 278 303 332 428 590 628 690 779
358
68 944 962
82 96 370 423 511 630 929
804 927
521 844
253 278 340 479 907 982
55 120 223 331 381 806 927
569
700 721 815 961
269 304 364 497 924 934
525 748
668
25 67 432 436 497 993
174 192 256 550 602 685 963 971
964
1 159 192 274 298 313 324 364 435 567 597 658 791 800 876 995
16 39 228 274 359 895
127 774 777
132 381 679
68 281
107 613
63 151 535 718 764
340 350 563 616 675 718 883 902
366 966 989
141 287 419 420 461 783 958 1000
571 908
855
135 275 333
253 348 356 426 477 480 574 756 888 942
149 259 387 533 793 861
89 620 825 832 928
146 191 275 388 487 730 801 854 983
142 199 291 453 643 864 984
273
123 304 312 381 448 519 558 568 590 616 621 697 707 851 863 882 935 985
271 341 399 439 456 547 599 684 707 826 911
179 241 540
34 38 220 237 257 374 390 412 478 534 565 596 639 693 715 769 823 874 913 951 980
11 195 982
112 258 271 464 774 956
106 940
10 21 119 293 330 474 512 809 868 890 951
185 421 512 524 612 690
804
185
650
158 236 278 394 839
157 361 403 479 556 566 568 826 903 967 1000
77 381 398 550 638 764
252 265 345 706
798
1 446 605 843
152 319 554 597
216 336 381 413 544 947
377 590
13 58 351 476 551 793
250
564 586 969
46 88 99 158 234 275 332 397 408 609 763 809 887 944 999
40 63 85 236 362 432 533 614 632 656 690 710 752 819 840 849 969
306 544 559
132 372 930
774
16 324
43 801
663 740
387 786 843
498 582 968
7 32 55 296 482 584 692 948
308 441 604 678 765 861 914 920
391 471 754
18 223 240 515 630 651 890
50 137
89 100 119 130 146 147 214 248 291 339 352 469 488 622 708 906 968 997
9 352
145 171 213 262 395 566 745 747 957
271
488 904
91 175 191 302 356 826 932
464 737 824
268 450 454 674 969
224 908 978
392 496 514 722
151 421 438 460 651 738 927
182 224
97 252 269 419 439 968
250 576
471 645
112 792 874
15 21 36 133 198 224 359 429 452 598 639 648 691 961
178
893 929
295 397 420 508 967
247 257 288 329 526 557 564 640 855
74 109 182 324 627 944
473 742
233 241 337 364 410 561 772 842 904 988
7 46 84 119 137 277 388 401 419 485 486 565 612 750 760 945 963 992
251 506 559 574 694 796
758
853
68 237 681
249 579
647
351 416 467 469 550 597
38 73 133 226 243 257 296 371 372 391 404 425 437 455 599 613 635 661 713 726 747 762 795 820 861 903 923 973 998
165 317 875
108 228 298 329 408 445 597 931
167
291
543
144 185 383 403 404 554 647 939 944
65 93 209 216 277 300 395 571 581 634 682 731 764 785 810 931 932
289 779 808
656
65 252 804
80 225 401 481 604 733 962 978
306
694
176 978
141 201 409
46 95 97 280 438 472 633 817 987 988
878
17 483 892
568 813 874
455
671
46 655 681 705 807
146
189 203 276 331 348 364 375 394 458 511 517 565 637 782 816 894 899
130 532
239 949
223 487 793
208 316
76 469 780 850
13 457 893 953
279 643 723 855
317 456 548 705 760 792 954
102 441 449 725 793 885 950
419 507 619 994
20 159 222 438 458 485 551 614 643 714 741
205
12 396 479
27 57 87 116 128 248 283 762
39 82 287 289 392 517 547 684 691 811 894
869
131 269 361 422 769 909
182 630 946 977
75 126 376 648 720 804 887
41
46 328 454 590 611 685
14 36 258 271 500 578 590
14 28 57 66 115 185 213 234 267 277 283 528 600 607 620 641 686 715 799 834 900 907 941
717
89 349 386 504 551 580 609 749 854
417
53
75 224 273 352 527 949
501 716 957 959
99 198 204 385 647 777 864
302 421 579 841
75 88 178 328 356 382 401 426 601 730
324 333 336 354 426 442 453 465 484 515 552 635 644 692 779 781 933 970
165 716 735
485 602
245 700
11 98 167 199 205 207 257 263 268 358 448 466 599 603 625 642 731 827 871 895 903 923 983
126 132 410 903 909
17 339 385 594 602 636 888 930
170 531 612 711 731
620
77 114 203 221 232 255 267 290 353 401 555 620 695 705 857
167 235 1000
174 691
145 361 473 535 774 827
233 270 399 881
280 559
14 32 84 160 172 286 440 600 805 809 937
642
67 79 187 416 542 552 620 728 889 941 984
154 258 538
754
25 50 123 281 294 303 418 480 561 603 736 965
333
736
9 70 241 242 359 376 738
272 864 927 996
512 571 623
348 514 552 912
677 741
602
54 150 156 411 488 517 700 760 772 969
131 183 541 720 737 829 896
835 879
252 589
121 391 507 593 824
5 9 109 185 207 271 301 336 438 593 693 872 909 965
271 290 377 479 591 694 787 858 876
116 177 307 443 539
430
41 159 175 347 368 493 822
662
667
82 377
161 410 551 657
38
953
21 141 322 416 588 613 792 854
803 850
934
355 739
545 615
308
6 74 112 164 198 254 280 282 367 410 529 544 609 636 833 905 999
95 151 803
101
497 690
13
114 556 558 722 743
251 378 437 982
7 141 154 171 282 381 425 607 745 775
328 397 639 659 903
88 367 596 959
204 409 480 598 684 685 708 761 899 934 986
88 185 338
368
69 71 188 220 377 390 542 561 706 773 794 925 938
13 66 443 475 652 817
211 270 488 753 959
147 185 189 377 477 602 611 615 625 714 727 910
301 428 506 889
299
20 99 100 137 269 295 382 439 492 594 645 695 697 740 746 760 768 773 828 854 953
245 829 963 975
307 382
83 96 295 471 481 575 687 804 954
34 85 104 145 226 289 394 485 639
102
388 424 739
401
363 468 741
470
147 561 998
159 401 448 876
309
245 283
226 817
4 22 129 170 257 368 410 740 814 836 884 907 950
580
152 303 324 387 562 596 716 783 814 895 949 964 987
261 316 453 523 731 972 982
14 108 192 201 264 312 350 397 502 569 589 730 802 834 910 997
120 254 511 654 656 826 855 955
650
28 161 253 715 825 935
53 77 125 157 226 287 292 313 322 394 433 439 669 703 801 867 870 898 931 985
146 151 291 384 568 768 772 920 961
268 278 852
698
61
182 342
10 179 333 424 842 922 939
207 388 538 590
329
194 252 898 920 946
38 130 248 255 781 790 833 943
232 396
78 797 866
13 398
79
328 366
166 268 282 428 492 605 685 730 745 787 876 899 949
129 305 384 416 456 498 614 638 816
59 471 631 682 801
172 454 623 703
286 602 647 875
548
1 61 167 502 973 988
103 367 521
364 697
316 392 960
58 277 431 653 718
42 91 108 206 435 444 499 677 744
33 313 358 883 971
207
31 429 473 912
574 848
101 346 423
77 80 153 232 303 395 412 442 495 517 694 892 942
568 687
286
604
212 613
67 103 207
149 165 276 580 826
27 45 94 422 716 720 850 913
539 563 626 932
12 217 374 613 744 853
315 333 386 699 839 910
168 274 462 767 841
45 378 649 676
60 122 220
177 235 500 553 663 709 772 845
291 319 968 986
13 19 114 134 351 366 494 514 698 708 926
580 584 718 743 923 930
122 416 437 712 899
39 167 367 408 412 466 474 508 558 611 722 897
83 119 122 197 619 730 761
238 389 491
120 175 206 290 291 301 511 552 564 632 812 862
40 177 185 529 649
84 370
210 467 551 562 735 932 978
829
215 335
15 534 729
232 536 605 925
886
270 342 974
654
251
121 133 325 717
20 256 538 569 650 680 738 844 888
80 105 257 264 297 447 496 642 665 684 702 797 870 994 1000
262 359 434 488 616 753 858
188 274
223
125 565 654 961
43 116 125 171 203 207 226 238 253 324 338 351 398 416 436 491 511 534 549 585 612 705 707 755 767 831 866 945 947
15 101 117 189 207 377 452 528 582 643 726
327 335 710 890 953
12 41 97 150 208 233 237 388 587 615 716 732 739 813 909 950
29
381 912
289
357
15 16 80 83 126 136 246 466 613 872 981 994
951
380 949
193 454 461 740 760 763 924
110 751
44 96 118 139 431 467 571 721 753 762 814 836 948 968 1000
185 326 434 894 973
52 170 410 484 518 660 663 665 895 968 972
79 320
124 223 250 524 540 559 578 714
126 234 557
355 495 814
811
162 297 608
391
427
22 68 97 153 224 232 327 399 510 547 555 556 574 580 608 679 772 825 890 940 941 943 993 998
881 938
278 604
21 89 366 597 751 885 947
209 217 227 340 353 380 428 624 636 769 843 854
692
554
561 612 733 952
489 890
184 189 383 549 620
10 319 783 895
425 469 780 910
428 844
47
779 785
271 279 862 876
444
60 98 158 201 223 300
64 545 785 911
281
65 278 501 938
135 161 497 561 981
16 817
267 744 924
147 225 367 765
481 715 769 778
123 147 281 398 410 725 889 962
51 180 404 492 905 915
586
122 140 214 428 453 525 708 879 950
173 193 486 495 546 602 659 837
689
160 182 331 367 808 896
446
98 137 221 266 507 527 529 633 673 869 979
222
748
396
312 390 494
117 476 698 802 911
705
420
207 233 324 593 795 874 884
12 78 313 344 401 408 940
485 585 854 866
199 623 794 818 872 893 924 975
475 577
9 76 640 949
64 116 193 355 408 456 479
641
428 955
79 480 514 723
72 155 203 373 494 571 605 741
583
208 248 249 383 476 493 521 664 696 822 872
810
21 125 175 263 289 357 370 564 624
108 330 346 456 582 629 640 763 779 821
216 263 355 365 654 887
298 390 606 711 873
114 220 240 313 314 330 478 748 931 960
62 172 231 257 306 337 416 576 650 868
331 594 678 947
114 229 647 709 788
318 419 588
152 205 397 467 482 539 673 719 844 870 910 917
30 59
409
463 545 588
184 463 846
213
528
724 907
98 192 239 438 526 871 873 936
123 200 877
145 397 453 514 888 992
205
312 695
254
131 179 426 604 626 752 855 942
257 979
21 66 235 538
327
642
331 449
46 178 191 199 220 273 332 333 379 430 550 811 862 985
270
421 651 814 978
239 294 316 323 376 429 445 605 644 677 697 722 741 835 969
15 100 120 133 220 223 304 360 378 593 646 673 847 927 962 972
111
586
40 102 124 478 515 620 686 693 732 735 892 894 897
320 509 624 916
157 344 489 646 700 793 856 918
300
258 442 676 903
513 829
614 942
863
11 111 607
615
21 859
118 621 792
102
525 572 627 988
76 174 241 247 418 445 459 470 501 554 937
23 116 130 967
258 496 619 670 687 878 883
86 159 776 810
581
9 30 44 223 500 713
146 254 397 708
311
744
13 136 402 465 498 508 776 877
934
82 164 171 203 809
650
5 27 318 462 517 645 725 873
92 218 785
156
951
40 258 577
10 91 625 661
619 786
58 207 702 971
825
47 313 400 474 799 803 825
43 222 403 408 422 517 565 701 806 823 941 958
377
66
113 180 215 757
156 221 375 419 448 518 577 597 744 902 954
201 204 500 569 864 943
400
176 510 718 820 987
633 940
798
49 55 329 677 924
366
261 332 526
14 23 62 73 124 143 179 211 245 355 356 360 509 649 684 730 749 750 751 800 809 879 954
4 23 46 138 155 321 324 332 334 446 476 517 539 644 667 714 796
38 121 612 687 696 776
123 477
149 487 609
29 59 176 381 587 702 985
161 698
8 26 136 325 478 738 960 974
965
699
411
307 529 547
534 751
469
194
167
144 164 296
89 114 152 162 269 413 989
135 183 537 719 884
689
786
283 533 755
747
306 440
977
400
155 623
237 249 314 414
38 297 319 335 595 749 803 813 814 910 992
52 269 285 442 505 541 600 639 841 893 975
165 181 241 551 591 665
55 86 111 116 156 174 225 431 433 446 491 567 660 807
81 100 139 164 316 490 542 977
369 437 675 679 989
297 299
854
92 645 896 945 975
130
342 352
40 66 497 734 742 750
129
426 590
155
126 127 135 185 186 261 270 312 327 335 338 383 435 448 472 483 533 536 560 593 599 620 759 771 772 799 857 861 866 894 945 946 956 981 986
86 119 130 241 323
804
167 202 555
321 478 714
37
113 177
122 144 165 178 193 198 236 422 453 514 621 673 757 965 967
801
254 270 349 417 490 552 609 992
122 150 210 257 304 630 880
848
12 40 205 344 366 372 444 516 546 549 581 594 719 751 793 838 842 897 929 936
223 370 468 566 876
38 74 156 263 272 336 512 691 810 831 891 894
237
94 217 517 703 964
181 864
186
659
222 333 354 367 574 597 670 797 897
787 966
206 224 915
151 469 519 523 814 816 817 923
144
96
867
917
108 466 507 521 700 745 750 761 827 962
280 666 682 900 912 939 952
237 674 867 875 885
27 38 77 151 215 251 294 495 546 634 871
111 131 140 258 356 420 433 751 764 852
131 267 308 788 850
634 770
955
50 228 329 375 402 539 560 627 723 802 840 982
80 910
292 434 720 851
539 666
589 790 808
295 426 588
71
183 355
193 906
837
549
516 525
89 317
86 454
822
104 227 856
189 300 543 685
21 228 383 389 405 573 658 708 947 962
922
237 252 431 498 629 686 694 732 906
21 49 170 398 427 449 574 756 774 954
147 175 422 753
120 283 422 646 765
201 399
35 44 69 190 239 250 334 571 832 978
153 166 288 556 963
33 41 583 689 927 960
355 591 686 801 808 943
204
371 591 656 861 979
24 583 632
17 139 143 155 409 484 558 962
126 182 325 776 834
31
82 99 137 279 634 968 999
235 289 485 542 649
148
17 325 436 473 509 565 898 993
659
171 622 833 920
102 175 241 370 459 542 565 588 610 688 719 819 863 918 960 970
56 60 94 106 158 170 281 361 387 487 564 628 660 772 867 923 957 974
871
116 370 513
636
91 359 537 547 619 953 963 991
182 257 550 583 623 783 833
56 166 343 579
365 461 594
281
710
393 426 499 602 627 925 951 953 966
133
248 591 688 946 956
13 189 750 907 914
15 87 159 404 661 860
394 713
30 242 357 429 483 581 809 857
354 668
499
111 156 228 251 350 574 578 934
215 224 377 409 621 730 742 920 964
4 224 253 381 504 736 848 854 960
29
108
121 272 284 796 872
191
121 203 587
3 126 212 502 650 675 829 835
12 539 555 649 807 936 954
125
20 303 459 475 531 919
464
147 257 649
139 309 546 675 711 718 757 990
28 83 457 783 870 966
146
140 335 391 624 742 755 830 833 946
98 187 282 407 536
40 201 217 222 255 421 462 792 828 930
78 135 320 370 401 417 471 759
4 337 345 365 524 812 990
56 252 328 496
470
294 921 962
325 568 800
179 277 628 681 765
26 51 92 120 244 278 346 384 453 480 490 531 545 558 564 645 837 885 934
191 697 729
244 793
895
551 675 757
31 75 103 113 152 174 180 183 231 328 340 427 444 576 645 647 739 741 758 786 816 827 856 863 871 1000
127 943
790
360 535 687
84 210 224 916 935
400 536
29 130 240 287 323 332 353 501 562
389 504
151 205 389 785
217 273
20 242 246 345 469 625 703 753 879 965 968
91 198 554 702 871
200 226 413 455 511 989
194 239 494 570 583 689 763
317 622
72 341 941
428 819 838 943
16 54
384 557 854
718
504 727
26 247 892 943
17 123 224 272 367 445 509 517 542 550 575 693 724 735 742 819 965
319 490
126 131 149 194 219 444 566 607 688 759 831 851 907 916
60 148 216 298 372 482 508 734 752 757 809 857 859 901 966
54 55 86 103 357 405 427 623 645 657
15 26 29 56 85 200 203 238 269 288 347 395 403 420 502 514 565 571 617 642 647 661 721 765 768 819 852 868 938
415
882 939
991
590
63
927
537 538 805
164 447 517 540 550 710 731 986
25 153 493 498 539 553 566 568 599 704 783 976
50 66 175 446 490 522 678
360 761
76 169 459 465 551 639 641 739 794 838 855 948 949
25 263
43 105 386 459 475 594 637 644 698 719 774 843 876 919 978
77 117 132 211 248 349 551 562 601 717 745 814 944 966
474
223 379 477 554 726 756 838 872 925
227 688 951
301
496 719 921
381 439
52
380
418 480
579 707 906
560
498
297
5 601 964
283 467 673 701 913
10 451 686 727 948
178 714
138 170 355 387
79 260 292 319 838 918 937
166 397 532 782 819 925
243
187 258 463 597 648 679 714 733 862
71 949
3 38 129 195 270 286 489 500 584 885 966
57 233 292 348 428 464 491 800 831 920
31 84 121 162 166 342 378 546 609 671 783 946
734
51 219 821 990
4 199 273 443
37 159 264 438 571 610 670 806
277
48 153 193 305 326 586 695 788 883
149 158 256 384 448 624 657 702 864 874 945
351 951
142
105 112 121 187 341 866
315 446 803 964
208 780
16 386 707 913
58 114 125 184 188 210 233 486 603 613 652 665 886 918
395
139 787 996
207 523 678 766 861 890
155 281 314 338 490 689
558 718
80 117 246 394 408 451 521 665 723 738 1000
21
164 264 753
249 336 547 578 590 810 830 974 997
121 197 713 897 997
307 319 472 620 701 799 937
484 767 886 932
58 66 379 394 574 658 693 711 860 921
283
648
41 71 336 360 437 447 512
117
427 697
573
115
681 756
41 116 258 327 487 811 952
47 205 238 310 357 621 638 694 833
739 833
125 230 356 724 828
163 675 881
425 717 840
149 211 300 362 665 722 733
415 769 839 876
715
154 242 340 377
594
86
740 762 834 844 885
52 93 105 141 297 404 546 576 599 611 627 684 853 872 936
237
64
121 221 240 344 346 370 457 536 594 612 624 729 736 809 889
158 326 484 671 713 775 883
337
69 229 262 269 272 498 630 951 983
49 86 391 394 403 696 721 828
76 110 283 560 564 586 624
109 386 894
361 585 611 643 652 831
169 194 195 818 860 932
72 843
223 304
42
904
184 286 633
126 320 688 697 757 866
32 597
53 192 209 277 280 288 302 370 390 408 426 536 592 681 880 889 904 936
30
27 76 296 918
3 159 366 405 514 574 684 728 870 894
70 221 661 708 896
13 92 296 368 738
220 274 337 374 568
88 381 402 445 567 613
67 646 747 762 928 987
73 173 368 389 410 486 592 670 702 794 870 960 981
228 563 568 676
813
922
102 107 171 406 415 422 480 586 591 665 742 756 791 845 901 981
43 142 171 224 273
526
152 260 458 479 547 617 905 910 998
25 57 154 394 466 498 507 536 648 660 933
234 281 300 311 426 816 853
318 916
4 156 190 239 260 402 417 472 615 748 904 939 973
19 113 148 627 789 926 944 979 988
41 507 676 752
139
238 253 464 553 599 766 775
792 878
496
166 183 184 297 392 421 542 583 706 862 924
444
58 72 273 535 777
975
35 38 60 449 944
37 683
46 239 549 770 907
140
3 113 261 588 707 827 836
933
13 33 326 670 729 994
718
462 834
540 899
881
150 379 426 472 547 761 851 888 932 966 987
576
321 394 464 577 929
213 323 720 999
6 88 104 203 288 322 418 827 882 915 975
578
241 253 634 642 650 724
14 72 214 272 455 456 535 817 980
374
392
24 35 765 772
211 237 283 332 376 773
43 67 129 139 148 224 228 241 247 286 290 291 316 353 383 396 406 452 494 496 508 582 586 594 596 628 705 862 942
149 269 296 600 958 977
663
63 582 896
261 291 481 626 633
540 551 800 877 918
469 784
48 214 553 566
962 970
66 478 601
73 76 117 176 184 189 270 308 350 444 498 501 808 968
263 264 338 391 605 615 879 996
76 140 265 268 362 589 841 971
113 689 775
232 296 427 441 556 678 933 945 991
255 345 383 549 581 988
95 481 650 675
4 191 198 242 245 254 256 449 450 478 543 580 695 748 826 835
924
301 341
106 632 869 994
112 166 277 355 382 385 407 409 481 502 510 523 524 585 602 617 681 722 815 819 854 958 969
447 816
137 151 277 516
9 20 57 980
73 107 125 186 259 285 408 476 490 552 618 747 897 974
654
714 845 951
117 295 303 355 431 619 756
5 14 30 95 98 101 121 136 213 214 320 349 395 420 429 498 563 565 592 626 639 649 658 661 680 724 744 748 750 793 827 829 841 854 868 884 911 941 961 978 988
323 507
5 389 399 600 655 662 782 872 987
77 138 520 732 863 932
130 180 237 385 575 640 902
215 765
20 33 155 203 219 223 365 582 596 778 795 831 845 928
265 476 676 734 758 826 892 992
152 567
133 277 316 460 520 538 728 770 785 847 899 952
48 182 515 778
83 257 358 722 953
57 375 382 632 677
2 311 473 592 667 694 770 892 930
114 132 162 240 327 365 371 613 749
648 776 834
466 604 768 779 971
49 61 501 567
775 869 924
985
6 48 278 355 390 529 638 697
1 222 324 379 684 801 921 929
28 250 398 399 554 686 780
142 464 470 476 582 655 877
76 225 328 402 456 474 613
899
14 94 187 215 613
470 509 615 877
273 494 551 639 666 811 826 833 883 918 924
22 703 745 773
12 458
243 789 817 835 870
14 48 62 101 104 112 217 252 313 368 435 575 611 965
233 291 617 627 715 727 839
196 204 351 399 862
282 319 343 372 427 456 548 568 574 648 825 891 913 929 934 994
608
365
264 752 754 936
63 126 164 186 199 203 236 266 268 681 691 712 772 809 923 982
512 971
4 69 204 450 460 467 484 541 550 551 556 605 680 734 900 994
9 162 167 197 342 486 559 614 692 765 774 809 903
295 493 779
158
30 375 697
310 395 431 466 486 537 554 637 649 875 988
411 957
267 340 469
551 773 786 985
391 436
34 970
38 55 83 126 167 265 350 378 399 533 569 715 738 805
240 297 449 579 722 744 758 782 868 968
3 26 133 164 283 313 321 413 420 461 506 523 525 624 653 670 740 913 939 945
278 442
95 145 554
29
439 510 515 904 935
190 226 765
103 158 342 358 361 429 519 602 708 731 818
100 164 174 234 330 373 432 444 569 622 697 736 861 898
670 687 700
99 713 983
331
721 804
25 396 918
30 175 346 763 786 792
293 568
48 499 648 758 816 841 932
553
686
8 250 253 285 434 457 644 667 703 823 904
130 679
54 206 460 567 588 635 685 766 967
18 85 126 180 235 302 331 345 414 597 666 777 783 805 863 914 918 979
746 830
4 386 517 927
569 865
894
302
106 282 417 942
741 880 973
148 152 309 330 667 718 870
100 971
332 724 841
191 321 919 991
116 228 642 729
25 122 224 255 348 390 416 420 425 476 503 591 649 746 776 870 889 898 915 940 970 984
873
879
412 569
11 12 42 177 178 329 386 426 456 574 595 631 632 709 755 809 859 954
82 224 590 659 904 935 967
24 51 274 325 339 380 413 426 453 649 779 780 826 944 954
63 146 297 448 528
113 156 215
57 153 361 411 470 564 591 761 766 852
9
39 170 302 351 362 403 429 455 481 525 773 964 982
282 393 627 652 839
287
685 720
197 219 629 848 901
8 77 150 208 225 262 302 414 465 517 665 735 813 844 854 859
85 415 801
482
5 209 257 308 330 368 414 456 615 692 843 908 923
4 131 142 334 353 424 505 626 645 799 979 994
866
39 47 137 157 373 825 859
140 290 447 507
205 228 386 519 594 990
17 30 419 444 450 505 633 727 858
106 276 371 529 585 722 774 833 945 984
48 54 91 101 137 155 192 236 238 389 648 739 758
643 960
140 485 601 735 804
30
230 248 408 571 625 963
62 306 345 445 470 569 603 650 654 670 758 799 861 889 938 940
27 206 265 912
235 536 733 746 818 914
447 749 859 879
88 227 337 809
663 679
22 40 254 367 409 433 524 575 750 883 924
511 515 520 939 984
133 346 352 411 464 508 749 838 857 883 891
297 538 733 983
145 374 544 618 799 856 869
219 226 565 638 701 714
11 246 284 324 330 468 564 633 640 811 872 894
181 210 275 355 962
245 336 823
25 692 892
666
19 54 444 516 637 919
104 384 443 493 723 872 883 916 944 957
103 346
44 117 178 367 389 475 596 846 928
505
39 389 407
436
265 553 882
105
588 620 769
301 444
410 504 941
59 144 152 523 618 732 887 920
19 85 170 542 641 717 888 917
363 610 667
193 745
89 103 198 247
27 98 187 424 557 739
332 759 833
92 96 159 163 179 186 269 312 398 402 428 477 573 764 773 776 820 956 965
73 84 170 399 478 583 765 823 950
358 865
124 461 650 728
524 554 564 801 928 986
226 603 946
385 895
157 662 743
83 138 611 706
801
451
411
454
52
533 697
81 157 193 236 238 343 386 427 469 522 569 695 708 743 762 986
67
40 735 869 970 972
535
797 812
245 727
283 292 498 563 700 777 850 961
7 130 216 235 288 360 505 626 628 804 835 969
183 212 989
145 274 373
19 89 318 409 574 668 822 901 999
876
32 97 104 199 296 353 408 478 497 595 637 690 732 752 758 777 784 829 887 966 969 978
246 253 295 315 862 893
30 48 52 172 211 388 414 423 506 547 662 676 792 849 881 943
120 300 368 485 581 612 617 973
242
193 214 443
114 192 203 208 521 667 854 863 940 945
62 133 155 245 270 293 334 364 400 541 543 592 801 845 893 936
120 303 321 424 675 821 900
453
128 294 564 606 793 872
6 285 320 626 676 886 888 937
627
207 564 575
21 75 424 517 576 797
709 835 985
588 602 618 683 770 802 815 974
238 240 353
122 841 909 925
99 637 910 969 986
11 289 651
676
39 157 734 956 962
677
722 769 798
21 31 59 107 140 203 276 476 603 645 854 879 902
31 159 381 531 561 597 647 913 922 940
15 113 138 323 356 378 495 506 556 558 650 750 782 892 984
114 241 255 279 306 314 326 332 334 355 366 460 462 579 632 693 746 833 860 905 926 936
13 150 284 358 602 633 683 765 806 849 879 971 988
234 402 709 855
241 427 994
211 428 435 500 635 665 742 886 958
501 783 798 863
63 708
311
159 336
278 961
133 200 298 388 911
132 520
45 56 576 655 897 990
481 539 676 736 943 948
59
186 320 620
378 460
87 148 223 309 444 493 581 636 642 643 655 668 754 834 868
676
206 211 329 343 464 535 648 712 765 780 828 906 908
4 465 977
373 568 714
107 109 131 166 167 195 250 257 285 337 342 401 417 484 572 611 625 647 656 658 681 742 876 918
350 633 791
40 570 643 903 943
130 338 377
354
527 887 892 897
216 538
426 435 458 830 871
277 334 510 544 558 817
434
46 124 126 144 313 325 615 641 794
328 948
169 445 473 941
43 281 336 842 861 894
103 112 179 209 331 679 824 891 915 977
157 159 224 354 414 518 599 673 703 889
195 347
41 122 389 422 484 551 611 635 778
51
148
25 97 105 126 129 184 203 374 604 618 665 784 799 896 898 981
605
205 511 958
78 358 361 466 808 856 889 903 975
437
376
15
42 65 209 342 351 675 725
387 508 520 542
33
141 226 415 530 585 611 637 799 853
717
129 139 208 308 512 559 570 680 691 702 716 869 909
505 656
89 772
110 240 264 396 417 509 602 618 652 864 900 946 958 969
80
965
87 189 235 539 572 745 969 990
92
543
8 77 739 955
136 877
605
353 825 942
214 241 408 470 540 674 872
14
474
52 204 205 263 318 408 582 714 769 847
61 296 432 469 493 550 695 841
237 506 775
68 98 167 303 330 616 619 656 699 979
34 607 785 787 923
564
6 91 201 205 518 657 700 719 868 927
361
14 69 107 270 295 331 411 476 540 652 732 798 948
151
660
743
38 51 85 101 225 226 411 491 564 770 915 937
5 90 171 209 226 349 353 512 524 575 580 644 714 854 922
84 111 142 198 215 216 226 499 545 713 997
131 235 483 877 881 937
691 919
137 605 682 747
103 290 303 457
293 387 488 815
67 200 308 342 358 364 447 556 562 659 680 717 735 744 790 869 893 968 991
19 191 217 280 472 547 601 714 938
787
2 128 402 796
968
423 925
113
489
62 866 994
282 339 345 538 635 818 908
21 64 66 91 96 127 184 185 196 207 286 293 361 364 372 381 421 424 443 466 473 478 491 525 545 603 640 667 668 683 697 706 760 821 837 840 862 869 870 873 878 898 975
44 62 476 743 756 796 823 857 908 926 950
292 312 374 405 654 844
35 687
300 620
550
622
365 393 638 926
196 401 414 624 697 785
89 158 553 701 919
944
193 412 552 567 604 770 861 938
150 277 397
162 228 239 397 602 632 658 715 730 756 787
200 713 846
858
145
465 942
6 108 182 468
52 959 999
295
810
173
575 793
7 69 76 79 123 330 376 450 559 589 590 745 811 825 859 910 915 956
208 481 846 870
384 675
30 52 110 155 177 179 299 324 364 383 408 461 542 553 573 674 693 717 737 766 865 884 997
785
328 467 495 673
612
41 944
505 637 789 871 997
313 678 776 805 963
38 104 129 166 282 316 362 383 440 444 507 538 660 669 696 698 737 844 913
98 261 423 761 799 827
35 57 63 408 438 637 668 740
124 137 236 261 594 886
53 104 158 224 297 320 356 373 393 405 465 508 833 836 877 909 912
6
555
10 119 286 297 304 533 683 779 894 930
750
74 112 156 368 418 619 672
60 114 139 153 184 189 210 219 724 896 980
17 65 195 542 548 799
821
34 66 431 516 681 742 812 874
47 200 254 286 442 500 517 632 717 744 798 802 820 861 862 957 960 997
661 987
1 176 239 278 591 642 933
267 331 714 883 906
180
29 367 372 883 949
404 704 1000
52 142 166 167 422 910 980
61 488 619 918
800 810 930
524 732 801
29 175 185 293 328 361 501 567 844 851 999
164 202 220 599 737 761 927 935 987
54 205 458
135
643
156 323 386 431 471 482 677 804 830 858 967
83 201 431 761 799 936 976 979 995
26 39 106 281 466 705 979
152 324 423 539 587 640 774 893 934
210 228 548 816
376 412 500 607
145 224 327 433 601 687 810 849
870 908
166 306 334
991
241 350 438 478 810 848 985
143
109 275 395 549 558 712 882 962
420
777
68 167 381 409 428 735 847
806 949 990
7 355 759
236
190 405 601 875 962
360 909
69 235 389 715 921
568
16 42 108 149 226 470 532 685 860
569 667 779 882 917 928 957 990
769
808
908
149 232 276 456 923
966
31 269 476 573
64 72 164 224 249 321 491 561 565 590 665 724 813 928 947 963
410
210
66 96 472 481 803 861 874
299 580 957 999
9
68 193 332 356 385 527 530 535 683 786 802 903 921 1000
605 617 636 637 775 826 955
98 329 846 913
16 142 151 337 581 663 704 964
840 905
526
179 283 367 703
599
210
20 44 51 80 144 195 209 269 284 309 310 315 338 345 397 437 512 582 686 709 834 849
163 200 201 372 432 524 751
58 127 281 379 458 561 621 659 914 926
111 157 209 213 508 595 599 610 643 672 674 676 742 778 964
401 451 561
102 278
131 361 429
319 434 779
346 811 902
119 125 327 564
640 684 809 949
47 70 145 183 582 653 684 704 707 730 733 770 790 879 942 949 986
626
92 137 317 412 502 523 708 784 829
422 464 718
441 469 512 987
220 238 480 669 694 739 845
445 490 639
2 477 492 576 684 787
716 974
84 212 427 895 964 975
98 244 380 446 575 718 739 848 928
38 838
38
21 28 852
568
397
181 734
450 676 897
74 395 583 621 903 915
4 366 394 671 792
47 57 91 174 187 281 534
107 125
3
39 231 254 259 323 839 863
383
275
230 272 387 467 486 569 653 670 939 949
900
328 734
308 743
655 658 711
22 302 396 449 538 581 590 614 616 791
199 578 641
526 554 729
576
2 32 66 181 310 489 565 660 718 900 958
111 244 464 514 672 679 979 999
376 443 679
13 156 165 299 510 586 644 651 716 771 772 907 931 941
48 544 753 962
582
268 332 498
267 808 964
691
154
44 114 787 837 962
37 315 322 790
182 502 637 681 766 807 1000
34
233 979
324 336 619
402 464 497 770
86 410 724 777
202 223 531 739 741 908 977
579
175 255 270 310 312 349 480 544 550 562 732 764 789 915 943
415
194 400 822 880 933
48 60 76 122 234 242 261 411 449 611 762 805 911 991
186
160 243 320 384 485 486 493 504 509 533 573 993
270
130 133 987
231 290 427 585 720 815 985
98 397 419 507 796 955
112
536
114 227 237 460 491 520 779 899 920
80 117 125 283 288 512 695 785 857 899 914
79 147 154 253 300 547 590 637 761 843 872
40 538 558
104 322 702 716 756
160 460 544 842
644
769 927
486
59 319 369 650
54 118 180 199 259 287 389 662 848 897 912 914 922 981
41 59 154 192 208 251 267 287 472 781 880 976 985
196 554 582 628 929 956
34 118 225 329 440 489 643 723 994 999
205 234 241 378 985
72 144 227 773 911 966
172 266 404 870 898 951
270
362 449 736 979
112
202 938
576
86 166 310 485 709 710
29 229 350 617 640 665 748 881 886
323
102 203 318 371 381 405 423 499 594 703 724 736 801 826 882 917 977 978
306
284 324
83 224 273 451 649 734 922
247 260
270 447
39 340 494 626 808 974
885
598 705 868 920 991
627 699 714 916
150 217 782
144 207 218 350 424 456 470 484 510 545 564 593 759 781 901
54 101 138 275 284 300 939
189 740 809 852
608 795 815
191 647
991
132
679
531
712
726
2 88 180 236 238 316 332 387 526 595 597 665 933
876
359 500 503 934 978
39
315 681
304 521 666
164 300 437 571
450 690 981
121 414
11 153 222 262 263 365 402 656 672 698 903
77 115 188 210 217 262 370 389 405 429 528 544 624 708 778 857 916 939
430 432 496 792
71 199 442 669
368 381 757
574 768
196 251 486 857
254 838
593
191 807
903
118 175 314 387 530 538 675 678 764 775 891 1000
305 356 444 575 662
706
125
22 45 134 214 378 517 617 669 739
23 36 38 136 344 364 465 594 662 695 929
40 189 674 857 975
658
18 258 310 623 959
164 206 281 813
678
449 662
122 226 729
7
71 104 115 127 778 862
942
774
138 372
235 343 604 856
126 398
246 299 580 686 699 769 857
30 31 105 297 315 537 819 834 853 898 955
205 593 820 881 936
56 179 254 326 462 531 851 909
125 192 891
369
200 513 535 843
289 314 787
261 379 473 707 775 825 843 865 927
94 428
78 97 205 722 968
150 228 452 463 791
18
484
102 112 381 528 579 680 687 690 719 791 792 857 959 961
352 366 440 897
117 121 124 203 240 476 857
320 474 480 625 801 861
44 505 740
27 87 156 293 536 559 631 651 756 766 818 836 867 1000
277 549 912
388
128 284 594 765
103 232 393 480 944
307 845
346 361 604
845
27 71 581
476 483 511 850
53 58 80 171 278 300 342 380 411 456 498 960 966
519 684
111 296 330 365 422 545 781
71
527 644 712 777 845
554 603 755
943
431
177 496
31 192
20 28 234 292
12 637
736
223 879 977
314
361
46
347 439 649 775 993
60 480 487
45 102 147 246 277 305 349 359 384 437 538 552 679 733 815 841 882 940
41 424 461 809
686
86
9 93 137 188 253 263 355 477 726 788 805 834 899 960
67 146 515
1 33 231 447
256 463 583 642 974
11 100 108 139 157 261 269 404 468 616 698 716 830 917
100 268 298 422 479 556 569 635 893 904
124 750
135 257 282 326 753
240 259 392 607 645 708 762 834 961
480
959
68 107 165 534 653 922
795
669
775 799
19 393
93 211 420 544 547 643 709 715 787 838 859 901 905 964
241 244 378 497 667 739 836 868 932 943
6 41 50 53 54 73 100 119 133 185 257 326 369 381 414 617 619 641 674 677 681 722 749 800 810 812 896 897 910 941 949
23 587 627 647 648 785 928 929
124 232 424 873 889
386 585
76 420 515 860 915
555 759
157 744 749 953 957 961
486 610
6 110 180 733 757 858
136 378 411 452 524 527 530 671 704 757 791 837
49 290 393 433 517 589 652 887 959
79 80 220 233 370 417 430 445 510 596 624 696 799 825 848
22 38 139 375 386 455 588 646 869
708 935
116 238 321 403 494 592 644 725
58 73 166 215 499 640 801
99 626 942
1 575 708 740 841
37 151 202 210 415 446 539 641 673 686 842 866 882 985
868
239 281 303 945
157 198 292 293 357 408 457 590 666 726 812 860 970
50 57 465
658 838 915
15 64 413 625 883
898
32 193 258 285 293 868 961
185 503 962
293
288 305 848
139
911
108 698 782
249 622 661 785
178
2 69 100 105 137 176 332 386 401 603 653 686 769 865 919 957 977
766
33 99 156 235 333 360 377 386 402 560 652 653 692 738 764 794 802 863 930 938 972 984 993
37 343 442 555 571 837 931 968
15 586
293
124
128 156 500 638 652 912
88 939 968
592
106 359 785
115 140 141 209 230 507 668 735 848 893 982
875
546
228
57 63 90 153 197 211 219 232 247 352 441 451 492 496 533 540 548 726 804 835 876 910 988
13 81 108 146 174 193 244 524 590 591 839 843 936
336 552
677 705 800 896
74 83 166 184 187 304 432 462 478 547 611 644 716 822 834 868 926
161 377 498 583 753 839 953
35 279 288 406 439 557 669 720 761 762 895 992
283 384
102 752 795
91 252 257 261 334 528 586 612 629 734 737 833 857 872
319
311 849
323 360 697 704
35 196 304 319 492 675 954
198
40 109 158 258 263 314 340
44 200 211 417 827 873
74 193 204 376 378 909
321
764
686
842
911
264 313 446 613 775
913
13 15 16 100 366 382 407 452 486 627 662 706 766 767 769 809 812 928 997
195 197 228
14 103 132 270 424 578 655 701 989
61 235
270 309
71 157 389 390 453 460 549 573 739 774 833 848
82 433 497 514 587 757 983
47 174 245 335 768 833
123 221 263 381 416 528 591 610 734 794 865
27 217 275 404 696 794
10 109 113 141 144 244 277 282 296 380 513 554 872 903 950 952
60 270 287 503 527 641 738
95 196 244 257 258 262 552 588 621 723 733 780 788 812 927
214 215 430 540 585
582 765 812
493 892
122 526 590 819
138 900
152 232 495 570 608
444 520 562 694 712 785 979
218 456 983
170 448 625
208 406 446 489 574 579 613 660 712 874 977
13 26 50 72 90 162 178 184 245 252 309 326 365 407 424 448 482 483 529 554 619 634 692 708 731 742 812 845 916 926 955
702
317 871
393
266 275 940
920
529
69 466 480 697 946
23 163 316 831 840
80 95 251 322 359 506 523 601 699 991
67 209 254 503 920
86 258 582 655 822 847
59 373 873
29 103 457 725 756
70 333 375 674 877 965
76 302 357 358
294
483
271 984
683
392 697 822
145 251 816 828
513 748
408
93 222 300 488 513 730
118 300 375 432 466 627 793 894 899 937 968 984
336 435 463 476 602 625 668 678 693 773
123 274 301 771 875
202 369 419 451 526 555 564 636 963 984
33 157
11 57 142 369 647 725 798
197 405 650 813 820 990
396 558 976
544
60 159 203 297 454 488 530 534 620 645 653 774 784 881 895 980 982
102
823 971
163 413
293 398 429 496 657 673 804 880 996
974
283 540 682
42 70 358 368 541 653 718 721 735 767 779 804 881
56 170 179 270 424 464 509
528
20 235 343 913
54 341
633 789 933 986 995
478 543 601 635 639 948
643 729
282
252 850
591 704 946
33 59 210 388 931 979
178 181 310 505 530 653 827
620 799 890
40 134 241 568 631 971
595
80 388 755 790 801
205 475 485
7 49 203 269 294 376 377 384 487 677 868 878 914 946
568 855
294 411 511
44 116 136 425 484 524 546 580 608 647 727 948
529
4 26 39 69 167 605 737 891 909 975 983
282
1
172 260 327 387 497 505 580 942
225
264
88 94 323 504 612 686 694 716 770
674 941
217
306 476 480 486 716 825 902
84 115 205 223 286 333 335 340 473 564 628 668 826 935
190 386 507 583 628 733 791 839 912 938 998
148 207 562 569 815 828
490
559 637
268 506
4 101 272 344 394 471 561 869
492
337 527 688
422 560 676 836 989
942
28 251 254 272 391 440 480 529 732 789 950 979 981
28 298 345 726 834 967
487
877
455 628
84 124 164 177 244 348 403 409 445 450 478 561 654 734 755 929 995
563
417
197 583 960
28 388 397 747 864
199 276 317 502 532 561 624 713 926
246 322 402 907
206 278 337 408 516 569 682 959
150 493 820 903
129 958
440 666 900
33 187 314 378 586 605 771 923 996
318 380
817
152 329 347 389 894 914
78 114 212 232 309 315 332 623 757 885 943 976
400
12 561 790 937
46 64 173 601 846
1 29 36 201 204 259 321 348 352 548 550 787 843 957
171 280 370 476 504 520 582 643 719 921 959 969
188 667 707
90 162
887
288
250 419 428 565 631
242 458 689
154 330 655 740
339
539 576 864
102 206 250 308 320 385 413 491 496 577 693 757 779 811 844
86 321 328 344 571 590 834 838 846 902
283 469
113 233 834
286
731
385 984
21 282 313 363 769 892 954
51 180 234 307 436 470 687 724 759 798 985
194
27 273 534 677 957
406 450 663 682 858
310 845
298 600 618 781 808
217 533 556 809 831 852
787
24 437 558
57 63 150 152 156 233 337 700 718 810 858 899 909 962
7 49 505 965 984
140 264 426 471 793 934
53 198 290 393 676 716 761 902 947
132 512 982
280
278
805
181 303 488 769
402
85 181 218 448 654
975
161 678
65 392 539 576 606 700 733 931 962
82 355 453 694 897
504 755 995
137 496 523 580 606 794 997
359 474 475 565 594 605 947
55 809
920
559
248
12 407 862
74 867
53 93 131 235 256 262 367 468 544 575 604 639 698 743 824 998
369 693 814 863
403 462 828
10 113 452 696 768
929 947
503 937 942 993
507 605 851
235
481
436
19 991
264 416 536
257 770 803 809 824 885 931
778
223 462 482 495 853
237
182 470 498 808
8 42 117 154 202 269 303 352 385 402 439 875 919 921 977
408
51 922
38 55 62 123 368 414 415 458 564 673 795
98 104 218 298 369 485 740 806 874
789
50 177 281 282 370 424 657 717 979
351 555
589 626
27 42 306 319 331 479 543 580 751 856 862 945
449 763 950
237 338 508
883
135
55 116 224 548 580 864 952
268 299 876 947
71
231 365 553 698
662 982
220 480 844
19 59 128 241 263 298 345 429 524 542 593 634 820 877 903 963
317 413 427 440 549 554 628 970 991
53 71 403 410 552 571 626 844
140 313 440 951
478 639 809
521
60 63 106 166 231 250 308 370 374 486 561 568 574 605 647 660 728 770 816 873 901 947 959
431 446 713 863
610 731
159 436 440 962
190 274 306 425 608 637 702 714 881
9 29 56 63 139 161 216 278 311 355 422 452 474 490 516 607 626 690 802 806 826 987
133 156 163 253 273 288 324 468 726
96 382 459
64 125 194 554 854
14 209 346 488 814 930
16 261 705 785
4 100 685 732 894
67 246 845
432 472 747
146 692
32 189 463 961
712
543
210 573 577 737
404
176
159 162 223 236 267 319 364 380 639 663 683 800 830
241 304 386 577 829 931 955
66 349 433 536 617 794 854
275 429 456 736 788
63 178 287 467 584 810 960
23 117 124 487 772
493 863
77 194 422 430 436 442 626 761 837 873 951
164 336 353 377 515 672 833 882
321 466
76 169 382 417 822 832 857
278 550 785
839
19 24 58 93 122 167 185 278 311 335 396 521 539 605 670 678 716 731 767 788 834 922 951 959 962 964 982 995
97 103
259 427 499 570 571 655
132 371
283 352 360 374 495 511 663 711 716 841 964 989
321 492 929 996
483 527
442 931
32 64 215 502
14 219 256 437 604 921
369 881 990
55 121 148 627 769 784 791
280 614
128 193 368 515 572 734
571 776
97 136
472
299 844 892 911
271 340 413 516 616 642 679 905
69 245 248 545 637 678 890 949
23 247 493 754 771
799
389
627
52 89 202 219 254 417 419 551 565 647 742 790 949
124
117 303 500 634 695 792 841 914
400 716 742 744 913
140 302 602 759 784 794 887
796 980
247 401 670
100 333 357 404 638 805
939
637 725 873 886
238
246 554 926
86 121 131 146 219 381 414 417 524 738 958
36 59 68 141 180 274 641 644 663 696 715 843
154 853
355
361 644 897
2 20 29 72 73 83 96 133 155 231 236 298 353 386 473 488 562 579 593 674 742 771 783 927 959 997
49 70 77 125 213 706 739 786 972
772
252
41 189 212 377 536 662 1000
442 577 601 963
587
49 151 347 467 813 889 953
15 197 253 377 399 788 950
78 154 186 478 498 529 965
39 290 379 494 507 518 625 682 703 855 871 875 906
472
582
330 365 830
805
140
751
120 262 282 399 452 667 738 775 803 819
145 200 292 380 389 400 448 470 528 660 684 717 761 855 924 969
400 408 489 651 744 780 911
188 222 237 293 451 543 997
24 102 148 267 516 598 649 721 807 894 924 984
161 289 584 830 851 873 912
89 733
660
178 979
263 288 344 437 547 618 650 685
16 178 205 275 338 403 452 472 536 626 794 819 860 969
55 186 200 289 294 371 385 668 770 815 983
949 983
92 137 553 779
886 889 980
164 172 241 374 412 542 589 672 788 876 896 932 976
291
139 265
188 365 922
51 455 902
763
21 30 650 747 761 779
31 259 592 800
34 487 580 685 970
8 37 179 381 462 525 565 606 648 667 724 743 860 870 874 912 915 982
111 659
345 907
97 801
224 242 513
605
255
284 293 497 713 734 926 965
20 33 108 150 268 387 740
110 539 762
176 229 332 501 638 779 860
982
512 770
63 161 223 234 391 598 765 773 801 826 885
16 30 135 382 571 741 882 976
10
954
422 443 691 734 760
112 430 670 676
226 664
64 110 133 187 260 334 472 508 527 613 762 766 793 829 871 939
175 616
168 386 436 734 949 986
315 380 636 648
45 114 122 145 271 449 549 556 584 756 782 803 889
349 382 526 630 637 743 894 910
15 30 71 92 154 173 224 301 336 396 410 421 492 503 511 541 621 626 666 686 706 737 740 751 868 902 915
63 332 400 424 536 567 717 909 933
81 566 721 966
11 277 412 452 504 509 559 615 734 914
99 117 139 410 473 519 594 637 651 668 685 778 843 892 906
62 364 385 613 828 902
6 374 410 452 500 937
47 127 275 282 295 311 484 517 538 541 689 819 897
9 96 137 206 419 422 604 670 686
38 71 131 191 257 340 522 659 771 849 938 992
611
104 278 338 458 482 713 836 867 917
113 119 187 203 431 448 486 535 551 582 671
125 149 247 452 676 700 846 888
146 381 743 763 911
156 507 637 964
252
102 510 560 915
10 160 201 280 694
31 175 178 393 397 424 500 724 770 800 936
406 498 853
276 691
131 140 206 256 277 297 426 427 524 766 843 875 926
874
518 664 807
307 463 496 861 879 924
165 970
464 709
18 103 116 275 372 612 678 900 902 979
219 657 952
112 192 199 343
8 393 483 755 772 874
7 168 316 559 754 779 913 957
566 889
114 512 597 752
342 635 655
62 413 503
137
850
89 167
906
3 33 48 111 309 593 651 676 826 902
857 989
165 558 850
358 480
701
703
64
321 594
220 245 263 317 745
45 53 103 130 165 176 317 404 475 535 694 890 986
242 390 583 774
780
365 885 936 950
62 63 146 208 297 354 434 538 544 619 649 656 796 804 861 890 975
273 283 506 534 611 663 768 816 922 929 957
94 280 300 395 529 591 666 761 784 785 799 893 911
940
58 64 118 201 283 474 582 627 628 793 909
908
52 186 274 341 561 579 661 697 700 747 754
48 165 531 787
89 231 774
632 779 923
310 996
302 360 815 839 970
34 58 199 262 281 340 344 358 699 895 930
120
884
24 592 686 728 733 746 769 912 953
153 203 347 426 438 473 557 706 727 742 803 842
151 180 186 240 276 344 516 564 762 771 802 911 960 973
431 498 500 594 982
40 46 161 300 302 530 815 898 906
106 431 455 994
100
281 326 456
108 234 364 648 980
268 461 613 660
726 781
200
45 143 643 749 836 903 911
916
132
452
977
351
68 90 130 201 275 399 438 480 601 699 711 729 749 873 915 941
16 217 277 328 336 342 526 989
96 269 483 484 969
30 69 126 398 489 515 566 614 662 702 792 906 969
36 507 627 667 741
9 40 276 628 686 842
108 680 752 861 887 938 946
49 99 116 170 250 324 332 764 853 907
526 800
31 714 908
938
98 133 152 237 324 534 557 593
250 402
38 74 119 126 129 131 140 220 228 256 269 328 516 586 638 795 833 888 891 895 941 962 966
811
322 619
442 828
13 165 254 468 539 676 754 792 932
467 736
460 715 908
879
915
191 445 487
131 282 578 606 648 824
414
31 94 542 808 879 936
83
218 618 922
524
21 160 238 328 433 572 629 689 704 794 953 970 994
64 82 194 752 785 802
189 202 453
678 810
884
365
140 202 305 330 435 474 489 519 527 815 867
231 559 662 807
399
804
8 78 123 160 269 596 735 930
28 231 506 702
448
105 219 384 936
859
453 869 899
128 480 631 704 752 890 901
19 78 343 413 486 496 543 548 638 787 798 911 999
193 231 466 590 734 795 890 901
118 239 310 332 449 860 901
1 26 194 216 289 404 488 529 541 586 638 856 939 944 948
213
163 171 226 424 429 472 583 626 670 723 738 972
220 693
333
978
81 265 809 844
17 690
223 666
393 511
956
992
798
472
265
123 186 270 484 512 594 595 758
65 492
81 874
27 138 151 272 437 780
71 316 413 566 754
442 691 757
147 282 363 417 518 597 618 674 695 800
260 368 756 855 889
96 231 289 311 372 424 459 471 572 620 729 971 1000
656
101 183 259 271 292 612
41 116 292 317 322 532 602 661 751 777 827 891 909 946 948 957
605
242 688 761 927 928 947
473 752 905 951
184 293 368
732
103 231 284 606 755 983
115 145 213 436 980
317 541 590 764 781
279 387 411 679 744 818 827 872 904
55 56 61 132 337 382 592 675 843 958 982
19 185 338
203 305 478 527 704
132 166 265 322 512 706
13 748 898
19 62 342 472
863
10 127 338 658 982
277 445
262 390 503 583 606
223
533
130 208 324 328 604
42 128 147 192 457 476 559 724
65 969
655 822
80 162 281 470 807 833
136 422 837 995
19 82 273 390 440 521 577 595 720 797 811 830 833 903 958
678 685 800 979
74 351 394 454 499 516 591 631 670 688
8 52 155 205 314 340 395 417 490 493 595 611 661 680 697 699 808 842 869 883 926 933 975
5 324 836 964
313 472 486 517 844 914
359 536 781 990
97 182 385 429 647 711
19 65 82 90 236 386 458 475 550 806 819 877 897 944 947
340
25 542 632
297 514
56 287 387 542 556 562 568 625 635
12 25 239 519 631 892 936
172 295
38 137 186 192 344 362 369 686 706 777
338 897
25 35 71 90 108 112 166 191 276 296 458 550 675 857 981
210 225 939
155 161 188 190 207
377
15 703 825
45 418 453 521 744 804 811 899
171 352 737
577
605
464 790
270 297 552 707
182 897
618 914
8
324 330 512 613 754 823 894
171 219 429 864
69 129
33 225 622 624 717 877 918 997
335 649
566
398
477 521
408
55
33 113 121 135 340 435 518 671 679 842 866
193 199 219 248 758 920
353 733
305 368 548 595
88 130 469 555
147 227 250 272 380 397 459 520 571 572 776 874 911 918 921 932 960
173 181 393
119 132 157 321
18 234 759
256 354 847 940
8 41 484 615 626 663 674 689 769 778 973
895
874
114 116 245 340 418 441 510 548 599 630 659 678 778 937
150 567
27 179 243 313 348 493 554 617 638 665 666 760 919
885
646
273 672 856 904 961 964 977 994
34 68 170 217 302 329 332 363 460 520 750 825 839 843 871 927 934 995
66 652 801 999
520 634 877
477 631
780
408
187
938
147 453 561 927
481 706 726 739
71 72 131 198 268 282 328 403 418 444 461 470 530 536 573 622 702 725 733 736 805 859 952 965 978 997
86 392 990
3 88 258 327 366 371 469 538 541 653 666 772
326 406 461 624 730 792
403 480 488
316 377 924 989
120 189 325 395 620 673 709 760 777
229 383 597 870 891 969 974
12 96 274 335 462 507
254 573
138 391
302 391 432 606 663 945
654
88 117 232 459 555 639 729
143 151 174 193 259 765
129
747
496
902 964
898 924
759
763
25 271 439
162 522 974
545 625 757
505
13 43 118 184 193 271 528 763 854 933
76 208 209 215 237 300 340 404 415 429 496 558 563 573 582 672 683 804 898 958 998
712
793
17 99 194 240 278 782 859 906 935
58 351 421 510 621 675 804 822 926 961
11 23 44 76 80 108 149 153 162 202 249 297 318 347 359 455 473 496 507 514 528 545 567 595 596 653 729 769 771 844 852 857 884 957 970 995
94 646 662
621 676 716
122 648 908 937
71 263 336
276 286 947
266
193 248 343 405 685 749 781
579 735
93 175
59 63 350 677 807
89 252 257 356
220 546 793 976
348
758 859
361
19 29 154 271 313 324 465 625 747 749 773 803 867
216 660
525 635 937
516
692
37
461 775 933
556
921
44 830
26 521 592 767
600
137 154 220 223 318 555 585 822 893
699 937
79 127 129 472 634 679 681 747
89 157 181 217 245 249 294 416 519 520 560 573 722 776 791 839 933 945
235 876
125 352 401 610 725 967
488 552 609
40
730 861 940
503 525
575
857
423 680
137 148 150 153 210 390 415 501 509 510 539 540 545 561 597 609 633 647 691 693 700 713 727 729 812 843 868 880 889 906 926 951 954 989
3 58 169 532 553 653
191 376 638 797
619
122 124 153 181 256 287 432 454 473 503 675 676 720 755 767 803 830 845 846 881 902 923 936 983
214 675 703
185
14 446 619
839
362
371
274 359 360 569 668 795 812 883 911
8 107 157 164 202 255 356 366 390 440 522 564 600 612 648 673 703 786 807 815 863 949
161 175 312 324 362 508 558
9 68 403 776 855
36 164 263 304 716 808
298 556 644 810
184
47 69 74 270 287 367 792 850 939 942 960
723
147
2 60 112 213 450 523 524 566 679 692 749 804 882 886
334
36 578 931
266
889
284 462
639
129 314 572 634
32 34 179 213 220 339 389 469 507 528 602 731 756 967
874
281
101 234 355 450 527 585 650 684 759 925
304 421 553 691 722 931
106 243 282 362 471 477 589 736 851 863
219
386 473 914
233 463 564 943
90 353 535 536 617 966
9
715
146 171 258 452 720 866
866
31 348 400 482 775 791 803 883 897
518 598 725
400
19 160
274 303 304 318 328 415 425 429 571 824 943
94 768
357 374 461 486 696 734 838 848
704
196 238 552 563
161 192 196 214 219 240 325 364 453 541 552 573 657 714 758 902 963
70 549 632
269 561 579 744
104 245 261 340 419 453 530 533 761 762 828 861 910 941 980
269 285 611 668 800
103 107 272 343 427 679 893
404 703 736
532 939
175 206 509
846 922
289
544
70 72 97 109 123 228 421 428 470 640 643 680 704 960
48 105 208 277 526 613 720 743 846
205
143 235 287 314 454 469 562 592 671 725 798 892 898 915 992
647
31 187 269 397 831 885
962
2 86 155 563 647 783 951
19 260 261 395 615 671 702 958
41 65 115 206 225 336 541 555 587 717 745 765 825 857 901
637 736 853
244 251 466 555 559 597 913 921
238 391 487 718 771
124
193
309 925
740 766
31 168 231 465 511 533
505 840 959
127 332 451 536 632
36 69 90 116 142 187 201 288 298 328 389 444 498 525 537 565 600 613 748 916 920 941 970
209 704 906
18 246 260 356 361 421 641 656 809 948
244
302 675 679
742 941
43 67 179 196 474 615 911
26 155 177 234 353 551 652 948
862 891
9 235
719 976
613 657 742 752 793 905 939
129 286
197 281 610 653 974
91 114 124 170 185 187 188 238 251 337 355 375 396 504 578 592 794 838 909 930 934 947
160 448 460 536 580 770 914 967
543
685
670 838
15 84 279 432 451 504 572 855 968
513
32 122 151 342 369 511
145
517 570 746
24 615
180 270 405 469 632 652 673 759 847 940 941
210 680 769 779
49 75 401 650 757 848 900
46 48 50 97 217 355 379 475 620 639 654 673 845 890 924
353
57 93 156 306 440 554
159 250 259 512 549 638 646 932 981
699 847
34 54 67 105 200 288 322 332 373 441 549 568 592 666 701 791
59 187 322 560 672 706 785 795 828 890 983
282 624 749
38 301 959
101 168 204 364 398 494 701 795 832
208 210 227 252 441 502 933 998
860
330
631 639 674
238 248 466 975
44 71 535 583 684 738 765 912
974
354 387 628
37 611
62 514 700
890
80 778 896
663 850 947
335
53
165
493
40 161 228 311 573 587 663 761
15 379 547 582 816 917
47
637 677 693
36 346 401 469 962 975
223 299
459 676 802 891
838
385 772 796
248 941
95 352
42 65 191 286 373 495 640 687 892
115 118 140 141 806 850 851
349 520 527 665 678 757 774 814 821
18 112 123 131 199 260 409 504 510 615 681 731 783 821 847 854 928 931
16 36 66 689
555
6 218 373
123 187 203 231 506 900 973
346
19 28 119 362 389 452 504 604 664 924
9 566 673 771 890
122 128 486 646
555 776 865
37 183 197 492 634 800 822
10 137 247 253 291 461 486 684 758 772 883
45 281 338 432 458 476 520 642 678 705 896
404
594
127 134 149 324 364 463 486 712 804
674
656
135 171 460 466 595 687 753 974
402
676 735 801
52 68 119 150 235 246 371 444 595 669 677 689 776 778 897 919 978
592 753 802 922
292 305 410 431 700 714 782 789 833
258 422 711 854
158 221 309 337 480 745 798
87 157 290 414 640 839 998
567
54 169 343 485 695 731 752
18
106 125 138 141 521 530 757 986 1000
101 182 184 435 507 853
41 57 381 433 522 931 941 948 980 986
17 280 282 488 495 596 719 766 768 911
397 627
114 164 640
289 507
537 631 848
122 219 486 492 493 761 769 868 923
17 455 598 665
25 179 261 525 574 635
119 960
133 193 236 304 857
130 318 338 473 628
150 482 703 835
583
168
43 181 543 794
48 319 464 708 750 784 791
269 312 815
32 101 131
613
272 340 498 639 823 880
886 976
959
4 129 161 323 349 505 915
899
421 574 683 724 745 810 943
19 129 144 361 364 403 497 652 774 791 944
401 410
176 313 394 417 494 497 588 620 805 957
65 174 211 235 247 282 609 807
365 615
87 110 341 390 433 480 519 581 636 698 716 744 783 789 875 888 963
162 167 206 210 253 314 374 436 698 709 733 911
61 272 496 533 574 585 618 692 718 769 900
3 20 103 114 159 181 285 325 339 404 414 423 425 431 503 504 512 560 596 720 742 750 871 906 959 978
199 293 392
38 108 127 175 373 401 422 461 473 476 502 716 780 890 999
389 500 664 815 986
25 113 262 377 461 534 598 831 945
116 549 597 697 809 825 847 864 881 885
97 258 273 378 706 727 753 861 953 967
360 565 990 1000
749
25 209 268 568 644 706 754 771 792 926
729
32 257 262 339 481 763 821 949 964
252 537
17 261 372 924
349
17 55 113 254 299 347 489 641 840
503 686 963
125 208 301 601 648 711 874 943 986
604 689
151 193 249 360 387 584
97 144 300 350 370 409 493 585 638 684 790 807 888 948 996
478 638
49 231 263 302 471
320 326 359 531 581
336
758 839 906
35 102 608 807
441 632 657 721 787
402 912
115 574 816
152
409 604 671 673
383
234
325
78 370 394 508 630 680 736 752 878 973
102 112 134 162 243 308 323 385 438 544 582 592 615 625 773 928
601 624
368 802
459 472 761
511
232
339 537 544 639 816 864
59 83 118 269 321 324 682 738 783 932
4 201
63 416 473 503 547 561 564 694 728 804 808 811 835 922 932 941
888
70
54
421 756
659
35 99 125 169 339 671 731 795 863
313
237 275 613 868
29 37 400 416 426 956 983
26 247 260 479 595 656 737 781 843 996
97 343 678
158 200 553 700 706 781 975
41 47 58 180 202 257 262 266 374 479 512 537 571 775 863 986
160 342 602 984
726 952
187 602 755 772 802
89 182 215 307 437 459 479 484 530 573 753 755 765 831 909
7 14 26 28 59 94 188 295 537
113 413 478 531 696 810 827 851 905
172
339 396 428 551 735 798
332
172 272 289 363 403 432 550 773 781 976
483 509 521
568
48 485 508 803 850 894
509
387 506
467 471 515 631 997
595 787
876
188 215 632 708
40 59 198 242 303 409 439 962
202
51 217 525 870
21 113 180 465 609 636 650 809
303
240 651
135 234 256 470 673 738 916 929 939 976
45 130 133 409 501 614 682 693 730 850 962 967
13 458 628 696 750 817 835
106 137 279 323 330 354 371 524 555 723 779 788 910 929
349 372 399 665 768 798
100 169 217 225 282 334 369 611
357 669 769 980
13 133 147 288 354 430 537 556 616 661 724
212 904
35 66 73 216 241 491 623 689 869 965
259 269 342 395 780 857
246 562 653 737
36 240 259 361 871
12 45 81 82 261 482 578 686 730 766 778 785
75 121 163 503 589 693 852
531 696 755 934 962 969
782
68 98 224 471 537 708 808 951 977
968
108 218 267 394 402 573 807
56 320 355 581
108 122 443 451 613 655 686 909
105 271
602
76 423 500 503 902
10 37 56 90 120 121 126 175 198 215 260 274 311 376 383 415 446 525 549 601 635 671 706 707 719 731 761 778 814 822 828 829 852 863
896
174 356 846
197 724
13 40 47 56 105 120 151 164 203 253 288 322 327 365 383 458 476 480 529 580 592 613 651 680 684 687 726 732
702
79 137 589
11 83 209 252 390 461 597 869 974 1000
88 406 484 786
24 285 776 810 826 941
185 467 684 868 924 978
2 83 323 745 853
88 251 276 278 390 416 459 607 670 746 854 856 981 1000
123 138 558 574 684 877 954
169 378
