50 73 141 204 220 348 393 454 491 557 569 627 628 671 691 698 732 784 821 833 845 860 904 950 955 966 976 979
9 10 93 147 159 218 245 264 295 298 306 309 329 336 401 436 441 480 481 522 580 620 638 655 657 669 711 764 801 863 880 881 891 901 938
4 40 67 139 171 197 238 276 298 308 311 340 412 472 479 507 511 645 757 793 808 858 869 917 926 939 949 952
41 122 135 168 230 247 305 345 350 395 469 500 567 587 596 750 767 788 854 857 869 882 920 976 984
110 133 139 235 339 440 494 518 567 593 663 690 727 762 839
89 119 326 551 552 595 609 619 709 711 884 892 913 953
11 25 37 94 134 221 224 237 445 461 498 612 627 750 792 802 882 910 911 927 931 956
761
681
28 56 97 165 166 181 221 299 300 315 333 395 535 554 624 642 714 728 767 783 791 836 845 912 920 922 980
61 109 128 130 200 235 311 382 402 520 576 604 621 706 742 832 966
31 52 55 67 87 89 109 206 336 355 368 405 429 445 456 503 610 623 656 737 747 770 837 865 913 979
284 499 621 669 912 978
32 35 38 43 183 192 196 214 228 288 294 357 406 409 419 460 509 528 547 555 634 670 677 703 739 776 777 826 859 866 906 916
3 46 134 277 488 491 518 537 574 677 722 781 947
6 681
143 154 242 411 468 505 679 877 879
224 300 406 539 812 835 889 909 970 1000
537
34 74 159 212 280 319 334 347 348 370 426 493 502 645 708 823 833 847 848 923 997
34 99 132 327 398 481 549 881 995
44 60 134 141 201 221 244 275 287 346 370 408 415 443 477 502 511 741 766 863 876 896 966
102 546 894 994
495
7 15 36 37 39 43 44 63 76 84 92 107 121 126 146 148 155 222 225 226 227 228 229 234 238 249 251 255 273 276 288 318 324 326 329 332 333 338 364 399 401 429 442 481 491 515 530 547 552 563 580 581 593 604 608 624 635 649 660 661 667 670 697 700 704 767 804 808 831 835 841 848 850 855 862 883 915 947 989
7 8 11 28 60 62 140 181 228 229 270 291 292 307 329 368 383 384 421 427 438 475 477 509 517 519 549 563 608 627 660 668 708 715 734 745 762 764 789 814 821 859 860 872 889 924 934 944 954 985 987 995
2 10 28 59 129 257 317 412 469 521 726 736 764 855 883 905
100 199 240 332 369 417 442 514 527 548 553 699 772 831 847 978
15 25 27 57 60 70 95 141 173 232 287 345 346 352 359 361 386 438 453 466 489 496 510 521 555 597 632 635 653 662 671 725 728 737 758 764 790 791 817 823 859 869 891 913 918 930 958 960 964 980
9 13 121 133 271 317 334 348 597 629 845 938 940 945 950 979
659 680 778 811 978
16 17 23 44 73 275 286 311 386 443 483 584 627 711 729 768 771 796 816
168 231 494 659 720 733 926 974
87 357 519 932
37 76 80 94 99 166 181 190 234 243 284 355 424 462 470 507 524 576 578 584 607 632 654 763 789 791 813 817 837 903
9 17 18 20 52 61 68 70 88 104 127 141 149 172 181 198 200 216 223 251 260 266 270 281 286 290 354 381 388 391 420 438 442 444 471 473 481 492 494 505 508 514 519 546 554 557 565 576 595 643 654 692 731 743 746 761 803 808 816 823 824 838 855 862 874 879 950 952 955 984 995 999
965
108 127 154 236 268 323 329 343 347 357 375 387 419 423 448 545 606 633 704 745 850 856 875 880 993
49 80 89 102 135 140 161 173 174 215 217 276 277 319 346 402 619 680 724 754 760 797 799 807 887 906 918 933 978 990
87 399 521 940 974
222 443 451 519 553 618 645 698 718 722 782 953 980 989
176 361
20 24 29 34 35 36 42 68 73 79 86 96 122 131 132 138 164 177 180 182 193 310 314 326 335 346 366 373 393 415 421 431 436 488 537 545 571 585 598 616 621 657 692 701 751 765 798 804 841 869 884 885 900 901 914 955 971 980
316 378 640 653 845
120 213 266 608 803
18 37 67 75 137 188 214 262 279 368 387 414 450 487 497 507 524 542 562 566 599 614 629 647 761 805 809 822 873 875 881 894 896 919 965
31 45 125 174 204 216 235 238 282 310 321 342 353 369 428 441 444 453 483 499 523 656 670 736 741 757 929 996
46 87 191 261 436 440 768 801 911 925 963
89 95 101 173 294 297 392 476 500 571 642 800 817 830 872
333
19 99 203 290 439 525 612 645 682 774 796 800 821 822 828 847 864 927 954
7 113 116 172 190 269 279 292 298 343 374 435 491 497 530 568 641 706 722 789 803 814 847 848 892 926 927 934 945 957
9 51 61 108 163 213 252 390 423 586 629 668 688 693 731 764 802 825 839 853 874 912 940
56 59 107 114 116 269 306 373 393 427 485 500 521 537 570 658 664 851 863 929 968
379
15 54 57 110 133 183 260 263 281 347 366 372 414 417 476 583 630 673 718 730 733 885 909 923 949
310 590 710 853
3 6 29 203 224 233 352 398 403 453 458 475 531 539 560 566 616 755 764 892 937 946
129 160 256 976
31 34 41 48 148 176 358 384 449 463 642 782 980
28 30 59 60 178 195 198 226 227 241 259 274 317 334 336 342 437 443 486 589 615 616 633 674 704 736 826 828 834 841 863 872 875 898 913 953 969 979 999
171 664 720
221
89 137 140 178 234 307 874 924
24 29 44 77 81 107 118 121 127 128 148 150 153 175 196 204 205 209 217 224 227 234 238 245 264 267 274 281 286 294 309 310 321 324 325 340 341 358 362 373 377 378 384 407 414 432 433 437 445 447 459 461 473 477 498 508 514 535 540 552 556 561 578 580 590 606 611 623 625 660 667 672 680 734 735 756 766 775 784 796 813 826 842 853 867 890 903 906 917 926 928 936 957 973 990 996
59 74 114 129 186 203 207 226 255 350 353 467 599 628 674 676 689
6 7 171 696
31 56 82 91 94 110 115 117 142 144 154 162 173 214 227 233 276 288 305 320 332 336 350 352 356 365 368 375 385 386 394 398 400 439 461 469 481 496 508 511 512 514 515 519 525 531 536 549 577 583 609 634 648 654 662 683 689 702 706 711 716 767 780 782 784 787 812 836 843 845 857 869 877 885 887 926 931 947 951 962 965 988 1000
51 83 277 635 639 939
24 359 364 771 907
6 45 272 373 396 770 845 890 894 936 972 986
3 44 106 122 123 150 163 218 219 220 238 355 401 496 524 542 607 766 816 950
6 42 43 49 61 78 81 88 102 165 170 198 226 240 241 244 251 261 268 307 309 310 313 318 329 347 348 384 394 415 417 432 491 496 498 525 533 541 572 577 596 600 618 643 729 745 758 761 810 815 824 849 857 862 864 868 873 905 931 940 945 952 980 990 1000
14 16 17 58 102 108 114 117 132 147 174 184 194 200 232 240 258 285 302 328 352 370 386 394 403 414 421 426 468 475 489 502 527 533 540 556 599 611 621 637 648 651 660 664 675 677 684 690 748 762 765 768 788 794 805 814 846 850 879 899 913 935 936 942 959 981 995
329 503 665
240 352 442 451 608 651 660 693 925 996
14 15 17 19 40 48 63 77 78 81 85 115 131 149 157 162 190 191 193 209 217 222 233 261 283 284 285 286 334 353 416 458 465 486 535 536 540 545 565 569 582 589 648 651 766 782 784 790 807 811 826 851 855 877 944 952 956 974 985 990 999
140 311 751
11 19 58 65 68 70 80 82 94 155 189 194 202 209 229 266 276 289 296 300 302 306 310 315 324 325 338 381 392 398 403 405 421 445 471 497 506 507 512 515 524 525 535 540 541 548 551 553 557 558 560 580 591 615 644 646 649 651 665 678 685 686 724 731 750 806 817 829 843 872 884 892 900 908 909 914 919 927 939 950 951 960 971 975 990 997 999
430 497
1 22 26 45 152 153 159 178 185 264 273 275 343 366 444 452 455 466 482 503 530 542 555 571 588 602 612 613 632 636 647 648 699 704 784 817 823 830 842 877 888 895 907 945
10 26 27 43 47 53 70 71 92 108 139 198 212 227 240 250 262 289 293 313 353 378 449 499 518 534 580 606 612 650 651 659 664 676 804 816 838 923 935 969 984 987
69 304 356 407 526 659 705 745 773
142 564 802 903 918
627 742
173 209 221 269 293 294 358 409 424 474 479 540 557 586 606 624 654 664 681 748 762 803 837 858 893 925 947 966 972 992
92 246 368 381 505 550 638 672 690 814 896
28 188 258 272 317 325 497 599 611 613 623 747 768 907 927 929
481 592 865
120 832
3 16 98 184 190 192 201 212 269 335 345 357 370 393 410 448 504 505 594 657 659 669 678 694 717 741 770 771 782 789 794 795 823 841 874 902 942 981 991
98 514
135 142 266 291 309 316 354 369 463 469 497 519 606 629 660 687 697 791 793 804 857 943
19 57 93 169 193 229 274 422 483 503 540 551 702 795 796 871 892 944 959
2 200 311 347 368 401 573 590 593 634 642 693 728 811 903 934 941
24 45 62 132 134 150 166 242 244 376 389 392 402 411 412 485 550 670 749 793 797 807 847 851 861 864 866 879 886 897 907 982 985 988 998
32 42 93 188 225 305 321 606 630 650 719 847 865 913 976
62 745
177 347 371 801 812 975
12 101 282 286 333 381 418 456 484 505 599 874 989
57 333 639 660
35 46 54 62 95 152 191 244 287 320 360 361 362 371 374 384 385 395 403 449 611 714 765 796 809 858 862 910 970
6 16 28 57 89 132 144 177 193 279 300 309 368 495 522 583 592 602 605 636 655 664 693 699 703 720 762 784 786 788 864 870 881 882
6 10 27 39 250 262 263 330 415 450 480 500 513 521 524 543 556 621 735 782 846 935 936 949 969 972 973 989
5 6 13 26 40 45 66 73 83 85 98 108 127 150 163 164 191 200 223 234 241 244 262 267 270 281 295 297 320 326 331 344 349 361 363 378 387 394 408 460 468 475 488 513 520 528 533 546 555 581 594 597 600 606 607 617 623 627 631 651 654 678 696 709 714 716 733 755 760 762 763 765 778 794 797 817 828 831 832 835 858 865 866 887 889 898 904 905 943 944 951 952 967 974 988 993
39 52 60 63 92 103 115 136 137 192 193 225 232 273 290 293 334 342 346 389 404 428 430 445 530 554 656 692 770 801 824 880 891 921 925 947
14 52 112 124 159 189 237 261 414 428 430 463 468 471 493 515 522 615 706 853 879 986
225 230 295 310 322 387 459 553 568 694 737 757 792 812 885 891 902 908 918
26 63 77 88 141 156 161 191 211 365 371 432 475 479 493 533 535 609 739 769 788 826 833 861 875 892 953
9 60 96 166 189 265 269 292 299 394 425 464 538 586 602 680 688 759 768 780 957
34 56 128 400 427 456 521 587 665 669 779 810 896
80 113 216 335 509 880
1 3 41 87 105 106 111 113 114 135 136 172 200 241 257 290 300 316 320 331 339 340 354 426 499 521 537 582 588 639 664 674 682 719 721 737 775 779 845 870 874 897 929 942 949 953 961 971 990 994 995
19 115 211 582 873
85 192 226 271 290 358 484 559 678 883 960
36 48 49 80 152 212 221 229 238 310 324 343 372 395 472 479 498 529 531 540 559 588 622 648 651 691 838 966
6 69 118 124 191 201 208 210 235 285 287 355 422 459 480 572 584 652 733 848 855 861
66 191 410 479 937
143 177 233 280 387 423 472 475 544 558 577 588 611 620 647 690 809 906 968
75 137 395 428 732 827 873
129 138 143 186 231 247 267 291 292 296 313 329 340 351 388 404 408 414 418 460 465 466 472 486 488 489 514 536 538 558 564 610 641 643 658 662 670 682 722 748 751 830 835 843 894 895 897 953 956 957
32 38 64 74 107 108 110 139 156 159 160 166 220 223 253 254 281 312 344 379 382 399 415 422 425 437 455 466 475 486 489 515 521 523 534 539 556 574 584 608 623 626 658 673 749 750 773 825 832 835 851 863 875 888 893 905 920 926 967 979 991 999
1 120 154 169 196 411 425 430 431 444 477 552 557 624 687 707 734 830 928
490 797 799 851 957
109 291 893 951
7 55 80 94 151 174 181 198 224 304 324 344 352 364 382 418 450 560 561 602 612 656 676 766 799 821 822 865 883 943 975
10 61 109 115 132 144 154 232 237 361 494 498 511 534 543 550 577 594 608 620 628 647 652 668 731 760 776 797 821 867 887 927 937 975 978 994
83 148 152 234 238 404 415 451 510 553 698 719 790 934
218 530 798 893 902
340
72 201 340 452 478 481 556 599 641 726
76 80 91 261 306 319 386 406 523 534 757 987 989
322 429 579 594 608 651 683 808 869 907
299 305 454 630 889 979
59 97 124 196 219 221 248 277 334 406 456 457 464 521 581 611 680 768 779 783 818 834 983
150
150 658 814 952
35 373 421 451 501 518 574 635 660 672 749
59 102 111 143 153 160 169 184 206 211 278 295 323 342 363 397 405 447 454 481 518 538 562 575 593 595 615 726 740 775 800 843
39 81 128 183 189 203 208 212 215 236 248 264 270 275 398 521 589 604 615 645 663 688 689 709 753 760 773 808 839 855 857 908 913 929 946 997
5 321 380 601 625 664 716 791 910 941
519 767
2 797
17 18 19 44 54 63 83 96 102 107 134 168 182 240 247 249 263 274 332 343 384 419 434 442 457 463 514 558 562 597 606 623 631 662 751 755 758 774 787 806 830 912 918 933 939 940 993
32 75 106 462 484
363 392 537 540 655 699 813 886
104 145 227 308 333 353 381 420 533 572 591 661 662 726 799 830 843 869 899 939
15 56 61 71 89 186 200 214 218 222 225 226 241 272 299 318 320 336 338 350 359 382 423 463 500 515 539 544 549 550 593 606 613 650 673 712 722 724 726 728 735 736 743 746 756 775 781 813 816 854 881 902 908 934 956 988
50
27 123 192 545 581 692 712
29 33 57 73 207 209 232 236 245 265 279 299 324 360 420 455 479 497 531 536 543 547 548 561 566 580 588 589 635 655 660 676 713 714 757 782 798 806 828 878 887 894 936 960 973 976 979 1000
232 420 553 560 565 570 669
116 206 294 925
70 77 877
4 7 55 129 135 150 152 205 216 218 255 294 305 356 357 368 409 411 429 442 448 452 454 455 492 497 510 511 520 527 535 539 546 578 632 636 640 647 665 721 793 794 947 948 1000
102 190 325 417 420 597 642 787
16 43 180 264 335 376 444 454 514 690 769 817 901 959 991 997
122 235 319 341 410 499 618 716 748 755 858 922 971 976
10 29 65 120 155 169 174 187 211 305 443 487 501 533 566 578 584 597 605 621 636 646 675 678 721 786 788 796 800 828 862 873 882 916 947 969 975
5 162 250 405 484 508 735 813 819 835 940 966
84 86 94 110 157 182 200 206 225 282 288 319 338 344 381 560 593 602 625 679 712 728 737 773 795 838 846 857 888 907 909 943
191 223 241 250 392 759
31 64 146 157 342 385 463 538 547 602 604 616 685 704 712 794 858 863 973 996
54 304 310 317 375 444 488 502 627 646 671 691 825 857 919 991 998
179 233 260 265 720 939
376
453 671 896
40 288 448 478 486 531 539 656 682 880 891
214 381 438 558
9 149 173 199 253 260 287 339 452 595 597 670 677 744 757 760 770 784 840 894 914 949 994
212 302 888
22 139 465 591 696 785
81 178 302 349 380 402 447 535 673 695 839 885 899
88 89 113 128 161 163 200 229 276 320 393 443 564 603 639 641 653 662 678 691 693 809 892 920
43 81 151 210 226 270 285 309 343 357 379 521 528 646 670 675 798 878 906 922 940 957 971 996 999
846
23 60 89 90 133 205 323 395 631 681 692 862 869
53 81 117 160 172 216 218 245 249 251 294 300 311 379 386 464 491 527 531 539 543 556 585 599 602 641 651 668 672 684 698 735 741 753 772 848 869 886 922 925 941 969 988 996
1 26 52 66 100 234 263 347 365 393 425 431 462 476 486 507 509 533 583 836 837 945 955 994
77 102 108 223 251 269 294 348 496 587 615 622 711 857 957
69 92 102 319 396 457 466 536 547 591 597 610 827 871 959 960 981
2 23 26 37 48 87 103 118 130 133 137 143 154 161 206 257 262 268 279 285 297 315 318 321 338 399 403 406 418 428 437 465 477 482 506 507 519 531 573 590 620 632 664 673 681 714 730 743 798 803 838 841 844 852 864 877 884 900 944 965 977 980 987
107 138 163 179 235 298 323 328 386 429 495 621 638 644 659 660 662 991
164 320 765 911 936
479 656
144 752
779
383 536 640 693 756 808 879
672
52 129 133 187 188 243 252 271 283 344 416 439 445 483 488 599 649 681 710 747 770 818 837 859
44 136 151 272 319 530 561 566 586 746 989 997
375 537 669
12 20 47 130 151 180 197 201 212 236 238 356 358 368 369 384 425 444 445 537 563 577 589 596 612 631 640 646 652 662 669 690 702 711 734 750 759 766 774 792 801 814 835 864 871 890 931 945 959 980 985 998
187 209 219 312 317 325 357 586 609 650 674 819 970 975 996 997
79 980
330 401 482 840 914
3 72 104 145 157 203 216 260 309 311 342 365 397 512 590 607 616 621 627 704 711 732 776 804 862 871 911 999
861
4 72 79 115 144 170 460 475 481 515 584 669 680 687 764 771 772 798 868 913 940 943
1 17 20 22 44 55 82 92 121 123 153 157 179 183 192 196 210 228 235 243 246 248 249 271 296 313 319 329 354 362 364 365 379 397 403 404 409 410 422 429 451 457 477 486 496 503 506 515 518 523 530 537 553 561 575 591 592 594 605 615 620 623 637 650 651 682 703 721 739 744 760 765 784 798 801 817 837 850 856 858 867 868 891 906 911 918 923 928 932 940 974 985 1000
563
348
4 9 24 73 77 78 85 87 95 107 111 135 152 174 205 219 222 237 240 284 311 323 337 338 343 345 347 355 370 386 393 399 401 404 419 435 437 440 442 450 454 462 466 477 485 489 491 494 529 530 531 540 547 554 556 558 565 568 575 576 579 586 598 608 616 619 629 631 651 663 670 687 699 707 710 722 723 728 763 769 772 773 802 813 826 847 849 851 892 895 896 901 905 907 924 928 935 939 947 953 961 965 967 968 972 977 979 980 983 985
341 359 425 678
680 975
18 25 41 66 68 103 235 247 259 301 305 386 410 421 428 442 452 522 547 551 578 636 645 664 685 783 788 797 807 850 877 910 929 951 952
14 201 213 231 356 384 497 799 802 986
8 30 119 230 231 246 322 336 412 414 488 495 546 551 560 567 581 647 681 687 701 716 742 753 774 818 836 850 880 892 915 982 991
459 513 623 758 892 930 946 959
273 330 428 642 765 805 874 883 996
43 54 83 147 176 192 193 214 282 284 292 294 295 354 374 378 384 424 435 448 483 487 488 491 516 561 567 568 574 613 639 640 647 649 652 664 676 700 717 719 729 739 746 756 760 770 773 878 880 884 890 891 907 963 991 995 996 999
201 463 533
4 132 187 193 200 244 253 345 406 424 443 494 588 604 605 639 703 730 763 769 775 781 867 910
177 226 320 436 465 491 590 617 811 823 874 876 894 896 937 971 986
98 163 171 177 460 662 687 707 862
307 336 451 530 766 962
21 54 110 159 188 204 229 235 240 243 250 292 416 446 548 573 610 620 667 737 923
13 41 49 112 198 229 290 303 312 324 325 330 360 404 418 421 485 534 563 632 677 678 691 719 736 782 799 817 832 847 882 889 956 990
173 631 638 743 876
7 15 43 48 60 62 79 92 152 159 197 318 370 373 378 383 385 404 474 507 589 724 754 849 856 862 887 923
21 147 215 229 276 389 440 478 507 656 749 820 830 832 885 938 982
64 473 722
17 29 44 50 78 101 124 125 162 165 181 198 200 204 207 221 252 275 340 347 362 373 385 450 475 511 528 579 581 594 601 643 660 699 727 728 736 740 745 750 751 771 775 823 839 844 851 856 858 861 868 896 942 975
9 17 232 338 357 360 461 540 617 619 773 781 823 920 924 935
1 3 77 78 79 86 108 111 115 136 138 149 155 161 174 188 203 207 211 222 233 236 248 262 267 268 288 292 293 294 296 313 322 366 375 382 386 389 398 413 416 424 427 436 437 439 443 477 504 507 532 534 536 542 546 551 558 576 582 585 590 609 629 631 632 639 645 654 669 678 722 730 732 738 774 780 782 796 804 827 829 847 850 851 854 861 863 909 912 913 926 939 951 965 967 974 979 987 990
9 18 45 60 67 96 131 133 140 146 180 183 207 244 258 265 278 286 287 325 332 339 360 394 406 415 417 421 426 431 444 452 460 462 469 484 526 576 589 617 639 641 643 706 711 713 720 729 731 734 755 775 822 823 827 833 836 855 867 872 880 891 892 902 907 932 961 983 1000
7 114 171 197 219 312 496 542 555 571 572 594 604 684 748 858
267 469 674 991
252 286 412 597 684 858
100 240 259 413 600 665 668 814
103 123 137 205 272 318 493 712 716 718 872 928 956 972 982
146 272 276
81 227 274 407 433 546 641 645 722 764 803 837 872 898 899 945 971
22 57 79 92 188 242 443 496 665 849
23 57 88 140 147 180 200 267 279 333 364 407 503 523 604 616 665 674 697 722 724 827 871 933
61 130 172 177 325 328 365 560 579 669 670 709 721 750 782 811 839 938 954 987
19 35 58 107 133 148 248 255 265 285 290 304 314 323 338 356 360 362 370 416 418 453 483 486 488 507 568 584 601 612 786 794 796 848 855 881 945 975 978
31 633 693 819 881 897
3 29 33 34 124 129 182 193 278 312 375 444 450 611 757 938 970
206 268 422 595 619 798 948
469
17 27 52 161 176 211 252 294 317 342 387 439 472 519 554 561 605 718 849 888 898 944 958
8 39 41 64 86 96 103 162 179 192 202 211 224 225 231 250 254 291 307 330 333 345 355 390 402 436 437 442 464 466 473 502 533 554 566 601 627 646 673 689 692 703 711 749 779 782 786 797 817 829 864 895 922 943 950 971 977 979 982 990
507 948
57 65 135 243 516 619 704 883 997
24 35 42 76 85 92 100 113 121 132 140 142 153 161 175 188 202 235 263 266 270 274 283 284 296 319 332 374 398 401 433 439 443 468 484 496 519 525 537 546 557 573 600 605 606 615 633 670 677 678 688 690 696 700 705 706 709 714 715 733 734 738 742 754 755 765 767 770 772 776 799 800 832 843 847 850 852 854 878 884 915 937 938 943 947 962 975
21 162 681
44
95 100 122 158 167 196 211 303 504 569 617 619 709 797 798 837 936
469 576
133 183 223 354 443 455 591 619 631 656 705 707 730 753 867 922 943 960
260 305 369 387 391 398 430 451 456 482 588 663 690 701 830 839 856 881
888
11 44 89 168 176 190 256 295 388 391 427 466 513 520 572 588 609 652 664 692 734 750 751 754 759 769 810 882 892 911 968
762 863 874 901
3 6 85 122 125 198 218 227 233 243 246 283 295 296 305 307 319 332 361 381 419 423 441 449 462 480 497 508 514 544 556 578 608 644 654 673 684 733 747 768 827 829 842 846 863 864 868 892 901 931 939 962 977 981
8 12 24 57 62 67 68 70 71 72 79 89 90 94 96 98 100 107 122 128 133 136 151 153 159 167 169 185 195 201 209 213 218 220 221 226 230 241 242 246 247 251 262 266 284 285 287 295 299 305 307 310 314 327 333 340 344 360 364 365 366 382 393 400 401 404 413 415 424 428 437 445 449 450 454 465 468 469 472 480 483 487 490 493 498 501 520 527 531 536 541 542 548 551 552 555 561 581 582 595 607 611 620 630 633 636 637 648 659 661 664 669 677 693 695 696 698 710 719 722 747 749 752 753 762 770 776 787 802 806 807 808 812 831 835 838 850 852 864 868 871 875 880 881 887 900 903 906 910 911 917 925 936 946 953 968 972 973 979 980 981 987 988 989 991
14 73 97 105 149 191 197 235 375 421 461 524 531 576 647 676 692 735 816 819 821 833 846 894
6 13 22 62 75 80 82 122 129 154 155 229 261 265 274 276 294 312 316 317 326 358 368 400 426 437 492 501 517 521 588 597 598 611 653 664 675 681 686 707 740 741 754 767 769 792 798 800 804 817 830 839 843 852 867 888 908 949 955 958 965 976
55 141 745
24 33 48 93 127 195 253 272 299 321 337 338 356 390 394 424 426 474 484 504 506 540 548 620 709 730 750 787 791 811 851 870
359 619
176 573 724 882 915 972 986 999
120 693 728
58 88 96 101 113 176 212 225 253 297 300 301 343 369 380 400 485 574 579 583 617 630 643 656 688 691 701 726 744 867 890 968
61 84 96 99 124 151 183 247 268 282 296 312 314 334 339 340 365 390 404 415 417 422 433 458 558 563 576 660 668 698 718 768 782 792 833 870 876 954 962 972 977 999
14 42 103 150 190 233 248 311 316 355 419 442 452 478 497 592 597 613 676 740 845 853 905
369 587 651 828 862 959
57 92 125 175 196 212 240 346 349 379 390 400 427 429 440 531 565 599 639 662 667 677 715 770 869 885 891 967 980 999
34 133 391 511 518 537 599 663 837 895 933 969
8 87 118 140 155 203 277 279 299 315 333 353 381 392 498 576 579 583 605 638 652 675 695 699 703 729 756 770 784 798 812 890 908 930 942 1000
5 26 70 126 127 150 169 175 192 194 228 451 480 571 654 664 803
19 166 172 235 310 375 404 533 546 630 665 876 924 986
487
21 163 286 470 552 573 711 796 797
404 421 735 924
987
1 36 56 101 176 284 299 300 307 312 394 397 427 435 468 469 548 580 587 591 613 688 744 841 860 884 895 896 913 965 990
45 72 95 120 177 265 274 625 675 781 813 900 935 969
43 60 150 456 623 926 949
13 48 125 180 235 284 391 398 813
47 52 88 126 194 195 248 287 317 351 369 389 430 453 493 504 529 541 551 610 631 647 680 685 686 743 811 840 843 890 912 935 951
45 106 209 244 245 475 497 542 619 663 737 821 887 889 913 989
3 75 81 105 140 257 258 277 315 323 365 424 429 448 459 483 501 510 519 568 585 589 594 624 639 667 671 696 748 781 824
18 35 61 82 102 139 145 162 216 308 316 373 393 435 456 457 488 569 571 620 686 687 692 721 774 827 845 851 857 867 883 903 960 997
55 118 253 630 832 862 874
7 100 156 185 189 193 212 229 263 270 292 334 337 349 366 399 405 446 447 490 514 523 559 592 621 625 662 672 681 704 763 768 833 855 872 947 959
493 816 868
2 544 876 937
3 5 33 80 111 141 168 194 253 302 359 360 398 439 445 452 484 488 516 558 575 580 632 644 668 683 694 727 731 737 845 873 922 962 1000
245 362 419 435 448 464 500 565 580 581 618 770 851 957 978
164 395 564 738 836
105 155 263 266 269 288 324 336 414 434 494 607 708 724 744 757 794 808 831 915 959 969
82 85 90 93 127 274 293 352 391 396 417 445 454 506 591 673 685 691 709 744 887 908 977 978
3 23 68 107 177 187 225 288 300 312 330 342 351 367 392 413 416 446 452 485 632 681 699 724 742 786 790 807 815 837 888 894 897 898 918
117 135 162 164 201 287 307 310 361 368 464 507 549 570 651 762 834 839 950
17 20 44 46 65 102 104 136 138 139 199 240 292 301 359 381 456 517 534 562 583 586 592 602 609 662 753 780 819 910 913 975
6 38 643
14 45 47 60 129 132 166 168 170 202 209 273 313 357 362 410 441 468 516 600 639 670 679 707 713 715 722 725 779 812 929 950
25 35 62 93 158 233 271 274 290 295 329 330 343 346 353 382 390 392 401 443 457 493 500 517 528 532 541 561 567 579 602 604 611 620 626 628 634 638 652 656 658 659 679 710 713 717 764 773 775 777 779 814 828 843 860 877 887 922 923 942 953 986 989
46 223 262 367 562 588 589 650 659 707 787 809 834 842 852
111 550 705
41 125 285 700 788 825 884 904 982
229 266 436 626 687 756 848 859 973
6 15 119 126 198 199 224 253 255 260 304 333 398 436 468 471 569 575 589 592 614 623 665 751 806 809 818 926 927 947 954 982 987
545 678 708 745
16 145 159 192 375 399 418 438 616 683 961 974
99 100 255 325 335 367 456 545 613 634 639 657 784 970
79 105 145 167 263 269 309 330 347 463 482 533 595 706 739 765 921 922 924 980 982 991
3 17 56 59 75 78 79 91 151 159 171 183 210 263 264 269 285 312 332 351 360 362 378 396 405 420 433 444 453 456 457 495 498 500 505 512 516 521 552 581 589 598 621 626 645 647 650 652 663 675 683 691 703 732 749 752 786 798 807 808 822 832 850 857 873 889 897 909 915 919 949 983
144 226 337 551 789 937 965
58 113 125 126 138 203 214 218 261 262 268 301 325 345 352 388 394 424 433 510 526 596 690 785 822 874 877 944 951
27 33 69 92 94 117 119 123 155 159 202 223 227 242 269 283 311 322 330 345 355 383 388 412 443 444 460 475 492 512 516 520 527 530 563 588 598 627 628 654 673 683 691 705 722 746 749 772 774 797 816 835 856 897 900 927 948 949 958 961 965 968
7 21 62 82 107 128 141 152 185 206 210 215 221 287 293 302 303 342 345 357 392 439 507 572 592 606 619 625 637 695 700 707 719 741 746 794 802 826 874 902 934 946 982
319 341 377 493 542 543 568 644 701 842 861 909 931 936
77 108 203 245 317 418 436 683 691 762 788 898 971
88 246 449 680
217 292 567
11 55 69 147 236 256 260 263 266 268 320 330 340 341 348 404 409 414 434 443 565 595 647 650 658 659 663 670 675 690 693 694 808 819 856 883 906 909 935 959 997
85 129 176 313 499 575 657 725 834 963
61 83 412 604 622 736 743 798 832 968
68 98 119 173 193 263 271 278 355 367 449 669 675 684 846 849 866 921 935 968 971 977 978
20 71 78 182 207 235 276 279 281 292 309 352 353 411 416 474 485 510 532 545 577 585 608 610 617 622 639 664 669 680 707 730 750 756 766 823 831 855 857 870 877 880 930 935 937 957 959 974
3 27 87 91 137 145 154 232 245 284 334 350 404 408 423 438 474 498 543 568 623 634 647 660 716 725 734 808 842 934 978 993
10 15 39 205 212 308 358 378 389 391 449 612 634 689 811 841 849 892 939
576 658 711 725
28 76 174 182 263 267 403 406 512 646 660 703 708 741 764 789 841 943 948
4 89 178 326 360 631 678 704 753 757 955
152
289 622
2 19 84 125 128 159 208 210 219 252 273 281 314 319 324 350 380 383 398 455 488 523 562 576 590 596 603 618 623 637 650 653 715 733 747 804 805 869 877 935 944 993
115 166 377 581 654 683 818 899
13 16 19 68 156 190 230 244 250 264 315 370 419 461 576 601 925 959
76 118 170 224 287 309 393 422 423 645 650 694 704 774 779 847 967
14 156 235 296 303 430 455 462 467 551 567 575 592 598 608 639 809 821 868 875 905 944
90 92 171 265 344 385 498 522 691 708 822 846 847 857 997
483 635
305 344 351 445 784
234 290 317 395 465 566 569 643 753 786 798 910 918
64 102 134 173 175 181 189 251 268 304 305 314 320 375 383 386 400 504 539 665 728 763 854 925 957
32 41 66 81 107 146 150 179 192 247 268 270 285 289 299 306 320 321 327 372 385 392 399 402 407 413 418 426 438 439 442 476 485 505 511 536 558 584 596 651 659 670 706 707 712 714 716 728 736 759 762 774 794 803 809 822 823 830 831 833 848 855 863 875 900 918 922 941 950 953 954 976 1000
30 58 151 254 301 444 618 681 746 759 840 851 852 869 883
190 230 295 347 628 683 731 740 745 894
114 193 322 367 432 571 585 595 714 749 775 796 866 884
4 10 27 35 39 45 55 63 69 84 93 102 127 134 138 155 162 231 235 238 242 246 280 283 324 338 364 378 388 397 416 418 424 449 454 459 495 504 525 538 545 555 589 604 613 620 627 649 656 670 690 705 736 744 756 758 762 798 827 834 843 851 852 860 877 905 906 938 950 953 968 969 973 985
16 96 125 150 193 253 398 399 481 520 580 673 693 763 794 808 894 969
4 74 83 384 388 485 595 597 851 887
18 212 498 832
38 39 42 57 60 68 78 79 93 105 117 125 153 154 181 209 213 229 305 307 321 337 371 375 394 427 462 467 505 574 581 589 591 602 606 613 621 670 679 684 696 715 736 780 789 806 826 846 863 874 904 922 937 962 975 980
26 162 220 245 328 343 379 479 516 533 535 616 618 765 771 892 973 997
218 314
61 92 129 133 204 207 231 250 252 328 334 353 381 437 456 516 541 677 731 759 771 798 801 808 833 853 867 894 896 910 920 932 972 977 988
226 248 341 365 401 415 437 500 539 768 896 964 970
658
1 30 57 61 128 182 184 204 216 217 231 249 258 273 353 376 416 418 432 440 453 471 476 506 542 567 650 664 666 706 712 729 854 916 966 980 986
166 701
127 218 335 389 536 682 683 923
1 13 22 33 53 60 69 75 79 116 119 131 138 145 146 149 158 200 216 239 251 271 287 291 314 324 328 370 373 379 395 396 409 433 441 469 504 518 535 543 547 562 588 617 664 673 680 686 701 740 753 760 765 786 791 807 826 853 854 873 906 924 928 929 944 949 958 973 980 986 988 992
6 10 21 120 123 127 136 244 277 319 326 389 420 422 468 471 501 516 563 580 612 651 653 671 709 710 784 790 832 862 865 945 946 998
168 213 262 397 897 926 951
44 92 190 244 666 729
8 80 139 298 361 371 394 407 445 494 549 551 613 663 670 705 726 738 781 843
527 612 616 678 771 794 796 896
360 555 619 803
110 242 349 429 440 452 509 526 780 985
80 85 121 128 155 156 180 220 284 304 340 375 376 390 398 417 445 494 556 651 657 747 762 770 790 809 814 855 869 903 917 930 955
154 203 225 449 502 520 548 551 687 697 767 803 860 913 1000
300 862
10 274 301 311 349 366 399 400 444 497 509 535 559 684 690 782 795 814 818 838 916
8 10 16 24 41 60 89 110 136 147 195 301 324 327 337 355 395 422 441 473 475 488 490 508 542 552 571 575 619 665 686 768 777 784 802 884 892 903 928 948 953
157 231 317 364 432 497 746 774 883 964
26 35 38 75 78 106 130 145 159 160 171 173 185 206 244 246 249 255 257 307 325 402 437 450 505 526 533 678 693 712 734 743 745 748 795 799 809 819 840 906 924 935 951 979 1000
220 224 254 289 338 416 551 555 595 623 703 733 775 779 835 837 865 989
188 215 441 619 690
5 78 114 205 325 330 418 462 467 565 723 748 845 897 969
114 138 496 543
157 297 342 368 377 537 540 544 634 639 643 867 910 949 960
591
105 111 176 266 276 477 510 575 595 822 945
1 5 16 171 172 240 290 331 479 514 616 657 729 792 961 993
2 32 66 70 123 129 197 327 347 371 377 408 410 413 447 476 512 589 597 632 716 720 721 726 745 823 837 862 986 987
7 74 185 223 247 249 275 281 291 359 367 413 427 437 463 475 499 551 586 617 628 630 655 672 674 723 724 731 755 805 818 865 874 905 920 957 992 999
378 707 988
2 3 35 45 60 89 120 126 247 297 478 528 577 609 654 729 737 802 817 826 860 926
52 187 417 609 633 853
347 370
147 476 534 553 596 651 851
318 383 390 396 492 800 845 924 965
8 15 47 73 84 88 89 162 186 270 280 322 346 370 487 494 499 500 555 632 650 660 683 699 761 801 803 806 898 956 990
79 661 820 843 904
58 60 67 148 156 280 355 362 831
5 14 39 43 50 61 72 78 80 84 114 132 166 191 199 220 228 237 267 284 320 353 375 381 388 389 400 413 438 450 461 528 565 668 682 692 733 757 765 816 818 829 844 862 864 889 909 934 942 952 973 981
52 56 60 169 204 209 374 376 388 389 391 469 645 658 821 844
132 185 247 285 287 310 358 370 379 420 465 517 630 643 681 722 746 773 796 807 834 893 934 946 968 984
75 466 628 766 973
331
221 310 354 702 798 841 892 920
4 57 66 97 98 148 313 328 348 352 404 410 419 438 463 494 522 655 696 773 790 814 843 878 895 958
929
120 357 462 616 882 973
99 107 142 436 482 817
33 34 52 85 92 117 132 155 177 183 219 377 380 488 550 568 643 703 907 926 948 972
24 67 133 186 325 328 365 396 508 520 610 826 1000
341 374 466 535 577 695 764 913
54 73 195 209 603 682 818 970
43 64 219 221 228 242 266 357 366 369 379 382 391 419 420 438 465 503 537 542 621 644 674 717 757 778 837 878 881 926 941 953 966 989
3 40 130 181 247 318 428 448 602 622 644 664 702 918 922 932
58 174 196 274 327 388 490 532 874
6 14 45 108 171 273 299 307 484 485 551 556 579 595 661 725 758 793 837 841 882 939 980 995
139 156 266 657 858 869 880 898 940
8 13 202 246 255 302 598 614 630 710 741 755 776 798 861 937
24 386
91 149 162 309 510 516 589 629 641 649 757 783 809 867 960 969 1000
14 24 28 29 38 46 90 98 99 116 138 153 155 157 175 179 192 208 234 239 267 269 288 296 313 323 329 371 392 400 404 411 412 429 432 434 436 451 524 532 542 553 556 574 598 602 606 610 644 653 689 692 698 699 710 711 717 748 767 769 784 786 790 797 799 954 956 973 982 991 992
184 216 601 698
5 57 99 109 123 124 131 152 163 166 179 192 234 252 256 258 304 346 387 390 391 396 410 416 434 456 460 474 497 500 502 514 523 539 586 592 603 616 620 654 655 682 685 696 703 714 738 786 820 841 861 884 897 947 954 961 983
11 313 838 998
90 95 137 163 194 218 235 309 354 418 479 632 772 775 816 823 865 905
49 60 77 88 91 102 124 155 195 219 229 250 278 285 341 344 367 372 404 432 439 445 453 456 513 524 548 574 575 603 683 743 772 783 790 804 806 808 821 844 910 924 954 958 960 973 993
54 99 108 115 156 221 224 304 309 333 385 563 680 727 728 881 920 931
33 35 89 92 122 166 221 223 226 238 336 356 359 508 525 565 574 591 675 677 726 738 791 805 868 908 914 958 982 991
69 106 130 171 243 304 311 342 353 363 365 385 406 407 444 455 466 539 561 577 625 631 664 727 741 775 825 905 931 978 980 997
1 8 24 63 75 79 84 121 194 217 239 248 286 297 314 329 377 403 422 559 595 598 605 671 727 734 746 788 804 807 819 822 843 874 878 885 983
305
13 60 86 105 115 117 165 211 274 355 363 380 439 463 480 546 549 562 659 683 712 717 727 733 734 808 811 855 887 964 970 991
40 596 809 885
509 513 643 733
50 72 83 85 86 99 101 132 136 159 180 192 218 222 224 237 243 269 283 291 294 312 329 345 350 391 405 416 423 424 430 431 446 455 477 490 491 504 512 522 533 537 547 586 590 635 636 638 653 670 699 782 797 802 845 866 893 907 915 919 922 933 941 968 979 990 997
86 99 187 258 263 374 432 666 763 870 876 882 892 916
83 234 426 730 957
226 276 422 440 560 575 685 719 872 902 911 930
97 136 424 593 625
31 110 126 344 370 462 464 572 583 595 640 650 680 690 714 797 840 899 906 907 913 950 969 976
50 113 386 404 451 501 666 716 746 868 912 968 988 989
341 641
78 123 145 159 275 323 433 518 551 661 741 840 930
195 859
5 44 54 80 89 90 116 124 136 147 166 182 259 289 326 348 355 361 364 388 395 409 414 419 434 455 543 549 551 589 651 679 720 764 809 845 868 879 911 915 957 963
41 77 196 237 291 376 410 483 627 661 800 895 933 966
941
92 93 178 184 215 219 231 240 281 291 321 327 371 392 425 453 454 467 510 514 517 521 531 557 568 606 612 627 699 723 741 792 880 961 986 1000
23 31 47 62 82 89 90 125 126 138 163 172 173 209 239 251 252 289 296 307 327 336 346 354 358 361 396 434 436 437 456 500 506 529 548 551 560 571 586 621 678 692 706 712 727 738 742 771 790 800 804 814 834 841 862 867 883 940 996
411 556 646 741
499
153 228 351 538 552 623 813 892
14 149 325 480 512 545 644 677 689 695 738 774 885 894 925 990
4 53 77 93 130 176 250 273 360 377 738 830 847
33 71 110 135 162 225 258 308 325 433 442 502 547 588 693 801 823 875 883 927 968
6 14 67 69 80 89 126 155 178 210 241 268 289 318 363 378 380 476 485 509 535 581 589 592 648 653 691 736 753 763 786 788 790 821 845 882 885 964 975 977 980 984 993 994
961
8 22 152 246 272 419 438 496 531 540 545 574 683 685 712 715 739 759 814 928
51
45 51 120 121 170 230 260 267 292 337 397 400 414 417 424 445 452 459 468 547 577 594 601 617 625 639 644 674 737 743 761 766 776 782 787 803 845 902 919 948
127 234 287 499 539 625 652 662 664 771 816 833 975 995
363 593 705 980
204 253 326 342 357 624 746 837 932
71 139 153 249 269 301 370 372 409 429 470 562 572 593 615 655 656 716 789 790 821 848 893 909 969
879
62 105 148 168 310 317 346 354 392 587 684 788 846 950
970
177 237 303 333 422 453 720 880 884 940
127 133 137 413 615 895
121 289 348 801
13 23 36 41 54 93 101 171 188 191 206 219 231 248 256 270 292 302 323 324 378 397 428 465 478 482 490 517 518 621 622 637 741 747 759 801 808 809 829 835 850 852 855 865 874 882 884 926 929 974
359 793 922
24 67 169 184 245 296
41 86 165 205 250 283 364 438 473 478 521 569 649 658 730 761 786 895 930 969
57 249 339 347 404 441 457 600 642 721 811 906 911
28 30 42 51 66 164 187 196 204 208 216 226 245 255 261 269 286 316 317 321 352 363 371 391 429 432 450 456 507 510 512 515 529 532 597 613 615 639 652 663 728 730 733 741 748 752 753 762 769 772 779 793 809 831 844 853 864 867 872 892 914 919 979
21 140 341 568 660 824 934 938
68 278 446 515 516 771 983
2 8 22 30 88 132 152 238 278 315 349 353 514 564 615 650 726 764 791 815 914 943 956
35 61 109 141 159 230 274 303 381 385 511 664 862 897 941 951 966
327 397 460 463 467 577 583 594 633 647 687 842 845 899 910 975
121 189 268 342 355 453 507 539 581 609 637 691 715 748 770 850 871 883 923 938
44 266 270 338 375 394 462 565 653 656 780 859 895 932 944 978
422 489 530 922
31 620 790 803 938 979
101 103 112 131 136 200 311 315 333 417 420 430 454 464 471 485 561 595 603 607 630 640 696 705 708 743 787 795 821 829 837 867 876 891 917 923 978 980
113 115 141 226 257 259 344 393 606 723 760 792 816 948 968
73
274 397 611 747 824 865
65 340 470 619 620 645 781 799 844 846 850 917
62 72 89 107 111 123 124 134 159 202 264 324 325 367 394 437 444 484 497 509 525 526 528 557 609 622 630 679 687 692 694 696 722 789 792 820 846 876 906 936 948 974 997
309 480 758 956
16 99 162 166 191 401 504 526 593 597 614 663 919
104 299 348 463 507 653 898
16 23 42 61 98 124 175 196 226 257 277 333 363 372 402 445 460 501 547 548 575 639 672 676 692 750 776 778 839 855 866 984
267 398 616 885
275 367 500
20 27 37 49 56 76 83 88 111 139 142 152 171 181 216 264 304 326 347 386 394 397 398 426 436 450 456 471 502 506 514 539 544 571 580 610 616 628 630 637 646 665 695 701 716 753 755 762 773 775 781 787 796 806 817 846 848 872 887 909 915 937 952
415 423 510 677 826
614
9 18 29 40 41 50 51 61 64 84 98 157 159 161 170 173 211 218 220 225 239 247 270 274 275 294 298 302 309 332 340 356 363 388 392 411 436 445 447 448 474 495 496 505 540 547 566 601 617 622 632 635 638 645 649 654 655 741 755 774 783 790 802 803 813 819 850 863 881 893 900 905 979 986 991 999
388 732 951
455 528 852 879 990
137 576 706
150 193 290 450 555 608 700 708 709 835
69 116 133 183 199 272 281 353 363 386 393 422 428 436 465 521 534 564 867 928 932 991
27 100 161 176 192 200 215 239 251 253 255 269 278 296 299 312 338 376 393 505 518 526 546 616 624 682 684 712 727 731 794 803 856 923 977
285
527
40 48 63 165 199 236 303 317 369 379 418 420 440 473 492 548 648 664 719 843 848 863 890 894 902 912 932 957 959 969 983 994
25 68 76 187 304 326 545 588 666 688 956
923
14 15 75 193 345 419 514 661 745 752 780
120 800 855
249 483 513 647 983
8 63 99 101 110 129 151 181 278 285 293 297 308 334 376 396 409 465 484 491 515 520 525 563 601 602 669 708 723 726 735 740 765 793 804 873 976 986
46 59 91 140 145 152 182 184 211 212 227 269 281 306 395 413 418 432 439 486 530 551 556 592 652 654 665 700 724 725 737 770 797 801 867 868 877 883 898 961 984 991
59 102 103 120 189 264 335 365 404 494 573 574 592 720 769 820 877 901 917 929
9 31 78 85 152 196 273 278 303 310 311 321 334 352 372 509 558 565 609 614 657 689 692 762 787 790 812 868 872 876 882 923 932
12 96 145 205 224 243 246 259 287 346 404 416 451 506 512 723 756 761 787 795 799 853 903 908 948 964 971
13 174 240 308 312 324 331 438 447 480 509 570 633 634 713 811 819 829 863 869
168 205 422 582 588 800 839 986
25 65 69 115 133 159 162 169 194 249 303 306 325 350 363 394 401 403 409 418 490 506 516 529 532 542 559 569 605 606 614 633 649 704 778 847 871 979
1 80 193 223 224 226 242 303 307 308 355 356 379 513 516 529 541 557 599 601 602 630 672 685 706 743 778 845 879 890 914
62 72 104 135 172 429 459 465 492 662 799 809 887 912 927
36 100 307 326 530 667 711 749 841
185 486 510 768
409 483 679 694 865
2 20 25 33 51 61 64 72 81 89 97 98 122 130 133 146 215 218 267 287 305 308 329 352 370 472 475 491 492 500 608 630 642 657 659 688 693 694 698 708 719 721 722 731 759 778 794 811 817 873 876 897 905 923 951 969 989 990
22 27 52 61 105 113 127 159 175 180 202 216 236 254 295 301 323 358 361 379 381 384 392 420 443 455 459 482 511 519 530 565 567 589 594 614 619 654 749 752 791 829 860 877 881 903 925 967 972 975 996
1 8 27 31 42 51 68 82 140 144 173 176 206 220 226 234 250 263 275 289 316 318 328 337 347 352 371 390 408 431 446 458 470 504 514 537 550 559 570 580 595 612 616 628 639 705 717 718 724 767 862 869 876 895 899 907 942 955 971 978 991
116 216 387 467 547 560 605 606 627 655 771 831
20 50 78 80 107 147 149 175 198 265 380 496 601 694 730 737 746 799 815 817 925 973
361 494 566 645 742 787 852 858 931
15 34 383 706 948
241 363 672 712 714
52 236 265 277 307 506 693 974
122 129 179 203 353 400 467 619 635 906 915 988
21 26 45 116 134 265 309 378 380 418 447 478 500 506 516 545 552 679 738 743 756 764 797 833 858 884 914 917 924 926 948 981
838 896
20 54 64 89 122 150 221 266 294 307 452 453 574 589 614 643 653 660 666 707 742 746 775 858 906 966 980
482 543
201 336 506 553
23 334 451 545 676 865 954
36 72 379 494 522 877
75 149 178 197 214 263 280 283 312 355 371 383 385 415 428 434 453 583 592 613 619 678 701 724 727 772 881 945 994
102 120 166 227 250 260 269 298 405 424 426 429 515 594 600 626 627 673 792 815 816 957 961 980
692 715 983
194 229 399 841
42 47 82 194 253 334 458 551 708 749 835 958 990
134
6 21 37 89 114 166 314 407 471 483 538 570 604 621 644 672 724 735 789 823 841 852 885 898 919
19 89 208 277 279 491 628 770 844 931
130 192 247 264 282 318 321 405 419 636 644 723 789 812
121 134 646
1 36 74 79 89 122 141 154 185 186 212 222 240 256 262 274 284 305 306 362 382 432 436 458 467 477 536 545 616 621 672 676 680 736 771 780 807 844 849 863 875 877 914 918 942 965
11 15 21 42 76 115 140 144 158 176 185 191 211 214 215 241 242 243 251 260 274 283 313 318 337 356 373 404 426 441 479 482 489 490 527 540 582 602 608 623 681 718 726 750 759 784 802 811 813 835 845 869 870 898 902 908 919 945 946 947 991
292 523 836
52 203 249 795 833 911
8 15 23 29 51 53 78 84 90 118 119 121 122 141 153 160 164 165 176 191 196 198 208 210 216 245 251 261 288 300 306 330 333 335 340 346 348 354 378 386 395 398 405 444 449 459 463 464 481 486 520 522 549 558 588 596 630 636 640 641 642 643 644 646 662 671 675 678 697 720 722 726 739 742 745 769 782 812 816 827 830 832 835 842 846 863 879 901 905 916 924 935 974 989 999
85 190 262 704 756
98 403 448 515 576 640 686
116 255 334 459 469 539 559 614 945 999
345 754
16 40 41 54 72 81 101 118 149 182 205 214 215 233 335 341 346 349 354 378 383 385 438 441 468 472 489 526 535 548 573 580 583 634 636 654 666 693 696 727 732 736 742 745 747 767 774 775 802 816 823 844 878 888 906 937 942 968
88 94 119 127 128 180 245 289 300 309 310 318 337 388 469 608 612 627 744 758 762 772 793 927 957 966
29 31 51 123 159 203 207 230 250 293 298 306 324 422 436 484 495 516 553 595 604 627 734 736 790 803 829 889 897
174 225 302 328 485 587 672 674 708 764 773 887 906 949 952 963
13 35 172 217 259 266 429 588
6 74 111 119 123 124 125 133 146 176 264 320 360 395 420 442 443 446 469 534 545 614 717 743 753 799 857 874 884 889 948 950 962 967 973 998 1000
162 163 169 346 355 369 436 501 515 543 568 574 658 751 835 922
454
50 77 371 550 587 871
305 494 692 790 960 977 985 993
30 38 150 175 185 202 203 227 256 355 378 379 382 474 514 540 585 622 625 640 644 698 733 794 925 938 998
121 641
344 407 446 472 501 555 962
7 395 424 461 543 572 611 669 680 787 789 912
44 750
4 9 61 86 87 133 140 141 147 169 181 213 223 243 249 269 279 293 300 343 358 367 377 402 411 460 479 484 492 504 516 573 611 618 634 690 692 701 712 726 798 812 828 836 841 842 871 876 916 936 995
50 57 79 95 120 133 188 204 230 243 284 320 340 363 430 440 453 515 522 530 564 570 633 655 688 744 821 840 873 890 915 995
82 86 112 120 132 210 250 274 301 332 424 520 555 613 663 677 679 691 750 759 795 838 841 934 965
348 616 646 666 830 998
165 182 228 386 536 761 805
75 76 95 111 166 278 280 306 316 463 472 488 515 524 553 577 641 687 731 759 777 813 923
35 46 64 127 138 177 308 330 449 511 535 576 702 791 824 887 915
21 82 140 155 191 196 275 357 372 427 431 447 452 501 756 761 770 811 827 850 855 862 863 878 965
359 395 427 496 508 512
70 196 245 485 585 699 982
844
38 92 142 183 227 347 436 468 475 583 596 660 690 768 801 822 879 888 917 991
577
165 189 488 542 548 696 843 902 952
962
782 857 901 980
409 433 568 717 946
748
141 520 833 845
193 376 415 635 684 761
351 399
2 90 152 225 259 284 315 397 634 658 702 739 754 761 825 893
56 328 369 371 519
280 516
470 952 980
46 51 82 87 133 149 192 212 290 294 335 382 388 413 442 445 483 521 524 547 642 759 790 819 874 906 916 921 929 936 946 948 987 988
46 62 66 117 123 136 147 181 221 232 246 266 277 283 284 304 318 324 420 462 468 567 572 590 697 733 740 743 808 842 856 883 886 888 921 957
117 205 209 223 352 477 644 665 731 821 824 989
82 85 146 153 218 255 319 381 407 519 555 784 919 934 954
163
207 353 423 442 455 553 577 627 671 689 769 801 826 861 898 920 932
18 44 57 80 116 117 140 149 150 153 201 219 237 261 263 265 274 283 298 305 327 331 350 369 372 379 384 385 390 405 415 428 443 447 474 520 565 575 687 691 721 750 755 826 832 837 858 861 881 885 891 897 905 917 918 965 974 985
64 458 753 794 826 877 916 982
242 674 687 698 727 799
70 455 471 523
9 23 76 81 178 186 189 214 226 264 293 297 321 390 393 419 431 456 588 594 597 604 611 655 658 682 707 726 754 764 766 781 782 790 795 840 849 962 985 999
15 22 64 73 152 189 192 193 255 375 448 474 478 526 575 679 746 797 807 835 890
28 250 266 497 850 932
2 18 49 50 52 57 59 64 65 67 82 97 101 114 129 134 158 172 179 186 199 202 203 224 253 254 274 293 296 298 303 304 307 329 332 347 350 369 387 391 407 414 417 419 431 437 440 446 451 455 456 471 485 514 545 546 548 552 554 561 563 578 595 607 610 614 618 620 644 645 656 662 665 669 677 680 684 687 697 704 721 729 730 748 751 756 763 769 771 781 788 798 810 814 820 823 827 836 842 856 867 869 870 883 884 888 890 911 912 916 917 922 933 935 949 951 965 989 992 998
30 32 93 162 246 263 275 288 384 415 467 505 535 597 607 616 621 633 738 741 759 838 861 896
65 82 90 276 340 373 395 436 512 589 613 616 670 722 733 748 754 833 863
90 134 176 257 319 403 443 448 456 519 553 571 717 736 893 947
48 172 210 249 294 381 424 427 498 499 507 514 589 632 664 670 681 704 710 748 749 771 812 821 853 881 887 894 918 961
50 52 115 468 477 831 967
29 47 68 195 200 248 275 281 305 343 374 403 413 423 497 532 547 551 587 593 648 660 726 776 835 851 855 870 885 896 982
959
84 161 643 699 867
17 19 26 34 56 57 67 68 88 102 132 167 176 181 194 199 205 207 208 212 230 248 255 256 266 268 292 296 298 313 324 336 346 358 398 409 436 459 478 483 489 514 568 579 592 599 600 601 604 606 648 650 652 690 693 706 801 804 811 813 819 851 864 914 923 926 929 953
71 117 154 203 208 289 302 468 613 662 755 767 812 830 835 876 938 944 963 966 968 983 989
84 364 495 646 762 797 903
62 89 314 325 334 423 470 539 556 682 697 742 776 793 899 944 961
7 21 42 74 85 102 103 133 159 171 172 239 241 256 327 379 380 394 395 407 411 417 418 462 464 505 532 547 579 594 641 666 681 738 761 798 809 818 834 836 849 919 929 950 952 955 970 983
107 132 353 388 399 407 434 441 443 470 525 676 713 830 831 837 930
18 31 128 154 184 186 202 405 427 468 531 566 575 617 641 653 870 887 894
85 445 615 671
35 75 85 141 164 182 245 260 288 333 441 444 520 535 552 588 602 612 652 669 692 732 940 997
33 73 224 255 424 854 865
6 108 154 366 430 631 731 737 742 758 759 815 890 977
36 88 91 138 154 241 280 298 317 603 774 780 887 888 901 917
24 55 110 112 338 403 462 520 524 642 732 738 744 782 805 812 840 850 912 989
743 973
31 70 117 184 211 283 436 454 464 488 490 494 512 530 536 601 610 621 742 775 802 853 870 894 935 951 983
69 82 85 155 332 528 549 659 759 814 897 912
21 33 148 162 163 199 208 219 244 261 288 359 380 475 494 503 582 624 665 668 684 702 719 720 734 764 791 795 828 842 896 925 929 970 977 994 995
41 77 178 203 222 271 332 344 406 474 549 690 693 734 800 855 866
7 9 32 33 35 51 57 73 76 106 112 118 129 161 197 199 201 227 235 236 246 255 273 373 376 434 436 438 444 463 476 485 538 609 631 654 665 681 693 695 711 798 805 807 810 818 828 835 845 848 854 874 887 889 904 914 933 937 960 988 993
435
36 40 73 122 158 160 164 214 276 289 309 365 369 405 408 427 454 520 531 666 671 692 704 730 744 764 855 858 990
167 222 275 470 868 960
58 210 219 265 268 280 388 396 503 506 556 581 605 645 650 669 675 690 716 785 806 881 906
29 205 273 439 478 495 623 649 669 677 716 738 819 856
14 45 52 112 147 163 255 287 291 292 305 349 364 385 389 429 454 495 577 590 625 630 641 670 676 731 831 836 877 878 899 917 929
45 49 55 74 126 185 286 353 382 396 406 416 419 457 465 469 481 506 640 656 661 696 703 727 767 844 856 865 903 910
145 191 235 243 298 374 416 436 544 578 712 735 777 808 842
72 110 455 684
4 7 16 45 56 74 83 88 110 125 143 179 184 185 201 206 215 228 234 237 238 240 262 278 282 283 300 307 330 334 342 345 381 382 392 393 411 424 431 436 449 499 523 540 593 601 612 614 634 681 682 691 694 698 705 724 731 751 761 766 774 785 790 794 807 846 850 855 857 868 897 907 925 950 966 970 1000
28 47 59 72 156 312 386 395 403 410 553 629 660 766 776 783 791 793 855 876 905 924 935
47 51 54 160 175 189 192 196 215 221 226 281 294 336 360 398 409 470 564 617 722 789 836 854 863 888 898 919 964 975
14 137 193 239 290 296 476 545 556 724 748 781 795 815 932 996
9 49 100 114 266 415 595 614 858
53 60 117 131 184 225 238 239 241 265 283 294 352 412 460 461 471 517 563 625 631 680 706 744 786 793 794 795 837 947 966
40 57 63 69 124 145 194 210 236 257 274 282 301 366 419 425 476 505 613 696 699 750 819 906 948 982
40 45 66 85 105 167 195 285 333 350 407 409 423 464 471 480 566 582 656 674 690 720 728 784 801 818 843 844 987
55 153 182 224 646 710 723 813 846 855 906 928 985
48 205 237 405 410 428 467 537 778 861 949 975
135 137 141 263 286 303 374 450 497 504 506 644 675 730 751 815 864 903 934 953 967 973 979
67 105 117 145 168 182 194 202 270 398 428 564 682 785 900 998
12 46 63 93 126 130 135 141 143 163 171 199 254 282 292 331 348 391 413 428 434 475 520 583 634 672 812 851 875 890 896 904 911 937 956 969 984
43 56 73 239 267 296 297 352 581 584 632 653 688 706 756 768 839 871 952
50 106 143 235 320 326 363 364 413 445 476 542 603 672 692 710 805 820 829 862 891 917 993
751
547 703 745
68 133 205 248 451 512 543 673
617
162 440 591 685 740 840 883
145 416 549 563 569 585 860 880
272 431 497 513 550 981 983
8 18 20 27 41 59 63 72 85 92 118 154 156 180 209 241 246 249 255 257 284 299 304 327 334 378 402 408 423 430 434 435 457 467 468 489 499 538 541 559 626 631 678 719 722 784 794 846 883 893 920 943 981 999 1000
231
39 113 421 618 701 800 859 898 933
28
33 103 114 186 263 275 281 335 357 459 566 899 937
5 27 164 206 403 413 441 488 550 653 752 811
33 222 477 641 673 923
4 17 44 48 52 58 61 69 89 97 101 105 106 119 122 129 132 139 144 145 152 174 186 188 197 201 206 210 212 230 233 234 240 244 249 250 251 253 271 280 281 285 286 287 292 299 303 311 316 327 330 344 353 363 372 378 386 389 402 408 418 435 441 447 448 459 465 479 484 485 490 502 503 504 506 513 518 535 544 547 554 561 578 597 602 609 610 614 615 623 624 639 655 660 666 671 675 700 715 721 723 725 732 739 750 757 769 783 790 795 797 807 819 822 823 855 858 867 872 876 883 886 887 894 899 904 909 913 929 931 948 950 952 956 973 981 988
88 171 218 284 292 311 318 380 420 463 603 607 615 690 762
523 776 782 836
305 988
12 281 417 471 742 790 836 890 923 930 968
36 81 86 91 106 167 171 179 199 202 212 215 236 239 274 281 285 329 349 385 400 465 473 492 525 553 576 602 767 807 845 847 865 896 901 910 917 976 988 989
31 44 70 169 173 201 236 354 581 642 682 766 768 804 843 897 958 993
30 124 241 258 294 301 322 375 394 416 435 556 603 679 736 801 816 873 888 905 941
12 69 77 153 160 170 232 409 434 460 471 520 539 541 557 573 590 604 607 616 624 720 738 761 907 977
28 106 175 179 322 386 426 857 904 998
17 52 126 177 250 270 317 367 385 430 535 565 572 574 613 632 636 637 646 650 678 756 763 816 817 834 868 911 969 973 976 999
102 114 171 225 341 392 479 484 549 577 704 716 720 818 826 852 949 990
177 359 398 649 804 825 895 910 964
55 89 117 206 213 236 246 254 356 405 531 724 750 889
2 17 22 96 112 178 277 327 342 365 378 408 422 532 610 649 737 738 778 800 831 835 840 845 900 910 923 965 974 986
73 161 413 585 746 791 915 969
726
381
31
10 206 225 520 669 781 978
3 65 90 92 101 109 144 175 200 234 235 270 273 286 291 293 303 307 350 358 420 514 517 519 528 546 623 640 644 648 649 656 664 719 731 767 768 771 776 833 842 922 1000
31 104 138 262 340 345 553 728 807 905 987
40 111 159 266 415 610 644 661 703 708 906
276 459 617 686 726 976 983
603 839 858
197 210 296 515 616
7 21 46 89 122 187 211 221 249 265 311 364 377 469 505 506 540 586 593 598 620 627 629 638 652 655 663 698 720 739 757 835 843 847 851 857 869 891 950 978
47 232 270 278 451 457 733 753 934
20 37 88 106 132 138 176 182 224 226 227 228 269 317 318 329 331 333 360 373 390 418 434 437 457 458 467 476 488 518 524 556 566 578 589 599 631 646 662 675 681 682 687 692 699 710 735 745 752 760 768 769 785 788 790 800 822 845 871 872 874 877 907 940 943 963 966 967
14 17 113 118 139 143 173 250 253 339 406 487 585 647 713 730 736 758 958
119 175 246 273 277 290 291 299 339 368 399 407 471 473 574 598 654 717 724 789 812 831 836 906 945 980
18 22 89 125 218 222 231 333 341 385 388 390 405 406 411 418 428 435 468 519 526 528 541 555 561 593 660 695 792 830 869 870 899 907 951 981 987
1 16 17 50 86 117 185 187 197 212 215 220 223 229 249 254 257 266 278 289 297 324 384 402 412 421 445 460 478 495 504 516 527 534 553 578 603 616 626 691 705 733 768 775 779 789 796 799 826 843 846 851 858 863 867 874 875 879 893 901 909 926 938 969 973 982 998
6 34 75 131 210 251 287 403 524 553 584 599 618 754 783 796 797 801 918 926 961
5 28 31 43 44 71 106 109 115 116 159 168 204 258 259 268 280 284 295 313 315 319 331 333 355 361 363 370 394 400 402 416 421 422 441 454 487 488 520 528 531 572 574 614 619 624 636 651 654 720 768 776 780 783 803 806 809 816 818 826 871 879 880 920 930 939 941 950 953 970 972 979
5 23 92 102 121 128 147 164 168 177 178 190 213 228 235 251 254 256 294 312 395 398 412 432 484 504 508 522 533 546 586 596 600 619 638 649 665 686 713 720 736 768 799 806 814 822 849 856 928 934 936 987 992
138 139 148 255 266 387 446 487 565 567 574 603 666 698 771 774 781 795 969
143 153 917
6 43 50 58 60 61 77 108 109 116 119 192 239 241 265 280 323 359 376 385 393 413 424 544 555 561 617 647 663 688 700 733 759 765 766 781 804 814 817 890 904 938 940
118 160 210 243 265 481 483 489 645 691 782 832 899 914 960 989
4 22 55 69 200 343 527 647 714 741 775 777 888 898 938 953 978
507 553
113 209 218 462 904 916
9 52 57 62 65 83 100 108 112 160 187 191 243 264 270 271 272 283 296 297 354 378 391 404 405 430 451 479 522 540 542 569 581 625 658 668 671 707 754 755 774 784 820 828 848 866 960 966
813
29 225 495 683 687 728 849 937
5 218 295 490 891 953 964 998
8 12 37 92 119 181 314 315 370 459 538 651 655 663 664 689 726 732 772 793 811
37 107 291 573 587 610 662 708 730 968 988
236
61 62 248 308 607
80 107 123 189 193 209 410 513 818 821 839
138 275 416 563 569 622 838 885 966
32 164 358 524 533 546 673 726 805 854 968 970 974 996
165
548
182 245 356 456 697 882 922
28 38 44 53 85 98 99 139 146 155 199 210 214 219 238 243 252 301 305 314 317 340 364 395 410 416 423 429 432 443 460 477 520 550 586 637 644 648 669 673 694 729 749 768 781 796 807 811 836 852 861 869 912 913 978 983 985
154 191 343 399 444 652 745
74 209 258 342 499 687 731
29
7 165 193 245 442 686 831
31 37 69 88 117 150 172 181 202 224 225 267 277 339 350 353 364 366 371 414 434 463 487 490 502 517 532 550 586 607 609 638 643 648 657 704 710 721 738 762 794 826 841 880 885 896 912 913 925 981 988
412
7 136
2 16 59 105 266 296 328 343 344 350 355 382 429 437 445 459 470 476 479 510 538 594 629 645 651 656 738 769 771 815 951 974 975
6 68 75 85 120 354 482 654 674 697 700 758 782 787 942 943 996
7 25 52 147 153 217 237 257 292 319 364 409 493 632 697 719 873 945 946
18 169 301 414 500 515 553 641 753 778 850 979 982
7 30 40 60 148 173 192 206 251 270 274 317 354 363 397 435 467 501 579 583 595 629 637 657 679 690 708 711 754 776 906 955 965
46 50 98 149 174 181 208 212 233 272 280 282 290 373 375 422 446 461 467 485 489 510 577 583 585 615 673 687 707 770 823 864 890 934 945 951
120 123 146 190 353 506 527 620 711 804
3 768
274 377 416 666 704 843 969
34 68 91 108 122 127 138 215 217 225 280 333 353 355 375 376 406 410 422 529 531 567 571 586 598 605 611 624 644 663 673 690 694 714 757 760 772 785 801 831 847 858 892 918 924 936 943 944 983
419 437
44 71 132 147 171 173 181 197 203 253 342 382 396 421 433 439 543 641 654 723 778 793 796 810 844 848 857 892 924 932 937 975 989
4 37 295 537 736 840 913
17 19 39 40 48 61 82 83 85 86 88 98 102 127 129 145 154 176 183 186 196 215 224 229 243 248 254 262 267 274 295 329 331 332 337 339 351 352 353 355 366 368 383 394 413 416 424 433 448 473 486 491 497 499 522 558 565 569 573 576 606 617 642 653 682 685 694 696 697 702 703 705 722 730 748 772 774 775 784 790 799 811 866 871 875 877 892 899 903 933 936 938 952 962 972 999
3 27 69 132 204 237 273 826 953
224 250 253 267 298 353 449 512 693 713 826 878 943 959
13 17 37 227 228 267 288 300 367 465 527 542 633 666 685 727 781 805 814 844 872 906 931 954 986 993
8 30 82 187 209 215 264 311 314 322 329 398 407 411 554 564 590 713 743 759 763 777 841 861 871 875 899 975 979 990
399
41 51 67 96 199 244 274 302 349 394 491 509 539 547 553 571 721 840 904
23 62 96 98 118 129 150 186 198 240 244 270 282 301 323 347 374 384 409 414 415 454 483 495 502 527 598 681 682 713 753 803 807 841 842 862 863 867 892 903 905 967 995
2 14 17 20 108 112 151 237 267 300 377 449 475 483 484 550 708 709 742 759 785 790 846 852 865 873 879 946 969 973
23 32 34 50 58 70 84 94 96 98 101 102 104 107 123 141 144 148 150 163 165 169 172 178 179 220 221 232 233 241 243 244 247 254 257 285 296 322 325 331 333 337 344 347 354 358 371 374 375 382 411 451 459 469 473 480 482 485 486 487 500 532 534 552 553 554 561 563 567 574 586 593 630 632 635 647 654 686 703 717 760 762 778 781 784 811 833 836 839 841 852 858 861 869 883 890 898 902 907 911 927 933 937 943 961 976 978 989 996 997
162 183 243 300 319 484 497 624 626 639 749 804 807 816
373 406 415 427 759 815
52 73 113 118 129 164 180 192 232 259 274 284 295 319 355 375 397 458 480 485 589 616 627 635 659 671 676 679 684 701 706 713 720 813 882 888
337
32 85 103 176 179 221 278 364 396 498 526 538 637 647 685 698 719 725 745 785 792 833 866 873 893 936 938
965
101 146 148 357 390 404 593 670 757
80 441 583 586 756
77 80 122 132 150 157 166 179 210 223 236 248 257 278 338 340 344 351 373 374 405 408 435 471 488 501 511 519 548 577 598 656 666 673 683 703 725 808 842 867 928 957 963 967
167 325 761
61 284 313 491 594 657 710 872
1 11 17 54 75 87 117 122 126 148 156 170 183 192 193 203 215 223 226 272 273 307 308 310 311 316 318 319 322 325 331 394 400 416 428 446 447 449 470 487 500 563 601 615 628 654 667 668 701 703 734 740 761 762 778 796 799 813 827 833 875 892 916 930 941 973 981 987 988
30 159 212 339 382 435 542 829 857
33 46 84 131 137 168 281 293 367 560 611 961
135 657
3 5 13 23 25 35 59 63 67 94 98 106 110 111 131 151 161 180 184 188 201 203 219 222 247 255 264 316 320 355 390 413 419 420 424 434 441 446 485 498 506 514 520 522 530 541 561 591 601 612 622 639 661 663 675 677 681 685 701 729 739 777 779 792 802 803 824 829 836 855 868 872 904 905 910 919 922 930 936 943 949 950 954 967 997
50 51 103 131 168 194 227 250 262 342 371 554 557 621 625 649 735 810 844 918 920 932 940 958 963
17 120 124 224 227 242 400 455 620 630 711 772 818
80 149 228 235 309 316 529 530 657 671 675 681 682 718 748 782 795 892 962 966
141 218 528 579 760 867 876
258
1 8 22 66 91 102 118 125 127 142 172 194 242 288 314 318 364 365 374 378 403 405 439 442 466 467 469 485 490 499 516 517 533 534 545 553 559 571 577 581 590 595 597 635 640 722 732 756 765 808 823 869 875 884 887 902 904 915 920 928 933 950 955 995
135 260 275 298 313 334 458 475 491 492 522 537 568 596 654 669 735 780 935
161 185 489 546 554 612 644 658 685 716 776 854 885 993
534
54 288 298 385 404 442 603 625
34 87 143 333 785
627
18 33 34 77 127 142 157 208 211 224 268 283 292 293 298 305 307 353 386 402 420 434 449 468 473 477 486 491 502 516 521 522 535 543 563 605 630 636 690 702 749 762 851 892 896 926 936
1 16 25 30 89 129 146 163 171 201 268 270 283 312 342 372 431 449 451 475 529 554 569 580 595 635 641 708 711 754 755 784 812 822 851 854 872 878 903 926 970 996
10 58 74 87 108 153 204 222 241 293 302 317 377 382 433 446 475 494 509 515 577 674 717 796 857 927 929 973
286 333 463 587 973
38 74 75 868
2 4 47 88 123 125 143 177 183 208 260 277 289 327 339 355 448 464 530 534 632 640 653 729 775 777 822 893 897 898 953 977 980 994 997
48 209 512 720 970
27 47 87 148 162 219 270 294 296 319 325 397 399 448 452 483 525 534 538 547 606 618 646 659 734 744 751 771 798 806 829 855 916 938 967 984 994 997
117 163 355 738 744 908 914
345
9 119 174 283 299 385 391 400 457 485 520 560 657 668 678 799 807 904 912 927 929
164 715
806 951
20 32 100 116 118 142 145 151 153 161 165 166 183 188 194 236 250 285 336 340 341 344 353 361 362 379 385 424 435 436 457 517 555 581 595 604 605 626 628 631 659 667 678 705 719 721 736 751 754 782 804 807 817 840 849 851 865 877 886 890 898 901 930 953 959 965 991
53 124 185 246 268 283 339 456 488 490 513 562 667 880 883 953
61 294 443 453 953 986
62 242 307 310 462 470 591 628 699 767 864 868
33
101 321 363 606 616 689 766 993
88 292 373 654 951
7 10 46 56 77 174 252 311 313 354 355 363 397 405 419 437 445 450 566 733 745 753 777 802 827 832 847 923 936 949
4 8 11 70 95 118 126 183 188 211 232 258 261 281 285 300 309 392 406 428 433 440 493 499 524 525 585 599 615 669 685 701 730 756 766 777 834 926
54 80 111 149 182 188 189 210 216 236 292 295 336 351 362 365 371 380 411 444 488 494 535 567 630 649 658 663 665 678 701 704 774 861 902 916 950 962
43 363 774
38 66 166 222 287 290 324 337 403 446 576 591 621 676 780 858 884 961
611 761 971 973
14 51 71 147 197 255 324 396 398 445 480 487 599 618 740 790 793 911 912 948
45 172 187 196 398 457 485 504 521 545 548 565 587 636 662 687 724 756 819 846 909
74 85 109 161 270 390 404 561 569 702 716 726 743 751 760 852 863 882 883 918 929 947 969 975 998
67 98 158 243 284 313 336 343 438 454 523 564 765 871 971
28 107 312 349 515 536 595 600 753 833 895 902
1 73 99 108 127 175 179 229 240 252 253 287 312 315 347 417 472 489 510 577 598 612 615 648 661 663 718 733 746 768 881 923 949 955 963 985
17 30 64 67 75 87 120 132 154 155 171 276 298 305 310 317 331 333 344 353 408 426 427 443 453 491 516 526 533 545 553 559 570 585 591 603 621 633 657 658 659 661 664 672 723 748 786 799 800 808 820 851 862 885 900 937 950 964 969 972 973 983 989
253 346 720 802 989
412 934
35 36 96 189 233 246 271 420 423 441 468 471 496 513 560 581 585 637 674 695 716 762 846 848 862 877 940 954 986 991 998
9 19 113 142 195 202 221 280 282 323 333 362 383 401 481 497 549 556 609 614 641 815 817 886 956
60 175 282 319 361 369 378 420 458 555 580 605 680 770 782 829 844 868 891 911 918 929
165 206 261 308 426 504 521 722 784 955 972
73 113 123 148 197 298 326 338 344 373 374 570 615 634 657 680 752 818 891 947
124 197 463 772 856 879
39 88 107 607 695 975
392 406 723
13 61 77 81 89 107 160 234 242 279 338 356 359 367 394 399 455 494 506 510 552 572 575 590 628 652 669 672 703 796 804 823 841 918 989
48 213 264 385 392 483 742 852 869 975 992
10 20 58 76 139 141 261 321 326 363 527 538 541 561 576 580 581 707 733 746 752 769 785 798 834 842 861 866 876 884 927 966 993 997
69 580 661 836 949
50 75 79 155 211 292 298 362 396 418 465 517 522 562 591 592 615 670 692 762 763 809 834 893 899 929 946 992
49 116 135 229 302 355 369 474 484 527 538 591 598 614 676 740 780 869 968 987
141 176 277 590 623 685 939
29 66 149 189 283 310 430 551 644 669 702 777 863 867 935
4 28 33 63 137 192 257 280 315 345 369 372 375 447 483 497 499 528 589 642 720 778 834 875 892 924 958 959 975
47 802 867 883 910
90 177 207 253 310 336 389 412 487 497 620 695 697 800 803 808 818 862 894
23 687
65 423 624 681 734
122 759 864
170 198 244 281 437 567 821 838 857 860 885 936 996
29 48 105 121 154 161 169 207 221 256 264 286 335 349 362 374 468 478 480 481 487 553 556 583 650 681 692 695 701 737 747 755 760 775 786 806 808 809 819 828 845 884 887 908 925 926
885
18 19 47 73 116 128 147 212 223 228 246 273 308 328 359 361 366 376 380 423 465 466 479 513 550 632 676 693 730 806 845 897 936 960 988 989 996
90 169 258 293 308 325 379 430 461 535 568 612 622 764 765 777 851 898 938 957
8 15 183 217 279 379 395 440 482 529 552 716 759
6 18 32 60 421 491 518 601 788 861
100 135 244 283 451 499 604 638 659 795 879
9 10 15 23 26 42 77 94 96 115 124 195 212 222 224 230 239 253 258 288 308 317 326 345 350 351 353 365 379 401 425 427 430 432 434 449 478 483 500 504 512 522 527 530 535 593 617 630 632 641 648 654 667 683 687 706 712 753 754 760 767 774 776 787 792 817 820 827 835 838 843 865 872 898 904 911 920 956
19 27 36 72 122 184 188 233 278 284 285 288 292 316 347 404 430 449 460 484 486 489 528 532 536 583 610 613 617 620 626 650 661 665 676 685 688 695 699 700 725 726 742 759 761 763 814 819 827 829 915 941 961
582
51 76 88 98 118 121 125 134 140 152 177 178 179 204 207 208 237 249 267 276 296 301 328 329 337 366 375 379 395 450 456 470 477 494 511 532 540 551 567 595 641 650 707 713 735 752 768 860 861 872 892 915 947 955 956 980 991
128 180 253 360 585 626 965
133 146 148 158 519 532 550 565 729 863 908
5 78 130 132 225 391 450 601 752 786 887 966 989
351 664
185 527
227 304
5 19 21 45 98 148 173 177 183 212 258 400 413 469 488 551 566 573 580 585 709 813 860 861 867 869 926 969
26 29 85 87 175 190 208 232 253 259 271 272 273 285 290 293 312 316 318 380 390 396 397 401 414 428 431 440 448 471 502 546 555 564 589 625 629 646 741 742 763 768 826 844 855 890 907 979 988
10 34 74 83 109 122 136 142 166 176 192 193 199 218 246 252 348 382 384 393 397 402 405 413 455 459 483 486 509 514 523 532 576 614 615 625 638 646 650 662 694 711 724 756 784 788 805 878 886 891 895 939 941 948 993
12 21 39 48 106 115 128 194 247 258 272 305 325 343 414 438 476 479 527 533 560 561 566 568 576 616 620 655 656 680 705 727 742 777 857 870 900 924 947 992 1000
54 191 202 298 349 499 527 528 544 598 794
6 113 116 259 322 369 395 410 506 537 594 646 656 671 714 718 796 810 824 861 912 938 971 981
11 15 73 123 236 386 459 488 515 571 635 748 770 843 845 849 916
92 134 247 366 371 525 576 628 657 659 745 841 873 913
14 30 49 98 106 111 137 157 174 175 222 223 251 259 270 275 325 360 377 383 401 427 454 458 481 501 562 580 591 612 652 659 662 681 698 706 732 737 755 769 772 776 797 825 827 848 852 880 882 895 982
636 791
49 123 280 419 431 460 652 761 764 765 770 819 920
31 36 62 76 110 137 183 214 226 231 239 297 307 360 413 423 450 539 541 550 584 644 724 732 739 772 787 794 896 917 919 929 962 969 978
240 276 474
39 48 72 87 176 177 200 207 236 238 245 272 293 296 321 351 474 519 534 536 575 577 584 590 602 688 767 789 828 855 866 894 898 901 911 930 935 944 951 970 981
355
29 33 64 72 92 131 170 196 262 271 318 322 329 345 352 389 394 400 461 494 504 508 550 576 582 593 611 640 644 666 724 731 733 735 741 747 760 768 786 787 795 815 883 890 898 913 921 923 926 929 976 996
43 64 107 186 295 304 337 384 462 466 501 590 768 809 903 907 919 927 942
489 561
415 451 542 555 640 862 905 940 975
192 201 393 428 437 443 540 568 598 628 682 692 789 833 852 859 889
89 170 500 504 571 743 773 865 959 995
30 41 120 123 128 136 144 176 182 197 221 225 242 254 259 267 283 300 319 332 369 370 388 394 434 463 479 497 508 561 564 572 593 609 619 628 682 786 805 808 826 862 1000
238 919 940
6 25 130 143 196 302 378 403 602 659 842 869 919 926 933 939
82 89 210 227 328 332 373 374 401 419 426 465 510 526 561 582 670 717 754 755 817 853 898 965
60 268 335 336 376 413 598 726 768 838 840 849 893
645 659 832
106 108 111 113 140 141 174 182 209 215 225 229 240 257 293 349 370 405 515 550 552 554 573 576 642 653 681 685 737 778 787 817 901 987
70 110 311 319 326 354 431 435 472 476 559 714 791 822
36 146 159 184 249 342 420 473 543 560 659 671 679 849 940
16 77 103 260 297 431 447 527 670 724 785 819
85 522
18 100 130 161 167 211 296 342 351 400 427 462 473 510 571 631 648 701 745 768 781 809 842 843 846 847 859 875 925 965
59 113 152 198 362 452 555 626 901 913
57 275 344 589 635 818
226 302 404 430 708 710 713 780 793 978 985
6 42 207 298 377 425 507 666 808 883 955
19 39 159 392 524 575 580 606 666 791 818 890
138 204 277 416 477 934 982 990
36 138 345 352 428 492 633 879 972
2 21 22 26 29 46 62 63 92 102 105 123 129 134 149 172 183 205 232 251 260 274 311 340 342 359 365 381 436 448 459 485 552 557 575 582 600 623 652 654 718 719 726 744 747 789 795 842 846 851 853 872 884 917 932 937 940 978
56 88 235 289 342 396 406 407 416 451 452 468 476 496 525 534 568 572 578 610 814 832 875 992
15 25 36 38 49 72 108 135 142 151 179 200 201 235 237 241 254 280 311 312 317 339 356 374 376 400 471 494 500 547 559 586 607 622 637 639 647 708 766 776 801 870 876 878 885 916 920 947 974 986
20 106 177 180 262 298 386 405 476 499 539 606 628 642 685 709 726 752 799 800 857 919 948 961
5 10 87 96 141 184 304 491 513 527 537 847 861 892 912 933
71 106 223 289 290 312 320 332 333 436 476 529 546 555 559 573 596 623 636 676 682 687 713 716 756 791 815 908
12 26 32 76 79 240 294 380 382 413 435 714 905 942 951 967
6 10 11 15 58 59 90 106 138 152 172 179 191 215 226 234 239 252 268 290 369 401 411 428 439 457 523 599 644 670 698 727 735 736 777 814 829 834 856 863 912 925 958 966 997 999
3 48 50 84 101 117 186 213 220 235 239 286 309 310 411 419 489 490 532 541 562 591 593 637 662 700 724 751 811 862 886 979
87 152 245 281 286 473 576 589 770 803 809 835 837 876 877 930 934 981 988
1 65 127 158 214 316 393 566 598 679 805 840 862 932 951 966
198 228 447 687
35 113 182 186 201 266 328 440 487 757 760 836
84 188 218 230 420 515 547 754 901 907 963
543 857
21 76 111 122 133 150 176 185 246 282 347 350 364 368 428 487 638 681 696 706 711 767 781 813 814 934 938 974 979 991
1 8 20 60 76 138 174 196 202 210 304 326 342 353 377 382 389 402 409 411 463 483 486 488 507 537 554 561 591 631 647 656 676 687 694 706 728 741 758 768 799 826 888 903 909 944
42 251 313 448 518 573 680 699 956
25 33 47 71 74 83 122 261 294 323 416 536 544 555 592 607 626 656 669 673 828 839 871 891 905 914 955 972 991 997
114 124 150 153 172 174 186 249 271 294 332 345 356 383 403 460 467 510 530 578 588 605 623 638 647 670 684 699 702 757 806 877 901 915 922 964
77 341 360 393 499 507 585 631 883 960
101 117 237 400 853 972 990
210 256 321 327 385 444 465 468 776
179 236 300 323 660
16 32 58 72 101 106 187 290 341 375 395 397 411 435 447 466 545 560 596 633 637 698 714 749 792 834 867 870 913 939 964 973
438
36 143 166 205 207 266 277 313 329 341 411 420 446 453 494 524 553 559 561 605 659 690 695 700 711 714 746 760 762 785 806 834 853 859 876 885 887 922 943 964 966 968 985 992
76 142 148 165 205 213 233 280 323 413 414 482 500 530 559 629 642 650 669 699 759 807 830 847 874 876 880 892 893 905 908 917 919
96 459 561 602 753 800 916 941
137 187 213 331 344 365 419 420 472 951
107 166 183 338 415 417 522 560 657 767 842 844 866 874 894 929 934 946 957 976
83 85 87 91 120 148 217 293 318 422 541 567 628 822 848 886 986
120 277 284 471 608 658 797 836 921 974 999
435 571 642
9 79 281 366 452 821 840 843 848 955
117 138 840 919
29 31 36 39 47 72 135 152 192 227 250 263 271 319 373 400 443 449 512 564 589 634 662 665 673 804 852 859 880 901 928
66 132 177 219 227 288 305 342 385 424 522 543 550 588 693 700 707 752 765 821 916
106 316 415 631 941
122 172 376 417 467 469 494 547 559 678 683 764 799
42 65 99 277 426 679 954
263
277 483 537 682 856 948
48 72 197 202 273 373 397 480 580 631 674 727 767 826 893
20 108 125 127 144 174 225 335 358 385 427 551 568 644 680 693 694 743 857 861 985 990
75 212 232 274 887 1000
209 931
7 289 297 364 553 773 841
35 175 185 212 215 217 646 750 800 886 899 952
16 21 29 31 76 77 95 107 111 113 117 198 204 212 285 292 332 342 383 384 415 429 433 466 478 504 524 558 566 577 582 588 599 600 616 634 640 645 654 701 712 736 746 749 785 788 806 815 848 866 884 924 964 973 996
57 411 421 938
254 932
175
55 93 100 107 163 259 323 369 451 469 484 485 513 560 575 590 609 650 677 782 847 901 913 989
54 223 257 469 514 775 827
502 511 681
1 170 171 181 192 194 274 325 362 366 386 421 453 468 533 580 616 617 667 686 691 727 736 755 764 787 846 877 905 909 919 954 963
13 19 32 41 44 60 97 105 117 124 130 140 141 163 165 166 168 169 184 188 195 205 223 253 256 269 270 295 299 324 346 399 423 426 437 452 458 484 495 511 527 529 531 534 537 566 588 600 605 614 619 621 628 665 688 695 707 727 739 750 775 778 785 794 798 808 821 831 834 839 851 874 880 896 907 912 913 942 944 958 999 1000
11 299 434 613 725 994
34 63 88 127 161 181 256 267 362 371 603 649 652 766 824 893 913 963 974 997
160 185 280 328 339 354 427 434 503 671 723 799 900
15 58 84 191 207 214 269 289 368 399 477 505 851 859 884 944
96 176 219 230 436
42 95 221 226 266 347 360 386 450 536 546 656 727 734 980
829
76 132 144 188 195 230 281 283 289 338 361 470 604 723 724 746 747 855 884 905 918
126 135 254 306 740 831 933
285 645
22 48 207 305 346 401 408 588 708 762 839 930 987
204 231 850 870
132 293 305 433 441 494 580 648 838 882 982 985
859
841
322 550 838 917
38 46 69 85 129 157 162 194 215 221 237 242 255 300 323 325 346 350 353 365 410 416 421 456 475 490 512 523 539 595 662 670 673 686 703 715 720 737 746 750 782 784 801 812 819 829 854 858 870 878 883 911 937 969 997
388 843
531
125 204 230 295 311 357 479 522 572 604 647 679 705 732 738 770 771 791 792 832 851 852 867 940 992
27 70 113 134 166 171 195 234 291 307 374 423 448 451 481 501 505 595 605 610 631 646 672 736 738 790 801 839 860 882 945 950 960
5 43 47 83 147 177 297 769 848 907 973
65 150 164 205 212 229 513 554 641 709 751 767 786 796 863
186 196 228 308 379 398 460 484 533 741 874 963
528
64 122 133 305 492 669 688 719 846
55 435 853
2 16 24 44 71 73 81 87 125 143 148 159 184 206 207 214 226 233 252 263 300 305 312 377 420 471 560 592 615 621 630 647 798 843 848 856 878 913 927 930 940
181 470 521 549 653 726
6 14 55 61 356 360 698 808 812 838
325 458 868 873
24 26 30 85 127 134 179 187 188 199 220 251 278 290 307 366 373 405 406 414 416 418 453 464 586 589 615 651 662 691 727 751 778 790 816 817 833 874 887 920 940 951 989 995
4 161 191 243 277 363 392 505 704 709 766 849 918
10 37 245 438 474 544 791 995
34 225 232 583
173 191 252 254 270 279 292 309 341 347 352 391 397 445 451 453 457 459 561 601 609 754 768 813 902 943 995
25 28 51 87 208 237 247 271 284 433 493 495 501 540 547 597 738 754 802 811 828 875 904 941 954
358
785 796
154 186 205 206 223 269 323 333 397 402 457 460 510 538 585 618 751 818 822 873 949 992
202 349 407 439 490 577 651 742 794
10 154 188 194 378 492 555 795 821 831 835 844
1 9 23 25 86 109 112 118 142 153 159 174 207 247 271 274 275 295 298 310 318 343 373 420 425 476 487 499 506 511 519 546 566 567 580 586 610 637 662 683 726 727 749 759 767 791 801 802 807 909 910 922 956 967 989 996
2 140 155 186 188 231 305 434 532 849 946 977
25 84 354 520 677 722 908 923
25 42 80 82 110 142 143 145 152 156 158 177 208 211 214 221 227 229 236 239 279 280 285 291 313 315 317 331 353 366 369 374 381 382 383 389 403 409 410 414 421 422 424 430 439 442 447 460 467 472 483 487 490 501 508 511 527 535 541 581 586 589 605 632 636 651 655 657 671 672 677 706 716 720 723 728 735 778 802 806 823 840 846 848 860 887 907 917 926 932 934 937 940 945 948 957 987 991
541
36 80 103 121 283 467 517 551 596 598 653 739 764 816 876 938 987
35 52 58 63 81 248 281 309 331 359 392 467 603 710 723 778 784 787 792 806 824 838
107 138 200 211 212 274 304 325 349 408 454 456 473 487 551 580 714 743 814 827 848 860 898 924
279 410 451 474 504 551 625 817 909
217 341 741 850
35 85 103 127 135 146 181 194 233 238 273 291 294 305 317 319 320 325 329 331 332 351 354 365 383 389 392 411 458 459 479 480 504 514 530 546 547 554 596 598 624 630 645 673 718 756 765 767 776 787 829 848 858 865 882 886 918 944 962 976 981 992 995
25
14 32 100 202 236 293 382 422 454 656 667 764 777 824 826 873 888 932 949 954
545
568 693 801 954
34 39 111 199 262 536 628 815 885
145 375 818
23 164 207 265 274 279 296 355 358 360 365 380 478 645 672 695 734 922 948 971
294
38 52 161 198 199 205 218 235 312 324 366 423 491 626 754 787 805 812 843 846 854 924
23 40 47 61 78 94 100 137 147 162 203 366 406 409 418 466 580 724 875 944 953
270 305 921
60 459
114 150 171 326 357 358 394 428 548 587 659 721 722 745 824 830
30 75 84 108 151 226 246 269 285 293 330 351 353 380 477 522 586 665 666 800 869 891 941 946
28 51 55 258 261 351 361 389 414 556 582 583 618 637 662 698 732 824 922
7 108 114 324 395 493 660 718 730 756 815 950 953 983
81 98 112 140 279 317 381 393 423 439 457 555 608 667 719 720 726 736 765 786 810 848 852 872 934 949 998
48 104 147 219 230 364 381 419 455 458 620 712 717 741 744 788 819 927 936 939 985
62 118 142 180 194 213 233 270 362 399 409 532 557 558 567 649 686 697 737 756 783 804 807 851 914 977
19 32 70 79 85 86 89 91 96 119 147 161 200 203 215 222 341 342 347 350 376 422 451 494 575 616 654 698 704 707 765 773 788 801 806 852 877 902 917 943 961 970 988
65 119 207 587 605 806 864 873
5 7 43 46 77 84 99 152 161 176 193 248 253 282 292 311 327 402 405 459 462 487 494 496 574 594 635 654 745 748 763 805 819 878 934 946 979
74 190 343 423 436 471 549 632 743 752 757 877 892 947
28 39 196 214 248 268 334 370 385 386 401 422 428 520 600 616 641 746 757 839 877 879 999
45
91 960
13 18 32 38 39 82 89 131 194 213 227 231 236 268 280 282 294 304 307 315 329 357 371 374 414 429 446 463 478 497 499 500 517 521 529 541 579 584 590 615 629 633 689 748 751 754 764 774 780 788 841 873 876 906 909 926 928 929 937 983 985
168 294 318 436 465 610 644 682 883 898 917 978
110 187 310 431 464 488 517 527 537 555 562 585 628 703 808 811 825 900 958 988 996
48 661
810
125 338 707 830 868 967
17 21 33 41 43 46 51 56 62 64 88 89 99 126 129 131 140 154 165 172 178 191 200 237 249 251 260 268 269 270 286 291 296 331 335 338 358 386 408 419 465 472 496 501 511 527 550 554 574 614 618 620 633 640 650 652 655 682 692 698 720 727 730 746 753 758 763 767 770 818 846 869 885 886 891 941 986 993
35 43 155 192 197 270 329 333 353 429 460 505 620 659 665 739 754 815 890 891 985
348
39 185 350 405 485 548 579 595 617 627 710 983
12 38 40 52 61 88 93 135 138 143 153 155 164 240 291 294 329 349 360 411 434 487 493 507 543 586 606 608 622 650 665 684 805 828 867 895 920 937 940 951 973 992 996
88 146 309 368 423 847
63 197 199 285 315 334 420 435 458 521 618 631 646 647 720 746 771 785 800 807 913
11 46 66 71 74 231 255 295 296 318 325 366 437 466 483 560 564 570 575 589 620 650 669 678 689 697 735 778 833 838 839 880 886 947
3 30 39 98 137 142 218 247 318 399 574 600 749 752
604 615
36 52 59 61 80 122 169 177 191 199 210 215 227 239 242 261 338 340 349 363 388 392 399 416 428 452 455 485 501 533 558 571 608 629 638 642 646 648 654 693 699 728 729 736 779 792 814 822 825 854 873 886 893 902 932 937 951
28 72 372 724 820 856
50 63 110 142 192 239 334 380 425 433 466 479 589 625 634 638 640 657 686 732 750 753 787 798 836 883 925 942 959 1000
64 219 579 889
43 56 103 164 183 197 265 277 283 297 317 484 489 508 563 635 669 670 745 997
49 150 173 229 287 315 367 415 539 560 604 623 692 739
36 165 306 341 399 440 486 514 533 556 579 595 671 914 996
111 193 259 327 374 594 844
96 167
8 9 541 569 605 628 865
102 145 228 260 262 380 439 624 689 758 893 921 932 956 994
28 50 238 284 324 347 536 583 584 695
15 29 63 117 205 233 328 345 363 428 480 485 510 542 574 579 785 838 860 895 896 898 997
399 998
16 41 157 201 209 218 405 415 453 473 492 508 521 589 608 677 735 773 792 807 822 857 904 926
19 23 172 201 204 254 271 305 307 317 333 378 388 402 448 627 673 713 772 809 816 857 884 914 949 958 970
65 630 678 734 950
88 253 435 479 572 607 617 663 727 990
44 504 658 825
33 111 244 268 269 313 343 350 368 372 377 415 440 442 449 461 485 502 512 526 590 607 610 652 671 785 823 910 932 972 981 982
138 221 314 440 460 472 500 537 616 629 636 847
89 217 542 759 804 838 850
869 884
1 105 188 215 250 290 620 824 947 990 994
10 17 36 88 90 96 109 115 116 124 167 175 193 226 241 246 251 265 276 305 310 315 351 352 368 401 432 433 457 469 486 520 532 541 551 555 569 590 607 616 627 629 630 667 673 688 700 701 716 717 741 757 801 856 858 903 912 927 933 934 954 955 956 961 999
65 71 177 232 403 406 409 450 638 752 757 851 920 963
930
6 31 32 48 49 53 64 85 88 92 98 101 111 119 122 133 168 173 174 183 189 191 216 221 223 232 242 266 283 286 320 329 336 341 345 346 370 378 381 396 398 425 436 454 459 462 473 475 484 491 513 531 546 561 571 575 589 590 602 603 612 623 624 629 636 655 662 681 702 704 708 722 727 728 747 777 793 811 815 823 833 849 851 878 897 901 904 915 925 933 942 958 967 980 997
373 539 750
720
21 153 310 338 486 591 661 710 735 978
123 147 179 258 396 532 562 605 643 670 764 775 825 862 930 943 980
797
5 299 493 663 761 784 981
21 45 81 118 129 152 154 155 169 185 203 215 219 235 238 241 278 300 302 313 318 357 366 377 401 416 418 460 469 484 486 505 519 522 543 557 575 584 633 644 675 682 688 708 714 717 731 758 766 789 806 821 828 832 833 840 845 853 882 885 909 910 919 936 954 957 958 967 971 980 996
143 351 609 656 670 712 759 880
19 122 170 212 412 522 541 559 577 593 652 674 720 770 785 834 886 897 988
165 211 301 387 413 433 503 542 567 598 631 634 740 767 845 939 977
80 296 332 931
44 318 444 663 684 703 834 854 888
68 109 329 491 773 938
89 227 463 541 812 943
17 107 129 157 305 430 469 514 561 641 647 754 844 938 964
5 76 306 462 915
15 26 65 79 113 160 176 219 235 263 376 395 484 553 603 614 654 663 693 794 795 919
56 57 58 69 139 174 328 644 664 706
1 5 16 61 222 225 260 261 283 289 310 343 392 443 498 535 536 562 578 626 646 729 765 835 862 865 895 910 973 985 994
200 445 780
13 39 52 55 91 96 132 140 213 238 243 337 339 345 351 368 386 484 491 514 521 565 584 627 637 655 691 715 731 734 735 766 767 769 788 797 819 824 835 839 850 877 878 881 882 892 913 926 936 953 956 982
162 257 365 379 381 386 425 463 495 527 529 552 576 639 670 675 685 691 738 807 983 989
306 475 522 743 892 925
195 583 728 856 866
49 50 56 64 80 133 146 202 220 246 263 266 326 336 341 378 381 385 397 419 447 449 479 480 493 495 496 503 537 553 581 594 613 682 687 722 791 845 902 917 951 976 978 995
137 321 383 525 815
18 32 80 201 243 398 624 657 663 664 795 924
40 253 310 365 380 457 536 649 651 809
30 69 71 87 89 91 143 164 181 197 244 249 268 287 311 322 326 329 381 450 452 461 467 504 526 531 555 583 601 653 665 713 750 914 945 979 1000
2 3 49 57 82 100 117 120 122 158 185 187 196 229 313 330 396 402 428 462 474 486 497 521 523 536 611 612 613 645 649 658 711 723 733 756 784 786 810 815 843 862 903 914 928 946 947 952 957 976 992
98 221 237 252 341 358 408 566 868 894
440 694 716
40 60 109 114 118 132 180 188 214 215 230 236 246 249 259 278 302 358 402 450 491 499 510 520 570 622 630 646 660 733 735 755 772 827 953 955 979 997 998
25 48 71 89 99 101 119 150 184 202 205 212 214 237 288 318 337 414 417 422 461 470 474 521 523 533 543 559 583 611 661 692 693 707 735 740 762 888 942 972
4 19 52 131 135 164 218 227 235 274 276 279 304 322 332 359 366 378 427 434 435 446 448 486 508 519 548 552 562 571 587 593 596 599 635 678 706 719 754 772 777 790 792 802 804 819 824 825 833 856 925 937 944 999
85 421 479
141 234 266 300 393 539 567 606 613 736 987
422 851 947
99 123 132 180 398 457 781 812
11 14 21 22 28 32 37 43 51 53 71 74 92 99 123 127 134 138 145 150 155 159 160 161 164 165 176 181 201 224 227 237 244 250 262 271 342 346 358 359 363 386 390 392 399 412 423 424 440 449 454 457 461 462 467 468 472 480 507 518 530 531 559 560 562 565 577 587 603 609 623 630 637 639 646 647 657 662 668 673 676 693 694 698 704 715 721 729 732 734 740 741 767 792 799 814 820 826 832 855 857 863 881 886 917 924 962 963 977
642 819
68 94 96 108 154 202 274 293 298 336 343 428 482 576 634 636 748 783 819 840 870 884 910 967
206 341 556 590 682 711 741 858 906 984
35 89 99 121 127 197 321 342 428 443 473 501 566 568 583 640 647 649 682 699 724 733 749 762 785 801 820 916 918
21 33 41 67 140 178 228 244 247 262 287 289 292 303 382 454 466 496 566 778 833 894 895 930 936
12 83 87 98 124 135 138 149 179 183 215 222 229 264 271 282 309 370 374 427 432 454 457 486 520 533 552 565 600 603 607 643 665 676 679 685 714 716 725 753 765 778 801 833 867 913 978
597 603 869 884
290 362 548 695 808 904
284 709 904 940
4 25 85 96 120 152 156 157 173 233 241 299 356 417 569 586 608 748 756 764 811 817 825 892 915 946 956 963
44 62 74 85 130 131 142 163 220 251 368 381 450 530 541 663 711 784 792 820 823 834 847 852 908 978 985
199 204 250 294 320 333 372 389 463 531 572 578 646 764 820 943 974
179 245 444 508 643 644 741 758 790 916 947 984
224 381 451 567 693 919 984
19 68 97 110 118 160 172 237 250 259 264 316 323 325 341 399 431 467 488 537 546 551 607 645 648 692 728 760 781 820 821 851 945 963 976 1000
2 39 91 94 142 239 243 272 316 333 347 395 417 475 499 528 610 660 666 687 828 865 950 993
36 55 69 139 186 296 336 355 398 418 518 579 600 619 713 720 726 777 811 834 854 897 957 988
62 106 253 274 439 590 723 748 796 816 855 916 976
178 224 244 620 833 864 915
4 9 17 19 20 34 59 87 94 96 114 128 139 158 163 170 188 236 239 252 271 274 287 290 296 322 358 369 393 415 423 431 440 444 503 505 508 523 532 534 543 551 567 572 578 580 604 609 619 628 631 655 663 670 705 710 715 748 751 755 792 795 825 832 837 841 872 886 891 913 955 965 989 990
77 96 127 136 238 278 307 314 318 338 350 351 359 385 404 420 447 449 477 496 515 524 532 537 551 555 559 567 607 632 680 717 721 748 795 803 808 814 839 842 845 866 958 978 990
31 83 85 89 100 104 149 171 181 204 217 266 277 288 319 397 448 507 526 585 604 616 677 710 759 784 814 818 881 936 939 979
440
182 200 256 336 413 414 467 588 719 786
12 140 154 168 233 265 531 627 683 758 774 904 920
107 147 180 426 457 608 910
15 183 206 274 291 293 334 388 394 431 441 488 502 520 589 600 616 618 737 822 990
43 121 254 449 538 828 846 889 928
371 555 671
14 99 126 154 195 232 245 264 273 372 385 460 476 480 482 537 612 629 708 710 774 823 853 917 919
845
38 47 400 482 500 696 709 893 998
15 33 72 126 144 262 295 322 328 335 356 365 378 469 472 521 575 582 615 617 646 710 719 751 759 772 806 807 827 882 898 937 957 960 976
9 12 13 45 57 68 75 93 115 122 137 153 154 156 174 191 192 202 214 237 248 266 269 272 273 292 302 319 348 354 361 395 407 417 426 428 456 459 460 474 479 480 482 494 520 525 541 568 574 584 585 613 614 626 647 679 689 692 737 757 766 775 777 786 809 816 864 878 887 902 909 915 917 925 930 952 966
32 60 101 111 113 139 157 179 213 304 318 327 337 358 360 371 406 407 455 489 549 553 580 588 604 621 669 680 689 699 729 744 745 802 859 870 893 958
5 35 169 176 180 236 243 249 351 352 354 358 436 455 472 525 562 567 601 651 695 745 748 828 834 840 847 871 882 941 944 954 991
3 28 255 279 523 583 606 629 779 815 894 904 995
40 68 72 73 114 118 182 186 201 218 260 290 374 376 383 389 419 426 519 543 566 587 606 621 783 810 827 866 870 894 946 957 974 976 995
60 95 107 141 298 325 347 419 432 464 516 563 602 679 698 702 794 901 914 929 970 987
11 19 21 48 136 140 230 254 259 347 364 426 468 473 506 598 634 699 727 733 811 875 954
157 406 408 597
47 177 233 276 421 533 679 719 813 899
911
3 22 73 160 238 309 340 351 369 419 493 549 553 576 669 740 795 849 870 898 922 931 940 957 963
21 53 112 157 159 165 203 347 391 434 457 503 560 569 585 607 643 678 721 813 839 855 863 943 947 998
15 629 678
590 877
43 178 342 972
63 120 174 219 223 276 282 313 314 323 348 361 408 414 419 442 456 473 474 489 524 525 531 536 539 565 582 590 614 622 688 689 695 703 719 738 796 810 849 891 896 915 923 932 944 980 984
228 470 538 562 563 631 632 638 660 694 758 763 792 796 937 954 980 994
11 68 112 171 200 214 271 327 340 369 388 442 452 518 524 541 547 581 616 647 696 697 750 785 835 836 848 851 895 953 975 985 987 994
107 118 166 435 490 537 564 633 669 702 719 811 846 907 913 944 981
9 15 30 42 76 97 99 146 155 170 215 218 238 239 268 276 284 329 344 351 373 376 383 422 434 436 443 447 459 468 480 482 484 485 549 557 574 576 586 612 636 648 655 667 678 728 729 746 757 758 773 776 802 813 818 859 861 906 916 937 973 990 998
115 204 318 351 588 607 630 701 732 751 767 876
13 65 77 112 252 288 727 728
20 42 65 83 115 120 121 133 135 243 302 363 379 397 398 405 408 415 423 496 498 567 568 623 675 688 700 728 746 756 769 779 803 807 816 848 862 931 943 961 977 985 999
11 67 204 233 249 322 335 440 490 521 547 553 577 701 719 748 991
916 985
103
504 995
201
798
141 179 235 317 366 405 548 604 637 638 702 707 736 752 797 821 828 851
7 141 211 264 273 290 298 318 372 433 460 470 506 529 613 631 759 803 845 872 882 945 951
33 37 58 71 90 104 111 144 164 189 201 232 249 256 291 296 307 322 335 398 411 419 443 548 589 596 627 656 718 780 782 784 789 810 847 865 879 887 913 921 938 947 948 951 962 982 993
10 16 32 43 77 78 103 105 113 116 126 158 159 161 163 164 176 191 201 239 254 276 280 286 293 338 356 368 378 390 411 417 425 432 435 436 449 453 458 462 469 490 495 502 525 550 556 559 560 576 577 596 614 616 623 627 629 638 641 645 647 653 657 692 695 696 706 724 729 747 763 774 776 778 780 782 795 799 804 819 822 843 846 858 896 936 942 948 954
16 41 47 61 69 136 150 154 156 171 213 238 241 242 253 277 278 300 311 314 315 325 357 434 450 479 526 542 554 561 572 584 588 594 599 610 613 627 639 659 663 670 672 673 677 698 716 760 776 783 789 797 816 830 847 883 894 895 923 924 969 973 988 994 1000
30 37 54 69 77 86 93 111 115 132 153 183 204 207 213 215 245 251 260 269 273 274 295 309 316 317 341 346 386 396 397 419 428 429 435 444 450 451 468 472 513 521 554 563 574 587 594 599 622 631 652 657 659 660 669 685 688 691 701 706 708 753 756 780 786 792 794 796 816 822 823 910 911 917 926 944 957 975 980 994
335
15 37 66 191 246 356 370 399 447 528 567 585 618 714 835 858
295
4 14 79 87 110 151 198 236 248 278 302 303 405 411 444 455 463 517 572 757 824 843 977 992
115
33 225 372 618 781 785 901
68 175 192 235 350 568 639 661 687 705 786 851 899 947 969
71 86 163 214 302 439 448 455 461 486 503 557 595 644 653 755 785 822 823 852 869 872 934 955
171 207 497 574 674
15 26 40 69 83 90 93 97 106 116 134 157 181 241 256 264 297 343 361 366 409 410 442 451 462 467 480 502 506 517 523 550 593 610 611 618 628 630 634 658 721 725 729 741 749 781 803 811 823 831 838 846 874 883 887 901 923 926 937 944 967 977 983 992
131 163 262 607 713 779
152 246 304 439 701 779 803 858 920
30 65 86 91 166 211 229 231 285 336 358 370 392 516 524 639 645 674 676 724 948
39 53 167 192 350 411 451 461 622 964
1 81 83 105 164 211 222 258 283 324 332 334 341 354 355 377 408 412 449 450 457 499 535 545 570 587 608 640 676 693 716 742 752 754 775 776 818 822 824 868 908 926 998
31 86 152 183 193 254 274 324 344 345 373 379 386 427 444 472 560 569 580 582 597 674 708 711 726 747 767 790 814 857 869 892 916 919 945 963
72 82 93 120 255 525 531 697 868
75 139 161 173 222 242 298 329 385 403 491 498 523 530 535 594 627 638 659 679 792 814 825 831 881 900 908 977 988
178 188 211 294 309 349 358 393 401 491 495 518 528 555 575 758 783 832 844 911 917 950 964
24 39 75 232 279 292 320 349 659 932
29 33 184 198 216 220 221 252 261 270 273 293 306 323 328 356 365 377 383 385 415 498 570 594 622 665 713 790 807 814 923 957 959
133
63 441 511 514 548 622 630 984
960
152 166 232 288 310 506 595 615 620 625 647 656 676 682 754 889
20 83 91 242 303 361 506 530 611 672 697
27 69 78 338 380 387 437 449 511 548 605 716 743 746 771 803 823 825 865
22 23 24 27 32 47 52 130 156 188 189 192 209 225 227 237 254 282 288 306 316 325 335 339 387 399 422 441 465 471 504 558 577 581 590 607 608 616 628 644 657 678 685 692 704 723 746 748 751 772 784 811 854 921 937 947 954 967
16 74 125 307 406 427 494 584 763 850 899
12 36 94 164 367 537 569 575 730 740 822 845 919
129 140 171 232 235 279 284 353 361 400 405 413 492 589 595 628 652 666 701 850 957 961 974 986
203 212 348 418 511 620 666 778 940 993 999
17 30 34 45 55 84 89 94 109 127 156 159 171 177 201 209 216 222 223 264 273 311 356 369 393 402 404 410 419 427 431 449 468 479 519 532 587 593 606 608 629 644 649 669 702 714 779 784 794 828 833 843 861 888 892 910 935 938 939 948 960 970 980
36 111 131 185 267 273 278 284 421 497 542 562 629 664 688 700 735 856 868 872 892 982 994 998
188 276 484 495 582 592 780 840
51 171 405 456 463 609 634 647 859 996
645 730
37 145 157 346 396 417 484 625 636 683 738 845 898 948
22 231 376 602 609 676 880
247 253 271 574 648 873
4 15 55 127 143 153 176 189 214 227 238 297 299 320 325 360 363 381 416 461 472 499 533 541 543 553 586 589 594 601 607 609 619 644 646 649 706 711 742 750 787 922 923 927 964 969 988 991
3 89 299 398 412 553 608 613 730 761 955
19 34 41 48 51 63 118 138 162 179 187 190 196 227 244 260 272 332 348 352 359 414 462 510 542 553 571 590 598 601 623 666 670 683 699 711 746 754 767 790 809 846 873 892 919 925 935 940 987
71 118 182 207 235 246 259 296 383 424 433 462 533 572 575 605 627 641 645 665 674 725 727 779 833 911 935 945 952
77 393 573 827 990
68 89 126 143 148 197 206 234 240 270 282 292 304 307 361 391 426 472 486 489 507 512 555 559 564 682 691 731 747 858 885 966 979 997
5 21 38 84 87 102 116 156 187 191 207 215 241 244 245 257 258 264 271 279 309 337 348 352 378 411 414 421 471 473 483 512 513 524 529 554 571 602 643 646 679 692 709 719 755 818 827 844 853 856 904 930 964 979 983 985
99 107 186 219 312 391 425 440 460 598 638 687 775 864 903
33 436 503 639 867
3 11 15 18 27 65 70 72 116 130 165 167 205 232 233 340 351 428 437 447 453 465 473 475 485 486 493 494 514 544 583 593 628 662 673 691 695 729 746 751 756 786 791 816 821 825 836 850 857 864 921 932 941 966 980 992 993
24 33 49 62 63 70 208 226 248 287 353 397 520 527 655 675 702 761 764 781 834 870 894 901
86 105 310 450 491 534 602 630 694 710 923
98 509 751 976 986
34 66 141 384 413 424 442 497 529 532 567 599 787 824 993
6 18 19 90 100 106 172 182 183 184 192 219 279 391 438 463 484 510 534 567 621 640 704 727 732 815 848 853 860 897 940
465 487 772
3 4 20 34 43 50 55 59 63 70 71 75 113 122 156 163 164 171 176 182 187 191 212 221 235 271 281 287 291 296 314 318 320 328 344 347 351 354 370 379 380 398 403 418 433 434 435 450 451 456 461 493 534 536 574 580 586 589 597 604 605 615 617 624 631 643 659 693 704 712 713 722 735 742 751 754 774 791 806 807 830 831 857 858 873 879 882 883 890 891 897 905 906 923 932 977 986 987 994 996
19 66 114 163 167 236 318 351 380 385 409 448 567 630 670 860 983
340 422
215 254 270 271 368 408 411 481 790 890 945
45 154 206 243 335 338 367 408 428 533 542 563 589 619 643 661 760 770 780 881 930 945 957 961 970 980 986
726 923
596
55 174 284 378 419 488 665 727 811 898 995
230
125 253 376 546 749 934
44
38 73 99 248 367 458 717 763 804 820 821 842 869 872 974
3 16 95 172 315 330 337 400 418 421 483 538 566 567 590 626 785 791 792 848 869 947 972
97 115 118 282 298 305 389 588 642 696 808 900 991
5 13 14 16 30 40 43 55 84 92 96 103 160 171 177 183 208 216 246 255 266 313 395 404 422 424 459 474 480 493 503 531 555 580 586 590 598 604 614 633 636 660 683 690 704 735 748 749 756 776 777 778 812 819 826 845 864 896 899 903 919 924 939 982
32 88 314 533 595 598 715 743 942 998
16 213 274 336 355 389 392 427 437 463 475 502 535 713 731 844 855
338
12 176 746 851
20 132 133 148 150 235 243 269 285 299 374 411 427 453 466 606 623 656 882 895 915
473 525 621 644 813 910
54 71 106 125 229 241 254 319 331 462 492 519 557 568 572 577 631 762 812 900 903
782
14 16 25 51 73 78 82 96 115 140 147 156 171 200 203 211 221 239 244 266 267 284 318 322 328 331 350 352 364 375 397 414 424 433 447 461 464 466 483 503 515 523 535 543 598 628 629 636 637 668 700 709 724 764 775 778 802 803 813 814 832 845 851 853 854 855 865 880 913 924 933 949 950 960 961 963 985 986
503 604 649
44 66 67 70 138 156 213 238 239 301 330 345 389 393 420 456 476 503 509 517 518 535 541 548 556 560 569 661 752 754 828 836 882 973
26 57 83 108 110 114 128 181 203 235 254 261 335 437 444 473 542 548 591 626 638 673 690 691 696 871 918 954 968
38 570 897 992
24 33 37 57 85 110 120 149 165 167 179 208 219 228 243 270 278 325 346 361 364 380 388 390 441 446 451 453 481 489 516 527 529 536 564 614 626 636 705 711 722 744 749 819 842 843 850 858 872 873 877 898 921
65 69 223 262 277 294 380 417 443 461 471 473 489 506 527 537 547 587 694 717 730 789 808 857 930 953
31 36 959
19 20 24 26 52 77 137 148 150 156 158 165 175 182 199 206 223 236 242 244 250 256 259 265 268 269 293 310 314 318 331 348 351 357 359 361 374 389 396 414 430 433 437 441 457 473 491 498 508 523 545 551 554 556 572 580 610 621 633 637 648 652 659 678 687 697 703 711 731 768 773 793 802 815 818 824 829 843 844 847 871 882 895 904 907 943 951 955 959 976
39 191 207 246 263 277 312 357 382 466 618 732 756 762 951 971
206 357 462 760 988
4 90 326 350 358 407 543 582 617 722 827 864 915 949 967
15 16 18 19 39 54 135 138 142 238 254 258 266 331 368 377 380 402 410 503 590 592 614 625 710 718 812 831 834 847 858 887 894 965 981 1000
112 433 633
241 284 434
98 130 201 297 358 378 452 560 605 621 632 652 688 745 771 837 874 916 982
48 423 579 719
26 104 456 538 665 864
12 45 112 125 147 198 371 446 578 595 602 617 723 756 855 892 921 939 974 984 999
44 60 62 78 96 163 190 201 212 295 317 329 333 383 394 451 463 501 504 509 553 564 587 589 593 614 641 677 722 730 770 785 787 796 805 810 839 848 893 900 928 929 936 971 979
12 31 56 97 112 198 212 217 225 246 392 401 460 466 488 524 625 651 653 701 724 739 761 811 912 927 972
26 119 141 266 289 294 302 342 348 397 399 453 458 470 490 545 561 573 621 652 696 708 712 780 802 892 898 901 921 924 929 971
912
12 207 306 749 802 804 832 915 920
558 976
80 290 425 467 797 878 958
9 21 41 66 97 103 125 151 200 221 234 245 251 254 258 287 317 345 361 399 406 412 440 471 487 528 557 598 606 611 629 637 654 660 674 679 680 686 702 710 717 744 754 755 767 788 790 868 876 906 942 976 979 992 1000
90 406 471 499 583 855 861
51 77 106 117 194 380 469 533 576 604 641 780 846 849 861 872 926 946 975
250
269 455
117 274 289 424 522 566 589 675 722 732 736 737 774 801 844 880
4 68 110 115 157 216 281 286 352 371 481 505 648 650 666 696 742 802 803 850 864 890 905
377 446 463 467 610 853 902 931 954
6 52 75 174 183 229 238 240 336 393 411 486 492 499 643 655 676 743 896
130 135 162 330 508 540 559 581 591 631 719 842 859 885 948 968 990
117 137 219 238 334 355 484 513 530 589 680 685 706 753 758 764 787 837 866 913 936 948
30 70 125 193 336 348 504 601 620 638 646 696 701 754 809 864 869 872 884 899 907 929
23 70 91 128 250 335 343 357 364 447 679 687 734 764 819 945 978
43 274 343 393 488 491 518 521 658 704 733 752 785 836 857 894 970 974 996
198 960
196 432 527
22 133 158 467 625 676 679 683 733 740 878 928 978 999
670
119 123 217 399
951
14 53 93 115 190 219 455 558 729 834 848 868 973
6 37 80 89 134 150 160 183 187 196 202 279 287 304 324 333 338 343 346 381 393 396 406 415 427 472 485 493 519 542 544 560 583 596 598 600 611 625 629 653 661 665 670 677 684 689 690 698 705 744 771 794 798 812 815 821 823 831 833 839 842 872 877 914 946 949 957 977 987 992 997
269 351 899
10 44 91 92 203 211 265 292 313 324 354 368 375 408 472 490 497 515 534 541 564 566 579 596 620 632 647 690 718 773 795 806 823 828 842 848 883 923 946 965 970
380 528 745 889
297 305 476 510 569 728 850 904 923 931
2 22 34 70 87 90 93 163 178 216 220 227 245 295 301 322 326 337 339 358 359 386 394 418 419 449 462 494 579 586 622 626 656 677 706 712 740 772 790 813 874 888 906 931 947 961 972 996
5 22 122 265 270 279 284 316 347 429 454 457 467 503 514 538 543 650 652 668 712 767 865 900 966 993
45 102 159 179 207 240 261 286 312 347 398 416 420 444 591 598 603 623 653 688 777 854 866 942
53 56 94 99 100 116 154 216 248 268 298 329 403 426 466 606 646 655 768 778 819 827 843 990
71 93 103 233 418 424 893
272 318 396 403 477 504 570 646 809 907
17 589 642
166 206 211 813 828
8 12 20 22 31 37 38 60 62 63 79 92 110 129 140 159 168 184 193 208 222 238 273 300 303 305 306 309 311 312 322 323 341 365 382 417 442 452 457 458 461 472 509 513 517 538 548 558 562 565 576 582 601 617 630 653 660 688 693 705 716 717 752 756 773 801 831 839 863 892 901 905 923 931 936 949 978
4 393 800 867
104 419 436 695 937
34 41 114 180 212 242 306 314 336 344 346 354 377 404 419 425 448 467 486 497 537 568 570 611 635 663 734 744 751 753 770 773 800 822 856 865 867 869 928 948 955 959 969
24 44 140 209 271 278 303 430 501 595 622 633 783 823 962 996 1000
255 261 296 470 488 624 657 837 938
28 29 82 196 306 318 330 612 624 652 777 897
135 267
42 47 89 120 320 324 382 396 405 475 480 488 566 628 652 704 710 775 784 798 837 943 981
26 389 992
33 34 43 73 102 103 125 154 292 294 295 299 361 377 390 443 474 502 597 639 729 793 798 825 841 917 933 945 946 951 965 966
3 53 60 79 141 146 173 180 192 193 194 198 246 316 344 418 427 447 459 511 519 520 533 537 543 562 596 620 636 642 647 659 660 663 676 682 685 712 716 720 746 749 767 779 813 830 843 852 876 882 889 944 949 957 964 983
106 537 544 587 646 853 928
34 99 143 148 204 218 230 236 249 270 289 318 341 432 501 503 585 604 617 657 728 744 747 793 816 839 902 971 978 998
45 98 168 203 209 277 347 358 405 517 537 685 700 750 883 891 894 908
10 36 77 190 348 456 575
16 20 23 39 42 44 84 96 114 151 171 183 191 200 211 221 230 246 251 257 264 281 282 290 293 298 306 310 311 326 354 360 362 363 364 366 374 388 408 418 428 429 433 438 439 449 450 469 477 484 490 492 500 505 507 509 538 539 547 564 569 574 585 591 600 609 625 631 634 640 641 645 656 680 715 716 744 749 750 761 770 780 786 796 808 812 819 844 850 865 869 872 875 899 900 904 909 919 934 937 939 942 946 950 954 970 975 991 997
46 546 593 636 660 936 949
1 38 45 137 291 311 388 786 976
160 511 818
20 85 96 101 131 193 307 361 401 406 445 515 532 560 607 624 652 666 679 706 721 739 742 756 764 796 800 828 836 906 964
179 203 265 407 424 504 548 617 687 709 719 757 843 876 880 899 966
22 73 111 119 123 202 211 231 280 295 320 361 372 394 423 455 584 618 626 682 785 787 791 821
50 115 174 214 230 244 315 335 339 344 406 419 653 755 764 772 784 822 880 965
3 5 91 318 355 365 423 433 500 513 549 550 628 632 666 677 679 778 896 977 994
948 951
1 48 69 203 321 419 444 580 588 732 745 746 751 791 809 901 993
42 88 109 110 135 168 202 241 274 429 545 603 607 612 658 794 848 863 877 928 941 963 997
720
42 58 200 214 219 297 313 439 483 593 690 749 754 901 914
91 118 150 236 291 443 509
77 404
43 45 693
378 430 533 625 767 938 969
56 64 189 196 228 268 277 297 333 340 376 377 382 441 448 494 504 566 673 695 790 854 857 968
13 77 237 480 559 891
8 62 103 122 134 152 231 322 674 761 900 971 973 999
61 218 220 322 385 464 482 533 535 574 819 955 980
30 101 146 182 352 478 479 579 906
156 271 511 529 612 636 653 723 869 894 966 979 986
304 813
32 115 124 223 354 432 508 583 624 721 750 787
49 114 213 331 535 561 600 765 775 906
204 268 319 359 484 506 555 620 629 746 806 965
171 197 267 403 439 569 584 719 757 791 807 988
18 63 73 88 173 288 297 309 326 375 409 444 453 499 562 571 711 713 720 733 786 819 890 933 949 971 977
6 22 43 86 170 181 188 221 239 247 258 281 320 327 370 406 444 515 525 585 608 630 644 647 659 662 683 732 766 863 873 884 888 895 901 948 973 990
85 150 245 246 374 415 503 514 555 601 840 882 972
148 216 303
107 175 200 206 226 268 314 382 420 517 621 703 748 783 904 961 995
37 63 70 103 178 229 262 434 477 598 668 765 814 906 944
9 15 19 33 51 70 133 134 136 144 146 153 159 177 202 226 228 259 302 306 334 338 357 358 383 388 402 408 422 431 440 445 455 463 476 481 483 485 486 487 488 498 500 510 514 515 521 533 549 551 554 596 652 661 665 733 735 738 757 778 787 805 807 823 835 840 855 857 860 866 868 872 875 896 897 904 911 925 942 970 971 972 975 977 978 993 996
2 41 43 49 58 66 68 82 86 88 93 121 126 137 144 153 166 168 170 178 202 214 243 270 281 290 295 300 302 312 331 342 359 363 365 375 384 392 393 411 425 432 437 456 458 477 478 497 502 516 520 524 530 538 541 547 550 566 595 602 627 630 657 662 667 689 698 708 716 726 738 744 750 751 753 757 760 762 773 780 784 788 796 797 820 827 830 835 836 862 871 878 882 916 941 947 955 959 962 968 982 984 985 987 993 994
157 279 309 360 504 550 585 766
26 63 69 79 101 122 125 213 269 279 317 354 437 539 549 582 587 625 694 710 731 874 882 895 901 929 947
147 758 774
11 15 33 224 252 324 475 479 561 582 610 625 630 663 682 794 805 919 950 954 996
43 111 184 276 279 283 291 333 337 357 376 445 499 526 533 534 543 578 651 662 682 711 773 860 973
87 97 120 300 351 359 368 465 588 713 721 783 808 844 881 894 897 915 932 987 997
15 143 190 201 203 336 378 433 686 699 710 718 745 802 820 975
156 227 539 604 681 762 884 915 967 968
3 242 264 365 383 398 593 758 775 817 981
37 42 106 122 132 142 155 218 391 413 416 499 609 613 657 704 875 929 930 981
266
2 29 104 193 251 361 410 722
6 8 32 74 101 134 300 371 449 461 498 499 513 519 588 620 661 749 751 827 830 855
26 38 42 49 56 123 197 265 413 445 458 465 472 531 542 549 574 646 647 689 693 738 748 759 763 768 785 876 946
10 18 52 53 70 78 89 92 96 109 120 131 149 157 162 193 207 215 225 236 244 270 290 330 341 342 390 411 412 416 417 423 429 434 451 468 474 475 487 493 511 527 552 555 562 566 590 591 627 629 654 656 668 672 695 699 702 742 765 768 772 784 791 797 821 829 847 874 875 885 903 926 936 971
194
95 147 207 218 307 355 365 544 584 594 780 862 890
81
36 199 246 267 300 346 395 412 462 603 616 651 663 716 741 797 831 837 885 939 973 987 990
425 767
234 419 471 526 931
688 757 920
197 202 420 611 643
40 44 138 165 173 209 222 266 298 363 452 491 554 639 653 671 681 948 954
87 122 241 480 690 975
1 15 32 77 87 105 137 144 148 158 173 204 212 225 229 249 254 259 267 273 291 295 299 302 317 321 324 343 389 434 457 458 470 512 529 557 566 583 585 588 623 625 639 666 694 698 722 734 745 767 771 779 789 790 814 819 830 832 852 868 902 904 953 967 983 1000
60 136 194 259 325 402 435 439 538 991
60 64 128 160 272 427 435 440 461 467 560 562 573 624 672 688 692 702 719 802 886 896 942 945
197 812
60
60 201 337 390 471 563 597 807 937
15 40 41 46 52 72 111 124 140 154 155 187 197 199 209 221 223 232 236 266 284 308 310 316 328 337 380 382 407 411 423 431 462 479 499 511 517 546 549 624 645 658 668 702 707 746 760 778 785 790 808 821 835 850 894 907 958 966 973 983 987 994
68 165 522 935
1 22 138 253 257 263 324 340 366 386 449 489 500 536 553 554 562 582 633 772 816 880 941 999
693 796 951
280 291 832 927 952
50 72 79 132 145 150 188 254 255 267 291 320 347 352 359 396 494 577 624 625 630 638 840 903 917 937 953 969
49 58 68 74 102 103 172 207 279 291 336 347 366 367 441 446 535 570 631 634 671 683 698 712 799 834 835 879 913 959
2 10 24 46 47 82 84 95 116 141 165 193 195 201 204 206 212 241 248 250 264 268 278 281 305 312 313 320 326 346 385 405 406 432 448 466 475 492 495 505 568 584 590 609 610 629 634 639 642 676 682 683 695 712 734 754 755 761 789 828 845 848 849 858 860 869 870 873 909 920 943 957 969 982
42 55 86 132 133 135 147 160 178 183 200 325 558 565 598 705 809 842 849 886 896 920 923
2 5 40 58 73 118 131 134 143 165 170 178 215 259 266 296 298 344 355 358 374 414 429 434 447 459 477 485 500 514 516 536 551 562 628 674 692 697 714 729 743 772 787 790 806 814 815 834 841 851 855 859 862 867 876 887 958
175 297 722 725 839
969
107 201 312 332 333 362 428 449 476 484 487 510 514 538 594 647 664 700 755 867 923 960
89 240 376 466 481 567 586 873
5 40 220 258 299 431 492 569 582 606 694 696 725 809 923
94 144 405 544 562 577 606
104 269 291 505 576 841 851 897 905
3 44 68 97 107 113 118 130 151 156 182 188 191 208 217 227 231 251 260 326 335 341 343 400 404 411 413 426 436 476 499 519 528 531 533 534 541 546 547 565 571 595 596 599 606 621 638 650 666 677 704 705 733 767 774 775 786 826 885 894 915 918 929 984 987
117 179 230 261 451 513 530 623 699 979
4 63 67 132 157 174 262 272 292 360 435 495 522 528 532 559 609 645 671 672 703 725 841 860 900 901 945
102 188 286 594 645
2 6 16 127 176 194 204 222 280 293 443 590 675 685 711 751 978
8 33 41 50 62 98 159 189 206 247 267 275 300 317 377 396 406 416 425 448 462 501 551 589 594 618 642 706 733 738 752 774 800 829 845 856 918 920 921 940 974
1 120 189 213 247 283 398 416 671 734 942
96 105 118 198 218 287 393 456 675 745 845 847 849 873 878 882 949 968
53 54 197 256 516 707 730 882 891 974
31 44 107 143 240 284 355 365 437 488 489 491 493 527 550 602 709 724 789 875 934 964 989
282 975
8 187 281 364 461 498 507 544 698 745 768 788 890 935 994
234
67 71 75 126 135 137 188 245 261 281 285 317 320 432 561 572 590 601 602 679 737 740 781 799 823 830 854 863 903 905 916 928 967
767 828
12 37 59 111 117 161 162 177 193 233 239 304 337 374 407 437 496 514 528 537 557 684 755 780 804 807 840 868 879 936
4 17 19 33 45 76 94 145 163 169 191 194 201 210 219 228 243 274 282 305 325 355 372 378 379 385 397 425 446 472 494 513 539 551 566 575 610 656 671 685 688 696 702 766 786 790 826 839 850 871 882 905 958 977 993 994 997
12 78 99 121 153 156 162 219 221 242 243 275 305 310 315 357 393 396 404 408 456 466 472 499 515 522 591 593 608 646 662 682 689 697 699 730 771 775 824 851 859 872 884 887 889 903 922 926 950 952 997
28 52 85 94 98 109 110 115 119 138 149 158 179 219 231 232 234 251 299 306 333 352 374 381 392 393 397 417 429 431 469 473 479 482 485 505 558 573 576 591 638 676 688 699 717 718 783 811 814 823 825 840 843 852 868 878 900 904 908 947 949 955 986 994
300
88 243 245 364 759 871
43 111 116 456 475 576 849 885
28 46 73 99 122 174 184 196 296 312 357 372 429 509 600 638 742 775 857 884 894 897 960 966 976
63 101 103 112 137 154 344 368 504 734 843
99 115 224 263 413 559 624 919
59 98 179 902 919
28 194 207 219 225 283 322 350 369 420 580 706 781 838 848 927
98 261 278 414 477 700 708 747 799 824 924
52 87 97 131 141 164 168 186 220 283 313 388 392 393 395 463 506 544 545 550 698 737 793 810 931 996 997
6 13 36 39 64 77 85 126 173 213 241 244 262 270 273 313 317 349 350 358 378 379 388 403 417 434 448 467 471 504 514 538 549 553 566 580 595 615 620 668 681 683 685 694 729 744 758 761 764 769 780 802 804 923 929 934 962 967 1000
7 31 59 129 143 145 156 157 160 180 210 260 303 306 311 426 463 477 505 616 697 717 729 787 793 804 879 935
823
21 26 57 96 251 262 373 379 388 389 392 418 460 508 567 774 820 843 897 939 943 962 980
3 87 99 109 136 175 190 284 308 314 400 408 444 460 470 492 518 529 589 610 656 710 719 736 766 769 781 816 996
17 21 54 136 202 314 328 451 545 760 780 866
12 65 74 209 237 269 272 340 449 454 627 699 704 708 710 725 779 837 853 967
46 69 81 98 101 113 123 195 238 320 408 418 492 787 806 817 854 926 957
281 819
1 27 39 50 344 361 380 612 719 769 825 829 887 906 916
40 311 397 455 478 501 512 673 699 710 739
3 25 27 94 108 148 155 275 295 305 337 348 378 442 443 465 473 509 545 596 604 626 629 638 643 645 741 759 796 802 813 816 899 906 914 915 922 945 958 990
764
3 12 40 57 95 100 104 134 142 158 207 222 246 255 258 271 288 289 300 305 311 321 329 347 350 358 405 428 450 452 468 472 485 513 524 525 528 529 598 604 610 617 627 645 647 722 724 725 729 742 756 808 819 848 860 861 904 905 923 937 941 948 965
44 49 65 83 97 98 119 252 305 531 538 545 572 583 709 748 914 972 973 976
11 30 65 70 145 169 238 280 311 368 421 455 492 513 545 551 554 607 640 707 745 750 764 776 812 849 876 927 934 957 960
26 40 116 209 281 377 438 663 768 809
30 69 135 170 292 415 627 628 644 776 843 921
22 46 64 75 90 102 107 122 173 210 236 248 276 289 290 295 310 316 321 345 375 382 403 416 453 459 490 493 495 530 585 674 692 713 717 724 746 761 768 779 797 827 833 836
488
764
3 324 493 498 632 651 833 878 914 934
40 93 94 136 148 237 251 539 544 577 613 851 865 871 878 902
286 539
47 92 102 127 129 219 230 233 245 250 263 271 276 283 350 351 358 384 385 395 473 513 567 709 742 753 794 841 875 900 965 966 971 976 977 978 988 993
66 73 90 141 161 169 185 194 209 217 228 246 260 307 361 374 432 438 460 485 489 512 542 617 667 684 722 755 782 802 814 824 835 886 914 936 977
135 340 460 603 692 699 766 846
24 137 212 295 327 405 463 704 769 792
27 59 65 149 170 186 210 289 295 340 435 477 485 493 518 632 671 675 684 690 696 906 934
237 473 707
12 41 338 558 572 698 961
14 44 108 117 201 310 340 459 467 475 583 652 705 745 783 823 844 867 922 960
65 345 435 676 724 916
11 30 43 49 57 74 79 109 127 138 161 216 231 236 242 271 284 314 320 363 365 393 441 450 453 469 483 489 497 516 532 577 627 630 637 666 699 710 772 816 831 848 856 877 879 881 887 896 958 980
643 793
15 103 410 446 522 696 775 969 971
14 15 21 34 64 108 111 128 178 209 214 215 222 235 238 262 273 280 307 331 337 353 354 363 369 399 434 460 469 475 505 521 530 558 562 619 649 653 684 704 709 714 766 779 788 789 799 802 811 871 897 906 928 944 949 967 974 985
12 22 34 42 48 72 128 130 212 213 214 217 232 233 252 255 270 302 334 335 347 380 463 471 473 545 565 577 589 605 618 671 676 703 713 735 764 776 784 828 837 859 892 897 939
24 156 344 568 642 720 866 899
126 143 146 158 168 192 194 224 329 372 488 520 606 608 616 621 707 746 747 772 777 815 863 946 992
2 39 57 65 191 199 229 275 354 467 585 590 613 802 880 946
408
125 137 178 185 210 228 240 352 393 396 403 505 645 694 711 721 728 741 845 847 867 868 880 906 918 931
107 129 640 716
7 441 700 807 855 977
97 637
879
115 394 427 758 925
50 61 85 102 119 155 188 254 267 288 290 298 309 316 324 336 359 380 393 436 452 460 479 494 497 517 523 530 612 619 628 647 664 677 773 776 814 823 826 845 867 897 942 971 997
4 5 16 24 46 54 81 98 108 113 138 148 168 172 175 201 205 207 281 386 389 393 397 446 479 541 571 580 606 609 653 680 687 695 711 716 744 751 788 843 852 879 908 945 972 996 1000
8 33 62 71 117 207 217 260 341 407 426 462 487 534 538 577 615 635 765 767 785 854 860 896 917
131
15 18 32 110 118 146 165 202 211 240 283 330 351 374 405 520 526 539 540 630 714 724 754 757 770 772 785 831 867 884
103 142 269 287 596 655 729 774 826 836 849 902 911 948
137 142 252 343 609 838 863
109 112 163 164 175 191 285 324 457 475 492 505 607 642 643 774 787 790 867 890 917 932 984 990
9 106 273 493 592
198
83 416 446 457 461 471 533 633 679 711 904 932
29 68 119 215 307 311 455 458 510 578 806 939 978
27 30 64 110 130 202 240 265 348 435 441 454 577 720 753 787 864 885 901 927 961 993 995
120 219 361 523
30 44 56 100 164 181 190 204 219 220 243 264 274 296 309 416 430 433 437 444 483 490 517 608 656 721 732 757 758 770 798 799 833 836 858 867 901 902 908 912 914 917 975 979
2 47 49 78 151 157 199 215 221 224 226 282 330 353 358 445 501 675 696 713 722 739 747 760 764 812 915 930 967 984
104 797
145 444 497 720 903 913
66 91 123 135 160 161 216 283 357 374 375 394 411 467 591 593 714 728 746 747 803 823 824 832 885 887 923
33 79 174 271 380 509 529 678 835 850 861 870 874 878 907 924
39 95 106 117 122 164 170 176 177 178 190 229 267 274 303 396 416 454 512 538 552 555 569 589 616 633 678 728 744 817 842 872 889 891 896 901 905 927 928
15 40 71 84 91 99 170 174 185 235 243 343 348 368 402 505 542 609 613 628 629 638 679 712 771 785 833 882 896 907 950 952 968
612 902
453 946
40 43 53 60 130 135 176 252 296 359 422 449 483 511 519 537 551 565 567 617 627 643 648 657 663 671 675 704 773 781 792 811 829 877 894 928 964 969 993
167 249 275 562 574 607 701 715 897 956
213 582 643 709 918 941 964
37 68 72 100 140 162 183 217 249 264 287 290 304 337 382 387 453 460 468 470 474 487 507 516 537 546 565 637 641 648 668 673 688 690 702 728 802 811 815 818 837 851 879 901 985
14 62 149 160 235 325 347 379 381 382 386 422 470 477 492 573 610 624 645 649 659 678 719 737 738 761 776 887
15 75 174 193 198 210 232 333 527 537 704 746 765 836 869 938
227 295 405 531 591 681 749 778 785 842 906 927 931 990
14 51 404 429 512 618 694 874 999
50 501 523 715 863
19 32 48 72 104 109 113 127 149 189 210 215 234 258 288 307 318 378 391 403 442 585 597 609 623 641 693 737 794 814 846 862 901 910 954 957 967 969
109 230 294 355 423 432 439 442 499 847 897 900 949 966 973 990
18 42 72 88 115 149 182 199 212 223 261 311 322 378 397 418 452 456 482 528 553 600 602 605 627 666 669 671 685 694 706 782 790 793 832 841 914 941
66 149 150 332 362 922 953
11 18 37 65 73 110 119 123 131 140 152 162 251 258 278 291 314 349 355 397 416 488 493 536 632 660 790 942
83 171 224 410 420 654 822 873
151 189 207 243 447 783 875 970
136 192 224 244 316 340 413 471 478 881 916
14 39 46 56 62 78 82 100 143 157 173 177 178 190 192 200 224 237 240 245 265 302 305 314 328 331 335 367 404 436 457 492 504 514 533 554 581 585 622 633 645 654 657 668 674 690 691 722 758 759 814 836 843 932 938 996
200 208 254 604 664 735 748
70 233 312 319 470 616 657 720 757 857 919
5 31 33 82 100 164 183 188 197 205 210 235 242 298 308 366 380 401 415 425 432 439 473 532 534 537 544 558 561 588 619 635 653 672 683 684 702 734 759 815 881 919 961 978 989
52 164 249 311 313 455 551 661 760 767 796 822
11 24 133 183 191 231 249 252 437 474 534 761 813 878 879 937
17 27 63 72 75 86 87 101 116 118 130 159 171 213 217 237 239 253 311 330 332 333 347 356 360 371 402 419 427 443 465 467 490 521 524 531 543 568 573 574 588 611 624 662 677 693 696 708 711 714 737 784 840 846 848 888 889 891 940 957 966 979 982 990 993
12 85 111 155 172 175 194 235 316 317 318 366 477 540 550 563 613 631 681 881 882 908 920 953 954 994
98 128 191 222 255 266 281 329 338 350 503 585 595 648 743 768 779 807 936 949 965
73 75 77 92 96 101 152 191 224 240 243 260 274 328 329 344 414 417 430 436 438 447 461 473 596 598 621 637 697 708 723 726 736 800 811 843 864 894 908 949 962 963 996
16 52 64 119 275 289 311 360 436 507 526 539 558 951
23 37 195 396 413 484 642 649 721 727 803 839 844 911
145 313 489 963
499
84 86 116 176 208 242 290 317 333 516 523 541 651 700 715 758 820 845 929 965 994
98 131 290 323 336 347 351 357 405 582 630 701 778 909 924 933
98 249 709
8 12 20 77 86 153 222 298 371 404 471 495 513 578 599 634 647 677 700 714 748 749 864 986
411
59 98 134 183 229 246 249 287 385 407 443 450 526 528 530 590 606 661 710 728 736 740 744 759 784 788 816 847 888 940 945 980
144 147 191 230 335 344 624 653 655 726 747 751 753 772 869 871
80 88 103 124 191 220 281 305 318 329 543 586 632 637 656 695 700 736 783 785 821 822 867 919 960
41 79 126 157 162 167 185 189 194 207 215 219 227 242 252 265 281 294 306 310 331 333 344 356 367 392 412 441 466 467 519 522 533 549 577 588 609 653 655 656 680 715 728 748 779 794 807 834 845 848 862 925 931 941 957 962 970 973 974
23 24 91 165 212 223 238 319 335 371 380 411 412 469 473 544 550 564 644 675 716 719 857 876 895 926 927 967
1 87 103 110 116 126 163 166 171 176 179 180 187 194 227 247 266 297 310 321 328 377 385 420 445 460 479 510 516 525 528 567 573 577 578 587 603 614 646 660 693 699 701 721 745 756 774 775 791 816 819 823 839 841 879 881 896 906 936 941 982 988
711
97 195 541 568 784
23 26 52 81 105 150 240 296 318 398 519 526 622 633 716 790 898 900 922
129 458
30 31 70 90 92 148 165 175 212 308 315 416 538 717 755 796 893 918 974
36 68 81 103 114 131 155 178 263 296 302 324 344 363 408 410 412 414 434 445 452 481 556 572 582 609 776 794 799 813 828 832 856
17 23 47 49 71 101 120 129 146 167 168 190 204 235 241 251 253 278 305 341 355 370 405 415 429 437 479 486 499 546 549 557 591 595 601 617 620 624 625 651 666 693 701 706 710 727 733 746 765 766 768 770 783 814 824 842 851 862 875 881 896 901 922 923 948 971 973
82 145 199 206 223 253 275 278 340 353 405 417 471 558 560 567 576 677 720 754 755 762 804 816 917 951 976 981
375
275 308 316 322 332 345 550 568 588 592 647 801 949
458 719 722
24 35 69 74 94 113 121 132 279 330 341 467 572 617 672 678 723 735 778 781 802 873 875 965
13 30 42 44 56 88 92 142 217 227 229 230 335 362 365 370 415 451 510 513 579 618 641 659 687 725 844 864 878 936 967 972
153 193 234 297 300 430 526 701 720 729 819 932
25 101 115 160 193 582 631 634 757 835 943
77 166 255 426 518 944
24 92 128 139 190 215 224 249 251 260 282 306 359 362 373 423 451 464 523 650 674 681 729 792 812 824 860 875 952 972
197 358 481 558 911
24 50 67 78 81 181 189 196 235 242 347 360 470 473 569 656 692 732 744 759 776 790 837 839 904 914 920 934 994
343 347 461 918 951
11 18 28 36 47 79 81 85 90 97 99 102 103 107 115 124 133 147 151 152 160 178 185 196 197 227 229 235 242 248 258 261 279 294 310 318 324 326 341 367 368 376 383 392 425 427 436 455 460 461 467 474 484 490 538 582 586 593 606 611 613 617 629 640 642 648 653 654 661 674 697 700 704 711 715 723 735 737 738 744 746 764 767 776 795 803 809 823 827 838 846 860 869 913 914 920 921 924 939 946 961 969 986 1000
36 72 95 120 122 162 230 244 249 256 292 309 343 356 360 387 399 420 483 492 533 554 556 580 768 776 814 850 876 900 932 943 960
232 318 529 607 634 689 786 864 905 913 981
9 15 39 71 78 99 104 158 180 194 204 222 232 250 309 314 362 385 415 460 469 493 516 532 536 550 570 583 591 595 606 627 638 683 739 771 792 799 805 808 812 813 828 866 920 922 987 990 1000
177 320 346 402 429 515 587 709 839 881 960 997
150 172 226 357 404 486 559 571 606 619 710 802 812 828 843 869
60 63 147 293 336 481 576 739 841 936 987
6 37 38 63 73 104 108 127 139 155 166 193 208 215 220 244 251 286 302 334 340 352 399 425 442 471 473 484 488 499 530 532 568 585 608 609 610 618 638 643 645 683 727 737 740 794 800 835 859 860 872 928 949 967 987
365 409 463
15 26 53 71 135 140 148 172 174 183 189 241 252 270 310 375 443 484 488 489 516 549 592 628 666 725 775 795 807 892 912 958 973 1000
9 13 69 97 100 112 124 145 156 158 190 202 211 234 251 280 291 309 313 360 366 401 403 418 423 429 447 451 477 504 516 518 519 521 523 542 549 569 571 579 585 592 600 611 658 677 686 688 717 735 744 772 773 775 807 826 827 857 870 913 920 950 958 980
13 472 503 592 634 677 954
5 24 25 52 75 88 96 139 147 148 154 169 172 173 201 215 252 261 275 280 284 288 298 306 310 336 337 346 349 361 372 415 416 459 491 520 568 581 622 636 639 651 665 672 682 710 714 721 731 738 742 757 761 822 872 921 922 930 946 952 957 958 974 977
76 179 591 749 792 894 920 933 951 988
295 365 456 475
28 110 213 265 342 348 403 421 489 514 594 992
8 64 117 151 306 309 367 410 421 433 490 493 515 545 556 565 625 647 676 742 807 832 835 900 949
62 252 525
140 312 314 576 656 695 805 834 955 970
10 11 40 56 73 81 101 107 119 135 191 212 230 252 256 269 272 280 295 296 308 312 315 320 341 363 383 388 465 482 484 491 533 536 580 601 604 614 618 631 674 725 729 732 747 750 771 774 775 792 807 809 821 843 858 892 902 906 918 953 954 979 982 995
51 297 460 461 545 621 682 749 789 809
135 279 442 446 482 625 769 909 916
86 127 245 253 444 556 574 636 688 719 753 824 833 858 938 951
13 60 296 298 725 817 926
54 98 132 222 271 647 741 784 803 931 957 994
37 40 104 113 247 263 327 329 392 611 659 681 816 941
61 96 133 172 192 220 264 288 291 293 300 304 329 368 395 402 416 455 558 596 600 617 669 677 729 734 735 761 769 780 786 903 944 948 964 993 994 1000
18 57 60 75 188 356 358 387 429 513 549 595 658 674 697 860 868 895 922 953 971 974
3 86 113 196 326 358 470 537 544 596 658 744 956 979
58 220 274 371 448 492 612 671 705 726 848 865
20 163 203 213 279 379 595 705 900
197 278 280 345 432 467 475 485 497 498 514 519 528 568 632 651 839 849 883 884 913 994
58 446 529 919
40 100 117 137 189 219 246 257 326 397 415 423 439 470 541 549 562 572 621 688 723 767 861 908 934
10 11 58 65 75 84 87 94 98 112 113 117 128 134 163 180 182 200 201 210 212 243 252 253 257 262 266 280 284 293 297 302 316 322 338 339 348 349 358 360 370 380 391 398 405 430 469 495 526 532 542 556 568 595 605 616 630 642 661 676 678 680 713 714 717 723 727 733 735 742 772 779 783 802 808 810 844 863 868 900 908 923 924 925 938 950 968 982 987 994 995 998
1 3 21 25 27 75 85 93 99 118 125 126 173 181 187 237 240 252 259 271 287 289 322 347 389 428 453 457 472 476 480 531 535 553 557 565 570 589 597 627 631 655 659 665 681 687 700 741 781 782 793 797 798 811 823 861 866 888 902 909 914 916 937 943 953 972 987 994
26 30 164 373 943 953
181 253 256 277 286 297 317 379 405 458 497 535 576 693 725 733 750 762 875 906 962
195 231 241 336 518 639 777 845 939 953
119 621 738 774 787 815 853
1 19 111 115 173 207 237 268 332 436 469 803 830 859 935 938
13 49 64 80 105 107 130 150 153 195 203 207 214 230 268 284 328 330 361 388 403 416 419 442 465 488 490 494 531 532 534 538 547 557 563 570 571 576 583 595 612 621 645 650 656 661 702 722 744 758 776 781 791 799 804 806 820 822 834 839 854 864 886 890 893 913 918 923 943 965
300
136 146 673 796 863 882
221 768 777
16 460 594 827
13 56 92 95 98 115 118 155 223 239 241 257 315 341 349 376 393 418 450 463 471 497 547 552 570 571 576 591 623 632 662 677 686 699 722 731 805
73 606 706 964
39 40 67 127 139 145 159 188 203 208 232 278 309 408 412 445 464 514 529 549 584 608 638 650 728 790 797 857 874 908 952 960 993
10 68 166 210 222 231 248 259 270 339 344 364 382 397 400 404 459 589 593 618 638 673 687 710 734 740 749 822 882 933 1000
30 77 136 332 466 992
53 56 64 66 119 132 140 203 227 252 278 357 400 411 424 500 552 556 559 645 661 692 711 732 752 802 822 894 904 919 928 929 938 977
272
14 25 38 59 74 75 82 87 94 95 101 131 141 146 167 185 204 224 230 242 277 323 340 379 391 392 394 402 405 441 450 480 486 498 500 520 570 574 579 587 588 591 599 613 628 657 665 668 675 682 727 730 766 780 825 829 842 871 890 893 898 901 903 945 959 962 973 980 982 984 988
20 36 57 72 97 106 139 144 149 158 168 169 200 228 272 293 362 365 402 424 427 443 451 495 538 543 553 563 585 611 647 770 777 782 784 786 807 824 827 864 883 924 937 948 949 966 968 978 990
11 16 20 22 39 41 48 52 58 92 138 144 147 155 156 160 167 171 180 190 232 261 264 282 293 305 307 363 369 373 376 393 398 418 446 453 463 468 473 479 522 529 537 538 543 546 552 554 561 573 574 584 603 624 635 643 664 665 672 703 705 712 730 741 743 783 791 802 813 816 825 865 871 876 877 883 887 897 914 930 932 973 978 991
39 375 477 481 538 686 715 938
80 91 104 142 243 484 493 524 534 556 585 608 610 656 662 733 787 897
20 52 56 57 95 109 150 156 181 195 246 252 256 268 339 354 396 397 426 434 457 461 492 523 545 548 569 582 594 602 617 652 663 666 922 923 927 996
47 55 296 449 696 700
211 511 537 554 637 945
1 16 112 178 277 357 741 902
36 186 237 298 513 628 662 838 934 941 982
180 212 321 335 497 906
46 97 141 485 491 594 744 873 882 1000
23 25 39 43 48 60 62 101 153 173 189 199 217 218 237 293 313 320 387 399 406 408 433 444 489 511 515 521 546 576 624 655 688 713 717 765 797 820 838 841 848 896 925 938 958 991
33 82 298 403 413 486 521 569 604 758 775 777 828 830 857 902 930
137 159 200 203 288 379 488 529 543 545 659 680 697 710 800 806 807 873
119 145 506 703 761 866
87 245 314 401 498 566 737 865 997
67 161 467 564 685
130 546 558 802 858 887
54 132 289 343 356 383 623 710 899 941
44 116 203 206 276 356 432 435 442 474 616 827
8 29 109 130 134 137 210 276 492 530 545 550 574 664 677 683 707 739 914 966
27 56 128 131 141 161 166 209 211 228 265 296 337 370 401 413 424 434 443 459 507 540 578 586 696 705 723 770 785 805 818 873 938
140 219 277 295 447 672 772 809 912 945
1 33 78 99 219 239 263 361 382 431 532 626 645 729 831 833 877 934
200 265 345 707 713 735
14 48 67 70 134 146 189 191 213 291 307 349 370 376 442 492 513 537 563 572 620 649 657 665 748 774 798 822 823 874 908 914 938 965 993 999
85 215 387 472 626 660 935 986
58 296 511 528 689 703 940
438 932
248 631
18 71 207 307 321 410 535 549 644 770 792 868 942
9 18 25 26 45 46 56 58 66 93 99 110 120 141 156 173 180 202 208 262 267 312 314 344 371 397 403 419 463 475 482 531 536 575 580 585 588 592 596 605 646 654 657 673 690 733 742 773 786 792 795 803 812 826 863 868 881 996
6 33 168 241 308 341 382 405 475 540 582 618 636 673 689 697 699 716 727 747 836 852 893 918 934 964 992
2 236 314 325 352 353 355 421 505 558 571 606 620 650 669 763 812 823 836 868 884 892 904 921 952 987
251 508 981
9 22 78 204 438 616 710 715 719 809 811 926 937
43 84 147 178 191 196 221 232 238 289 298 319 323 327 377 404 460 473 477 533 534 550 563 576 631 640 675 726 778 837 843 849 931 973
850 962 995
216 219 276 424 618 711 714 878 986
90 104 380 390 394 514 542 656 741 828 846
19 27 40 75 121 180 182 189 216 219 277 279 332 359 380 484 489 555 607 637 654 659 749 766 771 795 921
6 46 53 146 217 288 604 644 815 850 868 970
832
19 64 89 107 125 138 145 159 176 245 249 296 298 331 416 444 478 497 501 508 511 540 544 555 580 592 599 713 720 743 746 773 783 789 814 816 864 883 904 929 955 975
2 7 145 253 299 407 509 519 649 746 754 818 859 929
26 49 80 150 161 183 201 374 532 599 645 690 692 717 818 820 841 849 899
41
21 39 102 161 165 195 217 245 303 383 386 403 416 490 507 508 516 518 631 674 689 699 721 734 749 750 793 828 833 852 864 929 937 951 977
264 272 479 482 520 662 673 769 1000
38 95 262 265 517 555 737 925
157 203 211 219 228 248 254 266 311 393 406 535 536 632 666 724 885 935 950
2 8 18 33 42 51 73 89 98 115 116 120 129 138 149 189 196 201 212 213 214 232 239 251 265 273 279 280 293 297 299 302 319 330 351 373 383 385 395 469 474 475 479 499 516 518 541 568 584 606 622 629 648 657 665 701 709 733 747 752 779 803 807 819 834 839 845 851 861 881 886 887 894 895 909 917 987 990 993 997
10 14 23 24 52 72 73 79 82 84 164 174 195 213 225 232 270 293 307 314 328 336 357 367 372 400 427 474 483 498 501 553 556 557 563 573 636 693 701 710 712 732 741 753 757 758 773 778 801 808 810 820 821 837 892 893 908 931 951 968
30 71 97 101 119 127 128 134 149 156 166 177 188 200 210 274 280 319 329 342 348 368 378 403 452 459 464 471 477 482 499 528 539 555 559 560 589 598 605 628 644 651 656 670 673 675 692 695 707 708 729 783 785 804 817 823 826 847 849 878 907 947 962 974 986 990 991 996
862
67 374 819
552 655 711 838
535
99 164 174 353 384 401 504 674 702 778 787 939
19 21 108 118 184 318 397 605 607 633 644 650 727 739 746 771 837 893 900 908 937 953 978
19 24 86 106 145 149 196 200 202 216 245 260 279 294 318 359 398 404 423 439 456 489 505 523 552 593 611 631 632 641 664 670 688 692 771 773 784 788 817 853 925 930 974 975
164 588 628 731 780 988
210 303 532 812
11 196 284 330 346 379 391 444 472 676 837 905 911 943
402 405 419 591 643 667 842 893 903
39 94 490 502 753 915
1 10 14 34 41 44 46 50 53 55 60 79 85 91 93 94 96 99 113 121 131 136 156 163 166 169 171 187 196 213 218 219 230 231 235 237 246 255 256 259 275 282 283 294 296 297 298 303 306 309 314 322 330 332 334 340 357 365 366 381 391 415 419 425 429 444 453 496 500 506 512 527 534 548 551 561 567 573 586 590 594 605 611 615 616 625 629 633 635 639 640 643 644 656 665 667 668 670 673 674 694 708 709 717 722 724 727 728 736 746 757 758 761 768 769 776 777 784 786 795 798 806 813 822 825 832 834 836 843 844 851 861 867 869 872 877 881 888 896 902 906 907 917 930 943 958 967 972 973 977 979 980 984 985 994
2 15 27 40 56 76 112 133 155 185 190 220 222 228 241 257 262 362 375 400 401 450 462 471 473 502 516 534 558 577 622 650 674 744 798 817 820 874 913 924 939 965 999
2 16 32 84 181 212 222 227 235 427 431 461 500 544 574 633 667 741 787 819 858 871 884 897 997
142 194 234 283 299 336 566 609 739 796 854 970
21 62 251 286 296 314 345 376 432 440 516 578 618 652 744 788 792 797 805 840 910
76 149 195 243 256 409 434 548 551 635 674 685 690 773 815 857 865 953 980
55 79 327 446 449 505 613 619 780 840 882 915 930 999
14 25 50 68 81 89 118 188 198 210 230 232 235 287 295 310 313 320 328 362 384 395 398 410 415 438 447 461 489 503 514 516 521 535 554 557 585 606 633 638 645 656 658 666 683 701 702 712 745 747 768 806 816 844 884 911 967
164 216 287 319 383 505 560 604 640 672 721 797 843 963
879
9 108 186 294 365 374 386 418 424 520 605 656 659 900 972
81 103 265 852
28 59 68 106 336 355 425 485 502 567 707 864 898 931 933 962 1000
52 116 158 174 226 419 464 518 562 654 719 835
22 36 48 56 70 104 132 145 165 191 193 209 223 228 230 235 240 242 295 338 352 403 412 423 425 429 462 485 497 498 503 515 519 521 524 548 563 578 585 599 616 617 628 646 669 690 693 697 711 743 783 786 791 833 839 867 887 895 899 906 927 955 967 990 996 998
55 283 296 399 485 527 560 640 916 932
19 40 48 86 184 215 241 249 259 267 293 319 446 483 484 516 517 554 666 757 938
392 840 943
16 22 37 54 55 64 68 84 91 104 121 136 176 179 180 185 208 250 255 279 293 303 338 347 359 360 372 380 389 394 405 407 410 414 422 451 453 488 493 498 511 527 529 534 574 579 616 634 665 681 698 712 714 715 761 803 815 868 937 948 958 968
292 371 570 733 834 850
54 227 357 400 450 550 646 712 859 873 949
8 21 59 98 117 144 186 240 302 349 361 391 462 476 595 618 621 648 664 689 692 746 766 805 835 847 862 902 917 921 965 987 989
122 123 250 322 351 398 413 681 707 874 984
134 168 286 419 458 466 476 573 627 677 699 700 737 750 792 815
51 56 87 581 801 825
21 164 399 436 470 491 534 564 603 612 674 697 717 739 779 800 860 894
37 102 109 185 243 372 492 499 718 751 759 775 829 894 903 911 932 948 995
176 188 268 271 493 732 829
122 218 256 328 360 371 459 638 710 711
12 31 32 76 92 107 151 154 169 178 198 240 245 411 454 482 486 501 513 551 552 556 582 584 602 638 740 754 770 789 801 859 888 894 895 898
92 112 139 336 484 672 928
15 71 79 82 230 235 236 292 300 301 333 343 370 432 449 537 542 568 612 692 713 765 899 941 956
38 195 276 487 589 656 710 760 779 980
809
28 105 123 167 177 208 231 232 247 271 298 344 436 462 474 484 487 506 523 538 560 582 639 647 689 770 780 823 841 885 890 901 915
25 139 151 225 230 261 264 343 467 473 497 535 539 573 578 630 647 678 681 696 726 800 836 894 992
218 219 625 912 962
15 60 78 246 319 350 456 578 615 780 800 821 863 885
344
785 859
87 112 162 165 212 314 425 628 637 689 733 755 796 805 845 886 891
5 57 89 207 229 358 408 433 453 583 653 712 823 830 834 882 910 920 962
115 168 262 381 406 547 688 741 781 802
97 430 668 721
2 13 54 104 123 133 134 139 348 353 404 420 450 454 463 601 614 644 690 788 796 828 849 935 979 995
480 652 907
134 213 250 285 555 771 833 934 966
13 148 518 768 881 931
47 153 166 171 251 289 392 461 698 738 799 806 900
374 599 854 922 959
4 179 346 425 621 646 720 756 782 816 874 890
38 108 112 133 139 285 309 373 417 437 479 481 542 545 563 618 707 743 777 798 855 860 875 890 924
83 150 499 549 633 643 679 787 976
882
148 169 480 494 505 518 642 973
184 339 805
102 190 257 260 359 379 380 401 511 533 567 796
52 140 166 173 287 379 381 410 446 473 614 620 701 709 719 721 795 985
20 32 178 353 410 513 590 635 650 729 797
15 410 914
1 90 139 192 197 199 254 256 278 453 455 469 530 555 578 592 604 611 618 630 642 694 756 808
12 309 316 336 355 375 400 424 445 712 714 753 779 790 803
130 360 502
45 98 180 181 210 258 452 580 759 770 818 828 853 866 938
57 351 507 764 837 962
510 820 936
39 73 140 168 171 244 385 422 448 451 508 519 529 639 865 927
23 82 111 206 214 252 324 360 446 511 518 587 721 752 948 951
126 128 192 261 299 348 430 455 468 479 737 774 791 900 917
95 357 592 598 676 744
113 152 153 207 223 300 372 570 647 659 666 718 790 910
8 97 107 176 180 192 194 230 251 292 303 441 465 488 594 612 644 675 766 769 810 823 867 880 902 941
23 25 54 91 93 106 107 112 135 147 173 187 201 202 217 277 280 289 299 301 306 309 311 312 335 354 355 383 389 399 413 424 447 450 459 474 483 508 513 537 544 545 564 581 591 634 642 652 657 661 681 708 716 732 734 736 756 792 801 802 806 808 833 835 841 873 883 900 915 952 972 982 985 993 999
6 9 32 77 187 188 217 269 307 402 424 583 616 774 901 920 924
2 49 60 62 100 148 157 158 303 315 476 517 538 606 622 745 746 811 837 906 914 968 970 971 998
57 104 200 299 377 386 387 415 456 459 460 470 516 579 612 633 738 759 765 797 935 945
805
32 544 754
374 576
6 8 13 81 122 146 148 162 169 197 229 260 273 281 286 288 293 328 388 431 436 450 482 489 518 539 600 602 676 684 747 760 827 884 930 983 993
375
4 55 70 95 121 222 446 502 504 512 516 517 574 576 581 583 659 690 734 742 754 761 768 793 822 842 845 894 963
98 214 304 384 400 714 773
86 132 136 244 255 311 433 458 563 569 626 627 642 709 713 731 900 902 912
164 312 367 417 426 522 556 655 821 865 866 884
213 318 423 607 644 683 801 805 880
150 221 255 269 301 302 366 389 417 462 542 609 649 668 939 980
13 21 24 40 42 47 52 65 76 85 86 101 102 109 120 141 155 166 174 177 184 189 194 210 218 222 228 237 240 241 263 267 292 301 309 321 349 354 364 386 387 388 401 424 435 460 464 469 479 489 492 523 555 566 600 637 640 648 662 676 696 697 700 706 738 751 753 758 788 789 841 842 847 850 851 856 859 865 878 884 908 920 934 947 957 965 970 971 996 997 1000
937
24 76 78 97 217 233 243 331 367 397 453 527 666 752 788 808 849 925 936 970
1 22 24 61 74 79 96 146 182 184 204 219 238 260 271 283 308 313 339 371 372 393 409 412 440 448 458 466 471 483 510 519 525 557 570 588 603 635 658 674 685 693 721 734 736 752 780 794 816 839 840 881 889 917 968 969 970 978 1000
358 545 731 794
76 143 256 267 291 415 519 569 575 584 629 662 789 839 862 982
178 457 481 679 883
11 97 127 173 218 395 692 957
10 21 32 47 72 76 91 100 187 222 267 294 301 303 314 319 409 458 464 539 614 619 638 639 646 657 660 690 697 706 714 745 771 787 837 900 932 953 971 972 980 993 994 999
18 20 30 48 65 110 115 135 143 150 199 254 266 293 296 326 327 351 374 379 386 387 392 419 437 482 494 511 557 611 616 637 703 734 737 780 792 838 843 856 908
449
49 227 368 387 434 439 481 482 596 664 678 695 717 776 827 836 843 913 956
18 51 75 119 129 166 182 194 211 228 233 252 259 275 290 300 305 341 371 440 444 447 454 455 474 480 492 495 519 553 584 624 628 644 745 783 807 808 855 856 864 870 942 945 975 986 988 995
485
14 21 41 153 155 225 242 256 260 270 281 302 317 330 332 341 343 345 359 367 436 476 484 488 489 524 545 629 679 700 711 734 756 801 834 839 874 917 931 936 975
93 101 127 216 225 312 424 482 493 514 718 742 824 853 874 908
3 286 765 783 894
24 61 136 169 213 590 797 798 853 896
828
144 228 237 358 397 427 429 466 496 500 583 652 743 792 914
30 63 129 380 397 412 565 871 955
60 78 83 180 199 203 218 257 315 339 397 443 461 501 530 534 551 602 603 646 651 673 680 686 697 714 726 745 747 762 795 811 833 841 842 864 893 945 955 960 980 984
18 37 38 46 49 57 62 69 73 86 90 100 115 116 132 135 139 159 164 176 178 182 183 191 192 215 224 239 243 249 268 271 272 282 288 331 341 356 369 380 382 385 387 416 443 450 462 465 470 478 487 488 493 522 524 526 527 548 555 580 601 608 625 643 645 661 664 665 677 682 688 699 705 707 714 722 728 731 735 741 748 749 764 767 782 785 799 808 822 832 844 852 856 860 863 869 875 904 910 911 918 932 933 934 947 956 957 963 982 995
41 51 109 462 710 736 868
81 112 160 174 188 251 279 335 346 349 364 417 441 474 545 596 600 601 702 773 814 834 849 905 964 989
28 34 37 69 81 150 172 183 197 202 215 313 317 371 376 399 406 462 498 508 534 546 550 560 567 585 632 647 674 688 702 716 743 748 767 782 794 813 816 830 842 872 895 905 918 951 958 964
24 40 104 159 161 164 186 214 218 246 248 404 441 443 462 544 553 612 695 716 755 827 877 920 923
80 172 176 261 372 651 684 704 814 836 904 987 999
9 34 36 47 127 139 153 164 166 181 203 233 266 304 348 443 514 530 659 681 694 712 760 768 778 848 924 928 936 990 996
13 33 267 339 372 428 454 511 541 632 744 787 792 813 844 846 876 938
69 96 123 167 177 243 309 332 346 407 505 513 583 686 748 833 938 962 968 992
21 42 50 66 177 214 258 290 317 325 420 433 442 451 479 561 567 606 609 659 688 705 749 765 766 796 877 891 910 914 971
62 339 372 464 495 962
757
17 135 145 316 372 433 443 470 548 617 632 700 715 734 814 851
155 162 256 500 609
4 17 63 67 109 165 182 199 229 230 239 241 244 280 289 309 314 316 361 408 450 455 459 472 495 506 585 596 616 629 645 663 680 730 765 775 803 809 812 831 851 852 904 932 936 937 946 949 970
80 110 112 229 264 410 495 606 634 704 968
88 291 373 467 620 637
109 280 295 371 531 620 909 922
11 98 126 130 132 194 202 236 251 267 315 373 376 459 469 492 496 686 762 890
42 51 74 451 991
2 87 156 205 330 387 399 501 524 599 614 635 664 727 841
158 340 622 893 988
825 875 965
337 530 719 721
107 425 601 843
4 8 10 33 55 87 91 153 162 170 179 183 196 210 217 254 279 296 304 309 315 339 356 361 380 384 389 396 403 416 437 442 536 576 620 656 692 725 740 753 762 820 833 836 843 846 855 909 912 954
400 691 971
63 109 110 187 250 270 311 319 334 344 356 370 484 501 578 618 624 645 963 983
37 53 252 269 295 341 385 391 396 421 436 474 490 529 537 541 655 661 706 767 793 806 838 865 931 945 972 988 994
45 88 100 157 178 216 231 359 364 409 474 568 693 740 767 838 861 938 951 988 998
10 25 39 52 66 134 179 181 195 198 199 214 246 255 260 266 306 347 403 409 412 447 466 477 495 511 534 535 552 575 578 590 664 672 678 688 700 742 752 759 762 775 781 791 792 801 812 819 834 840 862 870 883 893 895 905 913 919 992 997
40 120 138 208 232 320 321 447 462 527 546 649 774 775 820 833 871 887 960 967 981
78 218 411 973 979
35 229 239 277 299 352 789 835
192 243 335 366 465 559 723 772 874 881 888 891 980 994
31 37 62 67 84 87 96 108 113 116 165 167 194 222 246 260 267 279 300 327 330 374 381 387 445 453 503 509 511 520 543 556 607 616 661 669 741 751 768 771 786 838 854 875 901 907 967
69 264 492 517 585 600 607 680 706 790 812 860 906
2 37 51 96 156 176 223 233 239 255 284 286 325 340 350 568 637 732 815 910 912 925 944 953
165 227
30 31 294 321 443 564 663 675 763 791 820 890 932 947
562 794 817 867 872 914 981
150 264 273 281 294 380 463 475 518 520 531 597 659 673 689 696 710 713 725 728 739 741 780 782 804 914 954 987
2 23 33 51 147 179 187 189 225 270 296 337 338 475 491 502 557 574 635 640 642 715 763 824 850 874 903 916 949 960 974 986
82 137 140 155 325 350 550 649 839 930
105 339 578 765 836 901 928 950
2 19 56 142 152 154 261 279 526 625 644 690 880 901 910 918 959 974
42 60 121 131 173 182 207 219 244 253 278 300 352 360 434 547 585 604 634 645 699 700 711 717 795 798 913
25 32 57 99 149 156 170 263 362 392 405 458 464 495 519 535 547 555 558 601 623 628 748 902 923 983 993 998
143 299 349 545 574 774 799 911
11 61 78 84 93 97 107 149 165 181 205 210 225 252 274 275 277 306 381 428 430 432 434 437 440 457 468 492 511 515 534 542 585 606 629 630 654 679 681 691 698 705 717 747 748 757 775 792 813 831 869 873 878 883 894 898 928 932 934 959 994 996
413 463 607
19 22 57 58 60 73 84 116 120 161 187 200 209 229 295 297 300 301 311 337 346 359 365 432 456 492 498 542 566 575 595 599 612 711 730 731 732 760 774 807 840 863 873 875 915 937 950 972 997
7 43 113 298 421 488 547 608 613 630 686 912
61 346 444 483 650 767 777 866 993
12 40 158 198 314 386 389 626 648 649 988
50 351 593
55 141 149 321 378 379 426 459 470 606 691 759 773 928 966
3 33 40 41 48 59 60 67 69 80 81 104 109 132 151 154 216 218 237 238 242 247 263 264 278 285 294 306 319 332 338 369 416 425 433 526 536 543 546 554 570 571 598 609 619 632 660 704 710 712 718 760 794 796 811 826 835 855 869 887 903 904 910 913 916 962 967 980
66
152
148 179 273 881
65 88 180 375 446 649 754 956 982
215 298 378 532 870
31 263 286 287 426 486 519 761 935
224 391 495 722 765
61 86 124 266 389 441 724 767 816 858
9 51 53 73 93 108 124 145 157 178 207 234 237 270 302 344 348 349 365 371 372 387 397 406 408 411 425 444 462 474 484 486 490 491 502 519 524 527 568 583 588 593 602 603 604 620 628 644 648 667 672 678 687 697 698 738 760 773 797 823 839 842 848 856 871 899 919 944 984 994 995 997
71 187 264 365 523
18 66 116 161 181 320 332 495 673 754
14 69 75 91 160 165 201 202 272 316 361 400 402 428 434 460 568 570 582 617 675 691 726 780 781 818 827 884 932
31 49 84 143 178 201 259 326 336 628 631 742 845
121 127 134 280 548 688 704 918 933
43 50 82 145 464 569 621 638 665 681 732 866 888
140 219 304 326 352 416 579 603 650 652 749 774 823 858 937 958
31 43 50 53 92 93 153 173 191 201 221 314 336 356 367 430 453 488 493 529 584 600 621 622 627 636 692 712 719 759 795 847 851 888 908 911 916
21 101 109 153 156 171 176 357 373 396 426 436 441 661 662 704 729 736 843 910 928
39 49 81 110 135 156 210 259 263 304 413 442 470 522 555 560 579 585 633 658 668 707 833 870 897 913 954 955 969 981 983
91 513 657 714 850
1 157 203 275 300 363 369 391 429 444 544 606 610 799 928
189 195 284 388 484 487 513 636 685 693 739 808 828 862 866
124 749 824 832 954
26 421 460 461 540 581 610 651 731 937 939
334 428 491 617 708 724
46 61 228 555 914
12 108 135 195 241 262 302 326 341 371 426 480 481 548 584 668 680 796 837 865 925 951
54 294 341 349 374 561 606 751 755 836 974
2 10 40 51 54 56 76 82 109 117 132 134 142 145 164 167 193 195 222 246 255 285 296 300 302 400 409 416 438 443 445 453 457 479 483 533 545 551 557 565 574 608 622 623 625 645 661 675 736 737 740 755 787 796 799 802 815 822 831 841 873 928 961 965 969 974 978 980 994
65 396 799
305 328 933
26 40 81 85 116 129 161 167 211 228 230 255 379 433 443 487 488 526 535 538 557 617 640 643 664 671 684 690 727 728 733 738 819 834 890 910 916 974
259 394 422 467 530 716 801 804
13 42 71 85 233 575 665 711 738 782 783 835
8 23 49 63 270 599 603 678 819 925
753
8 74 88 121 152 155 161 166 170 261 365 390 399 402 413 424 447 579 581 585 592 603 610 727 882 919 925 936 938 980
32 92 457 805 922
16 24 42 213 226 289 429 671 894
166 997
17 593 618 663 669 713
15 141 174 286 572 691 778 801 808 836 893 896 915 959 965 985
397 451 709
329 364 472 869 894
392 469 559 629
50 328 720 850 861
23 227 244 263 426 445 486 500 541 573 695 730 770 778 882 918 960 979
96 119 120 147 335 342 370 374 388 464 508 569 701 710 852 956
56 102 117 370 371 424 442 450 487 512 574 590 674 680 695 852 879 933 939
27 203 204 327 423 583 766 858 865 914
27 174 185 199 205 232 276 281 416 486 721 850 901
189 218 361 435 444 450 541 569 574 625 636 692
429 432 630 807 916
3 9 21 41 42 48 55 57 60 66 67 68 83 85 105 107 120 173 180 222 248 249 297 303 305 306 309 351 356 367 382 414 420 470 493 502 518 522 531 554 562 563 581 587 609 628 630 636 641 649 664 693 747 752 784 785 803 809 830 833 848 864 888 890 902 903 911 915 936 981 991 992 996
104 206 459 760 860
16 53 83 103 158 169 189 258 312 315 329 330 338 387 435 456 476 490 494 517 526 543 552 588 590 593 620 626 667 684 693 758 874 897 909 911 929 932 951 964
10 44 49 54 57 78 84 151 180 199 203 210 238 252 266 300 309 310 314 339 352 363 463 465 526 537 570 573 605 615 633 654 671 700 708 755 814 817 844 876 884 891 919 927 941 943 947 949 961 962
3 34 66 74 122 131 153 155 166 167 187 195 199 216 229 254 297 303 308 322 324 349 352 366 376 378 389 395 414 416 456 461 485 510 518 530 548 550 558 582 605 618 632 634 636 641 654 670 673 676 708 711 719 724 750 773 780 782 785 794 795 810 818 826 834 855 860 972 978 983 987 1000
212 330 349 545 661 662 668 990
66 204 244 272 302 316 475 600 713 741 976
482 758 914
8 20 21 103 128 206 229 292 453 475 491 500 508 533 574 632 659 724 812 840 854 855 856 892 904 992
14 43 62 102 116 156 172 209 269 289 349 351 373 401 444 488 497 517 616 639 649 681 686 726 742 788 798 825 842 859 906 916 925 945 994
585
237 745 942
108 155 465 493 585 620 662 737 885 959
150 250 643 698 932
42 46 74 87 128 149 189 196 205 230 244 262 275 287 336 386 419 587 631 652 658 684 718 721 727 740 794 803 839 841 852 890 927 946 950 974 989 996
246 273 312 543 587 609 786 926
24 69 123 133 265 315 322 403 432 444 467 548 611 659 775 883
35 51 96 159 334 525 591 626 639 678 681 686 796 815 839 841 852 887
20 99 119 328 376 383 591 609 660 858 887 936
146
33 253 737 994
74 130 200 453 522 551 691 865
5 15 28 62 75 85 104 105 238 240 247 253 258 273 278 280 288 292 315 347 371 494 545 569 595 622 649 713 750 758 773 835 902 914 990
241 697 868
6 21 81 89 164 200 207 215 295 309 312 314 326 353 354 436 485 566 572 634 663 672 723 730 759 847 849 856 873 876 883 885 900 983 987 993
19 78 123 331 332 434 458 489 558 562 575 658 731 744 781 823 840 872 922 950 961 966
36 112 113 286 321 393 602 745 746 789 848 883 952
17 342 632
24 43 189 238 277 310 365 431 642 651 754 765 772 784 799
76 118 171 279 399 400 440 472 493 516 542 553 569 639 700 731 766 818 887 891 908 943 978
30 45 164 242 266 275 315 318 322 328 356 360 361 363 392 459 477 478 493 527 537 544 593 667 679 688 694 706 746 762 811 813 825 828 829 847 850 883 937 951 996
5 78 101 108 181 217 235 325 340 342 372 374 379 389 435 441 489 500 505 542 579 639 666 680 772 786 927 962 995
211 445 885
414
166 218 552
61 81 132 165 210 228 252 255 278 310 346 348 357 457 542 558 559 563 590 595 623 647 649 652 724 761 766 803 827 854 858 861 915 970
6 14 20 29 34 60 64 94 106 113 114 116 119 121 123 137 145 193 208 225 230 241 246 247 250 266 281 291 292 295 304 339 373 385 403 405 407 418 423 433 437 462 482 549 571 578 583 613 646 668 673 686 715 722 735 736 777 804 808 813 819 826 839 842 854 861 862 871 932 975 987 992
423 795
216 363 412 911 941 987
92 119 133 137 210 253 302 324 377 429 459 509 540 603 652 663 743 768 808 944
119 220 232 278 322 347 410 487 587 646 737 980 994
213 364 515 1000
63 79 114 144 208 516 743 791 830 846 874
10 11 34 117 129 132 150 151 155 160 170 236 244 258 259 271 280 281 315 316 320 322 333 348 357 376 377 383 385 396 402 424 460 466 516 561 614 620 625 632 634 693 727 728 740 766 776 784 794 826 828 829 850 886 895 904 908 950 975 998
40 43 73 80 91 105 147 206 208 233 242 257 377 391 393 479 481 488 505 638 697 704 718 800 942
388 605 647 762 787 928
230 463 682 792 833 877
10 248
25 49 54 149 176 341 343 498 702 748 765 819 927
283 540 625
30 32 35 42 43 44 68 70 73 82 83 93 101 108 110 113 114 118 127 132 134 138 143 148 151 157 166 176 180 184 185 194 216 218 225 226 235 240 242 253 261 271 276 277 281 284 292 295 313 317 321 334 344 353 357 369 371 378 394 407 428 434 451 453 457 469 473 474 479 484 496 499 502 511 513 533 540 546 552 554 557 564 565 566 596 598 613 617 628 633 692 700 705 729 732 737 749 754 760 761 763 778 779 783 788 793 799 820 827 828 833 834 845 852 875 880 885 892 896 902 916 924 926 927 936 947 965 978 985 992 995 997
41 132 156 175 199 209 236 253 254 273 279 309 362 399 404 451 459 563 672 683 736 797 829 836 838 866 891 905 933 999
21 23 28 29 41 66 99 102 130 167 187 194 199 204 212 235 241 281 287 291 307 318 325 329 330 338 339 347 348 352 362 388 396 401 433 439 445 451 452 455 456 473 485 486 488 503 507 509 516 536 544 551 556 560 568 574 579 597 623 625 644 677 680 683 701 704 711 733 746 756 788 795 808 819 828 831 870 872 885 902 913 924 925 954 961 964 969 978 992 993 999
5 15 69 114 164 172 179 324 341 346 408 444 531 560 576 605 627 650 736 738 805 840 890 891 947 950
67 373 424 863
118 188 204 218 249 251 341 359 379 387 395 455 515 554 558 566 625 663 750 763 834 846 851 936 984 990 999
241 572 751
192 216 237 295 323 417 556 597 629 775 794 798 832 918 936
61 139 212 418 464 518 601 800 801 904
591 673
70 204 230 241 257 261 319 474 477 587 742 772 863 908 925 936
21 117 121 137 189 191 198 298 300 339 359 505 522 549 601 663 691 723 724 727 783 818 847 867 942 949 998
153 203 266 370 440 569 628 785 843 888 893 924
7 69 93 124 188 264 419 496 498 545 565 699 701 723
35 44 60 78 84 111 136 151 172 180 195 205 211 221 233 292 319 327 338 379 389 419 445 454 462 467 500 521 561 570 575 592 595 613 619 622 648 668 671 681 701 718 733 748 756 793 829 883 886 931 937 983
49 53 75 329 418 501 506 881 886 995
30 48 56 100 108 109 166 174 234 243 251 254 319 349 409 471 490 513 534 575 586 626 677 702 707 709 738 742 754 793 822 829 832 858 887 942 959 999
13 29 37 40 44 65 81 92 188 201 238 243 273 288 295 304 349 366 378 381 383 384 424 448 488 529 531 567 574 596 621 633 651 652 664 687 718 767 866 874 883 919
24 60 63 91 201 215 237 250 272 352 512 536 589 671 686 828 830 901 908 970 990
218 299 375
35 79 350 616
177 211 285 288 332 646 709 725 837
157 269 421 595 687 794
158 357 470 662 805 815 937
12 28 32 54 67 121 130 182 253 304 327 331 414 424 452 497 512 580 633 730 741 747 882 928 931
58 176 286 325 493 603 652
310 409 764 944
11 23 70 85 129 197 270 317 324 337 346 387 457 475 516 571 641 652 672 738 770 777 789 867 911 981
4 125 265 453 542 602 675 909
8 15 17 19 36 37 54 60 66 87 92 107 114 128 140 161 166 179 220 240 263 274 282 295 306 319 320 328 345 349 350 362 391 461 475 481 485 486 492 496 513 516 521 525 567 576 606 613 616 638 677 691 708 751 759 767 769 798 804 812 818 821 829 837 851 864 869 870 889 918 920 924 929 933 934 941 944 965 989 998
103 172 286 344 489 536 549 572 749 818 880
6 9 24 98 131 134 163 200 241 267 363 444 450 521 532 541 660 695 700 701 736 838 892 918 961 969 975 982
191 213 250 586 629 913
39 44 69 79 88 124 146 184 240 271 293 349 391 444 454 521 523 546 574 586 599 611 632 646 687 701 716 734 763 802 803 845 851 855 910 941 962 982 992
13 31 61 71 140 177 270 295 322 406 420 443 520 566 569 577 620 621 637 686 688 733 737 831 848 883 939 952 970
4 296 404 467 506 519 537 540 708 712 783 791 814 839 867 946
2 62 75 180 215 223 290 306 391 393 414 456 463 484 486 521 555 594 608 613 665 703 746 856 857
336 420 483 515 567 633 692 705 740 743 789
74 343 658 688 818 918
175 198 299 337 340 375 410 422 435 485 504 516 622 745 791 793 847 856 943 962 976
79 193 215 335 396 583 919
47 53 65 81 83 97 115 135 143 163 179 203 205 225 239 310 354 376 435 437 443 456 481 500 524 555 613 637 685 689 745 746 749 820 825 848 853 903 911 914 919 928 974
13 142 167 177 275 355 365 405 415 422 461 518 526 529 531 607 610 624 674 675 690 732 760 813 847 880 968 999
3 12 29 34 50 65 88 102 107 113 125 137 161 163 182 214 241 242 299 309 331 332 335 343 346 365 382 403 411 420 436 451 454 467 477 480 482 495 497 513 517 527 542 543 551 569 570 651 665 680 695 696 707 716 720 723 728 732 751 762 788 796 814 822 839 846 847 848 849 857 864 867 870 874 894 908 919 961
153 200 551 573 611 711 740 780 796 802 897
3 31 37 92 125 162 215 255 311 322 343 360 364 431 451 454 512 588 604 612 623 634 666 716 724 744 755 759 781 790 813 824 850 881 936 938 945 978
8 120 281 331 625
23
33 98 135 144 148 149 168 218 350 421 423 434 452 499 503 521 544 627 708 836 861 872 896 899
23 65 500 642 783
12 27 79 92 229 459 509 588 661 765 855
941 979 996
808
58
5 48 94 314 423 497 546 574 599 646 998
22 106 142 217 526 618 640 729 791 837 957 961
26 93 199 200 201 209 232 391 592 593 621 645 733 777 875 961
21 30 35 52 60 96 108 124 141 164 222 226 235 243 380 421 448 461 521 666 673 683 692 698 718 729 754 771 781 784 807 823 850 877 895 902 929 935 952 974 983 993
545 739 742
9 40 100 111 134 144 173 184 199 205 209 231 263 270 281 337 369 376 378 386 403 408 420 435 440 468 469 486 494 520 534 541 548 553 580 622 691 704 710 725 743 744 760 761 763 783 793 821 858 878 904 927 978
7 14 17 23 70 80 115 133 139 144 152 170 178 183 214 216 230 259 267 275 319 323 325 337 338 345 351 397 426 465 479 496 497 498 514 551 552 580 584 599 605 611 619 621 641 653 680 681 697 708 762 768 778 784 788 803 812 838 841 869 879 886 890 930 932 944
563 571 604
77 91 145 155 179 206 316 411 428 445 461 528 569 573 624 702 722 855 899 969 981
2 4 11 19 55 58 59 82 112 117 122 124 126 136 156 164 167 203 213 221 229 327 329 381 393 459 466 477 514 523 544 548 559 595 614 615 667 680 686 699 711 715 748 752 828 834 843 851 857 873 877 879 887 901 994
258 291 292 375 412 454 655 709 955
152 429 434 455 468 521 568 653 675 917 940 973
56 79 138 172 204 227 371 414 423 428 490 502 512 516 529 581 584 612 629 663 721 750 775 777 844 851 869 895 908 962
1 14 140 189 192 194 241 286 289 372 386 409 419 462 471 489 497 567 591 610 654 677 700 794 839 921 946
436 875 944
276 819 892
84 541 786
9 181 323 509 566 724 796 818 832 927
380 402 524 554 615 765 941
366 445 497
320 357 361 411 470 485 501 563 766 834 980
49 254 354 382 398 447 511 526 550 580 585 588 615 683 714 723 774 781 786 844 856 860 903 964 966
85 175 523 720 911 926 939
97 376 751
73 120 238 255 340 433 546 552 649 736 879 946
420 861
5 19 47 73 125 143 155 158 192 240 243 273 301 328 343 366 405 410 438 502 508 520 526 549 587 712 747 754 791 857 919 924 939
31 80 90 120 159 258 263 290 293 372 379 386 418 504 506 612 742 748 782 824 828 844 889 927 953
8 19 28 37 47 64 80 83 86 114 156 164 183 235 241 254 277 301 338 377 401 427 433 448 497 499 503 509 520 534 535 591 593 618 630 635 653 692 700 710 716 719 721 779 796 822 894 917 938 942 1000
653
24 35 50 56 58 60 92 96 138 145 151 168 183 187 217 283 311 336 345 354 375 385 397 401 439 450 476 496 519 542 558 569 586 591 598 613 636 674 676 685 693 703 709 713 726 735 786 787 807 813 824 829 839 852 864 867 873 892 899 900 930 934 961 964 995 996
29 242 298 335 759 802
9 25 28 30 33 51 54 59 62 86 90 92 109 115 116 117 132 139 148 149 155 156 158 163 167 181 195 203 205 214 222 239 279 341 357 358 370 376 378 382 425 446 448 453 457 474 476 494 516 519 522 524 532 533 535 537 546 558 620 632 653 661 662 677 693 715 753 760 771 795 807 809 810 834 835 839 848 856 863 864 883 889 902 906 917 937 985 994
19 91 126 155 170 208 264 327 335 345 355 359 400 407 441 559 580 618 692 716 753 775 872 890 958 996
11 30 47 89 103 144 189 193 220 254 274 296 314 411 422 456 478 551 597 603 676 755 776 793 815 876 1000
9 171 391 415 428 443 569 653 662 768 914 935 943
16 88 138 206 362 374 393 482 615 997
594 642
437
63 65 155 397 556 575 630 657 687 752 888 938 981 989
117 262 440 883 989 993
466
28 37 67 103 135 155 156 158 170 202 228 253 311 314 322 323 324 332 397 427 444 457 492 499 554 555 559 571 577 587 591 610 639 696 715 731 739 766 771 818 854 864 932 959 964 968 990 992 1000
704 970 983
25 112 147 151 190 234 255 278 333 423 454 455 472 492 502 506 533 553 557 558 608 612 626 667 701 738 805 859 861 889 918 953 955 984
60 214 233 291 398 606 744 762 787 800 965
10 216
10 14 40 64 67 71 77 78 98 105 114 161 166 183 187 188 189 212 223 232 246 285 295 298 299 300 305 308 349 391 400 409 434 437 441 456 475 481 484 494 517 525 536 544 554 575 586 588 600 602 604 607 614 637 664 677 685 695 708 711 715 724 759 819 842 845 847 884 903 904 924 931 945 961 990 994
27 170 285 291 292 322 396 465 615 809 948 993
25 39 43 100 137 138 186 206 223 233 234 255 285 328 368 406 421 430 457 526 547 577 597 674 685 701 754 791 792 822 835 846 855 980 983 993
85 198 240 287 368 465 508 576 629 701 773 869 940 942
24 844
16 72 168 298 345 456 487 562 597 601 650 788 894 900 920 993
84 100 237 264 295 454 534 668 681 821 833 917
282 338 350 412 600 616 637
7 13 20 30 90 117 150 170 189 201 202 232 264 287 294 349 425 436 437 468 491 507 520 536 541 565 588 652 662 683 698 701 710 718 724 736 746 790 795 797 824 833 836 839 840 843 920 929 959 974 978 979
65 145 199 235 246 252 275 295 349 359 425 440 496 558 576 589 599 600 636 647 651 661 695 702 857 861 881 915 920 934
19 114 192 626 647 814 989
40 121 131 207 223 401 432 512 529 552 567 630 662 678 690 786 824 889 906 935
14 28 36 81 84 121 140 142 172 184 201 290 295 296 322 363 398 431 441 442 455 470 506 560 567 569 576 579 605 626 689 714 750 819 859 864 905 924 946
153 307 395 404 484 592 671 814 864 865 873 903 918 929 975
9 36 42 93 109 166 178 193 203 248 264 341 347 351 352 411 427 433 443 454 461 492 497 499 556 570 599 608 609 636 648 651 670 704 720 747 775 823 831 979 987
63 84 143 308 396 446 499 596 631 713 739 858 863
23 41 108 291 435 580 599 650 785
5 9 12 28 37 98 101 114 128 164 190 205 258 347 354 392 465 578 637 657 720 727 896 900 905 951 975 986 992 999
33 86 89 107 235 283 377 406 443 529 579 632 759 764 866 964
49 106 124 160 181 193 305 326 331 382 384 386 464 465 472 476 663 727 791 804 900 982
1 61 87 91 269 302 303 326 347 357 371 405 461 478 479 487 528 645 647 666 680 686 689 694 768 779 820 845 860 935 952 971 986
86 102 117 316 317 336 400 418 572 581 594 633 637 642 646 705 717 727 802 898 902 920 984 991 998
3 128 136 181 191 230 299 309 323 345 349 431 455 477 590 627 647 695 705 746 748 809 814 831 840 880 900
45 177 227 285 290 380 409 424 463 482 504 537 549 566 570 595 621 640 646 663 686 695 701 710 712 721 744 752 769 777 780 812 817 846 906 910 913 928 967
9 89 155 272 278 293 346 355 408 469 527 686 729 747 858 928 967 994
5 61 105 140 144 150 169 212 217 240 257 268 282 288 305 308 311 313 353 357 372 381 386 393 403 440 445 450 451 452 487 498 537 538 539 572 574 582 627 672 675 701 716 721 738 761 767 828 846 847 868 895 898 903 920 924 940 962
252
38 56 299 432 523 636 755 764
2 109 111 179 201 231 235 239 303 330 452 457 470 495 521 671 694 759 839 851 937 977 981
20 72 95 98 114 120 270 314 433 444 464 491 616 697 778 779 818 847 906
31 33 48 297 323 376 654 819 867 942
50 260 281 298 299 385 505 650 872
23 48 100 143 255 279 411 613 686 734 850
102 111 122 202 305 316 337 559 793 926 948 987
357 411 626 681
260 385 391 773 860
644 912
46 126 134 255 326
11 26 111 119 123 130 182 186 198 215 229 244 254 280 303 308 310 317 339 409 420 451 489 508 517 564 581 606 607 613 686 688 730 747 758 808 816 875 896 935 937 947 972 978 986 995
524 673 711
74 144 259 385 423 461 513 814 860 960 992
24 318 643 750
155 187 585 662 722 782 866 899 918 947
205 934
226 530 550 852 974
111 226 241 252 287 302 338 544 560 610 759 802
36 71 92 118 129 151 160 178 216 223 257 287 326 337 353 378 422 489 624 661 672 703 719 721 729 735 906
119 261 319 336 412 459 494 693 793
1 47 52 75 86 153 241 274 298 316 321 433 452 473 489 502 549 606 672 692 748 803 828 846 881 922 935 967
47 54 56 57 105 225 244 357 444 562 563 610 625 632 726 730 845 892 975 993
3 26 135 202 256 331 369 379 544 654 780 784 841 881
5 13 18 34 47 64 78 90 93 102 112 130 154 164 179 223 241 299 304 307 317 321 365 404 433 487 502 552 586 591 594 650 719 724 726 727 747 750 751 771 779 809 823 841 859 873 952 970 977
28 62 67 84 123 202 275 594 595 803 903 986
44 67 74 202 213 235 353 405 441 456 478 487 496 962
20 84 96 100 139 228 268 297 334 475 590 613 664 669 741 754 791 838 847 858 863 871 949 967 991 994
23 25 28 59 79 145 206 264 266 303 317 333 372 395 411 418 425 447 461 468 473 482 516 542 550 570 643 647 656 695 696 699 729 738 754 841 860
77
4 48 53 184 199 241 325 354 438 535 631 715 719 723 726 741 758 768 784 845 935
125 130 318 591 624 629 709 768 868
7 44 271 394 592 627 785 904 918
59 78 79 124 171 206 213 297 327 408 463 501 655 693 718 728 772 789 831 848 904 907 992
66 109 151 446 682 811 849 950
120 164 249 255 316 418 649 702 706 726 731 771 781 872 916
11 27 41 60 153 156 189 298 326 343 382 387 417 418 435 441 450 502 539 545 557 559 588 599 629 632 645 691 766 797 806 809 817 863 879 886 907
1 38 141 161 169 216 303 341 421 474 497 537 649 667 690 701 851 895 915 928 949 954 990
4 18 97 101 119 129 143 157 186 238 269 296 298 365 405 446 462 508 547 548 623 665 666 732 751 815 833 847 848 861 879 926 933 969
9 23 177 178 180 188 219 226 270 313 316 327 345 383 399 411 451 457 482 537 539 544 562 609 644 691 702 726 748 756 783 784 792 806 816 818 857 911 941 952 967 985
124 135 255 256 304 313 349 578 725 752 834 966
4 9 29 36 155 185 199 267 306 342 346 415 444 448 608 617 629 639 654 691 851 857 960 970 994
4 7 17 18 20 29 38 41 54 63 79 99 110 117 127 133 145 155 164 176 182 189 220 227 231 258 268 271 294 304 314 318 332 338 340 341 344 354 356 369 378 389 394 397 415 433 434 447 449 453 455 459 474 482 484 488 489 529 537 554 557 569 622 623 626 643 651 659 660 662 694 697 699 726 762 772 781 785 795 806 815 816 823 826 828 830 831 850 851 860 869 875 884 886 888 892 902 920 924 936 940 962 964 975 988 992 994 998
96 438 553 686 792 973 981
110 384 536
158 204 233 319 409 411 568 583 629 717 720 730 762 769 850 897 904 914
80 98 375 720 782
93 426 674 868 881 885 993
173 311 374 981
74 350 528 852 854
75 255 316 454 735 792 874
18 46 50 101 246 321 363 461 514 523 529 547 584 607 633 707 745 757 759 770 864 898 931 995
41 234 236 241 387 430 458 459 495 504 512 539 665 724 726 768 826 845 916 917
172 284 428 657 726 875
208 216 282 293 335 401 968 970
108 231 259 359 653 713 736
24 27 97 130 163 223 289 332 366 409 542 555 630 677 704 740 794 905 953 954 961
54 88 176 184 243 298 456 468 481 541 611 717 778 890 917 998
521 522 669 825 889
64 67 137 162 240 250 261 271 428 433 503 662 751 768 783 873 902 994
20 268 518 743
34 78 103 202 281 314 333 345 348 365 366 474 611 653 672 747 963
70 127 155 193 220 290 301 344 428 621 674 686 746 783 868 925
105 630
140 571 807 991
79 100 172 271 339 371 424 429 503 613 934
32 48 59 90 311 357 394 468 511 524 546 554 623 639 685 697 767 788 844 863 918 980 995
73 647 734
34 40 42 53 92 109 132 174 187 198 266 271 272 276 286 315 369 386 411 418 425 441 443 488 560 584 635 637 643 647 664 666 676 726 765 771 772 781 790 813 820 848 851 887 905 908 928 940 966 982 986 992
387 445 826
95 200 205 212 218 241 248 261 294 296 305 309 382 383 468 527 552 662 775 781 951 978
27 80 104 118 123 160 175 237 244 372 382 388 472 648 686 697 740 771 794 806 815 824 876 889
49 83 342 576 822 853 899
209 214 283 321 514 597 619 751 815
47 78 126 133 159 178 219 246 262 274 276 294 323 373 396 422 453 473 483 561 608 625 635 641 665 686 719 733 749 780 806 842 971
4 17 73 111 227 385 389 401 478 624 648 673 701 721 803 804 807 855
52 109 236 275 277 586 632 635 639 831 905
13 85 101 106 111 125 126 131 164 189 195 216 219 248 323 373 386 431 442 453 462 483 497 502 507 543 545 616 632 696 721 738 750 804 807 852 919 960 976 994
20 59 60 72 74 99 120 134 146 154 155 156 240 245 250 260 284 316 348 371 435 470 473 479 488 570 622 628 633 639 648 748 770 804 809 827 847 850 895 896 964 981 983
7 12 58 77 78 99 124 127 129 137 138 152 162 175 181 202 211 216 234 241 250 265 271 277 279 302 306 311 315 320 321 325 334 338 345 353 362 385 398 409 427 428 433 451 466 471 474 484 489 492 499 503 505 521 528 532 554 581 596 600 602 607 629 631 639 657 659 672 690 703 718 719 720 725 726 727 729 745 746 747 753 758 769 774 780 787 820 821 824 834 859 862 874 875 876 897 899 907 930 934 946 968 974 977 983 987
1 45 302 335 345 425 518 525 608 611 622 634 807 829 896 951
18 55 58 59 61 128 202 217 243 312 392 407 428 475 571 588 606 616 635 668 670 671 696 719 828 840 950 965 989
915
1 111 112 174 197 234 319 332 353 369 372 394 418 438 463 474 569 678 688 717 723 797 931 954 958 982
6 14 21 111 190 356 360 389 508 530 594 740 743 761 812 829 830 999
142 157 201 202 239 258 260 280 282 294 297 315 343 370 375 401 482 548 595 601 622 682 690 699 826 839 863 864
4 37 40 71 102 112 119 182 245 298 524 547 577 791
34 68 79 93 129 131 138 142 157 159 162 214 232 236 240 250 251 262 282 297 325 336 348 355 362 371 372 380 384 392 402 432 435 459 474 498 500 513 535 569 571 575 578 590 625 641 644 649 656 660 693 708 720 722 724 733 753 755 804 824 840 880 905 914 919 927 931 932 942 947 962 976 977 983
243 561 650 875 964
36 48 174 190 225 236 252 277 279 386 402 448 471 476 482 512 520 543 557 582 586 588 614 629 688 701 716 752 801 817 853 887 921 964 975 980
27 240 417 444 475 481 565
11 39 98 122 134 192 196 219 235 272 290 293 296 307 312 331 376 480 515 575 587 652 658 691 707 741 785 791 796 937
48 64 71 110 181 287 390 426 460 714 774 789 810 818 837 899
1 145 288 407 620 822 829 882 907 981
315 472 499 744 807 857 893 919 957 989
26 76 128 138 142 147 154 212 236 246 256 258 265 270 271 288 313 328 401 410 449 498 570 573 597 610 614 619 657 668 671 675 699 714 747 780 818 821 840 852 860 878 896 923 930 953
5 17 42 43 48 53 61 85 90 91 97 114 131 145 150 156 159 165 180 195 203 225 253 303 354 359 382 384 388 390 395 438 440 444 468 529 530 541 549 599 603 630 637 663 681 708 724 726 742 750 762 811 813 865 869 887 893 912 931 956 965 966 969 991
10 38 40 47 80 111 139 172 202 208 221 230 288 295 307 360 381 409 416 429 440 453 492 516 531 546 549 582 609 633 640 651 669 675 695 724 726 729 734 806 841 868 874 878 893 924 926 933 941 990
52 280 285 633 639 677 736 774 795 822 994
606 672 834 879
20 263 269 292 308 336 392 404 425 565 690 792 808
7 110 362 694
82 124 443
81 85 232 239 271 322 505 535 681 762 827 887 966
372 617 881 998
139 212 238 275 310 326 363 399 452 476 489 493 552 580 620 627 638 748 826 924 972
465 483 513 705
56 105 211 424 478 699 719 736 742 839 894
973
45 66 321 426 436 467 471 519 531 574 638 674 717 896
7 38 62 115 116 132 157 166 172 208 209 224 340 367 372 421 430 503 669 675 739 791 836 847 888 969 977
27 42 46 68 74 102 110 113 132 140 150 159 161 176 177 210 236 237 254 257 261 295 298 303 309 321 335 363 365 402 403 406 430 434 449 488 498 501 521 526 530 533 536 545 550 558 559 562 593 598 660 672 680 706 711 725 728 731 734 735 738 743 765 799 828 841 844 853 884 907 913 917 930 938 942 947 994
279 289 484 661 914
69 76 77 83 106 124 142 150 156 159 161 163 181 204 209 215 217 222 246 250 252 255 274 290 292 330 337 391 393 406 418 419 422 431 436 442 445 450 457 471 477 479 482 500 516 545 550 557 582 587 601 605 606 636 638 639 645 657 664 666 697 709 716 727 756 757 760 761 782 818 832 860 867 877 922 926 961 966 968 974 977 989
17 363 603 939
112 140 196 272 318 328 380 387 481 601 699 830 958
5 25 158 202 237 284 290 398 418 420 423 449 502 614 616 630 668 749 851 854 884 933 969 982
3 23 162 232 242 250 300 329 441 565 621 628 640 697 712 728 836 909 934 938
3 15 26 162 165 191 198 251 262 298 303 306 310 337 360 408 414 419 476 514 534 539 554 556 672 719 727 736 752 765 836 850 990
38 41 53 65 104 112 123 140 162 168 172 178 195 202 207 237 260 288 295 351 363 397 411 423 434 473 481 483 488 538 547 557 575 577 579 580 654 688 706 710 720 721 727 763 765 784 785 799 814 825 828 847 902 926 930 931 950 968 973 997
24 136 142 150 175 243 306 341 423 535 557 569 574 666 675 699 726 768 785 842 934 935
15 111 163 194 220 225 294 345 377 432 599 657 664 665 668 687 716 784 920 964
28 86 136 151 246 301 407 445 513 575 740 822 867 880 887
83 183 326 816
30 35 52 512
251
11 52 104 179 215 218 294 405 417 660 662 727 734 750 871
63 65 167 231 247 281 283 296 302 389 473 543 603 606 614 618 666 673 727 739 763 779 830
23 26 73 116 135 151 168 198 263 282 330 367 385 453 454 478 480 534 645 685 765 783 952 956
5 44 51 72 105 121 131 147 148 165 193 366 409 443 485 486 494 506 534 550 607 616 656 719 748 767 770 772 808 859 920 940 948 959 986
692
24 26 70 116 207 344 376 387 394 426 490 516 595 635 666 674 676 719 744 767 774 841 885 916 959 995 997 999
10 37 45 76 89 128 250 333 344 349 373 484 524 555 592 593 633 825 957
43 46 84 138 148 178 189 315 332 381 457 502 527 536 604 648 681 728 730 766 767 797 820 888
198 578 747 857 891 901
12 17 71 99 109 125 126 151 235 301 351 401 412 435 485 490 509 589 591 618 713 784 805 862 935
739
624 914
14 63 71 129 152 186 202 222 225 271 288 304 313 337 357 569 602 619 711 750 753 783 801 804 805 831 985
324 482 904 969
376 605 760 805
608
99 102 264 531 596 733 749 849 853 873 927
28 140 167 171 218 267 421 480 583 607 630
393 546
54 248 557 869 977
5 8 9 11 16 18 22 35 41 42 69 73 87 91 100 108 116 120 134 150 157 168 178 179 183 192 199 213 241 248 249 265 273 274 277 291 299 302 312 314 337 338 343 352 356 360 361 369 384 396 414 421 424 430 434 451 488 520 524 531 535 542 543 580 586 589 590 595 618 622 628 630 633 644 654 667 672 693 694 701 710 712 736 742 745 752 759 776 807 830 831 832 844 847 850 854 866 868 872 881 883 885 886 895 902 908 915 928 939 948 957 960 972 974 978 983 985 992
33 46 50 64 67 70 71 127 161 163 202 204 223 240 251 310 365 368 375 421 462 467 470 489 495 499 526 536 538 549 561 578 601 618 632 641 663 675 692 697 700 701 739 745 750 803 838 841 869 873 916 994 996
69 730
7 22 105 126 156 270 355 357 411 435 436 498 527 535 661 668 687 745 810 844 845 863 886 906 969 973
412 642 734
418 428 500 807 904 964 988
1 13 94 118 142 169 182 201 246 330 333 363 394 443 454 488 538 562 575 600 603 625 651 696 725 755 766 801 846 926 946 971 988
87 148 247 311 374 410 541 550 614 635 666 723 738 771 917 979
28 215 229 384 386 495 508 559 583 632 806
70 78 116 119 144 147 151 225 247 309 388 390 500 516 519 522 613 645 648 674 767 808 858 935 940 946 948 988
18 36 87 90 109 151 155 190 217 228 235 256 262 339 344 379 399 424 462 500 512 526 558 576 590 593 604 692 712 717 752 777 786 797 845 849 921 939 945 960 970 990
287 868
15 35 107 123 141 230 356 665 724 790 812 903
33 35 124 130 193 220 225 233 353 387 410 411 428 458 485 525 546 557 728 740 806 846 885 921 943 951 978
88 152 229 378 444 491 509 562 607 617 648 888 911 952 975 998
42 125 269 272 277 310 660 996
200 312 442 446 562 624 943 983
114 157 187 253 384 437 647 665 714 864 895 908
136 169 253 286 468 477 840 841
3 6 26 124 127 195 213 242 251 297 299 399 431 445 492 521 525 657 660 727 732 776 794 801 900 907 988 995
4 32 50 55 225 246 289 293 437 444 549 561 608 616 717 728 747 770 792 816 897 929 991
65 179
7 65 71 97 192 204 388 404 499 574 635 754 789 874
254 445 528 687 858 896
53 55 149 197 231 235 281 290 299 313 373 456 682 772 784 805 969 974 978 1000
168 418 604 683
22 28 173 304 648 738 784
2 20 25 95 110 111 112 159 177 260 272 452 471 491 507 522 576 581 643 647 689 699 710 775 782 783 809 829 860 862 863 870 872 875 887 956 969
541 553 569 630 692 696 884
91 315 715
507 718 732 995
669
17 105 124 169 200 810
81 201 229 238 261 298 300 325 482 523 541 661 676 677 708 767 806 849 871 963 985 986
5 52 71 72 102 104 151 156 388 426 433 470 500 585 649 665 796 810 825 828 848 879 881 888 993
796
28 33 47 52 67 109 148 158 165 188 198 251 274 303 304 345 351 370 385 394 416 452 499 517 543 580 585 650 678 719 742 760 762 765 774 799 862 871 885 900 908 923 930 955 965 967 991 993
30 54 81 91 105 112 204 314 318 379 442 473 573 625 627 688 714 768 863 998
633
3 63 93 130 153 165 208 209 256 397 698 836 899
2 14 75 78 146 170 211 220 339 351 356 459 480 485 545 605 613 626 715 753 768 801 804 822 838 856 898 917 924 946 980
11 122 167 255 322 429 478 505 529 604 639 730 746 905
29 40 56 288 405 449 583 832 995
8 37 98 114 124 363 446 479 604 673 702 779 780 791 800 808 884 910 947
122 126 139 203 400 550 675 680 752 900 919 980 989
205 307 547 557
474
4 6 31 44 46 67 69 73 80 105 110 121 195 205 248 284 290 300 319 325 345 355 365 382 391 412 422 424 426 447 472 522 537 538 583 599 666 680 689 694 711 713 715 723 728 737 766 767 810 827 902 913 921 930 933 935 940 988
692 916 943
139 524 562 847 900
285 364 433 465 533 552 662 795 923
4 37 88 115 116 121 155 187 211 271 328 332 352 416 472 502 509 575 684 710 724 726 756 779 783 790 792 797 804 852 866 924 969
1 4 11 61 135 149 152 289 428 429 436 460 479 494 575 586 607 611 625 654 669 755 766 768 770 857 885 908 924 965
521 734
17 136 156 210 237 448 490 498 645
2 49 103 281 481 529 545 604 621 634 636 660 673 678 708 733 753 826 862 953
90 133 165 192 242 300 304 312 350 372 386 392 550 552 568 681 757 777
369
188 211 558
315
8 359 491 535 566 797 889 972
73 88 164 234 274 336 352 371 404 409 426 471 541 582 615 622 703 713 745 786 847 851 868 897 914 958 981
197 741
385 577 746
6 86 143 179 286 333 418 439 442 463 490 527 556 660 661 679 694 752 760 855 861 889 994
163 269 502 503 640 665 720 722 742 752 820 843 848 898 926
29 33 54 85 110 139 227 230 266 281 338 358 426 491 506 522 544 631 632 638 679 733 879 913 915 989
49 53 65 70 77 107 153 180 189 229 235 240 296 353 455 462 487 509 517 550 601 632 644 702 719 802 830 848 860 867 928 939 945 955 972 983
46 94 138 160 170 290 324 407 416 417 461 556 597 609 705 708 738 758 762 766 773 794 853 863 960 968 993
62 175 272 425 624 635
9 834
82 87 285 404 955
34 76 90 94 128 147 160 169 180 201 221 226 236 245 254 291 309 343 407 412 440 475 545 566 585 609 730 768 799 828 857 992 1000
2 14 30 34 50 74 121 148 167 184 199 200 203 234 238 246 252 333 346 365 483 539 603 646 658 665 722 760 791 831 849 882 897 989 995
40 83 106 130 165 199 303 362 512 583 595 681 712 749 761 768 769 941 981
76 105 227 374 429 729 891 986
61 76 298 314 328 383 389 507 556 614 631 650 661 713 783 816 838 878 988
221 273 596 642 701 794 941 960
50 114 157 201 234 302 372 514 628 651 668 686
45 68 107 181 206 267 325 602 612 636 703 732 937
141 161 185 281 282 346 376 478 487 548 598 658 788 926 940 1000
279 294 303 335 498 522 617 689 827 979
17 135 187 234 398 589 642 668 735 773 849 928 979 990
8 11 20 21 23 44 53 98 103 127 135 141 144 145 170 194 195 207 215 250 271 295 323 342 350 352 354 376 378 397 430 433 512 514 551 558 570 577 601 602 604 617 622 648 749 756 761 791 825 847 848 854 912 936 955 971 972 975 992 999
30 141 207 351 370 521 563 793 904
15 44 54 63 160 176 180 189 293 316 350 366 402 432 452 547 566 586 595 624 653 677 691 721 775 777 819 838 882 928 941 988
523
398 755 868
10 25 45 79 84 136 143 156 163 170 177 180 182 192 195 200 228 256 266 269 295 315 357 396 398 401 418 422 424 430 448 453 475 501 535 537 544 564 579 598 604 605 619 622 635 669 673 682 708 727 746 751 774 778 823 886 894 914 925 927 936 948 980 983 993 997 998 1000
129 190 422 439 846
7 309 827 877
53 58 120 140 175 193 242 353 398 407 418 445 543 565 597 618 620 664 668 693 772 815 827 833 853 857 906 927 978
329
3 48 231 475 557 769 891
10 17 23 26 40 41 66 82 85 88 92 104 107 110 125 146 147 173 185 198 205 234 235 247 259 265 277 286 303 304 317 327 334 339 351 359 392 404 409 419 455 466 479 487 489 515 528 529 551 576 591 592 597 603 620 637 661 666 672 678 684 686 696 700 737 744 749 768 771 791 792 825 851 859 876 917 924 930 946 957 960 963 974 991
12 151 595 655 750
25 34 147 229 268 401 632 679 708 727 839 983
8 128 143 188 196 321 362 400 506 572 582 728 765 831 845 920 926 937 958 962 978
186 197 201 204 297 309 315 325 564 566 638 749 799 892 987
40 54 57 63 102 110 113 114 118 119 125 126 140 158 185 205 213 217 245 278 279 300 307 309 331 334 342 347 360 363 365 378 392 394 396 408 418 430 432 447 475 491 492 500 524 529 536 538 554 564 571 576 579 589 590 593 607 640 644 659 680 690 691 712 722 727 735 741 751 756 757 759 774 802 804 809 814 833 841 856 858 869 876 895 898 901 906 920 953 957 967 971 976 983 988
45 97 136 138 140 191 241 255 259 326 336 473 477 576 585 601 641 643 666 707 711 801 869 906 934 976
56 68 80 102 162 184 198 203 261 272 332 337 364 366 421 470 604 641 716 729 755 830 850 877 926 928
30 92 148 269 456 482 686 888 988
179
583
21 71 109 118 127 133 206 269 297 326 328 414 429 487 489 508 540 557 612 653 676 727 729 839 930 961
7 10 47 50 58 74 83 99 102 106 113 134 140 144 164 187 212 241 252 282 298 337 347 350 352 375 389 404 413 414 418 460 475 483 490 498 499 513 516 519 542 567 577 612 614 648 654 656 661 704 714 728 750 775 781 816 840 852 855 875 880 882 897 913 923 935 957 964 994
59 97 131 143 601 627 777 845 900
110 237 284 322 374 569 572 592 653 851 919 959 993
84 109 169 427 526 582 586 620 642 811 969
91
69 126 222 228 238 276 357 365 373 386 497 542 572 593 652 668 713 724 734 743 766 795 821 872 873 882 948 975 1000
58 484 574 613 989
14 22 26 39 86 212 220 223 229 240 274 281 299 328 341 346 356 408 474 498 558 585 634 640 645 658 694 716 745 754 781 800 836 872 959 963
38 40 147 409
555 800
16 149 220
1 5 6 8 11 18 20 29 58 68 70 98 101 102 109 118 123 126 157 160 173 185 192 208 212 214 217 221 222 225 234 239 243 247 253 282 285 305 318 324 333 337 353 357 367 385 393 399 413 415 446 449 461 465 471 490 512 549 558 561 572 577 578 590 600 607 615 654 686 700 701 709 719 725 765 785 792 793 800 807 819 827 838 840 844 849 882 893 943 946 948 961 971 977 978 993 997
12 48 167 209 218 236 265 268 274 330 336 347 361 442 443 564 596 604 617 648 661 715 800 802 886 907 915 945 968 974 978 984
186 267 307 542 547 884 902 943
3 81 104 121 164 190 206 274 281 283 292 493 594 774 792 794 795 863 942 984 985
36 42 45 46 104 107 123 144 146 156 162 182 283 373 511 523 567 599 669 717 817 854 858 868 983
24 65 73 172 209 222 248 250 252 274 296 315 348 378 499 552 583 678 692 746 791 851 918 982
673
787
10 121 168 204 299 568 700 713 856
10 127 442 466 480 492 879
14 25 34 52 63 75 98 115 141 157 161 178 184 192 213 225 227 228 232 241 243 248 255 257 259 265 317 349 362 372 375 379 380 435 442 450 456 458 462 473 483 492 497 512 523 524 541 543 546 559 590 594 595 597 623 632 662 671 690 694 698 716 729 738 779 860 863 881 895 903 925 928 930 939 956 966 980 984 985 995
21 55 57 110 131 155 163 208 217 222 256 292 314 391 408 413 419 479 483 487 542 561 576 579 621 622 629 648 685 732 757 772 777 797 798 964 976 991 994
27 37 85 87 199 359 410 481 508 573 737 819 996
559
299 589
2 19 40 117 121 213 350 506 511 646 743 797 940
31 57 98 123 139 152 177 192 201 205 216 223 244 260 273 288 295 310 323 326 344 354 356 387 405 415 419 450 464 496 498 513 514 532 547 576 614 639 657 663 674 697 717 722 758 763 781 808 824 846 851 884 892 921 936 950 974
19 58 117 131 134 140 170 177 217 226 260 262 293 304 306 332 336 367 388 391 392 398 421 443 445 472 478 494 503 520 534 556 577 600 624 655 656 675 680 709 715 718 726 736 755 758 763 775 803 811 881 942 945 965 993
10 81 102 116 137 138 196 202 290 355 367 384 393 452 454 457 476 495 502 510 570 615 633 688 725 783 786 822 873 937 947 980 986
816
24 85 140 334 414 443 483 510 561 694 758 780 817 900 999
642 864
4 23 36 160 176 213 294 297 309 316 343 371 390 393 446 462 491 493 503 506 516 613 701 743 766 768 788 842 854 874 879 909 931 945 952 955 971
3 67 101 104 116 156 175 204 210 224 251 255 290 303 310 314 339 346 348 356 361 369 378 411 421 444 449 470 474 488 489 498 510 530 536 542 564 580 614 669 707 742 743 751 800 805 848 851 865 880 890 912 935 946 954 976 981 999 1000
37 78 189 291 524 597 703 760 762 770 809 947 966 978
24 59 87 110 217 227 264 280 308 322 359 366 379 380 386 468 469 518 531 532 562 721 724 743 815 920 961
490
512
78 298 420 549 637 666 747 761
58 126 128 228 286 346 440 460 553 562 620 805 845 922 946
24 32 37 106 116 122 129 142 148 149 173 185 203 208 256 270 284 285 286 302 315 335 370 376 397 399 404 418 465 486 527 533 545 554 559 581 671 714 720 722 754 762 784 838 840 843 859 872 879 895 916 937 977 988 994
721 755 980
41 208 321 442 605 811
37 93 144 170 222 252 260 303 373 568 713 729 805 824 862 866 870 969 989 997 998
158 234 505 543 656 714 858
10 54 93 131 250 324 329 351 352 372 418 424 485 498 515 517 524 546 599 626 679 682 692 703 713 772 817 840 841 918 998 999
54 172 191 205 309 351 360 381 425 443 478 495 517 569 636 644 647 772 785 822 916
7 54 179 487 619 888
55
57 77 175 206 386 523 658 789 876
33 189 200 243 295 320 374 377 378 391 414 559 659 751 764 807 867 973 989
36 71 91 197 240 286 295 305 421 461 462 471 555 602 640 681 753 755 904 905 948 950 954 979
300
118 281 303 368 440 500 512 592 634 668 781 807 858 895 974
635 697
4 48 55 82 95 155 186 207 224 269 310 454 532 607 622 676 691 734 745 751 820 959 995
4 30 36 91 156 199 203 266 323 334 424 458 494 544 606 607 636 659 691 750 774 859 881
43 53 61 90 97 99 102 107 120 143 144 175 214 217 244 250 256 283 318 336 337 376 408 459 467 470 481 497 506 516 528 542 554 582 584 636 678 683 705 711 713 720 772 773 778 780 783 786 789 820 838 853 895 899 908 909 924 970 972 986 995
625
42 614 693 788
2 26 51 63 72 79 82 99 105 110 126 128 130 158 163 164 166 169 175 188 220 257 259 263 264 269 279 299 311 331 334 361 364 375 376 402 407 417 449 455 464 477 490 491 509 520 530 539 554 555 559 601 605 615 623 634 636 637 654 674 678 684 686 691 696 713 729 758 767 772 782 790 808 824 855 856 875 881 887 888 894 921 959 963
91 108 157 173 228 244 275 425 427 460 472 509 526 557 569 712 790 791 794 837 841 871 874 916 975 997
15 52 55 66 82 92 178 196 215 224 240 242 245 266 288 291 307 371 402 409 460 494 503 522 528 575 600 630 699 706 708 718 789 834 839 845 848 877 890 898 956 996
85 104 107 139 157 203 479 481 522 544 547 551 558 591 630 640 659 683 720 757 766 818 903 905 910 932 947 948 974 975 985 994
397 625 668 935
29 110 163 501
5 43 63 87 103 151 153 158 193 231 246 270 343 364 373 398 410 413 620 635 656 683 696 705 744 782 887 902 941
12 26 40 42 53 64 79 105 118 128 141 157 162 201 321 425 429 434 442 472 493 509 524 580 632 712 721 773 802 841 873 889 986 991
65 83 154 209 423 447 492 504 608 908 952
980
10 72 194 564 660 759 861
9 37 68 113 121 130 158 175 198 223 237 253 271 331 376 379 409 432 447 494 506 520 563 570 609 626 651 655 681 689 807 877 916 919 945 950 968
198 205 390 401 429 651 789 866 894
514
50 146 229 304 308 703 730 973
150 219 887 994
14 38 79 104 112 162 241 271 285 294 296 341 396 400 432 439 474 514 521 557 569 666 792 889 970
141 267 583 658 674 759 784 840 876 897 932 986
394 445 517 593 948
10 24 50 52 76 83 85 132 159 176 197 202 205 218 234 240 277 362 364 442 447 471 483 498 530 531 537 547 558 570 578 665 681 682 697 711 719 725 731 745 754 773 796 811 829 830 855 867 871 873 877 900 910 987 989
70 208 219 237 299 413 503 567 924 958 972
4 13 16 48 157 183 279 323 526 624 640 680 863 873 883 891 939 964 990
140 236 289 355 407 467 470 623 723 730 741 749 785 841 932
648
195 951 996
12 31 66 85 151 268 299 308 337 384 392 403 424 431 528 557 691 771 853 868 891 915 950 960
47 79 95 110 135 149 154 176 227 242 251 259 273 291 293 408 410 425 428 432 445 514 543 544 562 564 572 576 602 634 641 643 646 658 660 669 674 696 711 721 723 728 740 746 786 789 838 862 868 880 881 885 906 908 909 913 924 931 940 943 950 962 986 992
563
94 123 851
153 365 544 586 629 683 708 760 769 883
21 150 189 236 314 363 453 513 650 689 702 801 869 871
44 55 63 121 135 167 201 222 283 301 306 329 365 393 446 497 528 588 614 671 681 727 733 765 769 783 784 847 849 882 897 930 937 997
94 112 135 198 970
35 81 100 118 119 123 124 132 181 272 273 287 333 335 338 355 359 400 422 451 483 515 518 523 597 714 728 731 734 788 866 867 934 974
8 125 141 145 231 357 399 552 576 649 765 877 931 976
10 20 24 51 58 69 163 171 475 482 512 560 569 570 624 635 751 771 776 780 793 799 829 843 844 951 993
13 62 91 104 120 193 197 252 283 390 393 394 421 423 485 552 566 588 600 614 667 753
249 341
61 89 175 347 400 557 588 620 674 842 934
374 515 967
513
65 72 77 79 93 108 115 128 143 164 177 182 196 223 226 246 305 352 378 386 393 409 418 430 443 446 447 456 513 532 538 551 605 607 627 647 663 682 715 722 731 756 769 776 791 792 807 834 846 948 962 977
10 41 49 79 124 129 234 285 358 393 431 451 504 522 578 664 707 708 773 784 840 857 942 948
16 233 236 325 338 438 453 476 528 569 630 641 660 736 744 752 796 840 963
202 295 472 713
30 31 33 47 81 87 94 231 237 262 357 415 465 467 474 475 528 529 545 601 610 650 652 673 674 692 697 737 752 758 775 781 806 828 878 880 894 903 941 952 953 966 980
4 152 170 184 186 197 206 260 305 310 312 387 392 399 419 422 459 519 531 554 592 630 636 650 670 686 709 745 763 821 866 895 944 961 980 993 996
251
3 28 43 116 158 175 177 197 208 385 435 544 548 642 645 656 661 712 716 826 877 970
26 77 143 162 201 360 459 541 554 619 657 683 837 933 941
4 6 17 34 43 46 53 76 105 109 124 126 130 143 144 237 247 253 266 280 297 320 370 371 392 421 425 447 454 484 496 514 539 564 578 590 605 611 619 629 652 663 679 695 697 704 709 726 741 750 779 784 824 833 857 881 907 931 979 992
332 409
595 812
106 155 159 224 263 313 351 445 471 606 627 875 899 984 990
1 15 29 56 74 151 162 189 232 250 289 306 309 316 317 319 328 375 394 423 426 484 495 505 525 531 558 626 630 664 686 732 762 787 818 854 892 897 977
164 455
44 216 230 240 247 293 303 587 620 740 747 887 903 917 933 998
145 322 337 448 789
28 89 133 138 186 405 600
47 78 94 103 121 154 168 172 187 285 288 309 417 441 448 478 516 528 628 649 681 732 756 759 773 828 906 921 968
34 66 155 176 189 202 214 317 411 453 523 601 610 645 664 721 748 750 781 811 821 827 895 940 961
12 25 28 41 44 63 71 72 76 92 102 119 134 139 148 153 179 184 222 232 255 279 289 297 312 338 359 362 363 381 382 384 417 430 443 460 461 465 471 494 505 512 562 568 581 651 667 673 698 724 729 731 754 769 771 783 786 787 816 826 832 885 932 944 951 959 960 977 990
78 640
316 419 510 579
137 338 622 962
7 19 97 107 109 117 131 157 236 240 258 307 352 416 482 719 764 805 894 924 963
30 34 54 91 104 122 126 150 223 237 310 372 381 385 408 451 452 461 488 489 526 532 563 572 573 601 608 627 645 649 668 670 689 693 709 717 753 777 790 807 809 823 862 894 915 956 961
64 162 328 355 420 426 452 458 467 522 553 746 978
40 374 397 510 527 646 653 984
75 161 394 432 642 650 725 740 862
126 180 210 352 742 767
479 497 867
275 303 309 586 675 918 953 979
145 185 207 218 275 301 310 333 386 400 427 484 486 491 509 515 540 605 625 637 638 639 640 648 698 717 724 753 807 963 981
4 8 30 67 83 84 133 135 136 144 172 183 198 208 217 226 259 280 289 317 318 338 383 388 389 408 469 470 472 503 538 545 554 589 682 742 746 753 768 801 849 884 885 941 957
15 24 37 144 245 333 390 435 757 842
154 229 358 459 485 553 974 999
22 154 167 189 204 243 366 371 425 432 439 458 591 610 748 796 940 999
9 149 227 343 352 387 392 436 441 487 506 514 585 592 603 678 809 842 882 889 943 953 993
122 126 153 489 524 612 638 684 717 749 826 829
37 59 189 215 279 299 303 471 583 626 752 805 891 919 929 962
22 50 68 109 112 128 134 153 156 158 174 183 187 212 213 216 256 264 285 308 315 351 374 381 398 403 414 419 425 428 436 457 461 470 473 478 479 481 519 523 529 562 569 572 579 604 605 612 621 627 639 643 652 656 671 695 739 750 759 764 768 770 771 803 817 821 840 845 856 865 867 874 876 903 923 933 940 979 989 991
36 76 154 155 158 226 371 462 505 508 525 594 633 673 844 905 907 917 962
3 17 20 27 33 100 113 183 218 234 300 356 388 409 410 420 432 486 658 781 791 828 842 843 887 913
47 50 57 96 119 165 190 191 218 404 459 467 472 525 558 581 606 618 692 715 745 750 763 773 807 871 886 891 929 939 943
17 28 31 93 98 114 168 184 190 201 229 263 278 298 343 383 385 386 401 409 457 475 496 502 513 518 542 576 661 667 676 699 721 726 738 795 814 865 872 932 933 946 969 985
3 4 21 24 26 30 50 55 58 76 88 95 111 123 124 140 153 173 174 176 193 222 233 235 247 251 252 267 287 293 298 309 310 332 339 346 353 356 359 363 367 369 393 399 400 419 421 440 441 442 454 458 473 475 480 486 487 500 504 512 514 516 523 535 539 547 548 554 580 592 593 615 616 623 626 656 657 658 685 690 693 694 698 699 735 738 739 741 744 749 751 752 784 805 813 818 820 825 829 837 841 853 882 901 903 906 909 918 942 972 973 976 991 992
81 92 143 189 230 249 333 342 418 492 576 603 614 669 686 699 731 820 831 835 893 939 963 983
35 56 58 70 125 148 153 155 171 178 180 194 387 460 512 520 527 599 603 708 713 721 748 760 776 798 847 870 875 913 932
34 39 142 145 168 189 273 367 483 503 507 719 737 807 809 973 988 999
101 136 158 182 189 191 494 576
51 56 66 135 205 302 309 312 327 350 761 915
15 63 506 777 854 922
10 32 39 49 56 63 67 109 135 147 149 174 200 201 206 253 276 286 292 299 305 320 351 357 369 391 395 398 432 435 441 467 471 478 497 499 502 503 535 555 577 598 613 617 619 657 668 676 680 687 695 702 723 727 730 739 748 757 760 768 783 810 811 812 815 837 854 865 895 911 913 918 929 936 938 970 977 978 983 991
28 42 86 92 98 151 157 175 198 213 255 293 303 312 344 350 393 395 397 412 428 438 451 476 525 587 588 612 614 632 677 705 735 738 762 800 813 826 834 860 886 896 912 926 935 991
53 149 319 326 331 336 347 411 496 599 601 773 791 803 812 861 933 956
43 108 156 226 299 794 821 916 968
69 73 181 186 229 306 366 379 387 614 770 841 988
9 46 120 225 249 591 801 831 863
470 601 750 851 865
159 298 477 514 530 743 913
718 850
37 50 66 104 105 106 120 121 134 136 180 203 223 239 262 264 280 292 303 308 327 330 331 337 376 381 387 411 435 449 457 465 468 489 491 500 511 532 543 552 581 603 613 627 633 658 663 676 687 731 737 739 753 759 767 797 804 844 846 856 863 881 888 899 908 921 942 960 962 965 968 990
239 853 912
34 40 56 99 101 107 109 123 131 134 147 155 157 170 175 219 238 243 257 276 279 298 302 321 339 340 344 349 350 376 382 386 388 395 399 416 419 440 471 478 505 517 540 541 570 579 603 611 614 635 641 669 672 690 709 712 716 748 758 784 798 818 839 847 858 887 905 925 930 959 978 980 985
20 66 309 367 398 438 446 453 517 519 551 568 594 656 660 751 758 785 868 898 902 958
45 98 129 161 167 184 196 289 326 341 423 463 511 596 693 730 776 798 837 869 988 993 995
3 35 41 83 95 105 110 158 200 213 249 259 296 304 311 342 355 372 396 397 422 447 454 461 496 524 529 542 574 578 583 595 609 612 636 695 697 702 727 738 774 811 826 836 902 931 933 954 981 993 998 999
26 30 36 57 58 77 107 126 152 171 186 221 223 229 231 249 259 290 294 383 414 419 486 500 549 558 609 620 627 653 686 695 704 722 732 739 757 806 826 892 894 898 906 910 976 989
69 96 102 105 116 124 149 153 231 243 256 306 336 430 433 450 492 509 517 588 590 598 669 687 703 728 746 820 845 855 990 994
470 621 645 903 921
60 99 100 128 134 136 157 169 183 184 202 219 239 246 252 264 318 336 354 355 359 398 402 412 424 458 459 470 481 491 568 574 583 586 631 633 643 644 661 673 685 704 706 724 730 790 813 814 816 841 889 936 937 940 960 965 982 996
30 31 89 119 128 136 138 142 157 178 179 180 182 192 221 247 262 281 304 335 342 364 365 388 411 444 461 471 482 504 510 519 523 548 569 577 590 616 618 631 655 674 695 702 726 730 733 735 754 757 760 763 804 819 846 858 860 886 897 906 922 943 954 971 988
9 57 59 67 71 80 104 107 116 134 143 146 155 172 182 189 205 227 238 251 271 273 286 308 320 330 337 366 391 408 419 446 447 455 456 457 461 488 568 579 587 593 607 611 618 622 624 629 666 669 678 689 742 745 781 784 785 788 792 797 816 841 860 862 878 892 897 917 955 962 971 976 985
2 25 58 71 140 144 290 304 331 345 425 433 514 536 566 610 615 679 721 755 764 809 826 837 931 941 980
32 259 419 536 658 914
60 65 132 432 466 740 767 902
988
7 22 167 173 387 455 652 697 822 844 974
6 64 154 189 201 309 311 464 475 616 622 805 879
37 50 149 172 218 438 440 445 491 563 567 696 763 772 803 818
6 10 26 48 61 75 113 118 149 151 168 193 199 223 252 258 262 269 282 292 304 306 309 316 344 355 358 383 385 395 397 400 422 429 478 493 509 547 548 552 559 567 576 588 610 617 618 649 653 662 664 687 691 694 724 746 751 766 772 779 794 798 807 823 833 838 839 862 916 926 931 947 949 971 979 993
27 41 78 190 213 225 234 240 275 330 389 416 467 597 602 610 618 626 627 746 870 897 911 913 940 942
26 50 67 70 80 109 151 154 178 219 242 343 360 384 385 441 450 458 489 491 511 512 572 577 622 689 708 742 804 824 842 847 878 882 941 953 983 996
141 159 177 199 207 248 311 382 383 443 447 505 522 528 569 605 623 656 703 707 722 742 790 806 814 831 955
36 64 182 339 381 421 788 807
470 739
1 26 35 57 71 75 87 95 98 104 111 132 156 168 192 218 223 254 258 289 329 331 333 335 341 358 363 377 399 430 452 472 503 505 512 520 536 582 602 608 626 631 649 662 666 702 731 765 784 808 817 818 820 881 900 911 930 933 951 992 996
19 30 36 60 61 103 133 162 182 193 194 202 207 211 224 232 265 266 284 310 352 354 371 404 411 417 427 473 511 514 529 548 550 559 594 599 602 606 609 616 625 627 644 645 671 678 684 688 696 716 727 732 752 758 778 787 790 797 809 818 821 825 845 853 885 900 910 923 925 932 933 938 942 955 956 963 984
116 306 666 846 921
6 65 114 204 216 269 321 389 390 391 462 467 537 544 560 562 563 609 620 638 680 681 686 688 722 737 787 798 818 878 963 976 984 1000
18 20 73 126 140 168 176 194 206 278 281 315 335 366 368 398 432 453 454 469 476 486 525 541 555 572 583 592 618 625 632 655 685 692 695 743 754 757 788 805 869 941 958
112 140 153 176 187 243 246 277 283 347 407 414 628 675 688 733 757 815 947 955 984
73 128 386 466 576 739
7 138 164 323 352 456 923 956
101 105 115 143 170 233 357 373 404 540 773 949
76 132 221 260 286 419 593 688 916 925 987 990 996
217 247 301 400 404 429 481 795 918 926 967
941
130 253 296 500 538 560 561 603 604 631 677 700 795 798 905 915 952
28 55 61 75 135 140 150 262 280 337 470 490 518 585 586 655 658 689 694 710 803 828 845 939
18 27 44 53 75 78 80 106 167 220 221 268 278 307 313 315 342 344 385 406 412 436 447 449 478 505 514 515 521 565 588 601 614 626 641 667 685 711 744 798 813 853 912 916 932 958
64 81 129 152 260 273 276 335 355 378 495 506 523 648 699 805 813 835
64 155 300 400 452 454 544 687 704 942
62 76 92 110 169 189 464 482 541 554 564 694 779 806 825 968
41 150 154 246 254 269 277 389 397 427 589 633 675 753 766 802 839 962
238 702
58 70 82 213 518 527 558 617 657 714 746 765 770 803 860 890 970 972
84 148 225 257 407 423 433 441 477 480 490 578 614 622 630 687 946 980 999
152 911
573 634 901 959
92 142 420 479 480 499 512 634 651 762 814 833 865
27 158 173 449 459 494 598 685 747 753 816 851 932 975
120 212 229 291 450 603 770 775 866 914 940 962 998
63 110 175 331 368 482 497 520 558 640 776 864 903 958
24 48 79 94 119 233 272 316 321 327 339 343 401 438 442 461 484 550 557 587 612 637 654 668 715 737 808 828 864 870 877 896 903 905 913 951 996 1000
60 75 249 302 506 598 656 661 715 761 803 874 888 951 977 996
16 55 69 70 90 104 128 131 134 180 206 376 392 397 398 427 436 448 461 462 485 491 549 559 612 625 639 701 707 716 813 820 826 903 908 924 985 986 988
26 42 61 109 113 151 228 315 320 328 377 382 407 418 474 489 565 580 591 672 732 738 753 874 881 1000
35 36 48 79 99 248 261 369 393 401 412 533 538 660 678 757 801 895
79 380 527 826
9 36 43 56 90 98 101 136 145 155 194 221 226 258 263 284 304 313 319 326 340 345 354 360 396 413 449 452 471 472 476 479 495 498 500 509 517 518 535 536 543 546 548 565 590 595 614 616 631 639 640 644 645 647 663 666 684 687 689 699 709 719 737 757 777 790 797 804 809 815 816 838 840 860 873 880 901 918 925 930 961 988
469 571
36 94 95 163 247 255 348 403 411 419 441 443 467 468 480 533 566 581 587 602 607 631 730 751 794 921
5 58 99 142 149 242 244 317 332 385 411 417 454 501 590 591 612 615 628 633 741 743 747 756 778 807 834 837 845 872 912 922 977 978 986
15 140 227 245 724 839 964
156 189 507
81 450 473 476 517 555 671 961
337 735
136 164 245 261 304 318 330 414 455 567 592 611 659 669 690 760 792 821 837 855 870 952
31 88 102 171 174 206 255 275 308 358 369 462 473 498 535 701 715 778 846 905 975
27 98 111 207 217 301 324 332 355 370 382 422 425 667 668 788 855 914 942 993
71 168 205 323 407 509 548 780 788 974
229 280 453 771
299 385 410 416 712 740 832 930
8 17 34 85 96 135 194 198 294 305 360 371 437 478 515 622 705 710 721 745 750 805 834 844 883 944 952
86 101 169 259 282 301 423 482 645 648 672 707 729 735 745 774 781 796 904 943 951
32 88 109 162 322 326 395 420 466 528 581 584 613 615 665 676 697 699 796 801 814 872 949 961 994
66 155 228 246 269 341 397 428 480 493 528 538 589 678 732 760 763 783 948
87 119 574 751 811
34 78 227 239 242 294 302 307 383 416 417 438 472 520 614 615 670 710 716 761 831 934 963 965
98 128 136 148 167 296 377 403 404 435 436 450 497 525 614 684 709 766 782 806 811 860 977
992
53 853
9 58 440 642 686 698 761 825 957 997
157 164 284 295 346 376 389 431 435 457 461 484 599 651 656 744 747 825 866
494
12 44 62 64 94 102 111 116 119 165 175 224 260 339 361 386 389 396 455 457 465 486 493 507 521 570 588 620 633 652 702 746 858 883 890 898 931 1000
60 73 101 132 143 171 182 252 254 275 285 295 298 439 521 664 679 705 709 758 782 825 828 847 880 917
43 129 137 160 181 219 277 289 294 298 299 370 417 421 429 445 455 456 466 518 595 621 628 634 637 638 672 678 905 932 975
60 78 93 113 114 118 130 160 177 189 194 230 233 243 265 311 325 357 360 372 376 439 492 494 501 512 539 540 566 570 577 578 591 630 698 701 702 708 746 763 814 852 854 857 915 943 996
24 35 43 59 71 74 90 95 117 119 136 146 189 201 220 236 291 304 316 329 340 368 373 390 409 432 438 440 442 449 472 486 503 506 514 516 534 544 570 571 575 583 584 587 602 603 605 609 646 667 672 699 728 734 746 749 773 783 805 807 810 826 837 862 867 901 912 922 950 955 980 990 998
358 788 971
5 132 394 495 561 578 583 598 769 868 931 935
9 57 79 182 285 325 385 393 543 664 669 690 798 868 904 915 957 997
284 661 724
85 147 385 523 644 685 820 821 976
45 92 98 114 130 135 142 150 163 193 194 211 310 332 340 365 389 436 460 471 487 616 820 901 926 979 986
723 888
181 281 472 705
84 132 657
1 67 278 340 347 553 633 656 669 823 959
61 82 156 188 211 225 234 264 344 404 422 431 494 534 635 645 659 674 689 693 778 784 830 855 885 894 982
131 211 337
127 222 338 444 499
232 304 506 644
157 212 612 815
4 39 66 77 130 131 143 167 226 238 256 269 275 282 285 286 293 320 332 334 374 403 427 432 444 468 469 472 483 508 509 517 530 563 590 593 637 639 641 646 649 668 686 690 731 737 767 772 797 809 856 862 873 882 907 936 950 958 959 960 975 992 993 999
22 64 97 123 190 199 240 245 252 269 322 347 374 384 397 446 450 457 459 461 464 468 479 485 487 536 598 605 607 676 684 694 701 711 733 758 770 843 855 901 902 951 953 961
444 593 623 688
119 314 511 979
39 55 61 95 102 105 139 318 324 340 430 433 456 485 511 543 598 642 723 727 762 763 779 796 809 925
61 99 280 450 655 716 766 771 943
14 16 18 32 53 63 82 86 87 102 106 115 151 160 167 179 193 195 198 206 223 229 241 245 246 253 281 289 302 316 318 322 329 333 336 340 377 383 423 432 440 445 463 472 480 501 513 541 547 577 584 587 603 619 645 656 665 671 679 687 694 702 716 717 718 722 749 757 759 766 771 778 780 786 787 803 876 879 903 915 918 920 924 928 931 958 967
27 271 346 541 741 769 795 797 920 925 936
49 70 179 245 306 376 381 386 397 410 449 450 464 465 576 596 707 778 798 809 917 939 965 992 1000
118 318 370
26 101 576 718
273 298 301 311 375 384 448 531 587 723 735 898 927 935 982
45 360 746
144 173 175 408 427 449 525 563 578 598 724 733 802 808 994
23 69 85 87 101 102 142 143 156 172 177 218 222 240 276 277 301 353 370 377 411 417 455 525 540 607 665 727 749 771 786 837 840 867 875 877 908 939 942 947 948 956
30 156 158 402 420 580 609 659 733 742 751 795 853 889 927
145 350 358
5 23 31 32 38 41 84 87 105 132 149 154 159 162 166 169 172 181 183 188 191 192 209 215 240 248 261 265 289 291 303 305 327 338 339 347 375 379 384 392 398 399 403 407 413 427 451 470 473 491 503 511 514 520 522 526 541 550 559 582 589 612 615 635 642 643 648 657 665 682 688 699 707 709 713 714 717 720 733 763 794 809 823 843 849 850 857 859 874 888 890 897 905 920 934 947
11 59 135 179 204 244 264 280 283 305 391 399 478 500 586 670 706 724 769 773 778 782 849 891 943
81 364 430 465 628 779 806 811 860
82 212 312 382 442 545 644 655
33 83 151 163 273 315 366 373 430 556 566 616 782 833 845 871 911 967 975
322 327 411 597 653 777
99 118 143 154 177 182 197 202 207 224 248 265 269 296 312 324 341 359 362 383 387 398 461 464 493 543 560 614 636 725 756 768 831 856 857 868 875 891 950 961
19 33 45 46 61 80 83 92 102 103 110 112 137 145 160 164 172 183 207 224 227 271 275 314 329 418 436 438 440 448 478 505 509 513 540 564 592 594 608 619 648 686 719 721 731 773 782 801 826 851 873 876 898 922 933 967 991
132
3 4 173 206 290 338 357 386 396 436 530 545 586 605 616 691 731 759 784 800 835 841 884 894 897 900 925 954 995 997
1 2 37 59 81 137 174 215 242 252 255 262 303 305 313 356 367 377 405 424 441 470 473 479 502 527 572 576 596 605 629 633 669 674 677 690 699 704 709 713 716 810 829 830 896 908 918 955 997 1000
8 41 44 59 126 197 379 443 518 548 810 897
1 13 38 64 83 197 235 327 356 375 390 392 415 432 500 515 545 602 630 640 642 647 676 704 730 782 801 829 835 869 873 886 895 898 923 935 950 994 996
17 55 57 196 202 204 227 242 300 345 444 522 554 583 608 635 642 657 696 785 906
55 66 73 80 108 116 144 173 207 245 282 324 381 423 453 498 564 565 621 628 637 638 763 771 790 819 835 861 884 925 938 971 981
205 264 303 338 462 508 680 706 955 988
96 366 572 683 827 865 883
53 73 194 205 284 340 343 354 355 385 410 417 424 441 458 502 562 588 596 610 617 619 631 634 664 673 701 702 712 717 765 880 901 991 993
631
99 561 662 900
84 830 939
3 14 62 92 109 114 128 130 138 180 186 187 194 200 205 253 255 368 403 417 426 473 515 538 572 603 609 611 631 636 692 717 738 740 766 781 783 793 810 814 842 880 890 894 908 911 931 942
10 18 36 46 70 83 90 147 157 191 192 205 214 226 229 231 232 249 250 251 270 294 320 351 364 366 369 377 393 410 440 445 446 452 466 467 469 487 511 512 526 529 531 543 578 590 596 605 611 614 622 642 682 707 735 795 825 833 844 856 857 858 892 912 917 961 971
6 11 12 28 34 41 84 116 172 181 189 206 211 213 219 239 243 249 251 252 267 276 286 298 357 390 424 442 467 485 527 533 537 539 546 553 555 566 570 576 596 613 614 633 663 684 695 699 714 720 762 811 818 861 865 866 893 896 899 900 912 944 946 951 962 970 986 993
33 208 423 450 629 660 908 915 959
86 189 211 232 362 425 515 586 761 965
1 6 77 89 116 121 167 171 177 190 209 212 269 278 330 335 374 403 521 531 553 588 592 614 644 656 658 697 698 752 753 772 812 821 851 919 921 986 999
3 39 88 131 145 211 287 503 579 666 755 997
32 41 141 222 275 289 308 326 370 421 560 669 786 864 866 965 998
48 77 200 288 373 451 560 713 820 833 990
84 134 153 185 254 303 347 444 449 475 493 497 504 640 758 765 817 821 929 936 969 972
95 198 677
88 254 265 285 353 410 452 597 901 964
169 195 329 539 551 630 721 821 996
51 55 61 109 232 242 303 305 312 363 374 414 455 457 550 584 587 601 608 617 629 662 679 682 710 719 793 826 849 872 904 915
213 670
131 296 348 478 506 511 949
65 74 79 83 111 122 154 155 176 377 389 396 433 437 463 539 605 671 734 743 765 820 882 886 921 928 936 941 957 967
2 61 62 89 172 186 220 225 239 317 319 320 322 341 378 393 429 487 505 506 527 529 533 614 674 704 775 803 804 831 931
22 29 71 74 84 101 103 109 124 228 264 332 382 402 406 430 456 485 501 531 536 569 570 577 601 602 624 717 729 762 891 899 930 973 987 996
30 85 105 122 126 232 248 251 299 382 436 510 530 564 675 679 719 828 851 932 938 945
458 762 846 878
56 77 126 171 200 212 229 326 332 346 359 373 413 433 451 561 651 667 675 696 767 775 879 889 922 925 966
19 56 72 87 129 148 173 185 191 200 207 225 230 266 279 294 304 315 328 329 388 425 470 488 496 543 547 560 578 596 634 670 672 733 736 743 749 800 816 861 871 901 928 934 951 958 968 981 982 989 991
238 300 317 570
79 84 94 242 442 471 533 572 803 830
101 145 174 176 583 636 716 787
1 10 14 71 76 101 106 110 139 150 152 153 155 182 186 212 228 254 255 267 286 287 299 306 308 322 331 339 348 355 360 373 375 387 401 432 444 463 468 506 510 528 543 550 566 578 661 667 669 710 721 753 757 758 763 783 786 788 822 847 851 853 864 865 867 877 885 918 930 937 949 983 987 991 994
257 279 329 442 443 552 554 573 720 732 910 982 996
26 27 107 151 172 203 211 216 232 234 310 370 461 486 636 647 853
54 67 81 143 208 212 220 225 281 296 341 352 375 446 557 559 603 649 737 750 854 908 912 977
92 118 256 359 412 419 506 630 844
191 364 541 683 701 727 739 746 777 911 914 918 934 977 986 990
790
1 7 165 243 267 317 350 352 379 636 711 777 791 866 996
18 36 72 119 244 246 287 334 452 488 509 537 680 693 777 782 885 943 990
155 216 345 418 469 506 561 656 781
5 111 125 162 394 650 706 751 786 789 898
6 14 58 166 209 261 284 315 387 412 423 433 488 586 627 629 636 639 687 722 744 798
10 47 58 120 124 134 143 162 217 225 234 249 283 287 329 382 402 403 462 559 578 617 645 694 763 829 834 882 889 902 909 962 993
125 170 227 232 294 364 387 390 444 472 501 518 543 605 609 623 653 686 688 700 733 773 882 884 933 950 971
53 150 179 255 290 317 321 394 436 437 461 496 509 511 541 548 620 626 637 640 642 665 683 708 763 772 804 818 825 835 874 898 904 947 968 973 977
97 114 271 347 673 683 769 814 855 860 861 974
321 459 582 613 721 811
16 19 20 22 51 65 80 114 151 158 221 242 333 379 451 470 475 478 482 555 580 608 627 764 787 800 803 829 839 841 842 850 919 971
4 5 14 50 74 179 181 196 197 209 250 276 329 389 506 510 568 607 614 641 647 684 692 705 754 756 792 823 892 906
35 42 67 84 94 150 187 190 216 299 325 328 420 473 476 494 505 517 528 589 597 627 735 754 765 795 798 818 825 888 931
1 3 8 20 179 195 204 260 309 417 438 502 550 677 757 830 919 953 972
17 80 85 107 114 171 233 247 265 274 329 422 532 542 555 799 879 905 911 965 972
461 600
17 150 191 226 337 439 559 593 659 847 960
47 96 116 182 212 216 309 320 346 432 436 472 477 498 639 675 720 730 760 791 819 854 873 877 966 967
154
201 271 642
104 124 126 146 152 272 275 277 334 426 434 435 455 497 568 618 674 706 747 772 802 804 834 888 909 912 970
5 26 39 61 66 69 84 117 130 131 137 144 171 198 199 209 212 216 218 229 236 248 253 255 258 283 290 295 306 313 330 331 365 366 375 382 383 389 395 399 401 414 504 533 536 547 565 577 588 590 591 609 615 646 647 651 656 681 689 693 719 738 772 806 816 817 824 830 831 833 836 848 850 853 930 935 943 945 948 950 968 972
977
74 115 141 190 329 332 351 449 483 506 537 541 624 659 696 782 790 799 893 937 963 965 972
78 109 204 248 274 521 539 573 596 659 722 758 794 817 934 986
24 62 100 112 124 134 142 143 179 207 240 288 306 317 328 364 379 382 394 405 424 477 500 511 527 554 559 566 574 622 638 639 691 697 711 714 733 734 749 758 772 785 790 793 808 819 848 881 884 895 909 977 983 990
7 27 36 40 65 120 130 151 241 262 276 303 318 353 377 471 472 519 649 711 782 785 838 916 954 971 979
29 108 128 143 170 176 191 223 231 261 266 318 419 470 499 574 590 622 693 698 704 815 877 934 937 938 940 986
78 310 658 711 795 867
28 124 270 368 474 480 547 578 692 797 999
24 933
80 204 209 284 357 481 496 570 621 756 795 811 961 998
11 22 38 93 106 115 120 131 135 193 204 232 261 300 306 313 340 347 384 406 424 435 484 522 588 616 630 646 675 685 709 722 730 732 740 742 778 782 811 819 832 833 854 857 865 911 927 947 963 981
657
284 393 512 535 737 863 918
141 196 276 332 385 392 508 511 594 684 720
5 11 54 55 118 121 157 199 206 208 246 250 253 287 305 308 315 341 369 419 421 454 464 465 488 499 519 522 533 594 607 649 669 671 701 713 721 780 782 787 815 837 849 862 878 929 940 943 973 991
26 224 298 340 377 549 552 734 785 892 937
186
83 167 201 266 298 304 461 498 525 540 637 646 658 667 728 798 849 851 902 903 918 937 953 956
17 20 31 34 54 81 119 139 154 170 241 302 338 344 357 389 411 419 556 562 605 660 702 764 815 887 899 912 959 979
10 72 78 146 158 171 239 255 275 286 310 320 325 326 349 381 399 400 410 435 439 489 490 502 556 577 581 585 589 610 614 621 622 647 651 659 662 674 691 698 708 717 724 725 769 807 913 928 986
64 135 139 156 197 306 319 371 392 413 417 441 489 515 605 618 647 663 744 797 835 836 896 908 992 999
298 326 584
27 29 39 53 55 86 95 103 116 158 206 217 226 232 247 306 307 351 357 374 385 427 432 449 452 476 477 534 559 564 568 572 586 692 693 709 742 748 755 776 814 838 885 931 936 959 990
8 45 72 186 200 251 260 291 298 402 459 514 546 605 626 666 744 751 837 892 931 935 940 942 999
60 93 98 125 176 181 186 235 263 266 268 273 298 313 361 434 522 555 559 608 612 635 670 722 724 744 759 814 817 830 868 891 901
352 514 665 757
124 643
34 103 148 169 186 207 241 314 407 448 455 477 491 539 550 552 580 603 686 724 741 743 756 914 949 982
696
366 592 746
423
30 214 356 385 528 541 574 745 776 934
49 54 62 76 81 119 128 129 149 167 169 176 194 212 218 220 236 252 255 261 263 319 340 351 356 366 410 413 416 419 426 434 439 446 453 455 491 513 515 524 543 550 562 594 602 606 624 628 634 637 645 653 654 658 665 715 750 780 813 821 841 849 853 884 904 909 913 914 918 949 963 979 988 989 993
18 20 25 26 34 44 53 54 59 67 77 100 111 153 157 166 172 209 213 225 253 263 268 272 277 309 312 330 336 338 346 350 373 375 418 440 444 456 458 492 508 551 556 609 622 624 633 642 674 675 677 681 688 690 699 701 704 727 757 772 819 826 831 834 844 847 856 862 870 909 975 998
49 157 215 250 254 264 276 292 307 326 390 406 410 438 447 448 468 471 484 488 505 533 534 557 563 569 588 627 660 713 716 788 796 861 891 990
113 185 192 277 308 351 363 405 424 468 502 545 690 791 806 827 881 903 959 967 982 987
62 66 76 98 103 140 239 266 268 352 438 440 484 496 503 512 577 596 610 623 628 630 669 670 722 728 798 861 898 940 947 971 972 997
204 212 309 615 678 689 880
2 73 97 131 288 346 392 395 421 429 435 443 462 511 569 595 632 635 646 671 680 683 686 707 738 797 798 835 836 863 891 932 938 939 950 963 984 992
1 232 250 260 263 273 293 351 377 382 399 435 451 459 468 483 609 624 714 790 804 834 886 932 952 958
133 180 187 229 390 408 492 636 825 896 923 966 981 995
11 215 238 262 265 271 283 361 378 402 406 629 637 655 826 848 869 893 896 907 913
195 986
10 58 317 326 416 526 610 661 670 964
2 6 32 44 67 76 136 137 196 223 239 252 271 273 345 351 371 377 413 483 507 510 512 557 613 672 732 735 739 768 783 814 829 867 873 922 925 933 998
25 156 287 295 305 315 339 376 578 626 691 693 721 799 944 996
5 21 51 69 95 160 195 200 268 295 305 327 334 357 362 380 384 465 489 505 550 589 637 689 713 714 836 837 901 906 907 922 924 973 985 989 991
8 32 48 60 75 120 122 127 138 144 163 177 180 183 229 230 239 242 244 249 266 275 285 313 346 382 400 432 451 468 475 479 483 504 530 534 574 617 618 626 641 657 666 685 703 705 706 713 714 729 810 817 825 827 831 838 890 916 924 956 964 966
12 77 202 383 385 388 402 462 534 666 704 729 750
9 40 43 50 160 178 217 223 258 290 337 379 382 392 452 514 604 649 704 737 780 813 865 888 898 931 994
6 33 67 198 212 262 287 347 364 380 421 427 440 447 482 484 516 517 519 564 567 633 695 748 804 874 878 888 905 947
46 62 84 112 144 232 307 336 349 397 501 508 658 720 915 917
2 95 125 289 516 547 571 637 668 772 795 858 946
75 122 443 522 846
96
3 109 147 162 250 353 390 396 409 417 428 476 522 542 565 588 590 601 631 696 700 780 854 863 919 920 975 987 999
5 22 25 34 39 45 109 110 118 152 167 178 207 217 232 254 256 287 321 322 420 428 431 453 460 461 475 519 533 541 568 642 643 708 716 764 765 769 797 799 822 848 855 974 994
96 936
398 793 983
588 690 693 838 985
57 100 203 233 285 317 367 502 531 599 684 783 896 912
657
418 576 956
6 26 69 90 91 178 185 219 237 248 259 290 291 327 332 372 378 387 438 483 518 521 526 539 544 555 592 594 597 602 663 666 684 725 730 739 760 763 774 777 793 803 809 891 893 918 947
379 919
353 681 854 869
32 43 104 137 146 160 171 195 201 202 232 236 238 261 298 359 369 372 424 427 449 467 515 518 540 599 671 708 719 749 792 795 814 837 860 894 897 916 968 973 1000
95 513 622
128 168 234 250 399 409 432 518 881 901 967 979
887
125 136 154 248 304 354 396 454 488 523 532 668 693 785 824 873 888 989
190 209 450 520 582 733 736 744 764
590 782
29 56 118 517 572 579 588 593 679 707 733 734 919 941 943
4 137 431 440 484 535 547 549 597 735 765 816 833 855 896
111 145 239 273 311 375 376 420 434 452 495 519 533 781 807 886 893 900 958 968
8 76 177 225 283 307 451 491 533 557 617 916 984 988
117 167 356 976
53 67 348 405 420 458 466 475 566 701 968
332 361 582 596 835
856
20 51 73 98 189 351 370 511 740 811
221 300 334 471 480 506 567 685 700 993
18 339 354 417 419 428 470 829 876 899 914 974
70 91 115 283 342 354 399 430 456 472 589 599 627 685 688 693 737 748 854 893 973
49 150 163 291 365 545 550 648 795 805
2 165 252 381 439 443 445 475 487 512 564 663 780 799 847 908
49 54 70 155 156 159 202 220 225 229 300 351 361 391 410 411 425 449 468 510 531 578 594 601 606 615 649 712 771 777 807 861 874 946 979 987 997
6 90 354 562 827
70 145 421 812 948
25 97 129 366 474 577 816 981
108 116 308 323 809
46 49 75 77 134 145 250 314 363 380 452 471 481 482 533 566 576 591 618 720 728 782 812 813 814 916 937 963 966
29 84 94 115 207 334 458 468 474 543 592 666 737 761 765 771 830 857 864 891 965 985
1 25 40 165 172 200 256 257 261 277 284 302 308 312 326 368 371 393 402 425 475 485 514 526 533 554 570 588 631 644 685 692 705 711 716 724 741 762 790 794 816 843 870 890 898 908 916 927 942 946 966
16 84 257 304 309 337 377 427 449 464 494 498 532 583 713 739 774 797 831 864 901 981 990
6 16 261 278 301 303 335 385 515 556 619 622 642 706 714 731 773 775 898 927 969 984 994
22 69 105 139 156 284 324 345 452 461 468 506 507 520 596 622 783 809 910 939
57 171 206 299 331 472 500 522 554 585 605 645 680 795 801 805 875 889 891 956
91 168 175 220 259 287 387 413 456 463 553 646 761 798 811 899 916 963 970 979
69 245 283 324 336 492 562 600 623 642 690 705 845 892 900 914
312
294
36 78 86 125 192 198 216 309 331 404 491 536 555 602 725 734 841 985
9 77 87 121 186 296 331 357 456 508 567 620 656 721 768 924
5 6 115 417 426 459 490 510 834 914
38 40 110 153 252 364 383 392 529 563 566 589 641 683 704 823 824 828 891 896 918 957 976
36 99 240 473 595 901 906
571
23 75 82 109 123 156 172 176 183 193 245 303 344 361 386 402 404 416 418 441 478 496 514 543 559 566 577 675 698 715 804 888 947 984
10 19 28 61 70 80 89 140 147 156 192 213 224 233 248 255 267 286 299 305 318 321 324 329 352 359 363 369 370 378 380 381 412 415 441 443 472 474 488 492 526 529 532 555 566 592 640 668 686 704 721 722 727 733 734 740 757 758 799 816 822 852 853 864 874 882 901 915 944 967 971 981
61 71 76 115 126 184 212 223 308 328 333 343 367 389 392 427 488 505 556 626 628 632 643 654 663 708 716 730 800 804 820 827 831 856 906 939 947 976
82 859 957
3 14 17 20 52 54 89 93 99 105 106 116 133 134 139 177 192 201 221 231 232 294 297 315 322 324 327 329 334 356 362 372 394 424 444 467 506 516 517 520 523 526 528 535 539 541 547 549 554 580 585 604 614 645 689 707 721 725 727 734 742 761 762 764 783 785 793 821 823 829 854 879 889 892 893 902 910 911 922 933 941 957 967 972 992
21 42 76 92 135 169 173 189 209 214 229 231 241 278 285 291 309 310 312 322 407 438 440 446 457 496 502 523 526 575 585 613 636 644 668 696 708 761 812 843 864 942 955 976
92 194 200 254 260 269 359 410 424 495 501 542 636 650 665 927 937 944 956 998
102 105 107 159 189 299 304 352 377 400 436 438 441 456 485 595 602 696 786 809
60 718 923
110 292 366 961
131 279 402 810
7 29 92 158 165 194 232 244 278 300 325 358 363 420 450 537 560 608 690 832 922 949 994 997
216 486 519 525 667 853
18 82 101 109 127 139 191 302 434 533 561 705 746 804 812 943
18 20 21 40 46 52 58 66 89 97 121 144 161 195 229 246 248 282 300 321 329 335 363 394 410 425 438 470 473 500 504 508 516 522 530 547 551 586 587 600 627 645 669 688 702 708 723 737 738 744 754 777 786 798 819 851 863 866 888 896 900 903 922 923 946 961 983 994 999
14 44 51 59 70 76 85 93 98 99 114 117 123 139 151 152 182 193 244 290 319 362 386 416 423 428 444 452 456 464 497 529 534 535 538 553 557 561 563 590 661 688 727 736 749 798 806 808 823 831 832 847 868 876 915 930 951 956
6 74 78 103 112 113 140 191 213 216 229 262 344 405 455 581 588 594 607 626 655 668 680 743 748 819 844 908 938
910
4 22 58 73 74 97 104 130 144 220 228 234 243 342 352 359 373 375 376 380 420 460 477 492 495 513 520 557 579 614 632 637 642 650 680 700 723 743 784 816 837 844 852 857 883 904 905 919 980 1000
227
945
132 416 932 944
25 35 36 117 149 186 195 316 336 362 429 431 477 504 510 547 589 631 677 733 739 768 792 892 902 931 1000
30 68 108 136 148 157 180 188 198 242 288 332 359 367 392 456 471 481 490 554 570 575 589 606 611 631 678 682 686 708 720 767 777 848 850 864 909 946 962 979
7 68 72 85 211 220 285 385 505 508 567 611 655 662 712 796 835 862 874 944 971
157 216 268 502 749
21 25 113 196 277 428 515 551 591 614 653 710 743 755 790 794 816 818 827 839 871
63 235 256 441 659 951
77 81 167 223 297 337 420 456 479 542 578 751 806 869 966
174 307 383 384 611 615 789 924
14 32 98 101 130 137 190 198 266 289 327 341 345 369 398 404 409 410 475 479 488 501 512 531 544 580 584 610 615 616 620 706 718 736 747 775 780 816 877 883 924 934 938 966
140 292 402 488 571 889 973 985
123 145 149 163 362 453 582 665 672 691 737 744 748 819 862 888 952
59 179 256 293 355 388 422 448 469 627 668 689 732 989
26 71 168 172 194 201 279 294 332 337 420 437 439 491 496 519 561 605 611 715 736 741 763 784 805 840 862 890 904 918 923 930 947 949 957
31 32 34 124 134 194 258 321 357 370 584 620 734 846 847 862 969 971
273 406 428 435 733 749 863 942
36 60 87 112 114 177 180 201 219 298 326 353 379 380 429 450 474 495 516 530 544 561 572 644 653 680 787 818 833 870 884 913 915 916 921 966
69 172 173 191 270 321 336 423 442 539 638 651 671 676 726 778 779 788 826 836 885 902 920 987
355
25 120 128 255 315 464 493 576 821 849 853 862 969
15 59 66 137 138 162 205 225 339 341 467 480 540 658 733 779 818 837 859 912 913 992
1 16 55 134 144 148 171 216 245 327 398 974 989 992
6 60 68 84 89 105 123 143 185 187 233 236 262 304 326 340 370 385 396 409 503 558 585 591 642 646 695 698 732 742 746 770 787 871 897 943 949 972
935
31 65 85 110 184 227 236 302 308 311 351 427 507 543 549 576 598 708 718 801 823 943
11 90 94 169 215 239 254 287 316 470 474 572 597 682 852 986
70 111 114 128 166 186 192 240 254 316 321 334 351 353 392 402 433 445 450 453 455 493 567 595 615 618 674 680 730 792 810 811 817 821 832 848 851 853 890 961 978 982
959
15 21 22 42 48 122 133 141 151 179 222 271 292 352 364 375 422 443 444 482 558 571 587 598 621 622 677 703 727 774 783 837 882 902 923 940 947 993
55 164 197 254 282 466 484 542 745 787 809 831 867 884 947 993
37 111 174 231 268 287 294 360 401 454 484 528 605 652 676 679 718 745 751 852 860 950 971
13 92 116 168 269 408 637 676 951 997
12 16 82 143 188 199 243 266 290 307 350 479 487 501 512 545 551 556 558 585 611 658 718 835 891 898 926 935 941 943 947 967
98 224 232 257 377 489 662 738 844 913 937 993
36 48 128 132 217 222 253 286 303 306 422 429 471 485 491 514 517 525 620 653 663 708 716 743 747 750 753 760 769 780 827 829 853 871 916 933 954 984 990
1 4 55 295 397 486
23 57 88 92 119 124 128 174 254 300 319 322 354 366 380 417 486 505 512 519 552 623 628 631 646 689 808 810 835 849 852 872 899 937
4 6 12 16 33 36 41 63 65 73 79 100 103 107 127 128 133 135 151 168 172 197 208 210 211 220 235 237 250 253 267 268 272 276 277 279 282 284 288 290 317 333 347 368 373 380 385 386 387 398 406 411 419 424 426 447 449 456 462 493 494 509 539 549 572 583 596 605 608 611 613 614 620 622 632 636 671 682 692 700 711 731 740 742 795 797 801 807 808 815 837 842 852 858 869 879 886 893 896 911 917 920 924 931 935 937 939 948 961 976 994 996
611
2 54 342 707 776
33 67 163 400 404 645 696 855 885
51 174 183 188 192 209 303 332 397 510 526 540 599 728 868 944 969
12 41 45 71 120 134 154 161 180 223 236 254 273 287 297 336 343 363 395 411 414 432 433 453 459 492 495 501 566 568 569 623 685 691 703 706 707 709 720 730 742 783 795 822 856 859 868 906 953 990
1 61 144 162 290 357 602 664 986
12 46 90 101 142 216 242 244 249 302 373 401 405 437 446 452 455 459 501 510 513 527 545 567 573 601 635 690 714 718 773 794 825 834 863 869 896 984
12 17 193 208 262 407 660 676 741
237 244 356 526 647
15 25 39 44 67 73 96 108 173 177 206 209 217 317 348 351 360 387 396 421 471 545 573 625 668 714 715 716 717 727 735 781 831 920
57 179 223 530
35 36 190 199 208 228 253 277 285 291 323 325 486 499 547 572 588 630 641 646 668 717 837 957 982
146 607
47 99 344 437 648
132 152
100 209 236 239 307 366 554 941
99 147 248 373 413 414 470 582 634 646 755 911
847
12 26 39 54 81 83 89 120 138 143 166 167 171 222 240 252 277 278 292 316 326 330 337 346 347 372 397 398 401 449 454 457 461 478 508 519 547 560 562 565 589 590 600 603 610 630 650 653 658 681 688 762 800 803 818 820 861 903 927 958 986
8 17 18 28 38 39 41 60 73 78 85 96 105 108 114 121 122 128 130 132 136 147 154 155 156 166 169 193 196 203 207 215 218 230 241 248 253 260 276 277 281 296 302 312 315 331 337 345 381 382 403 405 409 413 418 419 436 439 445 452 464 488 494 502 505 518 535 543 544 557 564 595 607 619 628 648 650 654 656 657 678 682 690 695 701 703 704 737 768 772 778 781 809 814 818 825 852 866 870 886 888 918 937 947 949 954 957 977 994 999
75 136 524
11 40 44 46 48 71 75 86 94 95 105 113 114 149 180 218 224 232 250 280 327 329 338 344 358 376 377 385 387 395 399 414 416 428 429 471 489 493 509 530 554 568 580 591 596 606 628 629 632 636 649 654 678 680 706 740 746 759 762 764 786 802 818 836 837 845 851 852 863 866 870 904 984 989
15 74 120 131 140 171 194 215 249 260 265 318 381 420 435 495 525 542 573 576 586 627 640 679 716 728 732 749 785 832 851 964 977
3 6 21 29 48 64 66 115 119 193 225 257 264 272 331 335 359 443 548 579 634 665 682 729 756 765 769 777 819 821 828 856 877 897 926 956
9 12 19 29 56 65 122 145 171 185 286 315 338 385 413 424 440 459 478 521 562 571 604 608 614 623 660 685 688 716 753 764 775 818 827 922 925 955 989
69 93 187 495 760 796
9 26 38 69 77 81 104 111 113 122 145 146 166 167 232 239 247 249 289 310 369 379 400 407 412 416 417 430 518 526 527 528 535 585 596 604 605 645 647 649 661 677 693 720 727 783 788 802 804 808 816 851 861 885 952 973 988 994
5 10 48 57 169 215 218 261 292 308 338 340 343 371 402 465 484 490 533 604 622 630 639 661 679 692 734 741 775 776 785 798 826 839 887 921 931
150 519 739 893 990
634
31 58 69 114 207 236 240 261 306 338 459 617 690 731 784 868 948 966
55 56 66 93 185 260 346 445 506 727 771 822 849 900 903 997
13 109 128 142 154 179 236 277 298 338 378 399 542 595 622 691 693 716 733 746 750 756 762 806 946 952 976
219 235 295 321 368 392 422 604 710 726 771 814 836 976
197 230 480 569 747 930 992
1 45 108 115 193 281 306 405 419 486 647 714 769 773 817 825 872
3 54 59 543 772
195 292 359 439 444 647 936
38 43 45 89 101 103 121 167 184 213 254 266 278 293 321 347 348 352 369 371 394 456 457 461 471 494 503 566 580 586 632 676 687 695 708 731 756 786 809 825 826 827 830 831 867 868 900 925 928
144 350 748 906
66 68 78 83 95 146 242 344 382 429 492 522 551 558 669 747 768 980 986
10 52 139 171 272 315 319 321 327 340 346 439 449 485 608 635 692 772 810 817 852 862 927 970 971
368 560 918
767 838
10 56 89 104 119 166 265 283 289 302 320 326 362 366 370 400 492 495 501 532 543 571 591 617 621 833 834 849 882 931 955 975 977
8 10 328 330 391 402 405 415 449 473 588 827 851 963
303 667 734 853 899 985
13 83 92 107 110 133 209 242 261 327 332 363 366 369 377 399 429 433 436 484 503 529 532 538 541 542 559 566 571 574 577 604 619 624 638 673 678 683 693 708 711 749 795 860 940 957 968 984
63 83 99 146 161 230 356 362 387 454 479 504 528 582 728 779 801 888
38 61 131 346 408 439 453 475 615 656 665 682 742 846 862 886 965
47 72 83 102 106 129 160 175 188 205 229 253 290 293 342 412 464 486 543 635 647 667 710 735 766 858 898 914 964
2 80 114 173 200 212 300 376 481 558 628 756 830 847 963 977
200 226 257 373 402 482 590 686 734 814 856 920 933 981
46 48 94 106 147 159 181 187 195 257 270 271 341 425 462 476 493 554 555 632 672 725 767 768 774 780 809 847 875 923 949 964 971
19 103 638 733 874
7 34 89 94 106 132 136 281 291 348 445 446 531 543 630 753 773 806 859 901 907
2 104 149 178 193 194 234 279 283 302 389 469 492 508 512 533 583 638 738 795 899 911
9 22 25 59 96 98 147 215 222 269 442 456 526 533 579 761 803 855 984
99 166 236 261 278 348 426 589 606 711 716 881 892 911 988 994
109 124 129 193 234 266 270 280 290 295 319 372 411 484 492 584 761 783 827 838 843 860 882 914 957
18 198 854
36 44 222 271 383 434 556 560 680 682 806 871 911 934 971 981 999
292 534 581 589 682 813 944 969
211 240 259 287 328 332 376 385 418 420 424 486 521 578 721 726 743 755 768 859 906 934 961 976
42 44 48 79 84 112 160 178 204 229 230 261 274 411 436 515 526 565 650 707 739 831 868 942 966
95 191 247 260 266 312 332 383 453 470 509 595 612 625 669 678 894 948 989
13 33 102 292 436 469 482 506 617 629 639 696 786 847 869
4 21 37 39 41 121 125 128 236 340 411 465 505 522 581 591 647 648 668 718 734 800 837 872 927 935 947 954 977
100 146 235 316 451 531 618 624 628 763 767 789 858
51 111 390 564 942
184 204 215 291 398 400 459 673 686 782
355 370 854
60 142 378 549 567 604
514
67 128 148 205 258 322 452 475 488 505 665 671 679 683 699 701 708 739 752 894 906 954 981 983
53 59 87 91 113 151 215 223 237 369 405 420 488 506 572 612 617 631 648 735 808 815 854 933 964 994 998
394 440
613 839 905
13 235 633 653 845 988
87 221 245 431 883
626
147 172 180 300 326 375 440 443 604 615 636 638 647 707 828 841 868 971 989
103 321 325 342 390 422 505 713 718 873
32 62 122 139 154 164 168 213 245 257 260 322 331 336 343 364 375 410 524 542 545 588 600 612 613 658 674 690 722 733 735 779 790 794 837 855 885 888 908 928 949
35 45 61 64 103 108 119 150 164 172 195 199 221 241 246 259 261 280 282 317 319 322 324 328 335 411 418 439 457 479 493 495 518 557 561 566 600 627 652 666 667 694 736 748 792 818 822 890 905 920 927 959
62 208 327 349 351 439 672 723 801 813 964 991
44 353 408 410 905
792
847
440 464 491 550 622 633 812
19 104 185 205 335 353 361 429 431 445 492 508 660 664 731 757 849 876 921 945 989
63 202 227 249 313 404 431 467 479 480 533 544 617 724 829 857 878 887 892 902 931 951 967
21 48 51 57 60 114 123 136 146 192 294 302 319 345 367 392 435 453 474 528 530 532 556 560 567 578 595 599 602 637 640 658 671 676 679 682 713 760 763 790 800 804 814 816 823 824 828 833 835 840 882 902 908 909 917 946 958 984
32 74 101 103 116 138 139 165 185 217 295 333 365 373 390 398 437 439 447 449 466 502 598 607 616 640 648 668 684 694 723 865 889 902 930 931 933 936 965 995 997
312 707 880 944
24 56 87 90 104 110 114 174 205 241 249 275 318 323 382 506 510 524 532 551 628 657 735 800 857 887
30 212 614 621 964
141 320
138 325 415 840 956 960
74 93 229 354 606 956
20 30 88 133 174 184 342 357 358 398 463 601 642 645 655 668 690 749 771 794 809 812 828 870 891 926
4 24 25 37 50 52 65 100 143 144 164 194 209 222 243 245 263 268 283 298 299 303 319 333 338 356 362 363 368 373 374 385 388 431 469 495 498 509 525 528 546 548 551 559 562 576 590 592 606 607 621 622 624 641 665 669 704 707 726 742 747 751 759 792 816 821 840 846 853 878 880 891 893 925 926 931 986
11 290 306 452 548
399 596 822
42 242 271 291 355 373 414 614 697 727 731 760 870 894 937 964 965 970
85 162 468 984
111 122 126 189 195 221 222 303 814 932
31 43 169 217 299 321 341 485 513 563 638 739 763 775 784 863 928 933 997 1000
33 328 330 359 776
24 35 44 49 60 63 133 156 205 207 235 246 254 305 308 334 350 372 387 394 412 420 444 475 476 478 488 512 525 526 538 559 578 582 590 595 601 624 634 651 669 676 716 729 731 750 754 755 776 790 805 808 818 832 839 851 868 881 900 901 914 925 932 949 971 982 986 987 999
35 52 487
712
8 162 167 182 187 236 258 324 388 475 498 515 590 611 616 649 672 674 680 685 701 797 823 830 845 881 890 896 916 975
3 28 67 140 185 264 279 299 314 402 480 483 503 554 572 591 594 595 629 670 722 815 818 859 928 952 953 978 981
1 16 157 161 284 519 546 616 673 698 717 729 767 819 903 993
297 426 807
753
16 37 45 68 99 113 127 192 215 285 319 352 397 418 423 426 504 570 597 604 611 641 642 726 765 777 805 842 877 918 947 983 984
2 16 33 39 57 85 95 153 158 177 222 223 264 387 416 433 440 456 531 553 569 595 643 691 722 745 825 841 883 891 896 964 986
27 47 93 120 121 135 140 156 222 226 279 368 424 477 488 504 547 600 731 735 856 875 914 918 929 956 972 998
102 191 224 357 400 428 436 474 507 653 664 717 719
11 33 85 127 131 152 185 259 263 353 393 448 449 473 662 690 789 832 919 997
8 129 187 246 446 449 480 579 644 703 752 760 765 786 915 926
10 25 36 49 57 71 92 121 123 163 166 218 251 263 264 269 278 287 297 314 322 324 330 341 360 361 386 405 424 431 445 462 472 483 503 506 507 516 542 560 562 574 602 605 609 615 617 632 637 662 686 715 766 768 809 834 868 887 890 911 988
169 203 249 397 606 784 833 866
33 164 308 334 475 488 516 531 648 671 683 723 753 754 764 834 866 915 976
46 98 137 143 169 239 242 250 264 312 325 375 383 398 458 488 631 649 721 735 781 809 873 893 906 911 950 952
368 765
37 56 96 248 332 356 376 398 414 481 559 563 686 831 884 934
273
105 191 262 302 365 474 487 495 504 523 536 555 633 657 662 684 687 756 834 841
27 548 957
86 120 132 171 182 256 260 311 325 365 377 486 508 622 731 758 766 857 882 957
73 136 152 215 223 334 337 348 384 389 410 449 468 519 532 544 570 580 585 634 702 717 735 740 768 777 793 862 866 960 970 971
25 28 45 84 140 158 197 203 242 270 271 273 275 290 302 368 425 440 447 458 480 523 551 567 579 584 599 605 612 625 774 817 862 900 901 938 954 968
224 673 808 862
204 500 506 554 613 665 965 972
66 76 375 383 565 749 756 825 910 949 978
1 14 15 16 18 22 27 31 32 33 38 42 44 48 62 63 64 68 73 76 87 94 102 109 116 120 129 136 142 143 149 163 166 167 185 188 192 197 202 207 208 212 213 218 225 228 246 249 264 266 273 282 285 295 306 307 314 315 316 318 320 321 323 345 348 361 362 363 382 385 392 397 413 419 434 444 449 456 469 478 490 492 503 509 522 525 533 552 554 564 568 570 571 580 597 599 600 604 612 617 619 622 640 649 657 669 673 675 701 705 719 725 731 736 737 742 746 759 766 770 773 775 782 793 803 804 811 815 819 826 829 838 841 846 847 851 852 862 864 869 874 882 897 899 905 908 914 935 938 953 973 985 990 996 999
75 106 117 122 143 170 223 226 264 270 302 352 367 408 540 636 652 690 749 781 797 811 921 959 973
210 373 429 570 918 972
80 85 121 130 196 237 254 424 425 455 462 691 725 741 761 862 875 941 986
15 45 99 127 183 366 403 441 490 525 599 843 887 975
13 126 140 186 203 257 316 529 678 685 716 744 771 829 830 884 931 977
980
14 34 73 123 128 132 220 237 317 328 346 349 420 435 458 484 495 517 562 573 589 606 614 635 637 666 678 685 723 732 734 764 787 804 825 843 850 892 909 918 931 970 987
155 173 312 370 411 987
8 71 84 121 125 138 149 151 164 179 214 248 277 325 337 351 370 396 415 425 445 447 458 471 472 483 492 508 530 540 556 605 636 643 682 718 738 754 762 816 845 907 931 942
251 279 311 335 360 382 498 499 524 595 661 666 749 789 868 977 1000
15 28 60 154 172 199 330 379 407 495 599 607 621 675 681 686 699 713 729 733 735 778 840 861 923 927 930 954 993 999
116 121 134 225 228 684 897
106 987
308 995
26 28 162 245 300 324 486 489 508 561 719 807 811 856 857 893 916 925 949
119 165 204 417 458 483 561 706 714 826 849 905 993 994
16 21 46 53 54 63 64 65 83 87 88 97 113 118 125 134 137 148 152 159 166 171 191 195 199 204 212 240 248 256 260 287 289 291 296 308 312 333 335 340 367 370 385 390 405 442 449 471 477 482 502 531 544 547 559 564 589 608 615 628 655 660 677 681 689 698 731 752 756 763 792 827 834 841 844 854 863 869 894 934 947 953 956 963 964 965 976
773
216 617 679 758 765 783 896 910 970
1 20 35 82 95 101 103 111 126 133 185 188 191 219 225 245 294 296 300 350 354 400 413 423 605 611 666 696 704 730 742 763 822 833 836 893 908 926 931 958 970 998
742
897
464
1 140 155 215 249 433 656 848
234 263 555
522 606
18 31 52 65 67 68 104 126 154 171 174 177 192 205 210 264 284 294 299 300 302 327 332 362 371 385 394 423 432 437 443 452 453 454 477 478 486 490 502 516 524 602 607 614 616 619 625 634 643 645 646 652 661 669 683 710 716 745 762 770 771 797 809 823 843 924 934 942 944 958
88 168 196 514 605 729 765 768 807 821 950
5 9 15 39 45 56 89 103 107 132 179 251 264 265 399 423 482 576 588 591 599 609 615 620 650 675 683 686 704 725 759 773 814 823 835 839 885 940 954 975 976 996 998
17 44 58 146 199 266 293 331 335 343 405 466 497 513 643 707 723 846 919 936 982
133 204 205 385 485 729 941
4 74 112 168 176 237 279 322 335 340 358 469 590 607 631 638 703 733 742 782 850 876 881 909 913 939 994
106 123 178 224 240 267 294 310 333 354 453 468 474 518 532 612 776 808 865 937
24 29 63 97 103 110 252 283 346 389 397 417 459 501 522 532 555 599 672 769 792 852 854 870 894 937 948 955
131 424 616 810 982
619 650 760 787 794 890
9 29 117 203 215 259 281 430 437 510 514 547 603 604 704 722 739 793 796 828 953 956
37 57 145 220 846
61 79 101 521 649 873 875 884 948
119
18 37 44 60 113 132 319 365 517 537 558 740 760 846 971
150 214 407 476 537 781
94 99 344 377 458 480 491 523 581 584 695 728 768 875 906 971 1000
23 57 73 140 152 163 175 177 326 337 347 365 576 583 604 639 659 663 706 707 718 724 744 810 851 861 903 909
17 45 56 62 64 83 108 139 220 252 262 287 291 298 308 351 365 366 405 422 430 434 519 528 542 566 570 579 590 592 597 598 601 642 688 701 758 759 790 816 826 837 840 849 852 860 861 889 895 907 915 924 926 940 941 948 956 971 976 987
47 97 100 104 262 289 549 629 791 988
23 27 28 39 68 89 94 105 117 144 162 219 228 234 235 253 261 275 282 303 328 345 363 374 379 383 406 407 434 447 448 456 481 498 512 513 519 520 538 551 568 575 577 580 595 596 597 604 605 611 618 628 645 648 655 667 672 684 685 717 719 723 753 765 771 775 786 788 791 804 805 806 823 852 860 865 875 886 900 905 906 919 931 943 968 979 980 982 988 997
73 80 171 189 453 501 549 630 884
148 150 217 231 247 307 404 407 411 492 591 600 679 684 719 786 914
474 666 679 784
30 71 155 156 211 348 351 364 379 460 498 531 542 549 582 605 653 668 869 870 920 966 977
58 74 148 170 183 191 192 195 231 250 258 265 275 286 304 335 360 368 375 393 399 421 432 436 473 477 501 508 514 522 573 576 595 635 689 731 733 740 742 744 780 786 822 828 846 873 878 906 921 943 950 960 961 973 1000
17 39 40 42 64 77 86 150 172 236 255 256 259 271 279 313 328 345 389 393 404 421 423 436 439 456 462 469 491 505 565 682 693 754 813 824 828 836 837 842 845 851 865 896 907 998
5 12 21 47 56 80 100 102 107 123 132 136 162 170 184 229 231 266 313 321 335 339 354 394 451 478 530 538 561 577 581 594 684 729 749 754 772 778 796 818 853 875 982
675
44 537 647 864
175 234 347 615 981
60 73 298 438 487 501 589 677 699 975 981
17 108 116 136 333 347 354 398 441 525 606 637 687 766 809 943 988
16 30 35 55 57 62 115 118 123 137 217 231 250 304 364 365 430 433 451 513 563 590 600 610 647 655 657 676 706 723 741 742 744 755 767 812 884 909 920 991
7 31 36 76 82 97 103 122 165 189 194 204 226 230 297 326 331 334 353 359 381 385 390 418 431 444 455 459 460 469 473 486 500 517 538 570 583 651 676 711 721 742 746 749 757 762 768 804 806 810 812 853 879 880 883 894 983
32 39 42 50 77 93 121 125 137 140 175 199 209 217 219 224 243 277 280 308 322 364 387 415 418 419 423 432 437 442 448 450 455 490 521 528 533 540 587 605 615 620 623 633 636 645 685 708 717 723 724 730 737 742 754 764 765 785 795 803 814 817 824 836 843 863 865 912 914 917 932 945 969 988
14 87 184 245 327 413 459 652 774 838 881 987
16 29 82 132 165 208 209 216 217 220 266 281 282 295 303 323 336 365 427 453 455 541 561 563 581 591 605 643 685 687 706 730 793 801 808 858 867 906 959 996
219 356 376 386 411 455 668
229 413 426 445 480 848
63 96 696
146 194 260 435 554 577 775 827
179 317 338 511 660 962 973
551
474
392 803 912
10 426
88 134 326 340 341
37 76 247 571 634 650 878 883 931
15 37 82 109 125 143 205 215 233 235 250 269 294 295 310 323 347 350 415 476 483 492 496 504 536 548 556 623 702 791 839 871 882 885 891 923 947 951 995
60 254 287 311 655 680 704 923 958
39 655
208 230 617 760 834 876
127 163 201 225 286 370 430 448 474 497 551 595 598 604 665 770 893 915 940 986
23 114 154 155 174 210 237 266 351 383 403 505 641 713 867 882 913 942 967 984
176 676
13 22 47 68 85 87 102 118 135 140 146 169 179 181 214 231 292 301 307 331 332 360 419 423 454 459 469 491 492 496 499 509 515 536 574 576 590 599 611 622 676 688 708 721 752 766 861 872 887 919 936 937 941 956 958 959 975 976 977
99 163 361 513 623 626 667 989
185 191 227 230 328 600 757 774 825 916
42 67 87 88 93 174 185 229 335 376 448 530 536 538 565 633 678 680 718 720 725 733 750 778 799 826 862 910 924
731
17 34 49 104 108 115 132 154 168 265 338 343 360 407 416 426 446 461 463 489 496 501 559 703 746 802 836 887 904 926 968 969 997
13 114 134 160 178 238 287 308 365 381 383 404 424 544 637 643 741 752 753 848 858 871 873 903 943 953
6 8 15 92 109 137 187 209 238 246 266 287 350 353 356 359 365 383 389 394 413 417 428 436 460 471 472 476 488 527 542 548 560 575 590 610 642 667 671 686 760 771 819 840 844 849 881 882 883 893 895 908 917 921 946 950 952 965 967 971 982 995 997
63 81 332 583 631 769 796 951
5 30 48 58 63 69 78 82 90 92 97 104 126 127 133 139 163 181 188 198 208 232 245 246 248 260 264 267 275 276 297 304 318 331 338 342 361 380 399 400 412 419 424 427 430 452 458 460 461 476 485 493 510 554 557 565 570 579 585 597 598 618 621 628 651 654 655 683 711 733 764 766 767 778 780 782 792 794 796 816 819 825 831 836 839 840 855 860 864 878 881 898 899 908 913 925 935 938 948 952 955 971 972
229
9 74 75 150 232 238 239 297 392 486 545 712 717 859 863 866 907 920 929 974 995
613 676 714 758 859 966
17 31 55 87 91 95 104 148 167 200 214 221 233 246 281 323 402 449 550 551 588 674 692 724 748 756 771 775 782 797 813 840 856 859 894 967 974
356 908 988
69 95 186 208 218 276 318 358 405 430 617 648 699 732 743 745 791 850 851 941
36 44 148 359 495 589 634 726 866 877 944
19 121 178 192 276 329 386 389 411 519 565 635 855 894
43 80 132 145 154 405 776 872 894
187 295 345 367 514 523 559 667 731 750 957 968
46 48 67 83 264 278 295 354 397 405 456 511 533 606 613 674 684 758 776 820 839 896 958
3 74 158 278 321 505 511 811 821 855 937
57 74 101 121 180 188 201 244 267 466 493 649 665 676 704 813 846 897 932 947
114 159 378 566 681 917
82 106 115 157 215 346 408 411 492 533 613 652 683 697 728 833 971 981
68 139 159 179 251 269 284 290 318 324 339 370 371 405 438 475 484 514 524 538 558 560 566 583 605 611 617 624 717 720 779 780 806 865 973 992
96 128 136 146 186 212 244 317 351 404 412 446 501 514 544 688 776 780 796 801 858 860 863 868 970
188 268 274 355 368 390 671 772
23 38 53 84 111 115 119 136 143 172 178 217 229 232 265 280 285 328 372 388 429 437 449 459 477 497 526 546 611 620 628 639 656 686 698 702 763 801 810 827 839 877 903 971
7 106 224 267 309 333 447 586 659 663 729 745 820 935 972 988
35 42 61 64 68 73 98 103 109 143 150 155 178 193 205 276 292 329 333 356 375 395 416 475 481 538 559 585 606 638 655 674 787 825 830 834 838 928
30 111 134 289 445 509 568 778 780 911
21 65 88 128 146 199 404 455 463 471 487 502 544 558 592 617 691 737 755 765 822 892 924 971 982
59 241 289 340 346 440 475 501 560 578 582 584 586 792 845 903 982 987
634
25 138 162 304 387
27 30 73 88 120 142 158 212 219 258 277 388 405 407 487 587 628 634 643 645 659 678 687 729 731 741 753 764 787 818 836 868 888 906 917 928 930 946 955
104 540 653
5 56 195 229 237 273 310 437 489 494 531 605 641 681 688 690 745 759 761 765 767 768 790 792 865 924 964 973 996
60 130 312 460 510 576
235 384 443 461 728 946
89 146 152 268 373 415 580 665 703 968 981
14 74 176 259 265 406 466 584 832 866 892 972
23 170 189 275 277 365 404 430 446 449 451 460 476 483 491 531 563 766 767 768 793 800 826 921 978 983
389
198 424 638
104 119 172 191 215 295 311 370 379 399 422 562 666 802 836 967 998
51 74 243 247 336 714 739 814 890
11 53 84 125 130 160 170 171 195 197 213 245 264 287 307 313 335 341 343 349 375 407 425 428 450 462 491 565 596 609 614 631 653 655 692 694 729 738 741 807 824 914 927 933 962 964 969
408 984
94 275 284 383 491 814 936 962
46 66 69 94 114 140 143 162 192 238 244 271 361 397 417 434 462 559 597 603 629 652 667 697 726 729 749 763 815 824 856 861 868 932 935 937
25 127 241 501
840
11 102 114 143 154 177 211 221 235 289 295 306 333 401 452 513 540 549 553 581 592 643 655 694 724 737 754 834 848 942 961
30 170 198 353 384 703 812 839 909 958
98 128 208 224 263 308 341 410 542 596 788 806 858 924 935
21 25 69 128 252 276 390 453 458 467 752 833 866 875 983
2 301 514 577 896
478 672 840
13 19 21 37 38 47 50 54 56 75 94 101 103 110 124 126 128 137 143 144 196 202 212 218 224 226 243 248 253 266 269 340 342 343 345 346 352 371 377 401 402 424 428 440 445 447 452 454 460 463 476 500 511 531 533 550 570 580 607 610 612 620 621 624 648 666 672 678 680 690 693 694 696 708 728 734 763 769 770 785 789 795 796 800 813 814 826 856 864 873 904 910 916 926 942 950 953 958 960 961 963 973 983 984 985 989
1 25 30 48 53 57 62 65 106 129 133 136 143 144 151 153 177 178 194 201 205 279 283 305 318 356 368 374 387 419 429 436 455 466 480 494 496 498 502 506 531 537 548 554 566 573 575 581 589 606 609 618 656 678 691 694 710 711 714 756 782 785 794 799 820 828 834 838 840 849 855 881 911 938 949 967 972 980
111 205 335 493 798
77 152 241 247 533 547 552 655 690 701 715 982 991
608 664
252 354 812
1 2 16 22 39 73 92 123 125 198 270 272 320 324 342 347 379 450 472 499 525 536 621 678 775 786 831 875 900 934 961 990
19 88 96 235 281 309 736 737 775 798 885 932 934 975
88 446 447
128 362 574 631
72 84 103 174 203 239 242 264 333 345 350 396 466 559 584 618 816 840 870 890 923 964 973 997
82 244 264 296 444 459 467 537 589 646 679 816 959
102 138 187 711
7 14 40 59 62 91 105 115 119 127 171 183 235 342 365 369 370 451 473 489 546 547 610 621 648 661 693 711 754 759 761 776 830 870 875 877 907 911 928 958 959 960 969 976 978
31 103 289 307 341 831 878 984
8 245 716
440 540 922
14 27 29 101 108 118 394 401 404 426 431 433 465 561 613 638 644 653 677 708 766 781 841 850 858 859 880 933 960 999
96 98 129 253 351 631 737 791 905
13 87 195 198 202 305 312 368 374 451 528 678 679 717 724 771 788 845 960
64 188 217 305 400 474 780 843 859 878
8 66 150 169 183 400 468 615 697 752 762 807 933 960
110 132 220 302 399 400 443 544 682
254 306 337 363 366 433 452 456 469 473 514 583 749 765 821 860 867 875 889 899 903 923 936 992
574 980
26 55 74 108 264 294 295 347 360 461 509 536 540 563 643 712 758 783 795 986
10 68 78 103 108 137 141 166 194 221 227 231 269 311 367 385 479 499 522 545 732 754 769 773 774 828 869 871 880 962
505 563 728
10 11 114 119 127 155 162 212 285 294 321 324 343 352 361 369 386 398 411 436 494 498 563 620 669 689 698 727 742 767 772 820 821 871 920 952 958 986 990
76 82 106 140 159 161 178 181 218 255 285 302 340 410 425 441 450 487 494 536 591 596 650 661 663 691 709 755 780 792 793 806 810 814 851 902 955
35 37 93 103 111 120 157 174 221 231 234 252 311 317 332 380 391 395 438 471 496 508 521 534 638 651 702 711 712 774 808 830 847 878 883 890 964 992
53 68 81 111 150 159 184 200 215 260 280 300 321 332 422 459 516 539 671 746 870 879 908
16 18 99 125 148 156 168 236 248 252 262 289 302 350 408 410 456 466 523 531 537 587 620 626 649 652 670 678 680 694 706 709 710 781 821 832 858 935 978
226 396 580
102 112 157 192 275 278 357 360 401 448 465 487 636 679 728 766 784 786 879
28 56 126 127 189 227 269 304 310 363 378 385 418 426 466 518 571 667 694 919
73 126 247 248 288 300 483 572 612 634 635 693 698 701 780 781 796 836 928
77 146 273 523 534 592 698 711 753 794 901 920 934 950 972 975 984
140 347 617
14 77 131 182 192 212 248 272 330 386 392 403 473 476 485 555 581 651 672 713 738 765 847 851 953 987
43 46 53 55 101 121 165 179 193 195 201 212 238 267 288 402 412 445 462 485 533 534 641 648 658 700 718 738 757 789 790 856 933 964 983 995
184 216 298 456 557 797 827 948
93 122 319 488 529 567 670 716 780 817 848
10 39 40 59 96 136 261 274 286 319 335 393 399 434 436 532 552 592 624 629 693 710 732 733 774 789 794 835 861 871 898 923 987
3 82 102 128 157 212 216 223 263 304 317 336 392 426 444 453 521 531 562 714 798 805 848 872 876 890 947
368 620 865
10 56 68 74 90 93 101 108 124 127 130 149 156 161 167 188 197 204 214 240 242 255 279 303 312 323 330 333 360 373 376 377 379 388 402 407 412 430 454 461 462 465 479 486 487 499 511 522 533 559 571 594 599 642 670 692 694 708 720 732 734 735 761 771 794 806 814 826 838 853 863 872 873 885 886 904 914 921 923 925 937 962 965 971 996
14 25 77 81 91 105 114 133 162 178 197 223 236 245 253 276 355 365 367 379 384 393 419 420 442 465 474 486 490 503 531 532 533 541 558 571 585 596 625 654 697 702 742 772 781 815 838 868 871 878 899 901 936 956
32 95 96 111 130 150 152 155 386 405 443 468 476 573 820 855 927 946 963
3 9 26 54 69 88 91 102 103 131 197 211 216 258 266 269 271 275 279 302 303 359 360 371 403 409 414 415 429 466 495 502 532 569 582 611 618 627 633 655 656 672 696 703 714 716 752 754 772 780 790 807 811 818 890 895 918 930 944 991
224 337 395 586 619 980
19 41 101 169 209 270 290 480 503 505 727 749 777 804 819 845 961
22 31 32 83 86 107 112 141 149 155 224 239 268 270 273 279 285 303 309 324 340 354 375 406 407 413 446 455 458 490 515 547 584 617 653 672 681 717 738 744 752 759 797 820 824 847 859 876 892 968
87 137 177 465 617 819
775
35 41 50 77 87 108 120 125 163 175 181 189 231 278 286 344 356 371 400 403 405 422 436 444 468 504 547 569 584 599 602 654 657 662 667 672 676 725 735 738 744 757 812 824 828 832 842 844 883 900 902 935 938 991
9 23 80 109 154 224 406 427 461 525 567 569 622 662 694 828 830 842 847 880 910 929
45 635 776
5 16 42 55 65 159 227 238 246 297 326 374 399 401 442 449 453 476 542 780 814 831 895 929 991 996
189 267 383 451 576 596 616 763
4 25 66 144 245 246 268 282 329 414 443 444 480 485 496 555 575 584 624 643 652 658 666 679 685 720 735 805 884 912 964
39 155 220 231 248 277 288 320 411 435 507 545 601 603 628 685 709 758 830 847 848 880 890
201 267 344 351 497 506 515 537 573 705 713 777 782 844
31 596 694 698 714 862 989
49 77 105 138 140 141 155 168 200 264 278 296 360 376 392 448 466 478 481 484 490 515 566 601 613 629 657 706 822 847 913 920 940 999
151 207 777 929 951
3 10 38 64 91 136 138 173 212 222 242 254 256 262 266 285 296 312 316 404 415 450 457 487 514 515 567 586 615 637 729 737 882
310
15 70 75 76 78 92 103 104 125 139 157 170 181 187 190 221 247 261 266 268 270 274 303 347 371 390 391 453 490 493 512 589 632 634 646 661 662 691 693 749 771 790 805 825 834 838 860 861 888 899 987
148 211 212 214 231 332 550 554 615 814 826 953
29 39 71 125 133 161 225 243 307 360 381 408 440 443 446 515 633 646 701 705 894 924 937 938 953 997 999
12 46 53 63 68 73 104 113 117 158 162 167 217 268 361 366 370 402 409 432 510 548 552 608 643 655 657 658 714 732 754 758 764 777 782 804 825 828 841 848 946 983
15 18 46 94 95 107 132 150 153 194 212 255 287 388 432 435 504 562 690 726 748 828
178 374
2 432 455 478 504 526 613 737 744 830 836 875 983
15 22 65 78 107 120 151 203 215 227 320 355 436 438 440 583 658 660 719 734 775 819 961
3 14 18 38 42 44 55 65 80 107 110 134 137 150 167 185 202 224 251 292 341 346 355 360 362 413 415 423 472 480 484 486 488 490 512 526 543 574 576 589 593 608 638 655 667 668 673 681 685 699 703 705 717 725 727 731 805 807 813 840 848 860 883 891 911 913 917 923 944 945 952 969 974 993
5 10 24 45 51 100 112 115 137 150 157 184 215 222 225 233 250 251 266 280 311 313 336 359 376 387 415 417 464 495 497 534 545 600 602 610 621 638 648 656 661 668 696 699 701 722 726 752 767 771 791 795 822 832 855 870 876 884 895 905 912 914 917 926 927 948 949
52 199 297 305 405 554 661 719 724 767 771 969 997
1 24 28 72 75 90 103 142 147 169 181 183 194 196 199 237 244 254 257 268 276 280 281 292 300 371 405 440 463 493 567 571 596 611 621 637 652 681 694 701 929 964 999
14 71 112 141 145 194 262 309 348 406 456 464 487 488 600 632 646 681 698 727 758 822 828 909 920 971 979
727
209 512 618
44 67 103 595 907 916
9 61 92 112 133 140 141 171 181 197 199 208 212 219 230 240 314 364 418 419 440 457 486 546 576 675 704 713 749 755 771 774 876 930 949 986
154 599 623
20 39 56 57 102 115 196 237 277 342 391 403 421 509 542 561 662 692 928 929 945 998
64 86 98 120 143 161 220 300 350 385 420 490 515 532 559 560 574 580 594 601 619 636 639 740 774 778 826 855 866 916 922 926 988
9 34 105 127 130 142 274 341 380 381 413 439 471 532 538 609 611 688 756 785 835 861
118 589 904
205 369
182
98 309 399 580 597 630 669 685 798 817 860
312 603 657 670 887
53 57 71 95 200 203 225 230 285 293 301 315 384 501 532 540 572 592 639 657 678 740 742 774 780 787 848 850 882 894 895 981
58 168 182 285 307 329 357 457 487 498 550 627 628 819 868 917
28 30 74 107 185 380 381 392 416 495 530 552 621 665 712 733 798 823 935 945 969
10 15 38 48 55 63 66 89 95 131 149 176 183 196 200 219 253 254 258 260 270 285 292 310 316 318 341 346 356 359 370 388 403 426 432 444 449 450 453 457 458 486 526 530 544 555 558 564 583 590 622 625 627 628 652 653 684 710 718 726 731 752 772 792 797 825 836 837 853 858 865 868 896 898 908 917 918 921 932 983
26 87 89 99 175 181 186 244 269 297 321 323 343 356 363 517 539 544 611 628 640 662 678 704 715 718 725 728 752 776 794 802 805 822 871 890 919 923 929 940 960 977
10 23 40 123 136 170 177 219 221 272 314 322 332 351 389 409 412 419 425 433 435 444 445 462 476 509 519 568 580 582 583 599 608 682 688 761 772 774 790 819 824 829 844 848 880 881 900 936 942 949 992
57 90 99 161 175 216 342 376 413 427 461 476 532 624 635 658 687 703 738 829 863 944 966
38 213 454 466 540 832 860
2 16 129 194 209 290 298 382 399 448 482 491 492 535 569 641 663 670 697 708 725 751 776 779 839 847 957 971
4 48 54 99 173 192 207 213 350 423 427 451 489 574 671 737 877 899
57 176 209 383 388 577 706 824 847
33 105 130 188 189 203 205 245 254 336 354 614 746 823 903 904 949
3 19 33 37 39 54 84 99 104 157 190 236 261 282 290 304 397 407 429 446 449 454 464 470 484 486 512 549 572 672 693 720 752 821 864 866 902 941 942 952 962
25 28 35 69 81 102 139 245 248 252 269 273 274 313 399 445 478 505 521 529 586 594 598 654 683 685 705 710 759 768 770 883 888 917 936 943 988
35 158 274 294 311 374 397 444 514 539 768 837 848 861 873 887 930 990
82 239 285 592 641 663 673 730 827 856 903 932 936 987
32 57 77 113 186 201 210 247 377 512 596 672 828 867 889
12 25 38 107 155 262 320 371 372 459 466 471 499 521 583 590 610 668 696 700 717 760 765 778 779 801 805 820 855 859 864 870 873 930 931 935 967 984 985
28 39 55 134 203 297 339 350 366 368 419 432 437 442 526 570 679 686 696 701 704 790 799 816 837 953
94 97 110 139 221 262 275 289 290 346 388 392 473 491 569 571 604 605 650 669 715 725 788 807 839 869 881 902
23 90 91 167 183 199 229 230 289 401 421 454 485 574 607 629 660 662 668 687 694 741 773 784 841 855 877 924 975 977
70 897
11 505 530 675 718 733 831
93 274 775 855
48 135 190 230 289 295 309 323 335 367 382 415 420 421 431 474 512 514 540 612 621 627 637 639 709 714 719 723 780 870 884 954 963 986
38 52 113 322 548 592 947 983
120 139 247 265 276 302 326 389 528 532 552 798 820 842 875 876 891 895 941 993
682 707 898
15 39 57 87 110 130 227 244 470 521 541 555 568 587 696 826 842 893
145 149 166 180 187 189 269 285 288 315 360 384 413 421 484 511 603 604 688 784 956
195 508 668
103
55 101 193 407 486 566 806 969
258 394 881
4 8 11 80 109 112 205 227 268 368 371 376 401 444 468 470 473 497 517 524 563 592 614 615 628 638 683 736 797 819 836 919 940 946 974 981 990
32 37 56 70 74 81 96 103 109 127 140 177 180 199 235 254 264 284 300 311 315 346 349 353 361 397 401 406 407 408 412 416 435 455 462 466 486 497 512 517 536 585 591 594 616 649 650 666 673 676 687 705 736 756 785 812 827 832 840 857 858 886 903 910 962 971 972
418 430
61 105 330 414 540 578 605 630 650 659 734 814 897 899 941 982
382 654 909 971
66 114 188 193 220 296 328 380 399 616 619 671 682 700 748 795
5 104 146 320 553 570
20 140 163 385 545 592 664 707 731 733 743 757 835 852 871 873 973
110 205 230 307 546 557 569 854 900 930 947 993
68 411 517 839 977 993
630 772
69 159 162 209 278 557 598 691 726 884
40 516 562 568 609 667 717 744 750 756 810 832 851 878 919 964
18 24 148 150 151 172 181 188 198 243 244 255 281 310 379 436 452 454 468 485 497 516 538 565 576 589 594 626 631 682 683 708 721 776 804 825 850 891 928 958 960 965 977 978 999
36 83 96 140 152 201 244 267 339 372 378 393 400 401 480 500 550 583 584 613 673 692 741 802 830 834 835 880 916 934 969 975 996
5 147 166 168 192 195 199 348 407 456 598 639 761 777 780 876 890 912 919 987
281 503 691 773 946
67 106 260 360 375 557 607 632 649 756 851 988
23 59 72 91 131 143 146 207 209 219 238 287 306 307 322 329 375 404 432 439 447 454 466 503 598 611 616 623 646 664 666 668 686 721 729 753 764 766 771 791 811 821 825 834 858 876 929 941 973 978 981
38 56 63 67 69 100 102 127 147 180 181 186 193 210 218 269 275 281 323 329 352 362 387 405 438 449 469 587 588 649 676 705 709 743 760 799 820 835 845 846 862 909 922 923 948 971 975 978
114 312 905
725
7 197 206 210 224 262 295 347 375 382 451 473 574 670 796 839 862 890 911 939 986
74 117 243 401 465 832 937 955
3 20 45 83 105 120 127 133 135 138 140 152 156 164 173 194 211 213 235 237 245 262 270 284 286 297 318 322 335 337 349 351 358 362 369 405 413 434 445 463 465 470 501 520 525 531 534 543 553 554 558 566 568 571 575 586 596 599 600 601 607 644 653 654 656 669 703 712 734 759 762 775 784 788 795 797 805 837 838 875 896 904 906 928 929 933 955 976 977 982 989 990 992 998 1000
298 693
181 496 910
122 211 421 492 644 744 814 972 975 997
355
81 126 177 193 203 339 698 744 749 826 834
67 140 162 165 186 224 226 233 237 340 369 443 473 550 553 564 601 624 626 693 724 775 806 826 835 865 980 981
42 55 77 145 151 232 236 433 463 520 522 570 575 611 665 801 834 837 841 898
491
3 83 120 138 145 147 154 183 234 245 298 367 395 414 448 450 535 572 583 627 651 656 684 688 704 724 739 776 861 884 963 988
43 155 617 715 724 829 983
10 21 31 40 47 63 77 82 88 153 302 304 305 307 318 343 522 642 693 712 715 817 835 874 916 962 973 978
106 788 881
78 139 314 364 705 833 961 979
424
28 133 226 248 314 358 395 405 514 517 718 724 843 918 950
40 54 61 129 134 250 257 337 372 528 539 676 695 760 800 888 939 954 973 985
29 98 111 125 134 151 203 208 274 313 343 349 353 399 423 434 442 443 460 489 513 538 551 563 600 639 646 648 680 682 700 719 736 753 764 768 784 868 875 900 906 994
20 39 49 65 75 76 87 312 324 344 365 368 410 429 453 491 548 596 601 719 733 769 849 866 895 905 913 922 968 994
290 642
13 17 23 34 50 53 76 93 141 172 175 177 209 213 230 234 243 245 251 303 332 351 358 375 380 415 419 442 453 462 506 517 576 601 607 612 630 650 656 696 699 719 740 742 764 769 775 825 830 840 855 859 871 874 881 882 890 893 898 907 920 921 932 942 962 971 977 986 992 1000
80 125 445 507 922
158
13 146 184 315 446 450 461 567 583 783 849 931
41 45 154 191 250 429 513 586 686 756 817 877 899 985 989 1000
3 67 203 295 356 406 542 579 581 661 676 703 851
31 144 262 293 414 438 439 451 716 734 769 818 927 938 970
50 72 73 90 107 157 161 168 196 198 208 224 228 237 238 243 275 277 288 291 307 319 335 338 365 416 453 454 461 473 479 487 505 508 517 557 566 589 591 599 625 639 679 687 706 727 754 759 763 771 774 777 790 796 805 808 829 861 897 902 923 942 943 945 954 967 969 982 985 990
6 538 813 816 916 964
38 89 90 105 108 128 137 152 185 196 255 286 334 336 338 449 451 457 496 509 557 560 566 575 586 622 632 638 657 729 766 771 787 792 850 857 896 909 916 941 973 987
32 33 78 100 109 136 140 141 171 194 201 212 223 224 361 366 413 438 489 503 547 548 564 574 588 625 633 666 858 867 904 943 992
192 605
226 242 247 551 634 692 994
531
53
188 196 561 773
208
58 205 235 262 272 331 359 391 431 508 573 614 624 767 824 857 889 963 988
521 606 803 873
10 17 21 35 91 109 118 119 173 194 201 256 316 363 364 377 383 386 414 420 426 439 462 490 608 649 724 737 740 742 744 776 785 811 896 921 934 973
64 66 102 270 436 455 555 566 573 575 618 709 981
38 59 73 134 140 171 182 201 235 238 273 333 353 354 391 477 527 542 577 591 595 659 666 725 823 843 863 864 936
457 478 632 648 663 849 870 951
17 34 35 175 195 244 245 256 259 264 265 284 291 347 444 453 504 516 579 584 622 630 680 688 701 713 714 721 724 751 819 868 908 909 910 930 963 979 988
49 170 183 356 439 464 805
17 27 45 57 69 84 102 103 105 107 108 123 134 143 151 153 160 175 180 187 196 202 203 217 226 236 239 279 284 285 299 320 337 387 401 411 417 421 447 467 475 491 492 533 538 540 571 592 605 610 625 640 665 669 718 744 749 775 779 780 790 800 802 817 843 850 863 864 867 885 958 968 977 1000
188 371 614 869 950 976
79 142 199 226 229 377 435 459 468 469 474 489 507 580 746 773 930 941
88 122 132 156 158 186 221 238 263 288 333 365 435 526 532 609 956 978
475
2 26 52 88 120 126 207 282 422 439 544 559 582 603 756 768 806 828 857 872 887 948
241 277 439 543 615 702
24 52 92 135 157 202 234 249 352 496 549 599 602 621 654 698 704 773 791 874 915 986
313 696 783 793
228
115 137 174 580 698 753 783
92 180 241 269 275 291 356 398 457 501 590 671 694 793 899 980
683 912
69 341 364 428 624 844 965
293
76 203 937
151 155 280 314 416 440 568 714 740 912 973 979
250 435 477 509 581
854
18 21 25 96 113 135 161 175 240 283 347 399 477 580 624 738 744 756 832 857 864
2 110 139 146 152 154 155 176 204 226 259 266 279 377 393 405 418 420 458 470 492 534 541 560 588 595 615 624 631 637 663 677 693 704 707 783 784 803 899 909 943
719
290 409 551 555 605 630 648 826 873
17 51 82 114 139 179 226 232 283 301 329 410 462 468 508 518 530 552 569 587 595 734 764 775 832 860 893 926 949 951 960
80 208 231 483 561 614 900 919 944
2 99 174 188 246 294 300 329 337 434 531 541 647 651 695 699 713 737 772 837 863 916 927
34 73 316 369 405 447 501 503 564 567 755 868 942 960 986
3 92 113 216 254 331 505 514 570 588 645 666 674 831 937 1000
562 593 813 818 974
23 101 196 201 203 252 269 295 328 449 462 548 591 621 682 691 806 807 948
1 39 64 100 104 113 122 138 164 177 193 206 208 225 241 247 263 277 301 324 362 368 387 395 443 445 468 495 585 594 603 651 664 668 681 713 741 785 793 815 831 868 878 898 948 962 968 976 977
20 167 227 290 359 412 414 431 582 824 944
4 35 36 88 99 130 135 142 149 158 159 168 172 237 238 240 258 266 274 305 325 328 349 358 361 377 384 393 404 406 463 470 480 498 512 515 530 574 618 641 713 716 729 730 739 740 750 832 854 872 886 923 929 948 964 969 995
53 142 173 357 528 736 746 805 859 872 954 979
40 45 87 250 418 481 495 655 993
496 774
237 277 289 294 393 447 451 495 527 559 571 599 648 705 715 722 729 744 787 789 850 909
17 40 58 62 68 92 132 140 155 164 172 182 184 186 190 223 236 239 245 257 270 279 285 321 365 379 386 411 427 431 468 536 545 555 608 617 632 648 684 692 737 738 758 762 830 839 879 899 900 904 906 931 993
8 11 27 35 40 91 97 122 135 166 181 211 231 241 246 306 332 365 368 381 445 494 547 561 582 595 596 601 664 670 687 728 758 769 802 828 844 849 894 902 921 935 951 954 975 978 992
8 64 92 93 270 505 718 723 724 757 760 782 815 847 932 937 938 955 984
867 908
23 64 72 79 82 89 98 106 108 112 136 137 153 155 179 217 226 235 238 260 285 301 318 319 320 336 337 347 367 375 392 401 405 411 419 426 429 443 447 448 460 472 480 492 495 496 501 503 513 533 542 551 553 554 557 571 590 600 615 619 621 659 661 677 686 738 742 756 759 762 780 793 794 810 813 814 876 878 888 903 913 917 927 928 939 941 959 964 980 983 991
14 93 105 151 173 438 560 675 706 794 830 868 937 969 970 975
14 48 75 136 164 207 295 333 337 339 372 374 379 502 520 612 644 708 765 794 920 924
106 136 159 167 202 203 204 217 356 360 389 405 438 475 489 515 581 712 788 829 864 936 938
28 31 34 35 78 161 236 243 251 272 298 304 398 413 423 435 439 442 514 518 608 654 671 783 816 845 893 903 930 933 954 959 997
133 397 920
691
131 150 194 195 242 261 268 281 294 328 330 342 355 366 414 454 462 494 500 505 509 602 617 630 650 746 761 770 864 876 908 916 938 964
1 2 12 40 46 63 65 81 92 93 96 97 115 141 142 169 177 185 200 214 230 243 255 269 283 285 326 335 379 393 425 431 433 442 462 469 470 478 491 500 514 537 543 617 627 628 635 645 670 673 677 708 739 756 769 771 825 826 849 862 874 910 925 942 945 967 979
995
12 41 98 103 134 179 228 299 309 333 337 343 344 358 467 475 610 619 678 734 736 778 811 868 927
9 31 38 59 133 134 152 200 270 329 332 387 398 441 477 514 524 574 587 612 617 629 643 651 667 690 704 720 738 794 800 834 853 868 870 871 916 942 978 989 991
219 528 540 679 839
38 60 114 160 236 341 448 466 600 606 672 678 770 865 900 921 966
2 16 66 363 808 812 885
13 16 20 29 34 40 44 47 53 55 59 63 68 70 79 98 105 107 129 135 138 142 146 149 155 158 172 178 179 184 195 212 217 221 260 265 299 300 318 328 333 334 344 354 360 373 377 386 390 395 398 416 447 450 452 467 474 480 482 483 493 498 505 516 544 548 550 558 559 569 570 574 579 580 581 591 602 604 606 612 617 626 633 641 642 645 649 659 662 665 667 677 684 686 687 689 699 705 708 716 722 729 734 757 767 774 779 785 794 810 811 815 819 833 847 850 863 874 875 881 882 888 889 891 893 899 903 910 927 937 943 964 968 970 982 987
103 109 142 155 183 197 216 241 246 275 290 305 307 325 326 369 390 397 444 447 466 529 531 558 598 617 619 656 704 713 738 750 759 775 884 896 907 909 944 948 949 959 964 970 975 979 997
973
18 81 144 196 214 270 289 328 336 355 366 471 496 543 555 593 636 663 757 796 799 823 835 837 841 903 948 962
17 65 108 131 136 273 294 339 404 413 450 467 530 547 588 613 621 642 677 708 724 758 794 797 819 822 896 939 990
266 282 790 906 960
25 69 581 751 862 868 926 955
27 34 368 648 672 758
41 57 61 63 92 138 142 156 173 190 192 255 259 288 300 316 366 368 382 391 416 417 428 430 467 475 476 530 573 628 645 676 715 739 856 888 913 919 926 934 940 946 965 986
497
7 9 31 37 47 63 85 91 98 120 141 222 226 249 266 286 306 312 316 328 334 338 345 364 372 419 435 470 485 490 515 531 550 584 646 667 670 774 864 871 889 923 949 974 978 984 996
1 31 124 125 301 319 529 538 546 597 749 800 801 948 966 979 981
415 462 505 936 968
262 285 379 536 542 661 694 722 787 806 850 920 940 996
1 22 33 54 58 65 88 126 155 208 225 244 263 272 282 315 392 393 441 467 474 481 513 543 557 575 619 642 647 693 740 807 825 945 989 995
180 239 362 501 513 581 604 732 826 852 853 885
139 162 189 200 203 215 290 355 366 392 403 443 469 480 490 504 559 593 622 627 634 686 701 710 744 747 763 776 778 814 888 919 930
1 2 8 14 16 17 34 37 65 81 116 119 121 123 125 135 141 148 162 166 168 172 178 193 212 222 223 226 236 249 252 254 260 270 279 288 293 294 300 302 310 320 328 345 347 385 445 477 500 501 510 512 524 560 561 585 589 610 611 617 627 629 632 637 671 689 716 741 762 769 777 781 784 785 799 800 802 809 812 830 837 862 866 874 887 893 901 908 919 924 933 934 948 950 963 965 967 979 982
145 281 370 460 497 540 703 757
25 44 234 246 294 298 507
123 170 264 372 406 433 435 466 520 675 706 837 863 911 972
245 268 281 329 565 937
25 66 73 112 143 219 226 246 258 279 302 312 316 344 356 371 374 381 404 408 525 538 547 588 601 630 670 732 752 754 764 791 803 823 827 904 935 946
36 392 443 806 876
38 97
538 582 651 792
28 52 56 61 77 83 96 113 150 198 209 283 303 322 326 401 402 437 446 449 525 530 551 606 650 681 701 766 785 802 861 875 881 895 929 984
192 546 612 776 840
13 47 139 141 170 198 203 213 229 231 268 329 360 399 419 444 458 518 522 526 591 597 621 639 640 646 699 712 714 789 802 822 905 909 963 979
33 52 62 132 137 141 168 170 199 238 269 281 300 307 387 429 438 452 529 594 610 662 699 715 804 820 841 875 916 934 955 981 985
92 466 469 635 675 677
46 59 189 649
352 732
15 22 26 27 39 81 89 157 159 188 223 240 253 275 279 304 324 328 333 346 373 388 434 458 473 498 501 505 526 552 611 624 629 650 661 685 708 711 740 746 750 751 777 787 788 803 806 839 872 882 898 912 934 970 973
12 67 88 218 365 449 718 803 829 880 899 991
21 29 98 116 194 208 313 433 452 463 477 490 507 527 538 560 630 746 750 757 773 803 816 923 957 974 991
157
34 79 121 149 179 228 229 230 273 312 315 326 360 382 420 438 496 551 555 601 625 682 724 741 757 766 865 895 912 956 964 969
14 88 102 110 142 159 176 281 290 356 372 377 382 402 411 425 429 450 458 478 482 564 569 590 624 651 659 681 732 751 755 763 769 771 779 780 800 811 830 857 867 903 990
4 23 82 84 89 123 126 135 140 144 173 180 196 240 250 264 275 290 295 302 312 317 322 327 336 340 346 349 357 401 402 405 413 415 423 424 449 482 493 496 503 517 518 529 541 551 558 568 569 608 616 617 631 665 668 676 701 718 719 721 733 744 746 755 813 820 875 877 879 895 906 910 912 916 920 934 967 988
135 225 304 349 366 367 433 454 513 533 564 649 659 716 723 812 825 837 872 910 968 978 981
289 411 983
297 463 561 587 614 622 647 671 705
106 201 905
898
115 358 777 970
27 130 167 318 360 424 449 558 640 827 830 961 1000
503 542
6 27 114 221 223 227 260 269 361 380 420 505 519 590 609 612 631 637 729 777 793 815 857 879 884 960
83 86 95 114 119 120 123 132 139 219 250 256 272 280 304 463 468 506 532 571 578 584 613 643 665 733 744 757 773 774 801 892 941 984 991
48 141 190 344 398 439 462 515 830 862 878 895 925 931 935 958
26 100 211 217 375 448 512 625 758 766 847
23 69 109 163 185 226 240 343 362 363 441 446 506 522 531 639 648 697 706 751 785 798 805 821 840 851 858 930 941 944 974
2 14 16 18 38 41 73 94 131 180 186 194 197 207 223 244 405 459 472 483 498 528 543 548 563 635 653 663 686 687 691 749 771 800 842 853 876 889 906 915
1 2 9 18 20 29 35 36 38 40 56 59 63 76 79 81 83 88 97 107 117 121 143 166 174 177 178 181 190 206 212 247 267 268 271 279 288 289 302 314 322 334 339 350 374 394 416 420 423 424 429 441 464 471 488 494 495 501 539 542 543 571 578 579 582 606 609 633 645 662 666 673 683 696 700 703 709 711 713 721 743 755 758 761 771 785 787 788 790 794 795 813 830 833 834 839 868 878 893 903 912 913 917 928 937 958 977 981 996 998
28 46 64 74 93 103 106 117 139 148 174 197 207 219 244 247 303 343 408 448 465 506 520 527 528 533 536 567 568 602 615 644 649 656 664 665 668 675 719 761 768 784 804 819 860 887 903 916 925 957 966 973 992 994
19 77 111 230 341 429 459 475 483 485 584 670 724 783 791 868 881 888 923
13 19 36 42 47 96 107 146 175 227 302 309 313 355 399 469 518 528 566 590 597 615 719 725 737 765 791 806 834 860 878 967 987
38 42 52 56 108 124 149 183 185 189 195 205 217 219 222 226 230 236 265 301 342 377 404 422 437 517 572 690 696 740 781 808 816 831 855 873 882 895 906 949 971
201 228 300 325 338 763
55 129 162 231 239 242 275 287 422 499 553 562 633 646 708 725 739 767 802 892 896 916 943 993
10 17 48 55 74 76 83 109 119 128 144 182 193 196 209 239 372 396 455 492 498 506 508 516 549 620 639 641 657 662 687 692 697 701 707 742 749 804 826 848 868 882 886 927 951 966 998
167 203 319 369 376 552 693 902 996
654
56 76 118 191 208 303 316 384 452 713 742 792
124 203 273 290 394 395 424 496 639 668 671 786 821 869 937 958
27 51 53 110 118 138 167 200 233 246 249 261 268 271 307 320 333 370 382 397 427 450 452 477 490 533 538 544 576 578 579 589 605 617 624 633 638 656 668 748 753 756 813 848 858 900 948 977 980
45 72 74 138 151 188 265 319 325 400 434 492 528 559 560 636 710 745 757 771 806 826 909 941 986
31 119 173 250 254 302 346 394 451 491 571 620 633 674 676 802 844 855 887 992
342 493 579
3 5 19 83 175 338 351 432 436 626 666
32 47 68 82 133 148 193 246 268 349 450 479 590 629 723 759 777 799 805 904 990
28 115 136 217 226 374 427 549 557 561 563 666 682 860 955 994
185 268 519 543 554 593 834 877
846 980
9 23 48 67 90 162 168 188 194 233 235 246 258 349 381 435 454 487 517 532 546 580 678 686 709 758 784 848 857 861 867 887 895 916 936 942 985 992
180 306
586
414 598 615 666
45 100 114 219 687 704 740 994
21 209 508
698
71 89 276 378 590 681 694 711 883 981
450 538 637 707 853 861 930
132 150 296 333 381 396 399 575 578 619 672 674 680 709 780 786 798 918 969 990
25 44 61 116 185 284 386 486 517 518 558 568 645 672 699 764 809 831 969
25 49 102 127 128 135 142 211 221 231 232 287 339 367 468 496 529 558 560 585 594 595 664 681 703 732 736 744 839 968 973 980 998
50 108 201 747 832
31 64 75 89 126 187 196 249 277 283 295 305 339 352 367 372 428 571 642 709 749 822 884 887 901 916 962 973 979 990 999
53 105 148 149 165 176 211 213 221 234 249 275 288 295 316 345 434 441 468 471 477 488 491 599 610 632 640 673 681 692 732 773 807 826 845 862 872 886 907 924 944 948 964 983 998
940
7 29 72 89 129 132 146 159 169 176 198 213 216 221 229 235 242 264 278 279 280 305 313 324 348 378 424 440 456 472 486 495 524 532 574 592 602 604 616 650 664 685 700 702 708 713 752 773 776 778 780 790 812 815 895 903 907 908 909 948 953 987
84 93 97 104 157 296 358 485 513 588 691 696 771 868 957 962
35
179 307 401 429 516 541 626 816 947
47 68 75 146 183 248 332 347 354 365 378 601 605 690 701 857 871 899 911 940 997
9 20 30 35 90 101 133 137 155 173 198 204 238 262 270 279 299 303 306 313 319 338 388 394 407 434 460 509 525 533 544 554 617 627 632 640 689 695 705 710 717 718 738 752 757 818 821 850 856 860 893 895 899 913 936 954 955 971 981 990 998
5 55 122 148 190 200 411 559 590 631 633 647 700 741 755 859 975
8 19 43 48 55 69 90 97 102 113 116 132 133 137 155 173 186 191 207 217 237 241 250 253 260 284 285 291 296 298 299 378 394 416 417 444 465 467 485 498 515 519 531 548 563 579 586 639 664 665 676 700 705 706 730 735 750 784 789 793 824 829 850 858 860 870 876 879 901 912 915 937 955 957 970 993
322 642 730 783 874
482 562 908
19 37 68 85 171 194 264 306 309 314 401 409 439 449 457 541 560 588 610 615 714 719 752 772 802 837 850 891 898 900 906 908 915 920 963
33 59 81 126 165 175 180 236 319 424 455 522 557 585 621 662 769 898 907 968
18 74 80 111 117 155 342 414 569 573 596 615 641 648 688 691 952 992 999
42 188 212 293 377 536 634 648 688
44 128 132 141 157 214 399 477 586 682 753 785 807 931 961 977
18 121 193 299 336 418 431 486 543 616 661 664 705 737 772 820 872 884
53
82 86 113 156 168 229 271 295 348 433 468 495 502 510 528 546 607 635 647 679 702 750 771 809 814 853 858 889 984
43 137 162 175 184 188 190 251 434 489 626 637 639 715 800 824 870 890 959 971 980 997
299 375 417 895
3 65 96 130 162 183 224 277 333 395 431 443 450 520 537 540 587 621 667 681 695 720 760 763 781 803 820 889 938
27 34 37 75 151 158 161 223 236 256 314 358 362 379 432 506 511 514 627 631 637 711 757 804 836 854 859 898 916 925 959 973
148 346 368 377 561 631 669 701 739 760 821 843 944
32 52 122 180 219 232 283 429 473 543 569 613 626 681 702 792 841 859 870 881 926 928 966 972 998
14 123 158 332 400 446 455 556 652 686 870 933
24 55 59 75 200 299 353 434 435 493 518 549 554 576 600 731 762 771 779 791 799 803 848 861 862 881 906
144 240 297 555 858
1 13 29 32 33 45 47 54 59 93 114 117 131 174 189 209 223 246 250 341 359 366 368 390 421 479 492 500 524 534 570 607 627 654 661 663 691 704 707 715 733 735 814 822 825 832 844 852 872 880 922 968 975
135 177 246 411 485 511 623 659 698 816 970
22 35 46 96 195 209 214 218 249 344 367 410 429 437 444 487 579 583 598 619 645 695 736 742 745 750 759 762 786 797 812 825 833 853 877 888 890
9 27 66 271 291 334 398 408 482 506 695 749 764 790 799 840 934 970 992
2 16 32 36 65 117 123 126 132 133 134 142 144 188 196 206 252 258 266 275 285 288 328 356 364 367 403 411 417 426 441 442 471 495 506 520 548 557 563 640 662 704 707 722 723 744 747 750 767 775 855 883 890 892 903 905 919 923 926 933 973 975 992
401 620
147 148 149 167 202 261 334 343 367 418 507 510 636 637 648 718 741 786 829 847 859 869 883 917 928 947 951
17 91 99 114 134 149 154 180 258 264 286 327 419 511 515 525 533 534 573 661 678 754 755 770 781 783 829 841 968 991
208 353 372 390 391 395 405 454 459 730 757 794 846 885 916 931 956 970
164 178 479 482 657 888 931
22 274 310 426 485 579 603 643 678 740 822 841 842 850 867 917 944 952 955
92 423 509 569 749 939 970
7 30 38 43 56 59 74 95 133 147 150 175 203 206 216 228 235 275 307 323 324 334 345 364 394 403 408 415 420 438 447 468 487 502 509 519 521 524 530 533 557 567 568 569 573 589 609 670 698 705 714 733 734 743 746 752 759 785 786 791 812 830 857 861 895 916 935 952
116 486 987
7 28 109 170 433 526 577 704 777 813 863 900 998
14 47 61 226 271 276 312 326 466 617 644 959
178 676 746 769 833 941 957 966
37 68 209 265 513 516 602 847 880
72 224 234 422 539 547 561 663 668 765 776 814 828 880 907
12 33 77 135 171 210 250 323 449 541 610 766 767 835 878 985
9 53 66 88 131 144 153 155 195 205 214 228 238 266 274 276 314 346 371 382 384 390 495 508 513 524 528 553 562 575 595 625 646 659 679 685 705 718 721 758 762 773 774 777 792 799 800 802 809 826 856 915 931 934 937 951 984
21 58 68 83 118 143 162 196 248 266 365 370 407 425 512 531 594 610 640 642 648 691 710 732 748 823 858 890 917 925
6 43 75 79 90 132 185 271 285 299 302 403 432 446 460 492 573 637 667 683 718 751 976
24 44 51 63 82 255 288 290 419 458 511 544 609 615 689 741 788 894 968 997
111 338 342 381 407 435 466 498 615 727
15 245 256 281 420 424 499 575 587 596 609 618 671 675 709 723 731 758 780 798 806 834 837 875 937 959 965 987 996
90 148 670 772 848 876
34 64 78 96 133 216 222 230 289 328 365 409 429 456 467 521 611 652 680 691 749 785 963 967
39 54 134 191 222 237 377 423 487 529 595 703 775 794 948
3 139 213 453 627 731 786 868
206 264 302 346 399 456 599 690 798
61 380 382 496 501 599 767 769
18 306 370 404 715 740 774 790
2 125 174 197 328 379 470 697 733 922 925
20 34 47 75 111 125 152 153 193 214 251 284 298 299 324 331 373 381 439 468 498 501 523 580 606 610 642 664 700 705 712 792 817 830 841 855 856 877 885 895 946 954 990
1 2 29 46 56 76 83 105 108 115 125 128 132 137 165 192 200 213 217 218 224 302 308 317 333 338 343 364 430 436 458 465 478 510 519 539 566 579 582 597 619 620 622 624 643 645 681 701 703 719 738 756 766 775 784 787 799 814 829 859 861 890 893 913 917 922 984 992
70 94 96 199 261 277 356 383 433 444 575 578 630 668 720 723 743 798 815 949 984
16 99 100 140 159 165 167 172 175 179 182 235 290 297 385 391 414 421 454 519 536 550 593 702 720 726 782 800 837 838 935 951
30 63 105 136 804 872 977
35 61 112 163 189 224 272 394 416 507 572 646 750 830 868 940
85 110 192 366 445 872 877 938
270 435 443
22 388 527 693 757 952 955
42 53 54 67 74 123 138 225 231 234 295 318 355 359 371 387 420 432 458 460 466 480 481 488 503 547 577 621 623 624 686 692 702 708 723 725 730 738 744 754 792 804 813 829 846 894 911 925 927 931 932 943 973 977 988 990 994 999
409 450 645 648 734 777 789 790 893 967 999
16 48 112 127 133 136 139 146 169 174 192 217 245 274 275 295 335 336 338 345 348 356 370 397 421 447 506 523 559 564 574 593 594 599 620 621 626 642 653 657 665 677 710 745 760 775 835 863 901 902 929 930 932 934 943
838
279 341 995
39 267 645
11 134 139 169 322 365 446 475 490 660 688 736 785 826 857 966 981
164 306 433 483 538 650 698 733 902
9 13 55 72 111 150 155 163 192 198 248 256 272 273 304 330 406 530 625 645 660 686 799 841 898 934 967
24 271 315 758
326
129 275 374 394 438 501 656 730 790 834
68 164 178 292 381 419 441 444 491 493 566 596 608 618 675 707 764 844 854 872 962
247 278 287 300 326 344 357 447 560 607 666 704 751 772 776 815
14 17 18 23 37 87 112 113 129 142 146 172 175 194 302 315 329 334 369 374 385 397 408 450 467 479 480 488 499 521 548 589 595 608 672 685 695 757 822 829 860 869 871 874 896 901 905 935 948 962
4 10 27 28 42 124 337 356 412 427 539 672 698 703 716 759 912
5 148 271 383 414 444 498 608 740 762 948
10 91 707 819
344
218 246 853 973
7 12 21 28 52 55 68 69 89 92 121 132 151 166 173 174 202 209 215 220 227 247 248 259 266 273 314 319 331 332 348 367 369 393 411 421 426 427 432 436 438 461 500 505 509 510 531 542 568 579 585 613 625 630 645 660 663 710 711 728 741 744 745 772 781 794 813 846 853 856 864 871 877 887 889 892 902 907 911 914 932 937 948 960 972 976 1000
131 154 155 198 211 414 439 443 471 511 556 669 773 872 889 914 955 998
12 16 83 200 276 294 307 398 411 422 443 487 524 646 656 685 871 950 982
22 133 219 283 338 339 343 383 430 442 445 493 526 621 687 691 698 713 771 792 877 955 973
95 189 276 459 707 732
616 744
8 24 51 97 114 220 282 314 329 359 362 419 436 498 529 616 649 678 737 819
89 110 132 181 186 192 223 229 232 259 285 302 331 374 412 495 522 524 556 675 683 714 716 814 842
249
904
89 92 98 241 340 414 421 447 504 677 698 740 835 863
10 46 145 189 221 246 292 317 326 379 388 467 485 578 623 672 743 752 798 804 839 909
18 114 161 168 334 338 354 485 499 636 654 765 855 888 914
13 17 65 101 155 182 188 216 226 249 266 291 302 334 343 386 399 401 411 424 448 472 482 503 504 509 536 586 601 633 642 661 782 789 797 829 847 915 924 934 992 995
20 26 31 53 71 74 171 172 184 199 218 259 264 271 278 313 335 348 372 420 433 437 462 499 519 576 593 619 666 675 693 705 715 737 744 747 759 816 871 880 925 938 961 962
19 29 61 64 69 75 81 85 92 106 127 135 145 189 192 202 215 235 244 300 317 360 370 374 384 388 398 407 414 433 470 471 474 519 520 523 531 539 552 555 579 581 591 598 629 634 635 653 655 705 708 718 728 729 730 761 763 781 797 807 810 829 848 861 867 875 876 878 899 913 952 957 967 969 975 979 996
6 28 30 33 72 101 115 146 213 215 250 272 283 314 318 338 342 347 404 463 474 509 513 552 565 584 615 658 691 709 770 789 814 827 829 873 880 920 925 945 968
26 78 155 158 213 355 401 450 481 517 571 583 599 615 705 710 734 839 843
81
365
56 70 111 268 309 400 409 421 424 461 489 513 518 648 708 723 806 914 925
43 73 164 241 294 308 354 359 414 439 538 768 882 887 924 947 990 1000
20 39 88 92 104 120 132 142 172 174 197 200 224 260 281 287 288 293 333 345 372 401 405 443 452 469 483 516 523 552 581 623 633 641 645 709 748 752 769 773 792 828 840 850 928 980 981
117 525 605
60 101 139 140 150 158 169 208 211 236 243 280 338 400 409 427 450 503 546 547 603 830 882 922 987
24 39 201 232 321 343 375 404 414 478 498 500 502 515 524 527 536 540 557 566 617 618 620 653 692 709 725 745 751 805 959 965
340
61 309 318 364 493 611 704 955 994
28 47 187 263 350 547 852 942 964
398 433 659 730 826 954 975
25 77 85 129 157 163 190 210 254 302 361 442 472 581 636 660 676 694 730 752 829 926 977 995
903
167 188 231 738 823
8 90 91 94 101 116 211 225 240 257 317 380 448 488 495 524 598 650 652 682 721 737 784 812 912 963 992
7 8 30 100 113 145 188 193 211 214 219 227 236 258 284 285 296 298 318 319 342 345 375 380 393 403 406 421 439 451 459 468 475 516 567 569 583 596 626 644 677 683 699 712 714 717 727 732 736 740 743 746 749 754 774 775 786 809 812 814 817 837 873 900 918 938 959 971
331 347 434 436 447 462 482 629 675 796 953
193 300 494 695
27 49 161 270 336 349 356 454 493 659 731 750 936 968 972
159 350 712 878
2 57 145 222 238 288 396 413 414 449 461 479 556 676 684 699 726 734 741 783 830 851 863 871 888 926 952 973 982 983
1 31 60 117 136 145 264 286 291 361 384 410 455 513 523 595 600 626 648 689 816 819 865 910 912 932 938 963
60 286 313 580 673
210 332 445 517 586 626 650 900
45 53 87 98 115 124 131 157 181 185 208 229 265 267 289 296 317 333 337 347 355 391 400 436 440 453 459 461 469 472 549 560 562 621 633 638 641 647 658 663 675 680 748 771 813 840 844 845 896 897 904 932 943 950 994 997
2 12 56 61 82 88 110 114 143 205 240 249 294 310 326 334 335 349 373 393 398 402 435 498 504 508 562 587 600 623 684 731 783 785 786 797 802 809 823 846 879 899 912 918 928 965 993
28 29 203 286 355 747 800 807
107 115 204 398 556 571 641 698 700 761 763 768 805 911
1 59 82 282 608 842 926
8 19 21 72 78 126 130 151 152 156 163 168 170 180 189 222 224 267 276 289 297 318 341 360 411 451 455 476 499 528 530 557 570 582 590 594 603 614 628 650 682 712 734 735 739 756 791 814 815 823 842 850 857 860 890 894 907 927 938 945 952 953 959 970 994 997 998
33 47 76 83 97 100 104 139 202 207 265 283 335 359 373 455 479 547 556 562 581 584 606 631 662 669 709 724 730 754 774 867 870 903 939 980 987
79 140 193 202 215 239 325 329 411 506 538 654 720 785
590 917
137 238 350 361 369 506 621 817 848 870 950
37 100 142 299 361 407
520 908
234 434 603 712 910 946
21 610
75 111 163 260 269 322 326 375 379 381 466 524 582 641 679 737 977 996
10 22 35 45 56 97 112 113 122 169 175 177 214 218 247 254 268 275 277 288 296 298 300 302 329 330 332 336 337 339 354 355 357 358 389 391 404 409 419 435 460 475 485 495 500 501 502 516 522 525 532 537 541 543 546 553 575 614 621 623 631 645 651 659 661 670 687 690 722 723 724 725 729 742 744 745 774 779 784 788 793 817 863 869 871 886 895 896 913 916 927 928 936 945 954 964 982 985 988 993
60 79 146 164 212 217 237 269 277 306 309 329 364 383 393 410 422 444 499 567 609 638 648 707 719 729 752 787 810 848 854 866 912 923 931 940 985
98 147 232 359 507 512 618 732 763 974 1000
15 34 72 170 178 246 285 286 287 292 311 313 318 327 356 397 405 412 418 427 440 462 482 556 561 599 603 614 637 641 686 774 790 801 830 834 851 882 971 974 991
1 59 92 101 773 781 887
5 60 168 173 193 195 221 285 309 311 341 361 377 452 460 465 488 501 508 583 603 617 628 644 645 828 853 861 899 933 938 967 988 989
93 219 372 403 605 842 918
2 74 112 189 318 337 619 780 816
7 63 124 141 254 380 520 625 766 831 861 908 927
82 161 217 283 297 330 346 537 594 635 714 798 832 852 856 859 883 884 933 948 979
67 173 174 267 282 325 349 417 465 475 483 485 495 507 528 590 635 683 696 814 862 930 949 984 986
15 49 97 104 133 170 232 234 237 252 253 281 292 318 359 422 446 530 545 586 592 615 623 636 653 662 702 757 911 970 978 983
42 80 108 293 302 467 528 555 663
401 419 426 455 474 490 507 620 664 902 953 982
2 100 105 116 122 150 180 189 198 260 273 448 486 500 521 553 572 583 644 660 661 664 715 766 769 806 819 837 903 916 919 938 993
12 23 24 52 53 57 71 73 85 95 114 127 131 133 166 175 177 185 206 212 215 297 306 309 321 331 333 363 365 377 381 385 395 403 416 417 423 427 428 434 435 449 468 472 492 495 514 523 540 550 556 559 575 623 627 643 650 651 652 663 668 672 678 693 737 742 747 753 814 816 819 824 825 832 847 857 864 870 877 887 900 916 921 956 958 965 971 977 979
146 298 556 575 594 676 711
30 35 55 247 301 464 494 523 551 585 670 684 798 901 946
374 499 672 877
16 43 57 89 107 150 185 190 196 200 219 240 255 262 267 288 315 331 353 355 359 364 368 370 379 385 399 402 417 432 452 482 567 586 587 606 611 661 701 708 740 744 750 753 757 794 802 803 816 829 835 881 889 906 908 950 971 977 997
36 54 107 121 128 135 145 168 190 236 241 251 262 280 295 309 325 357 368 407 433 483 484 507 522 559 562 600 601 627 637 672 679 691 698 773 807 812 815 826 852 954 974
51 284 363 479 491 572 583 736
11 160 175 190 226 228 372 437 450 525 615 659 791 809 846 859 938
116 131 139 150 174 209 317 561 610 644 681 776
1 28 32 36 41 44 49 51 70 108 124 164 177 192 203 213 238 257 273 287 289 309 320 333 356 374 380 406 411 420 422 429 445 453 456 481 487 492 518 530 532 535 538 551 554 578 580 610 617 640 643 650 664 692 724 726 849 861 870 879 889 892 898 911 915 919 937 940 946 980 987 995
25 63 113 147 163 178 186 214 218 329 368 402 415 426 435 437 439 455 491 565 572 577 594 641 646 718 721 758 762 780 840 906 917 938 984
388 497 827
4 28 96 104 127 159 161 177 190 278 296 301 346 353 366 367 411 413 456 457 458 473 477 522 526 543 573 604 605 617 629 641 663 698 718 719 729 731 740 785 807 809 821 832 839 844 846 929 969 987 990 993
83 92 223 361 368 534 559 667 843 847 848 893 968 978
14 152 367 395 406 447 821
90 121 226 545 610 768 825 826 922
40 44 94 100 119 181 272 293 425 430 478 501 574 598 612 653 665 677 769 809 825 863 896 907 930 970
101 165 271 363 381 526 674 788 827 858
9 130 134 285 368 379 437 446 634 648 674 770 818 960 969 982
530
10 48 51 81 159 175 179 182 253 407 421 505 508 532 631 675 700 775 802 819 831 858 872 875 925
16 41 64 88 103 104 105 123 135 139 144 145 158 204 224 235 248 303 310 320 339 346 369 380 425 449 459 469 479 495 509 519 549 551 590 611 653 671 680 712 715 728 731 734 778 817 837 875 889 932 942 956 967 974 978
39 95 196 229 269 321 519 665 678 694 709 744 760 807 858 863 898 906 951 974
3 7 109 132 176 200 230 302 529 561 578 594 652 658 726 739 763 781 860 868
27 48 49 50 62 77 91 103 119 124 139 152 157 199 217 230 245 261 267 278 326 359 413 441 481 491 508 554 567 574 614 670 680 711 764 766 841 862 903 932 944 967
283 294 380 400 401 425 453 563 619 644 710 850 858
12 35 67 126 164 285 373 413 451 487 513 522 537 575 624 913
565 566 765 997
51 71 81 84 563 592 784 828 994
6 8 19 34 71 76 92 95 113 137 146 164 197 209 227 245 252 255 264 268 282 288 292 302 318 330 436 518 525 545 644 696 702 708 726 750 773 792 797 808 812 813 816 827 828 837 850 861 867 870 888 898 936 946 963
67 96 209 231 323 357 508 594 764 836 871 874 976
71 212 263 357 373 878
14 75 124 188 194 197 207 299 307 313 317 351 364 369 391 435 436 438 489 501 510 529 547 560 574 581 586 588 606 611 616 629 641 653 671 706 723 749 840 957
7 52 93 125 137 142 148 156 190 200 330 361 363 394 440 472 475 504 589 596 658 672 701 751 787 822 835 897 898
65 126 173 175 206 214 223 347 350 374 378 393 670 681 684 750 773 851 861 911 933 958
32 201 348 464 476 509 666 691 701 750 789 955
123 149 172 287 301 385 402 521 538 584 585 675 705 759 786 788 855 869 881 887 899 992
5 25 63 107 132 133 208 229 262 291 304 345 352 374 479 503 560 619 621 639 648 672 683 693 715 725 767 773 779 788 806 840 886 894 910
97 143 210 238 332 438 469 471 784 923 996 998
23 38 41 90 96 98 129 154 169 181 201 223 225 263 273 280 301 306 319 324 327 338 375 378 379 390 392 395 405 428 530 540 542 547 601 606 617 626 627 631 643 686 691 699 731 751 753 776 781 865 872 875 884 890 926 959 974 986 994
156 191 606 619 633 825 962
93 234
15 120 585 677 811 837 878
989
20 43 75 81 125 153 159 170 213 222 232 254 292 320 371 373 399 420 430 438 445 447 524 548 552 564 581 596 652 668 672 744 760 826 834 874 890 891 934 976 997
74 92 221 265 331 335 362 400 470 477 570 584 593 609 648 681 710 724 726 727 775 779 784 837 869 915 968 983 990
15 17 32 41 72 77 99 108 110 120 161 172 180 181 240 254 292 294 306 313 332 358 364 365 393 448 483 527 551 590 592 613 626 649 651 683 712 723 742 743 760 803 804 823 845 848 854 858 860 863 881 899 953 974 977 978 980 994
75 961
206 322 511 552 553 642 702 722 743 953
34 58 89 95 122 136 203 212 218 261 323 356 365 505 577 608 626 660 675 809 824 834 881 889 893 927
30 35 50 57 94 97 117 141 154 179 233 260 284 305 323 343 353 370 408 409 467 469 504 526 531 532 572 603 607 610 654 667 685 691 694 707 730 740 779 793 801 805 811 813 859 867 881 888 897 912 929 936 956 958 979 990 992
21 28 53 69 79 93 124 135 162 175 192 233 240 243 253 267 270 306 309 326 332 333 353 370 381 407 422 439 445 449 474 496 530 541 552 578 597 610 633 650 704 718 756 765 766 850 854 872 889 915 921 933 952 958
5 8 25 42 140 189 204 227 236 241 253 261 281 297 315 318 327 330 336 362 440 443 477 483 494 499 511 514 542 546 551 553 561 600 645 648 659 668 684 687 714 753 760 769 772 787 800 805 812 913 919 924 926 954 959 982 984 989
23 40 49 113 207 240 258 370 403 435 487 538 571 626 649 696 707 752 817 902 936 945 961
3 14 20 57 93 122 139 148 153 170 177 231 278 304 314 317 353 402 437 447 484 560 570 591 602 635 667 668 671 703 727 834 885 911
41 593
31 33 34 44 60 71 73 87 122 142 146 167 176 188 203 205 213 221 235 239 244 255 275 311 320 341 348 353 361 375 390 409 452 455 470 475 489 497 518 572 593 600 602 682 710 750 762 772 784 798 828 842 849 856 869 885 901 917 919 947 960 975
856 984
37 63 297
356 414
63 181 326
21 26 40 82 99 116 120 124 173 174 175 199 223 231 236 262 281 285 286 294 308 327 330 337 352 355 362 381 396 404 412 415 418 435 445 464 472 476 481 487 488 502 510 563 613 623 639 687 712 739 744 760 801 804 834 863 879 883 886 941 942 945 948 963 973 991
272 468 532 571 839 893
45 457 503 685 705 796 809 817
44 209 348 778 797 863
34 74 181 575 748 929 939
303 369 467 584 749
181 197 299 338 350 406 515 587 639 823
509 743 808 851 892 921 998
5 22 24 30 55 67 70 91 107 110 164 165 180 181 208 218 227 232 262 279 286 287 332 338 339 344 353 372 376 381 392 411 414 431 437 439 449 456 457 471 490 539 546 574 589 590 596 616 621 626 636 644 646 650 655 665 670 701 755 756 757 762 765 771 773 790 792 793 843 876 883 893 896 906 916 926 929 989
76 158 162 260 304 500 514 604 627 651 671 694 709 714 767 806 813 849 934 991
36 51 54 63 154 164 198 200 277 314 356 390 392 430 595 621 628 717 744 864 892 952 965 988
1 51 76 137 166 211 215 222 268 327 393 454 500 507 523 532 547 571 646 780 809 887 919 923 947 970 985
277 503 991
188 224 667 692 764 771 807 829 994
6 17 148 163 176 179 200 233 235 257 335 377 390 409 499 595 596 630 732 754 830 855 886 938
123 432 552 554 763 772 904
352 395 423 474 647 700 783 808 896 995
226 702 857
47 110 182 242 289 299 322 363 475 596 620 665 666 676 695 706 775 788 842 890 909 926 928
722
37 42 56 63 102 114 124 191 209 255 258 283 352 358 403 454 457 522 579 615 630 635 660 684 690 745 752 758 781 864 885 895 901 908 923 950 974 990
37 39 95 98 122 123 132 139 146 152 159 177 180 186 191 203 204 282 287 305 316 389 394 395 410 433 478 480 482 487 509 554 572 594 631 650 657 685 732 748 798 840 849 871 899 927 966 979
190 270 397 570 658 709 976 992 994
1 58 190 191 369 374 386 557 655 730 732 750 866 903
400 460 757 771 931
7 135 141 294 309 339 353 442 463 597 710 714 787 842 903 977
53 320 772 803
11 32 56 63 82 135 138 152 164 168 182 191 193 203 219 231 239 257 269 286 311 318 355 367 397 432 446 469 513 545 547 564 574 579 585 588 597 599 616 621 628 638 647 660 669 674 692 702 717 721 722 727 737 751 777 805 842 843 846 864 869 870 878 889 898 909 930 955 959 962 973 979 992
1 33 47 49 58 61 75 189 224 265 278 315 316 368 444 446 449 502 511 629 692 713 715 729 773 798 820 972 996 998
136 395 722 825
14 85 104 106 181 202 259 313 316 396 480 500 515 538 552 567 577 665 692 762 817 822 828 842 851 865 922 933 943 964
103 144 249 289 443 535 557 736 843
870
9 22 91 111 129 142 167 180 182 240 263 316 321 325 343 362 438 446 462 479 511 520 544 576 597 625 636 703 721 729 776 809 842 862 902 911 993
65 110 134 162 297 718 726
13 33 116 229 255 273 389 447 563 573 598 609
42 57 132 181 220 227 235 243 416 493 558 585 587 681 842 869 913
5 29 248 356 644 674 755 891 918 925
16 34 47 59 96 102 116 146 164 186 196 198 229 256 265 298 302 308 338 344 371 380 390 417 419 469 523 537 561 668 683 709 713 722 753 765 780 788 908 930 947 969
16 20 22 32 46 77 104 118 141 247 278 287 306 346 369 458 483 552 570 574 618 637 687 732 800 823 870 930 969
478
86 93 115 128 160 172 188 203 257 258 292 297 309 455 465 635 647 657 729 801 829 833 847 857 885 915 919 946 968 977
19 31 54 56 85 156 177 179 184 249 253 262 279 282 303 312 317 335 343 374 379 383 403 406 412 462 472 488 525 526 562 565 585 588 618 645 647 649 673 709 710 755 798 841 875 892 919 928 953 960 971
71 116 727 971
53 387 602
49 61 210 311 337 386 443 575 584 617 649 698 875 958
29 63 78 193 259 272 279 412 445 551 565 586 602 623 627 649 730 827 881 923 980
24 29 316 489 523 529 677 766 797 831 917
85 108 233 300 359 362 385 516 572 577 691 720 742 761 767 785 830 837 915 925
19 381 399 419 796
86 114 128 220 295 398 400 406 472 515 576 592 634 660 741 742 858 868 905
191 207 302 316 361 419 447 462 590 696 910 925
2 33 48 58 71 78 113 118 182 190 252 278 307 319 355 417 505 534 548 593 608 662 669 771 792 883 884 891 908 916 926 975 996
42 233 398 427 849
510 548 775 889
79 100 126 131 157 190 210 229 277 291 353 409 421 445 486 519 524 540 543 552 575 665 685 743 744 752 775 848 887 922 928 945
52 133 281 347 403 542 602 610 678 705 716 721 736 840 873
26 158 174 206 358 385 468 538 574 629 630 693 711 727 776 841 897 910 922 929 961 972 973 996
255 441 769 883
97 98 281 428 496 508 582 585 648 657 783 794 835 970
25 34 64 147 151 176 188 190 214 226 238 245 261 303 326 332 356 410 418 449 526 534 536 549 614 658 741 820 826 829 835 836 848 865 870 901 908 914 944 971
15 152 155 262 306 492 501 572 585 661 703 727 739 773 861 937
28 303 428 464 987
10 21 24 26 27 33 64 91 95 108 109 111 116 150 154 158 165 180 192 212 220 227 236 253 274 280 288 305 316 318 319 321 323 329 356 378 381 398 413 421 429 432 455 463 466 467 473 479 485 518 523 531 535 541 543 548 564 566 572 575 579 589 594 597 600 632 648 650 663 670 672 674 679 694 695 701 705 719 736 767 802 816 819 836 837 846 847 858 862 867 882 888 891 915 917 918 924 929 935 939 943 976 984 994 998
56 88 254 316 319 443 509 587 728 947 987
2 16 24 45 71 76 128 138 151 227 237 320 437 460 487 506 509 510 548 567 587 641 650 723 767 780 786 824 828 840 843 856 864 885 936 968
2 21 51 223 225 300 307 426 454 537 628 643 648 650 713 809 892 986
28 33 93 141 162 172 241 298 335 339 340 359 363 373 402 447 517 571 636 657 677 708 751 850 878 896 918 927 961
34 133 417 589 624 712 948
16 25 40 83 121 127 175 208 229 271 317 363 382 386 402 408 420 423 477 498 550 575 592 598 600 696 820 822 826 863 866 867 918 962 975 993
248 780 812
5 54 77 81 213 223 228 231 305 323 346 489 517 563 664 675 800 826 837 854 887 965
3 91 101 104 114 123 129 143 156 212 263 291 353 377 384 402 403 448 464 471 533 541 546 619 644 735 750 760 772 796 862 880 898 932 969 976
94 163 215 223 271 311 354 553 624 970
159 321 724
41 46 64 78 121 122 178 194 262 321 354 368 416 449 450 516 519 539 666 675 693 739 763 789 837 856 893 938 956 992
49 52 287 367 414 437 672
10 85 97 119 129 163 175 179 183 290 295 318 339 367 370 371 413 415 436 440 451 471 477 479 480 484 489 502 505 513 538 551 566 576 582 610 615 616 647 655 668 684 697 713 731 739 762 777 785 795 814 836 851 885 893 905 914 919 926 942 945 947 961 969 971 980 985 989
1 24 82 123 145 225 226 231 260 262 275 285 298 299 353 376 403 404 405 411 426 438 484 496 539 542 553 556 569 575 580 622 673 686 712 718 775 786 789 801 854 870 884 890 917 918 946 951
16 17 64 69 84 130 137 161 222 235 251 267 308 366 369 370 373 379 391 433 447 458 490 494 517 536 551 626 629 634 677 710 764 786 798 818 874 879 937 958
3 7 46 53 119 163 167 205 240 263 342 375 400 423 484 508 527 534 539 547 553 566 622 639 674 702 705 760 783 784 792 817 841 860 903 908
3 10 24 34 79 80 110 120 145 147 151 157 161 210 220 223 225 229 250 281 290 312 321 326 338 352 370 422 440 451 452 455 466 477 489 500 502 513 578 593 602 612 624 632 636 648 663 674 688 702 707 718 735 745 750 815 943 951 978 987
62 64 65 69 79 81 115 132 139 175 183 191 219 229 254 259 262 268 274 377 380 386 395 446 510 514 642 740 758 770 791 801 820 821 833 859 892 904 929
3 5 11 25 43 49 67 86 100 117 118 119 159 160 168 206 248 251 254 271 280 310 313 325 347 370 373 378 380 389 420 427 434 457 481 495 510 514 525 541 563 564 594 600 633 636 644 647 674 682 700 708 741 762 787 796 803 804 812 839 865 888 893 894 901 925 941 952 953 965 983 986 1000
2 26 257 275
238 298 458 495 526 535 570 657 698 699 772
114 278 290 325 367 368 380 385 486 493 512 582 595 634 700 730 736 843 866 976
571 931
2 22 43 69 97 107 137 139 143 150 169 180 184 189 190 200 203 212 232 241 262 276 316 324 327 347 352 361 412 431 443 489 517 521 540 590 600 603 647 655 667 700 709 764 781 785 793 823 865 889 927 930 933 943 944 945 961 970 976 1000
185 516 616 911
394 605 937
114 209 357 875
32 120 252 285 384 468 527 777 877
21 148 205 215 479 649 652 873 898
23 399 457
689
276 668
42
94 178 188 222 310 465 865 917
44 91 105 156 171 237 247 260 300 364 406 443 543 548 575 584 634 650 675 681 740 750 789 804 809 825 879 898 918 935
97 169 175 185 202 226 233 373 532 545 597 615 704 878
414 776
27 77 86 89 102 117 140 163 166 175 189 231 245 249 308 312 332 379 396 422 435 462 501 508 509 511 523 533 534 589 602 614 632 644 649 652 662 680 693 714 732 744 767 768 781 810 825 838 843 848 859 862 867 929 959 974 987
7 64 89 112 136 165 211 217 229 235 237 241 250 251 268 280 282 284 289 319 323 371 418 459 491 516 524 538 552 599 618 628 629 649 653 687 740 830 836 842 845 888 923 966 968 993
29 80 93 159 168 246 285 555 592 605 642 704 762 775 778 797 800 820 841 869 913 969 982
780 833
696 749
96 401 504 685 784
14 48 78 130 164 193 216 275 293 301 303 353 384 389 394 423 440 475 486 529 542 581 615 647 667 734 765 768 858 897 977
141 364 525 589 843
51 82 176 184 199 226 239 261 400 503 539 540 541 675 815 820 874 888 915 959
3 43 65 103 117 126 148 169 178 204 237 242 259 274 292 318 319 345 377 406 407 440 452 454 460 477 479 511 516 519 527 530 533 540 557 595 603 648 651 696 733 739 745 747 772 809 813 836 851 852 917 928 958 980 983 994
3 24 30 61 81 100 105 113 145 175 183 213 215 247 251 280 285 286 295 299 310 356 382 384 386 394 477 480 481 484 518 524 529 550 566 588 590 617 618 628 639 651 659 671 695 744 786 801 802 817 855 888 894 959 967 986
191 192 199 236 271 437 483 517 522 541 558 655 659 697 722 733 773 814 833 971
184 254 344 491 723 759 849 887 905
29 39 57 112 129 266 275 394 474 502 534 548 579 666 747 763 824 878 951
279 431 432 491
142
38 169 390 448 621 662 701
133 174 322 446 531 645 716 728 734 769 809 854 972 990
101 178 373 552 631 722 776 779 827 869 930 960
80 122 125 147 157 194 257 282 284 290 299 300 329 380 415 650 687 689 691 727 729 756 810 906 916 950 990 996
685 757 809
5 19 49 77 87 98 181 197 226 237 250 260 263 301 336 372 377 441 478 486 545 614 627 641 710 830 873 878 940 965 973
2 13 29 42 54 176 180 300 309 365 403 418 438 469 487 542 552 595 599 628 634 708 737 776 890 906 936 964
11 90 130 139 171 206 325 345 368 408 457 540 556 663 690 692 726 738 766 819 834 839 900
14 31 209 276 278 432 484 713 874 960 970
371 517 521 528 617 681 697 739 764 867
29 125 220 237 246 344 439 645 648 760 838 842 869 962
52 97 183 283 467 614 666 693 709 751 792 834 867 932
200 253 400 411 435 620 646 671 713 825 827
16 38 55 106 204 230 231 245 257 284 296 313 314 379 398 408 418 443 449 463 511 534 570 571 573 588 607 642 660 667 702 716 739 742 810 828 865 876 933 941 946 953 964
60 79 102 140 179 300 316 399 614 623 625 828 851 855 904 957
150 157 283 365 366 407 482 561 582 661 678 948
78 285 377 531 610 705 776 788 850 947 980
6 70 158 190 233 415 460 507 560 839 930 953 955
909
107 296 591 758 761 765 788 957
106
28 71 241 363 406 457 715 793 899 918
121 205 213 310 341 399 421 445 462 509 659 668 691 794 919 923 949 988
60 75 123 139 155 270 271 482 497 530 721 790 803 885 948 982 987 990 997
819
582 936
199 207 222 232 254 276 380 434 454 470 471 516 642 678 688 724 730 737 891 930
90 136 178 296 702 891
168 221 260 261 264 274 335 371 385 457 520 668 973 999
220 623 744 794 905
636 811 819
12 30 99 121 173 178 209 234 253 371 434 460 534 705 783 791 893 966 992
32 44 45 63 87 163 280 322 365 509 543 611 614 636 658 670 793 802 957 993
13 56 81 172 269 330 413 474 574 887 933 936
89 262 267 281 316 326 363 566 975
454
104 237 335 437 443 563 656 677 909
50 63 148 187 192 216 248 263 265 281 289 312 323 334 347 351 360 378 421 429 442 446 453 467 480 485 514 532 536 545 565 578 580 620 632 653 655 658 673 688 711 717 720 730 736 755 757 769 775 779 824 864 869 908 912 926 933 970 971 993
270 272 317 339 376 384 385 414 460 516 809 897 901 940 972
345 502 771 783
5 72 105 212 219 304 440 549 559 788 792 865 888 894 934 985 999
191
20 53 79 131 221 235 451 493 583 684 770 782 801 833 855 916 962
6 164 406 468 478 493 511 691 864 906 912
239 498
358 772 924
13 35 56 78 84 104 108 134 145 244 256 305 323 335 373 376 395 396 440 463 472 474 477 529 591 606 621 673 723 765 768 801 815 838 843 856 874 936
12 48 58 155 191 269 304 323 329 387 434 460 463 482 488 494 501 565 568 650 689 695 719 744 753 824 896 939 948
286 312 372 547
577
385 602 965
266 342 464 469 514 576 611 718 750 756 830 864 972 974
6 356 455 498 626 644 651 986
17 26 57 66 70 72 116 117 197 229 230 238 242 250 265 267 290 311 315 346 367 381 387 392 393 394 398 400 407 408 415 430 431 436 457 477 506 553 556 579 582 609 644 673 685 690 701 748 769 779 780 791 806 824 828 884 907 924 925 928 962 963 964 969 994
103 172 382 413 625 672
209 252 253 417 449 606 632 651 670 904 996
20 40 80 97 131 148 157 165 226 261 264 329 341 366 382 386 413 432 460 469 481 502 564 565 578 579 618 620 623 630 651 663 672 688 730 743 771 778 779 796 799 815 825 860 879 888 937 943 944 972
36 540 835
82 645 698 906
27 115 145 250 291 306 323 353 427 428 490 542 559 576 630 673 678 699 771 825 839 841 846 860 910 923 926 932 956 958
29 62 80 248 505 506 601 702 704 800 806 866 920
51 183 269 557 710 712 914
38 50 65 85 115 174 185 381 443 511 515 771 826 861 954 979
146 328 377 504 758
253
150 219 371
5 68 89 153 165 179 180 192 212 217 238 250 253 262 284 311 366 375 384 400 407 412 447 472 473 485 508 600 642 657 702 713 723 726 773 787 812 816 848 850 861 874 941 942 959 982 983 992
158 227 236 285 320 333 609 641 685 730 769 889
11 19 33 54 64 66 91 100 109 124 128 146 154 166 178 199 202 215 242 245 251 262 280 281 285 291 301 331 341 366 391 395 400 414 418 431 442 448 449 471 473 493 502 523 528 540 541 564 671 699 711 721 798 806 822 867 876 877 883 887 907 931 958 973 974 999
299 376 490 535 550 716 805
75 89 113 166 280 415 423 464 614 658 675 888 963 979 986
6 13 18 85 113 122 136 147 155 175 181 211 308 337 379 468 472 516 564 607 612 622 635 651 685 693 757 773 774 789 794 830 888 913 942 958
73 305 555 559 589 693 818
222 445
94 226 257 384 505 525 696 719 847
256 436 474 577 614 648
51 91 107 138 143 236 274 325 340 415 508 557 616 957 965 987 996
3 90 340 492 521 544 563 604 737 811 814 857 882 917 933
161 174 194 204 252 322 328 329 334 338 346 347 365 430 436 465 574 669 677 761 797 812 870 907 925 928 969
111 136 142 189 263 292 398 410 485 493 500 531 542 661 696 722 796 878 935 943
24 200 206 207 247 350 377 404 437 583 602 638 709 769 772 782 793 827 867 913 930 938 976
1 66 153 317 338 343 352 538 552 637 683 771 774 823
721
14 50 94 105 147 179 215 252 378 398 458 522 559 660 768 826 841 939
546 570 676
26 33 49 107 195 207 239 242 246 363 407 438 456 607 689 732 763 777 827 915 951 963
138 155 184 211 334 340 374 379 469 502 544 612 631 674 776 812 973
68 571 653 747 933
34 78 103 121 160 177 178 183 283 284 287 294 299 321 355 386 395 434 501 513 541 739 743 814 821 822 847 910 959 994
354 438 537 766 858
21 168 290 550 812
21 108 206 211 212 221 266 309 361 372 380 389 414 417 438 446 502 507 554 564 578 582 591 600 615 629 648 663 691 724 745 747 754 761 778 799 803 828 846 854 865 874 905 937 962 968 973 980 986
81 274 360 452 547 947
64 155 185 256 258 262 320 372 377 495 587 638 677 766 861 862 876 999
30 255
25 35 98 120 141 153 159 160 168 169 201 229 233 271 282 302 314 324 325 340 406 454 474 509 525 541 554 650 673 724 881 894 930 981 994
387 932
3 5 35 59 68 85 184 218 242 330 355 364 365 399 422 432 443 472 489 565 579 583 638 681 741 788 810 846 887 927 928 935 946 971 975 1000
101 276 296 312 330 369 407 421 525 568 615 623 676 726 782 870 893
231 261 540 577 696 771 933 974
17 464 475 516 541 708 786 798 808 897 921
2 3 25 54 56 58 60 83 86 93 97 99 102 105 109 123 132 134 145 152 157 168 171 180 181 182 197 212 265 269 272 278 288 292 297 316 355 358 368 371 388 393 404 433 439 451 455 541 554 588 590 592 631 647 683 684 708 752 760 763 766 775 777 781 816 823 854 856 868 877 913 917 935 942 954 984 996
178
68 472 576 653 667 840 919
34 39 48 54 68 78 102 115 141 207 211 223 229 232 265 299 323 325 411 417 419 440 444 458 467 475 515 529 592 599 601 648 720 766 781 861 894 943 986
25 125 214 275 310 600 681 867 915
9 116 125 149 264 310 449 488 548 672 735 782 947
6 13 20 27 31 99 174 194 262 324 343 425 512 606 688 700 791 858 866 878 978
23 83 97 123 140 241 268 275 292 301 304 313 344 368 373 419 429 500 578 582 627 718 813 922 943 992
75 177 195 199 204 209 344 415 457 471 483 491 577 625 636 725 795 831 885 906 930 972 982 997
147 164 212 525 526 539 661 703 724 883 916
8 66 79 83 115 143 150 151 204 219 257 290 291 293 323 377 451 473 475 482 490 496 500 529 546 595 599 623 629 635 640 661 688 708 732 746 779 789 809 821 832 859 871 889 897 898 926 948 962 966 983
112 136 144 155 175 186 188 252 271 279 291 296 298 302 355 362 384 388 397 400 402 406 418 460 465 466 479 486 488 511 527 535 566 618 631 656 675 711 724 746 754 757 820 835 941 959
95 148 326 365 456 496 659 700 812 884 896 945 975
33 42 46 101 104 105 107 118 120 133 137 141 143 146 155 159 166 168 170 187 211 215 217 236 246 250 258 262 270 280 281 284 296 299 325 326 333 335 339 348 364 365 370 371 377 387 410 413 419 432 440 446 467 474 478 481 482 485 511 515 516 530 535 545 565 597 601 606 609 628 644 652 661 668 672 673 677 685 686 692 698 701 705 707 713 714 717 718 721 735 744 752 768 779 784 785 788 790 800 801 805 811 815 822 824 827 834 851 860 864 865 866 876 879 883 884 885 890 896 898 908 916 922 940 951 952 956 968 991 995
67 143 168 203 240 253 277 332 376 442 444 507 554 567 588 607 614 760 801 816 875 876 992
6 65 77 83 159 223 265 304 344 369 394 524 616 701 744 752 774 844 965 983 993
2 11 18 28 40 44 49 79 83 85 87 98 101 108 123 126 143 167 169 183 187 190 194 195 197 203 206 246 253 260 319 324 326 341 342 372 382 391 392 397 400 408 416 452 456 476 479 487 489 491 504 506 507 512 513 515 516 519 524 525 539 545 548 572 580 581 583 589 590 596 602 610 615 629 632 640 650 658 662 663 681 686 688 704 718 720 731 736 738 740 746 750 762 763 769 771 782 791 795 805 815 824 839 846 852 865 867 877 883 893 895 905 909 928 929 932 951 960 961 964 966 973 976 988
13 92 93 97 314 329 402 730 752 775 793 929 984 990
12 39 43 45 50 68 87 96 113 114 124 130 139 144 155 166 184 211 284 304 314 332 362 379 392 397 410 414 427 444 465 471 485 563 566 609 679 701 708 722 731 770 782 837 858 909 947 948 964 989
82 184 428 516 525 636 934 967 978
196 326 961 988
55 576 972 979
46 91 114 187 203 248 296 310 328 330 385 432 525 549 561 625 699 711 759 770 830 892 896 944
12 152 356 440 453 496 601 626 648 705 706 707 872 894 971
94 155 377 486 602 661 668 748 766 786 787 878 880 927 971 973
46 57 114 136 165 187 234 247 285 379 386 422 461 479 503 515 629 677 679 689 702 767 808 866 904 910 969 972 979
23 35 38 131 143 269 328 355 361 383 414 439 444 529 537 614 797 875 886 940
11 108 128 160 546 612 618 678 694 870 956
8 167 314 388 417 421 430 437 438 457 463 473 526 596 603 608 630 663 665 691 713 725 739 810 857 859 929 947 951 955 956 995
32 288 438 586 623 653 661 674 945 949 959
54 86 153 197 319 440 474 582 609 755 825 851
214 268 464 899
3 144 158 222 280 330 340 446 472 739 819 848
18 39 143 189 210 227 397 515 539 679 747 779 816 873 984
318 435 488 565 699 734 743 819 904
33 52 55 70 94 228 246 267 276 287 330 363 439 473 494 499 510 551 574 607 614 655 664 673 724 736 813 825 887 889 958 997 1000
138 412 518 542 589 633 675 754 783 786 914
95 487 596 822 932
185 424 501 522 542 602 604 611 632 680 917
21 133 341 622 629
2 18 29 59 72 74 79 93 110 116 121 126 128 129 141 148 158 160 161 168 181 199 213 241 252 253 257 308 315 319 358 363 370 376 395 397 409 414 415 556 570 587 596 623 626 628 662 704 705 711 727 737 774 777 800 805 860 864 869 874 889 909 920 924 972 990
43 81 226 383 560 667 734 984 996
144 172 221 325 352 367 442 470 508 515 528 548 567 600 617 626 644 734 857
8 26 48 68 78 80 86 92 133 141 168 226 299 338 350 357 395 396 414 420 452 469 483 486 492 501 513 538 544 547 590 591 653 664 665 684 691 734 737 757 768 784 798 799 801 825 846 859 878 890 911 927 942 950 957 973 994
99 172 360 387 470 484 729 911
227
3 126 135 306 365 712 830 953 983
35 76 86 216 474 496 548 674 731 775 889 901
191 310 317 413 481 533 598 713
50 146 271 366 377 392 493 508 573 612 812
70 169 183 242 262 296 380 406 440 617 668 717 807 859
227 241 281 307 599 634
235 284 390 761 766 869
943
309 747 783 794
68 86 113 146 175 184 185 189 251 255 271 315 402 408 424 460 471 512 515 522 572 584 599 607 615 674 678 685 739 781 783 796 810 856 860 914 933 937 974
35 41 48 63 122 203 324 372 479 541 675 937 979
29 80 103 122 189 202 381 419 444 478 542 577 620 696 700 718 742 799 812 899 965
6 164 415
194 423 663
215 925 995
717 731 784 998
221 263 623
35 105 189 247 389 519 557 640 644 889 905 923 965
24 139 169 425 469 542 679 752 820 886 991
74 251 275 948 958
17 39 66 79 102 169 206 244 291 330 340 378 382 481 550 619 796 882 900 963
99 171 321 341 382 419 491 619 794 852 870 940 950 978 980
25 27 43 46 48 54 57 79 149 179 188 204 208 257 263 275 298 313 360 391 473 481 482 489 495 499 503 509 526 537 574 577 596 598 605 608 617 673 690 699 703 722 752 775 789 797 818 824 832 838 857 903 940 948 952 966 981
17 71 222 300 421 710 734 848 930 950
64 343 484 503 551 562 572 604 818 985
5 133 156 159 175 199 204 279 338 348 349 352 397 467 487 526 538 591 670 750 757 765 775 781 788 925 933
17 27 30 48 78 131 160 229 267 269 285 326 405 522 563 670 682 804 812 816 834 868 902 905 916 920 923 937 973
713 931 934
6 101 175 177 298 307 359 485 607 626 733 767 797 885 944 969
115 595 885
389 738 836
28 75 92 117 124 202 206 227 250 303 322 462 470 543 557 605 685 780 787 808 844 931 981
20 22 24 39 55 60 61 76 88 95 111 118 139 154 198 205 209 216 222 234 245 250 272 305 335 356 368 438 493 511 576 588 610 622 630 707 718 725 730 735 761 809 838 842 844 853 854 862 866 897 898 901 905 934 960 967 971 975 985 993
139 145 368 563 838
18 21 123 184 319 339 369 461 496 561 563 665 696 756 800 929 979
19 28 35 43 79 109 121 166 177 228 233 254 280 384 433 457 468 540 541 597 603 695 712 783 834 861 880 986 1000
57 95 165 190 218 265 276 301 402 428 431 719 752 781 784 824
45 113 118 160 190 206 343 379 394 407 414 423 455 484 604 679 683 815 849 889 893 934
4 9 33 42 62 63 71 74 76 81 119 124 137 143 173 181 195 212 221 224 225 228 243 249 265 279 280 288 294 301 319 327 328 330 356 366 382 388 399 421 432 445 446 469 487 491 495 504 534 546 559 564 565 602 607 620 635 637 651 664 674 675 682 690 696 727 730 739 760 776 778 824 826 831 850 866 886 900 950 959 962 975 980 983 987 996 997 999
90 101 155 178 197 237 367 409 422 458 969
14 25 77 91 109 131 141 162 193 207 217 229 242 307 363 379 419 425 427 436 478 488 499 528 629 645 665 677 713 774 776 800 833 871 876 884 908 910 912 960 966 968 978 980 999
26 61 83 96 183 184 200 268 287 301 305 362 465 478 546 578 587 660 671 740 771 795 796 837 861 864 894 971 987 994
178 555 721 740 912 940
36 50 52 86 94 122 159 197 211 246 265 364 366 369 376 388 391 438 445 476 486 497 510 521 525 561 585 615 620 621 646 663 702 752 763 766 775 783 785 869 881 888 930 932 936 941 944 957 974
242 398 460 466 471 531 574 813
4 39 122 251 262 310 358 381 410 467 551 592 614 621 682 911 986
115 124 339 673 690 759 775 794 993
16 56 60 69 89 103 137 171 187 199 220 244 247 264 409 467 468 486 487 528 545 567 583 607 786 876 982 988 996
19 28 37 43 45 57 65 74 79 95 108 138 152 158 166 182 192 214 218 224 231 243 244 250 263 264 275 276 278 288 289 300 304 310 318 356 357 359 385 400 403 413 416 417 424 436 444 471 478 484 585 598 605 611 619 625 687 689 715 731 742 754 761 782 806 819 824 830 856 865 868 875 876 888 893 909 911 961 962 992 996 999 1000
11 196 258 270 328 371 582 596 636 642 647 687 725 958
85 328 355 781 790 826 945
68 94 101 148 301 417 546 551 570 697 736 950 968
117 126 687 928
120 132 172 355 396 507 551 578 677 845 995
259
196 252 410 479 483 518 582 754
5 9 26 38 51 52 57 67 88 149 216 251 271 282 315 318 387 503 513 545 613 623 670 718 772 826 843 879 894 910 911 918 921 928 933 951 961
82 372 389 434 664 677 680 812 822 839 842 943
11 20 48 50 64 108 114 120 124 145 189 191 195 209 247 274 278 288 334 335 339 343 347 382 392 394 396 413 432 441 447 456 466 509 567 574 580 598 641 666 680 681 688 705 721 723 790 799 861 876 897 902 921 936 939 947 948 962 970 984
140 153 182 250 288 339 402 455 537 692 750 860 906 918
7 45 96 117 132 155 337 340 358 385 392 488 492 567 572 578 625 680 722 731 799 857 889 918 945 973 993
12 34 56 66 71 90 91 99 121 148 154 172 188 190 216 229 248 250 257 263 296 305 306 323 331 338 371 372 380 381 393 430 434 453 483 487 488 512 513 550 572 592 633 655 673 684 709 719 746 767 775 822 860 885 890 895 903 907 922 931 932 935 949 971 979
43 101 150 467 554 713 728
30 118 180 321 448 472 557 659 696 705 799 872 987
44 54 69 79 100 154 169 180 185 199 223 275 311 345 352 355 416 456 457 458 498 539 681 687 717 728 741 788 814 819 859 867 883 921 923 973 976
132 279 311
6 15 58 82 96 108 122 125 139 164 222 234 235 261 265 287 291 294 319 321 351 353 354 376 391 393 408 484 540 582 594 615 617 647 678 704 716 718 739 743 745 767 810 826 832 835 862 877 885 890 939 941 943 948 975 980 993
144 710 956
111 707
27 54 159 183 320 479 519 681 723 747 753 804
21 26 52 55 77 83 90 106 109 123 171 197 233 268 279 312 316 320 334 345 346 359 363 376 389 397 438 443 448 452 480 553 554 559 560 563 565 569 577 586 590 591 629 646 694 699 713 722 734 749 752 753 756 764 793 802 807 810 826 854 860 879 884 887 888 894 895 917 923 925 932 959 971 983 984 997 998
50 82 109 112 117 149 160 175 224 318 323 386 464 485 571 604 684 749 766 827 958
212 254 377 538 588 810 865 888
114 340
56 97 101 264 293 396 400 445 493 584 627 641 693 854 863 883 962
643 710 828 841
40 136 154 220 228 282 283 328 396 451 458 485 524 543 565 592 663 792 861 862 961
88 160 320 551 890 938
188 374 396 449
22 85 94 106 168 212 272 300 387 408 448 515 574 626 646 697 733 763 818 926
6 33 236 648 915
18 253 304 354 676 747 871
130 170 197 231 337 351 369 489 540 584 708 740 744 750 826 869 918 935 974
50 84 94 187 273 350 412 457 507 582 676 685 727 749 797 828 843 899
33 104 113 206 221 240 358 464 476 529 557 680 700 810 817 858 995
5 9 70 114 135 142 155 156 166 198 205 220 279 307 381 404 478 799 805 808 833 895 930 965
167 497 764
2 7 30 44 46 52 60 65 77 98 138 154 189 205 224 245 252 275 291 309 313 329 330 354 358 380 387 399 440 442 477 486 548 580 598 602 618 667 736 756 767 783 801 839 867 869 906 920 926 980
12 30 63 70 90 107 132 153 175 241 242 244 275 279 285 298 306 308 319 322 334 363 383 421 422 427 453 455 476 477 494 527 552 563 567 573 575 585 683 699 719 764 771 801 810 874 905 913 927 933 953 970 984 989
294 318 500 534 554 556 571 736 935 984
18 42 78 162 235 267 272 294 301 386 500 507 523 581 613 615 642 692 704 762 806 879 884 891 937
15 74 130 282 313 489 506 526 586 633 768
54 59 369 403 677 692 698 862
40 244 261 274 288 343 364 387 398 428 493 534 548 577 590 614 664 674 700 703 724 784 810 831 881 889 974 978 995
153 161 218 336 401 495 763 817 832 836 931
175 176 178 236 294 319 421 521 711 780 824 877 950
39 65 209 250 340 674
287 463 834
54 71 277 288 336 343 422 468 474 537 667 707 716 727 768 771 783 797 811 814 864 880 887 950 956
44 51 61 84 99 137 261 280 300 303 308 338 345 456 460 482 503 533 535 584 596 656 691 728 777 784 942 951 984
7 22 28 37 69 74 87 98 109 115 129 133 142 162 164 208 223 251 289 296 315 352 377 393 411 416 421 432 453 465 466 476 495 507 516 539 556 567 570 571 576 583 587 597 602 627 629 630 637 640 645 647 653 691 696 698 712 739 743 757 780 801 808 818 829 851 853 934 981
49 63 73 80 91 92 101 126 134 174 185 198 200 262 292 310 315 351 371 413 420 432 526 528 562 610 665 680 692 716 767 770 776 798 804 847 862 863 874 901 903 907 936 950 952 964
34 41 97 184 268 294 315 342 431 544 563 654 763 909 940 974
33 42 52 77 103 112 126 149 168 170 183 215 223 230 250 257 266 275 297 370 382 389 402 411 469 473 506 507 531 532 579 587 618 625 647 652 685 695 709 725 739 761 769 793 856 861 876 877 878 885 892 897 902 920 944 994
261 274 697 748 832 941
244 382 464 479 660 739 807 829
27 260 664
46 132 176 178 205 224 230 332 339 359 395 400 542 575 633 686 736 959 975 978
35 207 531 592 618 628 778 811 949
12 44 72 106 118 137 162 169 171 178 219 296 304 352 375 379 385 425 458 475 507 523 533 537 543 549 570 574 593 623 679 687 702 714 716 731 737 761 766 769 829 863 871 882 885 886 889 901 920 939 942 955 960 981
17 42 83 110 141 145 192 333 472 538 539 568 626 670 671 703 729 745 832 835 857 865 872 925
804
33 190 200 246 348 367 404 722 823 839 845 908 922 948
26 173 201 279 357 677
44 101 198 206 244 249 278 279 327 334 351 357 362 366 385 433 465 500 510 511 513 517 541 664 670 695 729 748 756 763 814 819 857 875 925 985
32 67 103 122 149 162 165 192 219 244 252 291 352 453 467 542 586 592 622 655 680 716 751 764 797 859 921
47 54 207 446 536 544 657 739 746 792 796 831 847 904 935 960 980
23 228 269 455 645 727 842
8 23 49 80 102 121 162 243 314 322 338 351 410 433 450 524 569 597 673 732 754 769 873 876 929 967
777
93 126 166 169 187 201 205 217 221 230 249 384 391 448 506 553 576 584 605 606 609 617 634 670 679 684 700 734 764 777 782 841 944 966
134 144 208 219 234 257 328 346 362 408 493 528 625 641 659 696 735 909 956 960 962 975
286 313 389 422 467 650 689 738
34 54 69 75 80 105 154 334 349 390 391 397 410 417 441 459 522 533 538 567 583 586 592 765 786 812 945 971 974 979
4 12 35 74 82 101 142 160 180 205 207 230 232 235 248 264 295 299 317 328 360 372 410 458 469 472 515 516 521 530 553 587 593 686 717 722 723 742 754 756 793 797 798 831 872 889 897 915 919 941 964 965
1000
121 198 966
53 76 211 364 374 508 523 571 654 664 709 743 759 771 780 839 848 872 884
39 119 249 270 362 501
30 42 46 57 120 133 161 206 291 330 344 417 486 522 571 574 594 595 614 678 700 712 724 757 763 773 783 840 871 882 954 969
26 71 149 247 348 399 474 524 591 626 836
24 34 53 90 98 119 148 166 195 201 262 280 309 366 375 376 403 406 467 489 528 530 531 537 563 565 568 616 633 649 665 676 710 714 726 735 776 780 781 806 829 833 955 998
9 32 52 62 84 123 212 251 266 280 297 302 334 335 343 360 411 421 498 582 615 618 624 656 688 698 700 746 791 812 876 880 957 964 976
489 646 759
113 261 335 348 360 437 704 812 821
44 628 793 881 910
543 617 639 677 698 723 911 942
20 74 171 385 409 522 610 611 658 730 734 860 900
395 410 546 623 642 770 910
57 140 291 597 764 830 887 972
23 130 146 375 772 789 800
2 352 420 771
65 96 438 454 578 627 763 795 843
59 124 207 252 284 348 356 364 602 616 657 698 724 755 927 987
26 51 54 86 103 107 113 115 123 141 177 216 331 347 368 369 447 469 491 577 600 655 660 674 762 771 780 793 794 823 883 895 949 960
8 34 185 431 442 495 517 554 561 625 807 913 964
2 5 28 43 54 116 157 164 171 213 368 417 430 435 452 499 516 635 669 779 825 940
8 10 19 20 21 116 286 352 368 527 578 603 670 709 793 853 870
18 61 104 167 207 237 247 253 255 305 313 327 437 483 546 579 664 688 863 906 975
27 52 56 79 152 154 165 190 299 306 369 384 413 429 472 629 693 901
100 121 129 143 145 148 200 246 255 363 375 411 415 447 471 516 525 527 592 625 627 628 735 743 794 835 893 908 918 934 937 951 959
33 326 432 992
64 242 546 680 821
113 159 167 683 696 700 974 984
829
167 295 469
8 9 39 137 139 201 231 253 313 342 393 402 471 482 490 533 542 563 582 641 655 826 837 852 912 913 935 983
328 617 896
16 86 111 131 237 363 461 514 591 614 703 803 878 964
195 210 272 291 311 312 332 365 403 405 458 496 515 529 539 545 677 699 738 750 949 974 993
496 777
367 947
150 288 319 513 718 782 851 911
152 502 554 990
29 56 58 67 118 151 168 210 217 221 237 241 258 275 293 298 315 344 377 403 408 411 421 422 423 437 443 467 474 480 537 548 598 601 603 637 683 694 720 734 783 816 845 883 911 931 969 990
17 133 228 239 246 307 311 338 354 408 411 416 427 483 504 533 611 616 617 624 688 743 745 760 770 815 842 865 899 929 954 992
4 9 16 22 24 37 41 46 50 54 67 74 90 93 97 112 117 118 125 126 130 133 136 147 151 167 187 190 202 203 208 210 211 223 236 246 250 254 255 262 278 280 283 290 302 312 329 343 345 350 379 382 384 390 392 406 414 423 441 463 467 478 493 502 505 506 522 532 535 538 541 543 565 566 567 568 569 574 576 577 582 584 596 604 607 623 625 632 645 652 657 658 661 664 673 692 698 703 715 727 731 734 739 747 757 761 768 772 776 787 791 800 809 811 830 851 856 858 859 861 864 868 870 876 879 891 907 913 914 921 924 925 926 931 932 937 966 983 988 992 994 995 999
118 167 168 254 267 311 359 363 377 383 466 505 520 571 585 603
118 688
17 22 27 36 58 65 72 78 79 88 105 109 115 121 124 125 137 141 163 192 194 203 209 211 230 247 274 275 277 287 291 296 342 351 367 380 387 401 416 449 453 469 497 509 517 537 573 574 586 611 614 632 633 640 652 653 663 672 677 678 687 696 701 735 759 772 787 798 813 818 820 851 864 872 878 888 898 902 927 933 934 937 938 947 961 962 975 978
441
27 86 177 184 279 280 313 318 323 349 421 440 441 463 470 486 492 575 609 729 886 901 958 975 978
18 27 59 74 94 206 261 278 284 289 677 799 803 829 985
111 113 181 207 225 310 348 606 662 732 767 775 966
28 72 108 531 599 632 790 856 948
34 47 568 671
23 103 236 262 266 378 381 382 445 472 474 490 493 510 514 569 626 649 661 734 752 760 773 830 890 900 933 941 961
2 11 43 77 89 95 97 99 133 138 155 198 269 270 273 316 319 321 348 365 373 394 405 417 487 519 521 578 590 634 672 676 683 724 752 766 767 769 802 818 850 866 894 932 942 972 973 987
23 79 118 121 218 369 444 532 606 651 735 790 792 894 962
36 144 236 355 538 615 722 747 787 813 842
26 60 69 108 176 182 189 233 274 303 474 544 593 634 675 721 794 800 818 833 859 881
986
5 15 37 66 89 129 148 153 171 176 206 214 222 224 307 319 345 378 428 458 505 515 558 631 648 652 686 697 720 735 744 757 812 881 896 942 944 951 972 987 989 994
565
83 644
100 199 233 300 336 392 421 477 484 529 631 693 753 786 790 811 819 834 853 867 928 935 957
32 39 71 78 115 123 131 171 198 214 246 252 261 268 270 283 383 416 428 453 465 498 500 525 527 572 584 590 604 614 700 715 757 799 850 905 906 918 933 955 976 995
39 41 54 86 88 136 138 168 198 211 224 236 242 273 304 309 335 391 405 406 426 432 434 451 474 476 517 532 538 552 571 599 617 619 624 653 654 664 706 716 751 774 810 948 967 998
895
18 122 184 198 217 235 291 351 388 390 396 397 423 556 599 686 697 718 778 788 827 911 936 966
10 38 58 97 197 226 261 341 393 547 589 617 664 667 682 736 787 797 799 871 914 934 982 986 993
20 125 199 261 375 394 443 508 515 530 543 567 575 627 738 744 746 769 786 822 849 868 888 905 987
3 21 38 41 43 47 82 95 116 123 136 185 236 254 335 361 385 386 410 437 441 446 472 477 486 521 540 564 583 648 649 658 667 675 682 690 697 700 724 729 737 742 763 785 817 843 852 864 872 901 911 968 971 977 984 991
446
5 27 43 63 146 164 180 215 223 229 280 343 372 405 488 491 522 559 570 572 603 605 608 632 633 660 663 667 789 865 875 883 922 932 962 990 999
60 141 168 175 221 264 321 341 360 390 474 507 559 674 708 803 805 811 821 827 842 932 946 951
893
209 256 259 278 285 308 461 582 609 663 830 941
8 25 101 102 210 224 239 289 400 534 553 746 857 988 998
59 228 601 679 686 889
16 28 65 73 98 107 139 187 190 215 217 221 259 310 339 354 355 365 369 382 392 414 440 470 480 488 490 495 522 540 597 605 669 672 730 744 758 764 773 779 805 810 812 853 887 893 906 909 914 916 931 950
30 36 87 117 124 151 213 237 250 288 332 344 366 428 536 548 555 593 602 633 709 716 792 815 839 899 902 930 953 966
12 32 154 715 769 933
14 158 877
28 51 80 132 134 135 154 171 178 194 199 205 213 233 252 337 347 373 397 400 418 445 458 489 546 578 599 633 639 647 672 702 807 862 879 886 888 894 912 918 956 991 994
184 188 203 227 332 338 426 610 757 810 865 922 945
86 98 116 137 187 213 234 346 353 370 428 604 636 655 695 703 732 745 900 964
24 662
183 273 435 669 701 972
53 912
6 118 127 279 297 298 307 326 331 375 405 446 490 539 587 643 644 648 666 739 775 933 974 992
10 36 54 59 74 79 112 127 129 247 306 314 363 367 481 591 655 702 740 744 757 967
36 103 265 289 310 314 372 408 436 475 492 656 765 867 886 895 921
781
27 39 74 142 153 176 183 193 197 202 212 213 279 291 314 315 317 347 389 400 403 431 447 494 508 514 545 562 571 595 604 613 625 661 681 694 744 753 768 802 804 810 870 898 905 914 929 931 977 978 990 992
2 25 79 184 218 272 284 403 426 472 484 495 525 643 658 670 735 760 981
12 89 107 282 488 599 624 663 694 709 722 741 800 850 857 873
42 49 98 104 202 280 310 348 397 438 686 702 755 795 958
193 197 265 285 338 355 402 440 522 535 683 689 708 803 818 872 957
10 35 62 89 99 153 182 186 207 209 215 219 255 265 277 281 322 325 367 395 466 534 546 578 607 614 703 803 847 849 863 870 944 985
60 164 234 259 283 323 433 444 473 500 620 858 888 901 919
123 188 348 469 574 579 599 676 973
98
5 8 9 26 29 31 45 52 58 65 78 82 83 85 87 104 109 111 114 116 117 124 125 133 144 146 147 150 163 194 205 211 216 219 240 248 255 259 265 279 284 310 331 332 346 347 348 357 360 370 377 384 393 398 400 410 411 420 424 433 438 440 448 449 460 489 511 514 521 524 538 563 568 586 609 618 622 623 630 633 636 650 651 658 668 683 684 691 700 701 717 728 729 733 741 748 749 779 785 795 810 811 814 815 834 849 852 862 866 867 880 900 908 917 925 931 959 962 967 977 979 980 990 999
13 63 84 108 137 153 174 175 219 224 276 319 356 408 474 499 506 546 564 593 612 696 712 802 809 819 845 850 858 890 896 899 972 973 978 997
151 164 279 391 401 498 619 850 953
6 21 59 63 64 74 90 93 129 148 159 160 168 197 234 243 255 320 334 354 357 370 373 419 430 440 463 502 534 543 552 573 608 616 619 651 702 719 792 818 848 936 974 975
44 56 70 80 153 161 208 232 247 261 290 372 474 495 521 564 639 676 686 791 868 897
100 115 136 139 186 263 386 387 395 451 574 607 662 757 793 811 858 997
202 310 340 406 411 494 520 604 711 796
473
21 56 58 79 102 227 228 239 286 304 338 355 359 475 655 668 726 771 806 835 864 901 925 944 991 993
28 86 135 167 194 198 261 264 326 381 620 632 662 665 679 753 754 777 798 885 905 948 962
981
11 24 212 222 280 378 473 495 594 706 782 867 970
16 30 33 67 81 104 115 147 152 177 182 209 231 257 270 283 291 292 317 324 334 335 339 364 379 383 414 418 447 448 460 469 479 499 515 523 525 533 545 553 555 568 571 584 587 590 620 652 653 658 672 680 719 729 766 788 819 820 840 844 847 865 884 886 914 922 924 960
53 126 150 173 215 286 292 300 304 345 450 472 524 628 701 791 871 885 935
4 21 44 45 63 69 71 81 83 92 120 125 131 171 178 182 220 237 240 276 280 295 314 328 350 355 391 404 415 420 421 463 464 497 498 501 543 597 616 642 669 685 711 731 738 740 743 762 763 767 790 792 794 814 815 845 868 921 941 948 953 961 976
2 15 30 44 68 72 73 78 88 90 124 134 161 164 229 240 256 260 276 279 295 341 353 391 412 434 440 470 482 500 527 544 545 627 628 634 663 672 677 696 729 743 748 752 809 810 835 841 854 870 872 875 885 903 926 936 949 977 987 992 996
61 149 338 738
70 426 546 615 622 843 901
9 42 371 467 494 529 545 629 662 749 812 814 900
32 79 120 148 206 226 267 304 414 440 469 476 483 569 572 628 644 660 677 689 732 736 739 747 776 792 978 990 996
22 33 45 61 87 138 176 185 191 195 196 215 240 241 242 244 266 344 346 451 459 520 598 611 644 646 655 656 664 682 710 720 725 801 828 864 872 897 913 928 995 998 999
38 113 144 179 546 593 597 923 929
175
872 937
29 133 207 244 341 515 525 558 589 594 834 988
211 596
15 16 43 47 49 65 83 92 93 122 125 143 180 211 213 217 234 240 260 273 289 294 296 311 339 340 370 374 377 387 413 440 449 466 471 472 477 486 514 519 540 544 565 570 577 588 603 615 632 635 646 667 678 697 698 713 721 724 747 775 776 814 818 821 824 834 837 840 845 852 856 857 865 869 881 886 896 903 912 921 930 936 947 956 991 1000
49 268 288 320 541 620 869 890 902 918
14 21 60 138 139 176 204 530 553 887 931 954
56 106 108 124 162 165 218 287 300 384 422 433 448 456 483 549 566 607 635 643 725 731 761 816 817 819 845 868 869 884 906 918 935 964
429 453 614 799 865 996
174 321 356 375 712 866
88 136 316 342 429 764 915
17 29 31 86 120 132 180 188 193 214 216 275 282 286 310 311 314 352 355 365 370 374 387 392 420 428 448 454 466 478 485 503 513 519 521 534 538 550 566 613 649 712 721 744 748 768 771 783 795 799 806 807 813 817 829 842 843 847 887 927 972 978 1000
11 18 89 111 181 185 231 261 273 362 429 444 477 516 545 555 601 621 658 683 882 904 925 988
8 34 50 53 60 82 303 454 489 516 519 570 753 784 822 847 853 921 966
3 116 118 125 201 205 323 380 475 493 565 631 633 677 698 708 741 750 776 918 956 958
8 18 28 78 192 303 318 352 421 450 475 498 511 521 531 562 630 633 660 688 695 696 736 737 742 759 798 860 943 945 960 998 999
25 79 102 155 160 275 279 334 413 430 431 488 529 651 679 691 702 754 773 836 838 884 888 897 903 908 967 980 996
711 843
839
13 54 66 176 179 229 242 255 279 284 291 309 311 316 327 333 347 371 377 387 413 420 455 467 471 473 532 562 614 620 663 685 689 707 710 724 730 731 735 750 757 791 849 854 889 893 903 923 924 955 993
9 10 221 291 301 348 407 419 447 496 652 679 681 777 822 826 955
2 9 66 90 126 130 139 142 151 182 188 191 199 212 246 248 283 284 289 296 314 316 325 337 361 408 454 465 468 472 475 501 530 533 537 546 559 569 570 571 592 606 613 667 678 680 690 697 766 779 785 811 850 864 869 903 961 984 995
5 55 56 68 105 119 128 273 298 346 409 425 428 491 561 606 615 654 753 787 838 879 885 910 974 993
130 134 428 538 600 749 774
210 281 775 832
6 126 181 231 304 309 325 601 624 691 804 839 918 943 944 984 996
51 88 131 137 269 289 293 310 343 413 444 532 538 689 709 720 813 818 888 925
280 460 692 822 845
84 99 120 124 267 366 444 469 545 578 671 691 695 719 723 787 905 973
3 46 61 111 125 131 139 206 500 560 574 782 806 844 884 893 939
72 176 225 314 338 406 423 690 726 803 976
24 123 143 452 504 567 595 632 700 736 787 821 831
21 43 55 88 149 165 177 194 224 291 324 361 378 448 496 514 633 673 689 734 757 933 1000
69 132 156 169 188 219 224 228 229 230 238 354 380 399 419 423 424 448 483 488 515 519 550 620 625 719 737 785 788 794 800 816 832 886 895 912 946 951 964 970 981
3 78 97 107 131 150 156 175 237 275 304 428 457 480 488 560 582 588 632 648 680 786 801 858 897 939 950 984 992
166 304 378 518 591 736 854 873
133 212 542 706 773 891 952
157 337 365 491 536 544
69 276 350 353 373 396 430 467 494 592 684 737 765 913
14 16 92 106 122 148 157 161 169 173 205 211 257 298 323 325 335 338 373 391 416 418 445 453 464 466 481 483 484 487 495 530 556 611 615 636 654 665 708 733 834 849 881 944
87 336 340 438 479 486 679 727 771 839 846
171
87 658 677 783 877
4 31 138 157 183 192 271 313 386 435 471 477 523 552 684 705 778 797 828 874 883 888 918 934 983
345 724 773 814 862
5 123 290 400 467 489 699
74 170 300 319 881
33 91 100 141 165 179 189 203 218 286 312 402 411 418 431 463 467 528 534 543 608 639 711 746 799 839 878 886 920 998
423 465 622
24 102 111 391 549 590 628 636 828 875 972 994
22 77 82 98 185 214 238 243 277 296 339 351 396 411 418 596 613 636 728 770 914 947 956
556 748 901
35 70 85 117 151 263 459 493 526 531 581 587 644 690 718 735 834 910
11 40 90 92 104 165 174 195 206 223 240 364 380 391 402 403 433 475 539 550 641 648 652 667 672 688 693 739 747 771 777 853 854 894 903 925 944 946 947 955 979 988
121 222 376 377 465 495 588 735 903
114 226 287 307 345 401 438 544 637 658 861 880 912
34 38 46 49 128 131 225 348 486 540 544 678 690 745 956 975
2 138 157 243 272 922
94 318 653
263 769
102 103 314 831
41 97 117 212 214 312 539 567 583 616 617 668 731 744 816 949
254 292 333 346 352 508 513 536 544 738 759 767 794 852 854 916 970
151 702 735 926
74 174 178 181 192 197 210 223 229 249 283 299 387 401 419 431 491 534 537 580 583 603 612 627 639 664 671 701 710 752 761 802 808 813 852 869 896 910 912 919 923 933 940
1 45 48 65 67 84 86 99 135 162 218 261 280 355 362 368 383 395 436 450 473 554 559 585 619 645 668 670 740 742 743 786 842 910 924 960 970 978 982
9 97 110 324 391 500 607 615 632 815 900 951 996
41 453 629 661 678 756 797 826 848
48 80 107 162 208 256 294 357 362 363 441 474 515 522 547 580 584 616 647 654 667 685 804 848 885 897 965 973
18 128 134 158 161 195 236 238 273 360 402 425 430 463 468 531 565 570 582 611 652 669 739 760 767 768 775 803 848 851 869 914 935
42 89 314 470 558 644 888 983
16 38 76 79 94 101 114 123 174 195 221 225 243 250 259 279 293 301 304 316 325 356 358 365 411 427 436 437 462 504 532 543 549 551 658 712 719 722 734 749 751 763 779 780 796 812 835 839 840 845 865 872 894 914 929 943 944 953 973
761
71 89 127 149 161 163 195 218 244 274 277 304 317 353 354 453 477 479 482 490 515 529 535 564 584 605 628 685 709 753 781 795 818 850 873 907 917 932
16 78 403 406 501 597 663 669 692 695 740 826 984 989
331 513 536 638 656 696
157 278 295 412 486 760 849 850 972 974
1 58 124 141 279 354 511 545 551 592 611 699 708 771 843 853 867 869 967
6 29 44 53 160 163 174 210 227 229 235 256 264 275 278 292 309 317 318 321 327 329 334 337 354 356 396 399 403 404 423 426 429 464 481 493 516 532 556 585 606 618 631 638 652 658 660 670 674 713 767 807 826 831 836 840 850 854 861 864 870 871 880 894 929 931 933 938 939 950 975 976 977 983
43 44 54 103 190 201 292 319 374 399 404 408 460 491 521 541 569 575 645 763 766 872 930 980 992
88 440 987
309 553
40 179 238 728
199 370
12 14 42 69 110 119 187 204 205 217 230 247 256 257 295 301 337 369 375 387 408 463 493 495 501 548 609 615 630 637 656 678 691 698 703 708 752 802 804 818 868 881 905 922
2 4 35 39 42 45 95 126 167 171 179 186 192 211 237 250 260 278 309 339 356 482 494 513 517 554 558 576 578 601 604 619 648 652 672 695 730 733 757 776 816 853 876 886 897 923 925 951 978 1000
532
6 23 31 67 76 88 133 150 190 191 210 276 280 283 302 324 344 359 395 437 531 536 540 543 551 576 668 693 737 746 754 755 761 820 921
256 259 471 784 790 849
25 63 208 470 522 835 883 911
400
32 43 80 106 237 355 393 398 414 419 459 538 549 584 983
113 772 799 878
40 72 218 575 744 867 982
71 75 128 129 156 167 184 197 258 342 422 447 475 609 660 766 801 890 985 992
5 13 35 56 60 63 67 91 111 115 132 146 152 165 167 183 195 201 220 241 268 274 280 283 287 330 334 339 358 364 376 383 391 396 408 424 426 442 444 446 464 489 493 509 518 528 536 561 566 603 622 623 629 643 693 718 728 748 750 761 789 802 804 809 825 833 837 840 867 893 898 927 934 955 994
12 13 33 40 44 54 57 60 82 94 114 119 123 129 158 165 180 211 215 220 222 247 270 272 273 277 287 297 307 322 339 342 343 370 384 390 405 411 414 416 434 451 462 475 481 497 536 545 560 568 572 576 602 612 625 635 659 661 665 677 679 683 687 700 702 706 720 736 737 765 813 835 841 875 880 893 898 916 919 921 927 944 953 956 980 992 994
20 49 54 73 90 112 121 167 221 243 258 327 336 367 378 380 381 396 551 575 584 589 594 627 660 682 700 702 737 763 782 798 822 844 890 922 941 951 958 983
43 88 238 318 322 375 383 455 575 670 687 737 829 916 964
16 21 70 80 86 91 96 102 128 146 180 182 193 202 225 237 239 256 269 271 292 330 392 404 423 425 456 461 462 476 518 532 540 578 582 592 603 609 631 632 639 645 651 655 674 722 729 732 743 744 769 774 786 804 807 837 838 859 866 917 923 956 959 968
7 24 84 134 161 164 180 186 291 371 385 411 478 521 525 530 561 741 787 821 854 867 889
98 129 316 383 926
57 148 598 603 638 641 803
7 41 63 68 106 141 162 181 225 246 250 252 263 282 331 338 360 361 371 415 497 514 604 638 699 746 779 785 807 814 827 850 869 872
69 153 162 188 223 243 248 406 430 576 591 613 631 639 643 648 669 696 810 812 831 852 913 932 939 959 982
456
23 107 131 154 181 275 307 504 556 558 702 703 752 871 886 937
171 203 853
23 32 38 43 46 59 62 109 141 144 168 174 200 203 210 218 273 287 334 358 368 375 381 402 405 419 434 438 439 447 456 459 466 473 492 499 523 531 535 545 565 633 673 699 720 736 757 835 838 841 855 858 860 881 894 898 903 918 928 937 958 967 978 980 981
17 132 207 211 214 328 351 386 456 462 485 599 685 698 762 851 893 924 986 988
1 13 18 31 39 53 58 75 81 82 86 91 95 96 98 107 109 113 114 117 120 129 130 133 135 145 147 163 181 187 192 195 209 212 216 224 234 235 242 247 279 280 281 285 292 301 305 317 319 322 323 335 337 369 386 387 393 397 400 413 417 420 421 434 437 439 442 458 459 460 461 468 471 472 492 496 500 506 509 513 519 525 532 536 551 552 559 569 570 582 596 636 654 655 657 660 661 662 663 664 666 673 695 710 714 722 723 728 736 739 743 745 747 769 782 791 793 795 796 799 821 841 851 852 853 857 861 879 888 897 914 916 924 933 938 956 959 960 969 975 976 978 991 992
21 33 44 54 60 79 97 207 211 238 282 352 412 420 431 433 436 461 475 480 533 553 558 601 745 792 843 851 861 900 913
7 9 37 49 64 65 112 115 158 176 228 252 258 260 261 287 301 306 317 325 331 367 369 378 394 410 412 424 427 428 429 472 502 512 535 541 555 574 664 671 710 732 736 760 787 793 794 799 840 860 872 878 890 911 934 942 955 989
30 37 49 60 63 64 88 104 150 154 159 269 325 348 359 388 393 472 493 517 577 609 611 645 648 702 703 714 794 838 898 900 913 916 972 978
64 397 404 426 804
3 18 23 31 75 100 101 113 125 180 181 269 275 292 312 339 358 366 387 404 446 449 471 479 504 506 546 557 558 589 600 609 622 630 655 657 678 736 750 752 758 776 777 784 797 812 867 871 888 890 894 929 965 966 971
24 58 67 192 224 229 267 405 496 516 588 597 690 696 745 752 760 819 837 887 905 912 913 927
43 47 147 192 193 220 231 265 269 276 300 314 387 457 514 561 565 638 664 932 948 949 995
262
163 219 277 447 554 561 631 719 877 889
89 101 354 446 613 861
9 25 31 35 39 42 43 44 48 53 65 71 73 79 85 86 92 105 109 114 121 131 179 186 193 194 198 199 203 207 215 225 228 229 230 240 247 248 266 273 280 282 283 286 292 297 313 336 350 353 357 359 360 361 378 389 391 393 405 408 413 416 428 436 442 447 448 468 470 472 480 483 485 491 507 519 521 522 548 568 577 580 593 597 600 603 612 613 623 636 637 648 651 682 686 698 715 737 744 751 753 766 767 782 800 876 877 883 888 900 903 905 921 923 926 937 939 948 973 988
21 45 58 81 115 160 192 232 260 276 278 339 350 368 391 398 402 410 420 429 431 439 448 472 473 474 503 529 530 544 556 568 577 587 592 601 625 631 651 666 761 830 838 856 859 862 956 960 963 966 978
488 690 745 868
53 70 130 133 215 338 452 467 475 517 571 580 629 673 674 676 707 803 896 915 924 941 954
152 556
12 15 22 32 34 35 37 50 62 88 89 103 108 117 118 122 126 131 141 166 180 182 184 187 205 215 216 232 244 258 265 267 270 273 274 278 294 300 318 335 340 347 353 359 362 363 370 380 381 389 399 408 410 423 428 429 435 440 441 442 446 451 452 454 463 467 474 480 482 503 509 535 541 558 560 562 565 593 600 601 607 622 628 640 650 658 666 679 687 692 708 721 727 729 734 738 744 751 760 772 779 781 782 790 805 808 813 824 834 839 853 871 880 884 905 935 938 940 941 953 956 963 986 991
629
5 8 12 32 39 73 90 103 124 125 148 170 192 205 247 264 266 269 272 295 366 380 413 464 492 527 531 553 557 571 619 655 656 674 675 688 694 726 811 821 842 874 894 921 934 959 965 998
463 548 719
43 55 123 125 134 157 162 205 262 266 295 385 469 476 514 563 576 761 816 833 843
27 70 140 285 292 308 319 390 405 434 452 521 544 819 867
168 176 202 215 257 260 279 317 402 414 611 647 678 682 686 709 775 792 801 831 847
6 222 630 757 894
162 337 655 772
639
167 246 766 829
298 349 371 418 420 665 725 967
236 729 795 819 999
28 239 264 293 308 312 333 356 391 402 632 671 819 859 937
19 47 55 61 84 137 194 198 210 217 249 270 303 306 349 362 367 368 447 451 579 580 643 696 715 722 750 759 779 838 842 846 855 990
29 97 201 260 393 450 550 559 604 648 675 722 754 778 922
41 501 762
37 242 252 267 286 463 810 860 887
7 75 100 347 393 439 505 513 585 608 704 881
34 74 86 139 276 426 660 721 814 980
27 40 61 126 160 172 185 271 311 312 316 330 509 544 686 728 734 782 812
24 38 71 72 79 96 104 117 133 135 162 168 170 185 222 238 247 252 296 298 316 344 454 467 540 556 644 645 647 677 690 724 778 782 813 824 871 872 888 893 897 902 942 944 970 977 980
13 64 184 201 261 324 381 393 450 507 609 734 788 850 852 990
202
31 126 168 230 245 251 334 403 451 541 548 628 637 642 718 870 929 939
8 13 26 64 145 291 359 497 584 618 620 622 652 863 879 886 933 973 988
186 239 719 749 780 825
179 342 367 389
55 236 315 337 494 548 573 600 819 889
211 226 470 730 758 833
508 541 710 759 888 894
17 62 93 95 276 413 516 593 628 656 659 695 718 803 874 909 963 970 974 975
12 46 61 70 82 107 124 141 152 170 214 255 296 305 341 355 364 372 383 407 408 446 461 466 469 494 529 548 597 598 600 609 631 642 648 649 695 706 707 725 727 745 757 759 762 770 782 785 804 824 826 834 837 838 841 880 885 889 892 893 912 943 963 975 979 986 994
61 195 232 288 426 518 534 584 656 665 716 838 902
47 66 123 137 170 228 239 314 437 811
32 102 119 179 341 381 414 429 506 532 545 559 583 630 867 989
30 108 204 215 367 387 411 531 664 918 949
5 84 117 255 295 354 370 626 779 841 906 911 914 921 962 968
58 152 383 434 439 929 979
189 252 296 408 674 679 759 813 820
17 250 335 337 387 484 488 496 500 518 580 674 698 743 873 880
22 27 28 33 43 65 68 70 88 99 109 110 114 118 125 131 132 150 152 158 161 175 180 191 192 200 220 226 227 252 263 269 271 275 285 286 290 300 323 326 345 353 366 380 381 385 386 389 396 400 426 438 448 454 470 494 534 538 542 563 564 569 582 583 591 596 621 643 651 663 666 673 675 678 679 697 699 709 712 729 733 737 741 743 756 801 803 805 829 851 852 868 873 898 903 918 928 932 933 948 968 970 974 975 996 1000
512 963 975
92 98 142 173 178 263 315 406 441 471 505 606 612 636 726 771 834 839 863 970 999
404 931
1 11 31 72 186 243 263 427 461 499 846 865
55 128 236 350 373 385 483 610 793 837 880 935
85 157 175 261 270 295 416 434 459 503 523 526 546 574 592 678 693 723 743 788 800 836 882 934
391 439 785 793 810
153 343 350 387 450 612 788 865
346 347 616 654 731 762 945
461 518 685 939
11 12 52 63 200 216 277 286 322 325 344 397 415 422 425 428 438 440 444 455 467 483 530 534 559 588 609 625 652 713 809 869 913 960 971 978 989 993 996
760
2 3 24 56 64 92 113 117 128 146 148 166 206 218 222 232 256 280 306 336 340 376 383 418 448 468 481 492 510 512 517 526 534 536 537 547 551 561 563 577 592 597 600 605 621 639 646 655 675 684 689 710 713 776 800 806 855 867 869 886 920 982
135 178 598 869 919 977 989
2 34 45 53 78 95 112 120 121 127 136 160 217 224 252 275 278 287 292 304 327 358 359 372 375 395 414 415 419 423 462 494 510 544 545 555 556 574 580 598 636 685 694 728 730 734 758 765 771 811 814 819 840 859 865 886 916 931 940 944 978 979
31 73 209 215 221 341 509 610 613 688 693 699 718 721 767 804 815 926 948 949
173 221 254 274 279 310 374 390 476 521 633 773 814 819 993
91 124 285 307 679 752 988
197 255 375 380 427 672 716 879
276 288 495 586 677 768 834 904 984 1000
401 434 598
589 706 747 904
50 97 130 215 317 411 561 563 586 633 653 907
45 70 88 102 193 293 299 305 338 350 382 385 399 416 422 513 535 571 583 660 664 684 696 701 710 716 728 759 793 794 814 877 902 905 956 961 984 999
21 86
4 122 134 155 228 236 246 351 353 495 564 755 865 874 886 929
275 292 298 331 369 381 415 501 584 633 674 911 994
74 230 396 438 490 506 658 836 874 917
24 26 62 107 122 123 174 175 193 209 219 230 231 239 280 285 287 288 357 366 400 412 420 448 514 530 553 562 584 647 695 730 734 739 750 759 768 834 868 903 924 947 965 981
88 89 114 165 232 338 356 413 513 708 782 920 925 946 983
5 22 34 45 79 100 141 158 183 196 215 262 363 435 480 489 601 692 868 883 959 967 995
77 121 168 192 258 282 297 337 375 428 461 554 579 583 647 668 694 721 841 859 864 938 950 977 991
276 354 498 512 642 664 721 727
161 553 618 782 902
46 74 104 193 210 255 265 438 494 508 594 640 704 718 722 740 768 815 833 851 896 941 956 961 1000
144 339
25 47 358 369 451 897
9 21 69 72 83 115 245 411 414 436 454 472 512 514 544 628 641 704 780 936 948
34 68 84 148 209 242 293 306 468 481 565 690 744 805
152 694 887
166 309 496 643
39 65 72 91 114 126 206 237 273 281 322 327 332 334 399 402 409 431 466 484 499 565 572 597 619 626 679 680 695 723 768 781 788 818 865 866 888 900 918 936 980
33 267 409 961
15 32 83 147 156 197 342 345 348 439 445 472 501 569 598 619 682 753 825 853 865 881
28 58 63 75 166 262 263 335 433 507 571 612 621 640 816 854 912 932
48 63 78 99 162 184 188 294 362 387 391 419 425 484 510 556 643 696 714 748 770 790 800 827 918 961 966
92 225 268 287 324 544 831 868 907
15 45 83 155 160 232 308 359 378 418 434 554 580 590 622 651 669 681 688 689 733 750 799 802 814 867 936
150 595
59 63 77 90 109 137 168 191 232 318 322 334 352 373 380 387 402 494 502 522 528 535 543 546 614 618 646 658 745 825 909 926 943 959 969 992
195 340 493 502 508 639 703 731 991
228 297 321 400 436 533 597 680 707 769 779 819 830 896 909 932
495 643
2 19 39 42 47 53 57 96 108 120 122 128 147 149 158 167 186 192 193 202 207 208 209 211 216 221 223 262 268 292 293 299 302 305 317 337 341 345 353 357 359 367 377 384 389 394 420 439 451 455 459 460 462 480 518 542 543 556 574 611 617 625 655 661 665 679 688 702 704 710 711 721 724 738 739 750 751 778 781 783 785 786 802 816 825 836 838 840 844 864 871 873 885 893 921 927 956 960 977 993
327 520 581 685
122 303 332 388 418 688 780 782 996 997 1000
51 69 140 155 164 181 240 243 251 352 454 597 980
102 249 557
6 11 13 36 62 82 109 115 116 123 133 135 180 211 212 213 234 252 258 292 297 303 332 337 383 387 395 400 402 444 459 480 486 487 489 492 533 534 565 571 583 608 610 612 626 654 666 675 684 717 722 744 768 776 783 787 790 807 813 861 869 895 956 960 990
43 103 123 189 202 245 259 484 579 689 876 994
65 123 145 160 168 197 347 395 481 675 793 931
4 38 42 72 254 302 325 459 602 611 890
208 261 312 346 348 382 631 750 879 917 934 941 975 984 985
48 303 528 839
412 613 674
46 48 62 88 100 101 138 147 155 218 290 293 315 322 329 357 386 440 454 480 505 517 555 568 647 663 667 683 822 834 874 934 950 963 974
20 27 46 73 87 100 111 112 114 143 144 160 175 188 206 210 213 223 224 228 284 312 319 353 393 417 442 444 455 480 481 485 491 494 510 546 578 581 584 606 611 614 625 637 661 695 730 752 758 768 778 791 843 867 872 885 920 924 927 947 977 983
110 164 276 299 307 313 344 440 508 520 605 630 641 662 757 796 820 909 918 992 998
653 864
341 364 599 936 988
42 90 124 130 193 249 305 308 310 313 320 322 374 407 409 414 417 506 515 525 567 611 630 637 645 657 660 669 673 684 725 790 815 870 935 942 969 980
19 175 189 204 216 295 308 338 350 375 386 448 467 639 654 675 716 755 882 887 900 976 984
32 48 123 273 321 343 602 814 827 866 941
82 115 158 161 212 214 232 293 306 317 385 414 566 614 627 642 783 826 890 920
35 111 114 379 427 464 510 987
775
15 31 41 73 153 262 267 384 480 529 534 584 614 629 721 744 746 761 765 778 853 904 935 961
331 795
87 181 192 306 612 683 692 714 757 773 797 856
98 190 191 212 224 244 286 323 339 406 463 500 515 545 594 597 640 643 720 723 808 819 919 960
205 292 599 636 783 785
40 48 64 82 87 93 104 127 133 137 159 176 195 197 255 275 293 296 318 326 327 330 342 351 355 358 372 389 427 429 448 451 486 501 546 562 566 567 596 598 623 634 650 665 670 676 686 696 706 712 724 730 738 740 755 766 769 779 795 829 842 844 847 878 892 894 895 905 912 914 916 932 938 946 950 967 968 972 989 994
44 151 155 174 178 388 598 604 733 816 941
63 113 194 215 271 364 420 421 428 469 548 727 797 959
12 48 138 240 247 252 488 518 563 604 913
353 386 494 588 713 736 763 764 799 803 855 984
17 29 400 440 482 489 562 581 685 702 705 754 778 810 938 987
356 912
120 187 201 235 317 414 429 611 642 716 775 856 874 992
349
209 644 791 846
67 109 490 572 578 688 707
2 127 138 159 239 257 624 649 651 853 912 999
89 103 139 161 241 365 453 503 519 556 560 610 618 632 728 784 797 826 950 968
421 781 995
33 59 64 69 74 86 103 127 134 151 162 168 201 254 258 286 300 321 395 403 481 502 506 520 579 643 729 745 816
360 698 736 811 845
64 105 190 204 260 305 423 513 514 536 621 631 753 901 903 905 918 950
38 472 533 562 631 758 777 887 896 967
32 64 136 147 218 231 327 361 422 504 516 571 599 688 765 934
28 30 117 189 193 286 346 362 371 435 436 540 603 712 814 906 910 922 939
42 285 309 342 511 724 792 986
815
12 41 223 272 405 578 585 620 824 898
199 379 509 567 813
130 275 304 327 458 494 511 726 742 751 890
5 17 106 108 159 271 295 344 388 465 538 617 626 627 628 642 651 657 690 709 723 774 803 828 852 879 885 911 922
694
379 460 492
695
7 17 25 45 48 58 68 82 91 92 129 130 136 141 143 161 163 169 185 204 209 217 238 248 263 285 317 347 358 396 412 416 438 441 445 459 482 529 545 548 550 563 567 572 583 600 608 611 647 651 688 689 698 719 731 754 767 768 778 806 814 829 847 851 852 858 863 866 875 881 903 950 962 995
605
395 515 973
366 431 578 630 660 917 1000
48
27 67 183 242 295 335 370 373 430 454 472 492 565 604 700 706 739 798 853 891 937
69 127 148 165 168 213 252 294 387 411 484 493 510 572 601 607 608 640 665 669 700 706 719 727 752 766 785 802 884 888 894 926 952 999
2 3 13 17 25 37 61 77 150 160 175 176 177 182 188 191 196 201 214 215 220 224 230 238 294 306 323 324 327 346 347 350 370 398 410 420 430 431 449 460 485 497 507 509 510 524 527 550 560 571 580 583 599 600 645 650 652 678 694 702 725 760 768 772 775 780 783 793 807 831 861 910 954 957 963 964 980
135 234 336 391 460 559 629 665 669 734 932
192 210 317 355 375 390 413 515 542 548 552 574 697 760 784 812 887 892 912 954
15 18 52 63 94 140 143 156 158 192 255 295 300 302 335 342 353 434 440 467 479 538 559 573 580 603 605 619 678 696 809 868 877 894 932 934 937
15 44 117 132 161 171 189 229 305 364 374 377 402 541 615 632 669 672 695 752 755 777 919
37 77 78 83 110 118 267 328 350 397 516 526 544 575 603 618 644 659 690 707 709 719 774 833 848 896 902 920 980 1000
106 865
66 256 295 422 543 862
74 223 338 344 380 421 437 468 527 528 553 686 698 733 802 929
55 69 70 92 159 262 280 290 335 390 473 498 529 558 595 636 659 696 721 896 940
5 219 238 529 537 616
28 107 136 172 215 221 256 269 299 369 385 388 398 426 453 485 504 516 550 557 564 602 682 694 722 744 745 764 809 875 935 995
246 374 487 529 922 975
29 312 770 791 926 948
90 99 108 168 173 183 373 522 579 630 703 740 774 805 840 852 926 931 940 958
11 16 18 717 850 879 884 992
15 22 27 36 46 64 114 246 309 335 348 351 437 610 635 638 746 764 802 813
60 103 196 220 231 413 691 739 918 978
237 644
8 24 41 91 99 144 151 152 171 182 207 215 224 241 272 303 337 339 352 387 402 430 458 465 485 496 498 537 547 560 570 582 592 604 650 677 712 715 718 746 779 783 790 804 809 822 824 827 832 835 851 877 885 899 900 942 954 964 966
223 272 577 601 776 870
12 28 54 82 91 176 177 251 280 299 311 331 334 341 361 421 454 470 487 522 529 557 561 565 588 603 608 676 746 752 782 835 861 867 909 926 932 960 967 985
658
8 117 233 245 355 421 561 622 648 697
625 993
20 31 72 73 75 158 160 161 163 198 224 234 242 247 260 268 272 281 283 285 288 303 304 305 331 344 347 352 355 360 377 392 398 401 404 406 420 430 452 465 467 479 481 537 539 556 571 575 599 607 617 672 681 695 712 719 720 721 723 738 788 806 807 821 822 824 825 831 835 838 844 855 856 857 882 908 915 918 924 942 972 975 979 981 997
512 552 567
108 116 299 307 323 495 548 606 671 775 806 852 856 868 889
195 646 840
39 52 54 69 86 87 111 129 181 183 190 199 201 226 260 262 263 289 304 314 330 340 342 356 360 395 429 447 448 449 472 476 482 508 539 561 568 589 590 622 641 665 674 682 693 696 772 783 786 801 837 847 855 857 873 876 878 893 904 910 925 943 975 990 1000
3 223 443 454 702 922
86 157 427 558 580 790 861 898
81 91 149 196 493 494 529 584 903 935 960 998
103 120 125 249 298 299 307 380 678 717 755 819 872 892 897 918
61 100 111 120 152 327 333 350 374 431 646 669 673 717 737 787 791 862 934 953 966 987 990
230 452
735
112 412 438 553 571 590 807 925 962
6 47 51 97 126 185 188 205 206 225 229 270 297 299 340 360 370 389 476 550 570 658 710 719 741 827 849 920 938 968 1000
118 119 216 281 468 530 694 720 741 848
140 850
83 710 835 849
399
40 51 64 65 69 128 131 137 138 143 192 197 209 233 235 245 249 268 280 282 288 315 320 360 398 405 411 418 423 441 488 499 500 507 527 544 568 571 592 596 617 618 630 641 647 670 680 699 731 735 740 794 795 840 858 874 880 885 889 901 929 952 953 978 981 998
55 91 99 121 179 237 294 355 414 467 475 498 500 624 670 764 860 889 934 959 998
26 93 171 178 186 220 363 377 474 477 541 676 682 714 724 852 858 935 963 982 990
42 50 82 109 194 196 221 229 267 286 307 319 321 340 356 435 456 473 529 538 541 559 585 632 669 714 771 831 845 857 858 928 971 983 985 998
144 269 297 413 464 485 599 669 961
53 62 261 586 595 660 677 686 700 823 840 857 876
34 108 170 268 371 461 467 490 502 533 539 541 631 662 717 776 792 856 857 863 867 975 989 992
10 24 68 102 111 125 134 148 150 154 163 164 166 181 188 194 198 219 230 236 239 260 261 278 330 334 337 339 349 383 406 427 438 440 476 477 493 495 507 514 517 528 544 548 563 576 579 595 613 654 678 691 708 717 718 720 743 772 783 787 790 801 826 837 842 857 874 919 921 927 947 948 978
10 90 103 144 152 241 263 270 299 303 381 382 387 421 474 513 519 542 584 598 704 752 799 846 912 923 969
54 116 122 132 145 171 180 199 256 261 265 323 419 447 468 478 511 536 591 612 614 621 645 673 675 738 758 760 774 778 783 805 809 815 823 840 914 915 938 986
2 24 33 37 46 53 75 80 99 113 119 131 139 142 149 152 159 168 176 179 181 221 233 258 277 292 303 305 311 336 343 345 368 370 373 403 409 487 510 519 544 560 583 592 602 621 637 648 695 711 715 718 724 728 741 742 771 778 803 816 874 879 910 936 938 942 946 961 970 971 986
77 202 239 250 341 448 473 542 652 834 946
99 102 292 707 782 789 805 813
26 44 108 111 141 157 178 202 205 236 276 313 329 354 355 439 522 545 558 593 741 748 780 847 868 873 886 889 955 977 978
44 73 158 172 240 339 340 342 343 348 369 406 451 477 485 487 551 593 662 693 694 777 793 820 859 871 879 938 983
258 389 413 518 733
93 144 192 206 232 275 276 480 724 739 869 903 928 997
50 303 471 553 625 866 869 972
31 129 197 233 276 301 576 681 746
7 19 36 53 222 387 446 474 571 630 641 648 660 668 725 808 820 961 999
3 67 81 85 143 206 270 313 323 417 420 457 482 510 521 553 612 620 681 732 780 806 811 821 822 831 859 892
70 81 100 107 140 166 179 213 221 225 305 348 395 458 525 558 591 829 918 923 953 1000
87 115 160 310 403 429 464 475 574 599 602 717 752 785 829 831 857 859 905 944 953 984
346 631 691 770
7 117 133 157 161 171 185 274 280 297 361 401 498 504 505 528 529 530 568 583 599 734 737 749 820 825 875 894 902 973
19 168 225 227 228 342 385 403 651 678 723 790 844 851 861 869 949 956
7 16 39 40 61 65 100 120 123 124 126 153 168 187 194 195 202 203 235 238 248 260 261 264 265 285 298 343 346 368 386 388 394 395 423 443 496 507 597 606 607 627 640 644 665 669 674 687 702 721 769 770 773 794 798 811 830 865 871 877 888 927 935 946 947 952 962 978 993
52
89 112 220 250 302 328 338 427 564 666 735 781 822 825 847 990
9 14 19 50 72 80 82 90 92 94 97 98 114 129 130 131 152 153 169 179 181 233 244 303 308 336 359 363 384 399 421 434 439 440 445 457 466 472 481 493 515 523 531 542 558 563 574 594 609 617 623 629 634 637 639 643 647 658 665 675 687 688 711 743 747 755 769 809 816 830 834 872 882 887 902 908 927 929 933 935 936 954 958 963 968 980 986
186 295 324 531 630 839 953
167
26 34 76 78 132 174 183 185 190 192 193 198 220 222 230 239 285 308 314 317 318 333 361 372 390 397 427 471 482 492 527 576 579 634 645 656 675 701 708 709 719 730 749 751 786 796 811 822 926 933 951
2 78 123 247 250 308 313 318 339 695 784 797 855 873 880 913
26 52 129 142 361 363 364 422 446 467 526 534 596 612 667 722 733 766 805 870 921
92 161 186 195 219 273 359 373 475 498 513 549 581 719 851 889 930
57 318 322 328 406 461 490 560 630 784 962
7 14 16 39 74 177 242 274 288 308 332 343 360 383 404 405 441 484 490 503 533 552 557 582 620 629 680 686 698 710 756 787 798 803 824 864 870 892 935 938 970 980
17 158 278 385 401 453 473 642 680 744 772 780 832 876 893 977 999
325
186 292 329 399 423 453 560 581 609 641 813 914
477
402 418 505 638 936
15 29 68 95 173 190 208 349 370 424 496 507 527 535 643 662 717 729 731 832 966
96 117 160 170 259 283 334 356 364 413 438 440 484 498 520 541 562 635 689 734 748 895 905 943 995
50 421 483 599
256 723 901
46 130
74 167 181 270 436 439 441 481 598 656 657 817 994
9 143 148 288 359 482 587 668 795 883 965 976 993
13 232 340 555 752
21 34 58 62 64 111 113 130 142 197 205 206 275 310 331 400 425 442 447 457 465 467 482 498 501 587 596 601 604 611 651 684 714 715 724 729 734 738 752 757 783 788 790 815 850 851 866 881 937 969 990 999
770 846
34 59 61 73 80 84 90 111 130 131 282 312 386 391 394 400 405 467 485 495 499 501 516 615 672 675 733 764 771 783 789 873 877 893 968
7 134 361 363 390 640 644
87 135 210 240 325 375 382 420 439 468 470 474 552 632 634 644 649 664 674 677 750 765 781 792 804 828 847 912 918 919 926 942 987
3 9 12 24 33 41 44 53 68 76 77 83 89 112 113 116 126 140 157 160 167 180 184 187 206 234 239 269 270 284 313 319 328 332 334 337 342 345 350 360 365 406 421 426 434 442 454 461 465 483 484 490 493 505 520 536 548 552 559 567 569 578 590 593 596 597 650 656 660 664 687 699 702 706 713 727 730 757 768 773 777 780 787 790 793 808 818 826 834 841 857 868 874 884 886 891 900 907 913 920 922 925 934 953 971 982 988 989 994
30 39 54 62 89 216 225 293 320 341 568 612 615 662 818 936
410
30 32 94 152 164 184 195 221 255 326 350 380 442 452 528 590 627 628 655 680 717 721 728 761 831 845 965
95 112 523 643 885 974
96 100 134 165 167 192 207 213 218 306 317 322 386 442 498 518 597 602 605 656 694 699 721 746 765 835 906 915 928
11 225 282 299 394 445 786 862 874 901 920 980 995
87 158 182 183 221 314 403 477 481 526 659 684 905 948
1 139 187 318 354 401 485 645 684 1000
127 134 159 302 588 603 616 646
9 34 272 425 515 568 707 762 833 898
108 122 340 375 523 598 605 714 729 741 803
122 239 256
456 811
227 925
12 13 15 19 22 40 46 47 62 82 83 91 98 108 137 177 184 190 197 203 210 224 248 291 325 332 338 355 356 369 384 385 387 390 393 417 422 426 430 475 478 485 494 509 545 558 571 572 575 581 586 631 660 667 675 717 721 751 756 758 790 796 811 842 846 886 897 904 907 908 919 922 925 932 942 944 945 965 985 990
30 68 94 208 229 253 295 347 407 511 529 554 698 707 743 751 809 820
31 40 66 82 454 572 589 630 721 912 965 971 989
31 40 41 66 70 88 145 204 206 210 231 232 243 326 372 374 397 409 424 429 504 515 544 601 604 621 637 644 647 680 683 732 813 876 915 922 971
13 414
30 33 53 122 208 245 306 385 388 478 544 635 973
20 105 119 126 151 304 399 579 683 774 780 819 923 928 956
366 565
65 300 373 596 618 665 711
111
42 51 91 117 122 165 178 185 221 230 267 282 300 319 323 330 345 370 386 397 410 447 495 513 594 597 604 615 641 661 682 708 720 744 806 821 822 831 845 858 860 883 892
426 464 554 599 603 714 754 758 762 920
11 28 38 171 193 289 329 396 415 500 559 638 665 715 719 721 723 792 799 917
24 162 271 410 477 527 543 568 729 756 758 869 947
374
8 9 14 61 81 104 106 132 141 201 253 259 264 270 276 290 359 391 419 425 437 497 509 512 513 556 563 566 580 588 621 641 643 669 690 727 734 750 751 752 764 801 814 816 829 836 847 855 878 894 926 927 968 975 977 991
21 30 104 124 151 180 206 228 240 279 314 318 336 344 362 388 396 417 421 422 424 444 461 474 476 522 528 625 629 680 723 738 742 751 788 794 795 806 821 824 826 867 933 943 957
74 182 375 489 586 673 722 810
52 71 84 102 116 211 243 259 318 362 380 464 474 495 498 531 728 747 765 857 882 943 984 1000
164 200 338 529 625 735 801 817 837
150 480 794
81 126 330 570 648 709 748 866 887 935 950 951
128
41 249 297 713 884
65 270 287 347 368 434 552 557 643 794 870 931 955 959 989
25 35 140 213 277 305 348 412 420 435 531 754 787 810 822 895 951 977 980 1000
342 995
15 215 217 228 234 259 265 401 410 423 471 491 515 523 570 582 619 702 720 827 901 954
53 86 123 215 250 267 296 307 314 336 343 352 354 389 425 433 478 505 533 547 599 640 690 702 797 819 829 844 860 922 987 989 997
54 107 109 142 185 238 306 404 471 495 585 642 652 815 836 840 913
21 161 308 608 706
79 166 299 464 508 589 692 797 884 909 944 991
645
59 70 103 121 164 179 245 261 414 436 450 530 533 540 599 601 621 640 645 861 879 890 896 916 919 945 959 979
92 94 127 285 362 460 514 592 618 762 766 774 822 870 877 941 954 979 999
135
114 144 304 325 348 397 407 467 546 575 677 710 712 769 791 851 934
54 65 119 338 414 702 804 977
4 133 148 164 195 225 298 315 332 399 447 557 605 719 831 842 875 948
2 3 44 73 82 91 92 93 117 123 127 128 139 157 169 175 181 203 208 215 241 247 249 260 278 281 282 286 292 299 300 305 320 325 330 338 341 390 406 420 423 427 429 438 440 441 443 444 445 460 468 472 485 489 493 521 552 577 586 595 598 604 605 621 640 646 661 669 678 688 697 701 702 703 714 715 716 725 727 728 732 737 748 759 764 765 789 805 815 825 827 854 858 861 880 888 897 907 910 912 913 938 943 944 951 978 981 988
28 77 170 183 205 251 318 370 371 375 385 410 456 465 487 521 527 561 655 658 675 682 701 702 706 751 755 790 795 836 869 913 930 944 965
111 156 160 204 268 320 352 377 557 578 598 629 762 978
370
109 190 257 290 322 356 423 476 507 525 575 579 596 663 668 722 734 859 888 916 958 982 992
36 77 126 206 219 335 338 470 610 650 673 694 703 877 912
8 181 242 267 302 346 400 402 437 438 847 892
138 189 220 506 558 609 789 810 966
249 486
33 285 442 525 759 992
34 59 66 126 142 152 239 243 414 486 599 631 689 825 918
81 226 451 550 596 691 926 931
44 69 126 306 311 356 441 481 494 821 870 932
18 302 358 649 937 978 986
73 104 125 155 163 232 233 434 560 591 701 740 746 794 812 870
55 69 71 75 84 85 88 117 123 130 141 165 181 218 225 232 237 275 298 309 343 357 366 405 433 458 477 482 487 488 498 512 517 523 533 555 571 576 583 613 620 634 644 645 649 696 722 723 763 770 788 867 891 908 934 936 955 987 995
445 930
46 150 277 342 348 353 363 389 417 571 586 614 669 681 732 779 797 821 833 837 888
482
199 386
77 107 174 196 225 295 322 330 459 472 487 493 573 630 644 650 666 703 737 778 873
46 65 261 346 415 434 471 681 722 731 845 911
114 130 212 233 249 261 438 446 497 594 698 739 782 819 887 900 919
69 131 233 311 323 335 389 418 430 536 550 584 651 675 845 928
185 222 237 238 412 434 435 475 515 545 571 619 632 696 788 818 845 863 886 992
52 78 119 131 143 267 276 289 354 363 384 385 446 478 500 512 521 599 637 660 679 708 739 763 793 891 915 921 942 996
20 103 155 220 254 274 286 363 412 423 480 521 551 574 625 651 657 682 692 702 711 723 806 814 829 858 885 918
45 134 324 491 882 963 979
971
56 68 131 223 384 914
39 55 113 117 125 164 182 189 202 213 260 263 303 304 325 342 364 369 466 479 495 510 511 515 519 525 528 536 562 583 606 612 643 662 693 699 706 710 744 753 765 788 804 817 856 862 907 917 921 925 938 956 962 984
150 194 255 267 272 287 350 386 389 446 447 464 506 524 540 599 605 639 694 751 852 856 860 903 923 940 945 975 987 997
14 116 258 412 772 794
49 299 873
479
2 32 51 59 74 104 159 225 230 256 266 322 323 345 377 397 446 458 477 501 535 537 539 615 621 754 764 766 778 780 791 802 816 835 850 857 875 948 967 976 994 996 997
303 657 836 913 926
13 53 65 67 74 100 106 115 119 121 135 149 168 187 188 213 228 262 266 295 327 342 343 349 377 416 447 461 486 497 503 507 514 517 525 547 565 568 572 586 588 596 599 600 642 703 712 738 742 743 807 809 812 816 854 862 885 906 910 919 948 949 970 994 995
199 252 453 739 914
1 13 24 32 33 36 46 49 50 76 86 92 95 98 126 169 174 186 188 195 198 219 239 242 248 252 262 274 276 281 300 315 317 325 332 348 358 389 407 414 416 417 420 434 442 450 452 459 470 484 495 508 515 517 519 535 543 544 545 558 569 574 585 586 602 605 619 622 650 651 708 717 720 723 724 740 754 762 778 790 800 801 809 810 816 825 829 837 878 896 908 936 942 957 973 975 977 996 997 999
35 45 109 121 175 240 471 804 856 975
5 10 28 58 66 86 125 126 144 173 206 227 253 259 269 275 286 293 310 311 387 407 408 429 438 464 476 525 553 556 574 584 587 619 650 656 675 693 712 723 752 772 773 798 800 810 814 832 839 867 892 921 969 976 983 996
107
50 431 565 770 776 811 951
19 28 55 76 79 85 106 119 128 144 170 190 237 242 282 305 306 317 319 334 336 346 367 374 379 380 385 408 447 454 457 483 510 543 577 592 600 651 681 685 688 722 725 726 728 734 741 749 781 820 828 835 840 877 879 909 927 929 931 951 954 959 963 966 980 990 998
46 47 59 73 77 110 129 176 267 278 297 318 357 369 379 386 398 414 419 478 502 534 548 562 581 607 613 647 662 709 733 749 758 759 798 825 837 842 851 881 890 898 900 917 949 991 998
774
110 135 184 302 325 341 406 616 646 661 671 748 751 818 877 926 931
49 62 271 374 731 756 788
53 60 74 110 114 119 163 236 267 273 276 338 363 402 492 497 510 581 593 619 664 737 754 790 838 863 879 882 893 900 910 952 982 992 995 998
124 296
283 949
40 358 387 500 569 691 990
58 137 205 586 790 857 888 953
205
2 24 30 33 59 62 71 73 75 85 90 125 134 135 138 148 162 183 184 185 207 211 230 241 243 247 252 260 267 281 288 289 294 298 302 304 310 320 327 330 340 353 365 383 385 388 392 394 397 400 413 422 432 436 453 461 462 463 472 481 484 490 497 508 520 531 535 536 548 550 552 559 566 569 574 577 584 588 593 605 625 649 657 667 668 686 691 692 697 704 728 742 750 776 795 800 806 808 816 821 824 828 837 839 849 850 860 861 889 904 928 929 948 953 958 960 965 972 974 977 985 997 999
117 376 377 399 427 431 535 564 566 576 581 622 639 701 721 739 811 880 904 922 959 982
290 518 594 887
195 220 236 264 313 574 589 594 651 729 760 789 910 911
1 22 26 37 39 59 64 88 90 105 139 154 158 174 193 199 212 250 283 290 293 296 297 301 307 316 323 344 351 382 390 391 403 416 417 430 432 455 460 463 479 491 501 504 506 559 580 593 598 608 613 623 638 640 644 663 675 683 686 692 729 746 762 780 789 793 802 807 822 834 835 846 851 865 874 878 901 956 970 979 982
583 714
917
30 107 205 208 230 265 301 309 352 377 406 648 699 815 957 989 998
34 76 293 382 448 470 473 479 516 530 581 609 682 706 910 986 996
59 94 183 204 265 322 362 377 422 457 487 514 545 569 597 655 745 848 863 872 934 936 972
146 148 375 384 432 483 513 538 640 673 685 691 693 708 747 761 819 890 964 991
137 170 173 221 251 269 279 301 302 333 411 464 495 504 511 535 554 591 653 678 714 737 767 796 807 861 879 957
56 234 302 422 470 561 670 726 984
90 235 312 347 465 602 655 680 792 849 931 991
45 47 72 96 108 111 128 141 152 153 176 195 217 238 279 295 334 383 390 405 493 501 520 557 587 604 635 641 642 644 648 658 689 760 771 790 805 842 845 869 898 901 951 955 994 1000
40 55 69 115 201 223 316 322 392 637 645 685 807 826 872 894
6 341 371 377 393 415 477 574 606 647 660 671 754 773 863 882 921 993
84 112 124 125 126 135 155 162 194 206 208 225 262 274 291 294 304 310 396 400 413 418 430 461 464 489 534 547 549 554 557 584 616 659 699 729 733 758 779 789 808 811 825 846 866 873 896 897 916 934 935 943 946 998
76 93 177 199 458 473 485 501 718 764 876 896 898 907 939 980
16 24 55 76 102 107 136 137 142 152 172 232 242 266 309 325 363 366 426 432 433 434 444 449 463 464 508 509 513 516 520 549 605 667 672 703 706 816 835 836 876 878 906 917 943 953
53 124 285 426 874
72 232 379 542 574 592 598 831
166 235 249 253 288 352 356 357 397 406 415 438 473 518 532 595 692 710 768 836 852 864 885 932
36 365 746 768 921
68 76 323 388 390 417 482 550 619 625 748 903 908 944 951 984
30 38 48 65 136 158 208 214 224 278 299 319 332 340 385 387 393 397 409 450 464 482 491 503 549 550 554 557 559 596 597 634 697 701 716 739 747 748 769 789 794 817 820 824 839 885 891 899 910 941 967 987 991 997 998
57 77 111 308 369 382 385 391 523 564 573 582 780 789 817 832 859 963
93 114 144 173 174 199 201 215 443 486 504 509 592 681 717
121 319 345 356 425 449 454 622 628 740 806 822 849 864 936
535 824 845 864
1 5 35 86 122 138 189 245 284 322 333 412 435 499 599 618 639 683 773 814 913
58 82 187 192 261 479 485 508 548 550 602 615 649 670 736 788 828 899 917 948 981
3 44 548 695 806
7 10 27 40 90 115 180 203 289 409 417 488 505 567 633 649 668 698 720 749 753 757 781 836 882 935 968
45 54 59 101 122 323 344 357 372 436 476 532 593 595 609 637 649 831 847 865 895 914 949 987
144 188 220 343 441 444 469 504 565 628 644 695 699 713 717 857 864 913
208 246 534 721 909
66 111 226 733 935
15 154 168 234 297 306 348 372 412 436 614 646 682 692 873 942 978
535
12 32 144 169 173 341 375 382 396 397 417 537 576 618 715 786 987
52 129 142 170 196 240 278 279 297 340 365 387 595 656 689 748 815 921
1 29 340 469 562 567 583 585 612 624 645 672 690 819
21 65 66 96 98 129 145 229 250 282 285 289 413 457 460 470 534 537 538 542 620 625 657 664 677 776 856 859 861 974 982
31 174 219 268 544 726 804 998
41 420 451 523 527 773 802 826 923
764
2 38 40 65 72 87 88 105 159 167 193 204 208 216 247 364 366 372 374 377 381 413 421 429 442 451 458 497 510 512 520 526 534 537 541 560 570 584 602 623 628 650 698 699 723 771 819 830 856 869 872 896 908 926 973 978 987 989 993
44 85 91 156 269 272 338 445 608 703 751 816
39 42 61 66 70 93 131 195 207 237 277 294 309 365 374 392 402 410 424 452 474 569 605 617 643 654 665 682 687 691 698 708 763 782 832 864 879 895 916 971 991
3 78 154 163 355 506 570 624 649 785 797 809 847 885 982
89 110 291 314 362 390 422 456 541 601 660 674 706 827 900 944 948 975
102 129 227 358 434 542 545 557 611 769 919
9 18 25 45 56 100 117 143 153 204 211 218 240 242 251 284 285 291 292 314 343 396 401 432 447 471 485 511 520 537 546 573 580 590 602 625 626 631 658 674 682 685 700 738 739 787 802 813 851 871 887 905 918 930 936 974 975 980 984
15 19 34 44 51 69 72 93 95 144 148 149 160 200 201 202 204 218 219 226 231 232 234 235 259 271 273 287 293 296 305 322 329 350 364 372 386 398 409 416 450 471 484 490 531 560 561 562 569 570 571 578 581 606 616 650 660 664 666 672 684 695 696 711 713 750 753 754 762 770 783 797 845 851 864 878 897 900 935 976 986 996
136 248 335 369 519 908 913
56 126 287 295 364 433 499 667 931 967
4 9 25 27 32 38 46 48 70 112 145 152 166 190 197 207 222 257 261 272 284 308 314 350 351 388 425 460 469 478 480 535 554 576 608 624 639 656 660 661 666 687 726 752 765 812 814 819 833 882 899 903 931 947 969 972 985 998
2 6 7 8 11 18 24 25 28 37 38 42 47 51 56 64 65 92 93 99 116 123 126 127 130 133 135 137 143 155 161 166 169 174 175 178 179 182 189 193 211 212 219 222 223 226 237 239 245 268 274 277 281 290 296 297 301 305 308 320 321 322 324 330 334 336 342 350 354 356 359 370 371 380 392 408 426 428 431 443 454 455 459 461 466 471 490 498 502 504 505 513 537 538 543 546 552 555 559 581 584 594 595 601 610 613 619 622 626 627 649 654 668 671 672 675 686 688 697 709 725 730 733 752 753 769 770 778 784 794 795 799 801 811 816 827 829 834 846 852 855 868 888 890 895 902 905 906 911 916 926 929 934 952 961 964 965 970 977 983 992 998
229 240 379 474 536 1000
136 140 205 334 351 502 513 552 736 789 945
7 12 14 33 48 71 75 86 94 113 129 136 144 145 154 173 174 195 210 219 220 236 242 253 255 270 289 300 307 345 346 419 427 439 493 534 536 543 615 623 640 675 687 699 701 706 713 728 734 743 752 766 814 830 832 851 860 867 888 924 931 967 968 969 974 978 980
264 309 441 530 647 765 936 954
47 97 162 181 182 194 228 266 290 309 329 342 381 403 435 484 511 624 701 717 743 750 760 976
13 47 56 229 612 715 778 796 815 990
187 198 569 782
12 19 32 37 42 43 49 64 65 73 84 87 93 96 109 116 117 125 133 135 162 178 184 191 200 201 202 206 216 221 226 233 238 243 248 253 259 262 267 272 273 278 282 292 296 297 317 324 330 335 340 341 343 344 346 349 350 356 369 374 379 386 390 396 404 410 412 425 434 439 441 449 457 459 464 469 477 482 489 490 492 493 496 507 516 524 538 543 550 552 559 560 561 565 568 572 575 589 590 594 598 601 636 641 652 667 679 690 693 698 722 726 727 735 745 750 761 773 774 776 806 813 823 837 849 851 861 864 866 870 874 881 882 890 896 900 903 904 911 913 915 920 939 940 944 949 957 962 964 970 971 973 977 998 999
546 899
34 52 83 184 339 374 599 646 651 722 741 745 832 971
52 141 336 470 644 733 741 836
50 63 121 157 178 221 234 285 345 386 428 440 443 502 520 526 537 564 580 595 597 639 655 697 723 728 760 781 804 841 843 919 938 955 964
26 59 99 120 127 135 159 164 178 188 253 261 289 303 305 308 361 378 387 436 447 470 475 486 508 517 543 555 599 605 625 641 649 676 702 705 709 730 764 787 807 819 825 831 835 837 852 856 892 895 931 933 937 938 946 988 995
13 15 20 40 71 124 179 225 290 306 402 476 704 742 867
35 47 58 78 81 111 141 178 188 192 358 480 505 507 510 532 589 614 635 664 671 713 735 770 785 787 809 835 854 855 860 913 917 918 962 966 982
14 19 120 129 141 181 185 200 217 255 340 343 373 401 414 429 513 515 526 541 549 612 624 629 750 792 851 861 865 885 921 938 951 961 986 996
30 125 127 134 144 227 243 340 424 531 603 661 695 708 842 843 933 935 937
37 68 155 160 367 472 524 543 559 627 646 653 668 752 893 944
67 118 222 296 351 483 492 592 604 697 770 784 785 802 825 856 878 889 912
143 217 237 242 270 460 485 505 512 593 597 624 694 732 805 863 923 932 938 942
9 28 62 63 97 119 138 163 187 190 195 242 248 261 265 280 318 347 389 393 397 408 418 447 453 477 483 493 499 508 509 521 527 570 590 593 604 612 619 621 644 679 681 720 727 728 750 777 803 844 913 919 921 944 956 975 996 997
522
395
34 98 106 296 749 984
91 631
49 54 99 100 111 145 147 193 261 262 266 278 296 308 312 325 391 419 434 465 498 526 549 583 607 711 764 799 828 829 840 943 997
2 10 12 14 41 47 48 101 104 111 118 142 147 157 160 164 166 203 225 248 249 255 261 267 288 291 292 295 299 336 362 399 428 439 445 447 463 494 502 506 511 524 530 534 535 539 553 599 607 628 635 642 646 653 675 721 741 751 759 761 791 795 802 817 825 832 834 838 845 872 899
15 19 51 77 105 120 125 145 146 156 183 205 212 217 291 311 326 339 362 414 415 430 477 480 482 507 518 550 553 579 582 593 615 627 644 661 707 719 735 770 771 781 783 791 796 838 928 935 955 982 990
74 92 165 171 193 194 208 300 326 328 367 379 382 406 431 474 510 542 551 618 627 674 688 696 736 903 973 982 998
152 168 368 425 581 612
5 125 239 285 345 367 456 560 686 792 813 901
51 55 56 110 271 353 356 405 407 568 628 637 642 706 758 801 817 824 865 909
24 61 68 88 123 158 168 176 306 345 364 407 429 456 479 487 502 503 504 551 552 606 622 644 659 700 707 717 739 754 756 777 804 813 854 945
43 89 98 165 252 306 314 332 334 374 386 389 390 405 409 417 532 603 627 643 714 726 766 790 799 864 867 879 902 905 909 911 919 931 935 936 937 974
13 21 45 82 84 123 127 249 252 265 267 282 289 305 350 364 377 381 398 407 447 464 468 472 473 505 522 544 563 610 620 625 684 717 727 730 739 749 750 751 770 780 804 813 844 875 890 912 913 916 945 948 965 984
58 122 174 190 278 284 296 299 331 362 520 555 670 674 706 722 791 807 828 864 884 894 952
409
194 622 723 905 949
52 98 191 196 213 239 263 306 323 354 383 430 458 480 642 767 881 929 932
44 75 307 452 474 504 532 624 685 758 805 822 828 907 949
49 62 90 123 148 151 162 198 222 256 281 313 319 353 357 366 388 390 480 492 495 511 529 531 536 559 571 574 610 621 627 639 653 670 682 745 747 752 796 803 811 813 836 846 847 854 856 881 898 905 921 928 951 970 972
257 478
91 302 353 443 447 564 582 623 636 886
2 19 55 80 116 135 150 153 172 196 199 217 226 278 315 349 364 374 382 387 393 410 419 424 451 480 511 524 625 639 640 660 761 763 766 782 807 827 829 839 873 892 904 912 921
14 18 174 263 300 316 368 374 474 524 531 560 573 585 593 610 659 671 682 684 714 767 791 806 807 810 917 937
53 68 81 83 104 125 129 195 232 234 239 273 280 299 491 558 564 565 580 585 595 599 601 668 683 750 757 761 788 799 837 846 898 932 939 949 995 997
22 69 83 133 147 156 178 186 195 211 214 224 245 261 267 273 311 314 318 319 321 360 396 410 416 435 467 502 534 548 582 612 664 672 701 709 715 752 753 770 798 887 912 925 940 960 965 990 994
91 94 186 201 226 290 385 415 464 519 530 535 664 730 748 923 995
18 48 109 307 320 326 455 531 554 575 758
107 466 754
164 167 328 407 430 468 823 842 945
373 445 473 609 886
53 56 59 160 176 228 262 276 284 294 305 334 407 415 490 702 719 721 726 746 778 789 806 829 848 934 943
63 441 602
11 33 36 75 92 97 116 166 322 342 384 420 454 505 543 582 622 698 833 905 912
207 316 412 545 616 654 683 722 738 957 970 983
97 203 204 240 374 514 815 904
11 33 244 287 636 645 701 984 994
61 246 556 771 772 877
165 187 217 425 445 480 516 603 773 891 984
15 98 117 139 152 202 212 235 274 338 365 366 432 549 683 764 771 825 865 967
110 388 389 405 423 475 620 628 721 840 919 951 984
156 173 477
494 518 534 587 663 803 900 987
89 110 229 287 297 416 474 541 889 913
78 112 213 251 363 380 385 391 529 537 584 603 662 746 763 775 778 808 887 897 920 965
34 196 217 228 260 270 583 733 783 801 896
107 122 204 300 359 390 459 499 637 653 760 790 882 889 920
62 64 177 366 628 742 961
21 39 51 71 82 89 102 119 127 141 143 153 166 209 217 227 229 233 256 303 322 335 351 388 404 408 430 435 451 455 474 497 584 595 607 632 675 699 723 730 732 751 782 783 802 822 861 880 890 909 917 942 949 994
187
7 18 55 158 342 464 486 528 772 895
780
39 148 241 307 352 411 502 781 929
3 14 16 41 83 86 113 125 126 127 130 170 200 209 215 217 236 252 266 289 320 337 352 364 372 376 390 498 515 520 557 570 614 615 618 659 668 671 685 689 742 755 769 790 847 848 876 896 905 906 909 914 931 991
40 52 125 166 186 272 405 451 567 601 808 828
618
45 125 385 435 460 633 638 658 672 677 883
236 340 373 412 586 646 672 802 859 991
21 91 95 119 136 176 218 266 311 316 336 412 493 508 542 544 640 650 687 688 766 842 872 887 907 969
34 56 195 238 261 353 417 454 500 529 598 646 698 727 853 920 945 999
202 385
147 288 447 465 708 815 986
345
191 560 725
69 200 221 226 485 569 578 617 867 884 923
216 335 395
30 104 382 384 488 647 676 752 780 787 836 925 980 981
172 300 356 592 783 999
27 44 56 117 145 146 159 175 180 185 189 231 272 285 293 294 301 350 358 363 387 402 425 456 457 508 547 563 567 607 652 678 702 737 774 779 784 785 786 791 794 802 809 844 876 877 926
859
19 20 26 29 56 70 88 89 121 137 143 146 159 169 180 206 208 228 237 259 268 310 322 328 341 363 365 367 376 395 433 448 478 488 506 519 526 527 529 550 561 575 576 578 588 589 594 630 645 672 681 683 692 705 706 709 754 758 799 803 804 805 806 808 822 834 844 861 915 933 940 948 958 996 998
26 52 202 291 316 333 335 382 414 424 438 518 533 547 553 644 654 702 708 769 796 829 846 860 876 907 924 930
167 169 188 455 530 565 744 751 862 891
3 32 54 75 81 85 99 125 136 168 173 181 182 216 230 243 261 263 274 293 297 312 331 341 346 349 353 359 373 382 394 404 418 424 429 448 451 513 515 516 522 642 656 692 747 758 762 767 847 848 864 887 911 912 916 979
52 59 71 88 111 210 211 213 219 262 372 401 412 431 440 441 525 529 594 835 839 841 844 864 885 995
17 35 69 134 147 234 240 255 259 278 319 369 532 572 627 646 745 767 804 940
53 84 110 136 290 314 504 525 598 627 663 698 713 766 771 894
186 334 444 789 935
17 69 141 196 236 315 325 330 417 446 475 486 525 564 673 795 813 834 849 951
390 667 891
226 229 312 381 389 441 493 498 551 618 639 673 722 732 755 875 910 951
18 67 93 230 315 618 729 782 882 929 950
748
193 247 726
143 173 234 261 274 410 439 530 577
23 99 134 196 216 239 425 757 758 777 938 962 979
76 243 309 322 431 484 502 554 577 590 749 792 850
12 88 149 251 256 329 375 379 405 427 439 449 490 498 546 558 633 797 836 865 871 908 921 1000
162 203 206 213 275 309 317 341 354 358 389 402 405 446 465 478 485 700 817 845 912 937 940 966
19 44 77 158 191 257 311 312 357 496 501 510 633 639 668 699 708
6 40 55 72 84 98 118 296 314 379 463 525 538 541 580 603 611 645 649 671 740 844 861 911 922 937 985
27 70 94 105 140 141 160 185 190 217 271 275 304 394 397 468 475 485 506 591 594 650 673 688 749 750 762 787 800 832 853 854 892 918 927 948 959 973 976
45 169 286 294 333 353 388 397 426 460 514 556 573 584 594 597 613 666 694 796 897 977
22 29 60 486 630 727 737 746 864
7 9 55 59 78 88 190 194 292 323 495 496 519 618 676 709 717 898 902 911 969 979
157 190 215 218 328 410 417 428 669 693 767 863 877 910 922
19 70 126 141 180 204 249 257 298 318 321 435 442 473 499 528 571 574 585 587 619 626 701 703 714 770 782 848 854 855 888 891 928 937 963
33 232 713
3 14 23 29 33 173 184 274 305 326 407 418 423 426 436 491 502 539 567 579 598 701 714 734 816 822 863 884 896 958 969 971
3 5 20 29 117 177 235 252 343 395 406 414 438 453 459 467 558 584 748 755 785 833 949 950 979 991 999
74 103 160 172 303 311 317 372 469 472 502 521 542 547 548 603 656 684 688 701 805 858 888 979
734
11 131 186 192 199 233 248 262 284 327 346 389 398 403 413 442 450 456 478 491 501 516 540 548 597 611 620 645 650 694 727 768 813 837 911 912 985 995
56 361 479 621 625 730 776 901
173 796
81 181 235 291 394 530 756 879
8 21 61 125 162 163 168 171 189 202 229 231 300 339 364 377 383 411 437 457 479 486 488 502 614 657 707 835 934 966 970 973
49 581 748 956
5 6 13 38 43 66 82 85 89 92 100 101 134 137 140 156 157 163 166 175 180 185 213 226 233 242 244 251 252 306 346 352 364 367 407 444 458 467 486 490 499 519 529 561 567 600 612 623 631 636 639 656 658 660 672 674 688 691 693 702 704 707 724 731 738 774 791 810 811 813 827 832 836 906 940 949 971 972 977 984 988 997
588 894
8 23 299 353 416 446 449 502 523 557 569 638 735 761 802 814 862 972
94 194 208 396 433 475 536 649 784 807 923 928 942 989 999
29 148 176 236 274 378 389 430 446 451 452 465 508 686 708 752 795 855 975
375
28 31 39 54 79 112 141 163 178 188 193 198 217 225 241 321 349 397 458 460 500 537 582 601 603 611 630 663 676 694 706 718 724 737 746 761 821 830 834 844 880 890 897 919 932 964 985
260 316 520 623 775
20 30 51 77 196 207 228 296 297 299 305 331 384 439 491 497 619 631 651 694 719 732 737 785 857 879 930 958 997
144 154 231 260 412 748 770
318 321 465 781 848 912
42 84 103 276 342 389 516 595 644 691 743 768 789 841 871 879 886
9 10 19 32 60 100 114 122 127 149 177 248 260 289 316 331 363 394 405 409 411 477 479 487 501 524 528 545 624 637 648 655 676 684 719 728 744 756 784 826 841 904 939 974 987 993
1 59 87 88 126 143 144 179 214 224 269 278 297 301 309 316 342 365 405 422 441 459 465 473 489 505 529 544 545 603 610 628 643 644 673 676 685 766 778 803 809 851 876 891 980 981 986 1000
40 42 149 196 324 370 412 442 472 497 557 632 843 932 967 985
11 15 31 37 43 161 177 229 267 273 301 413 420 518 611 620 626 635 651 655 677 730 756 777 793 801 807 843 844 852 884 925 939 946 954 961
105 125 130 363 436 475 491 552 581 583 586 603 624 689 691 715 781 803 947 990
42
48 50 138 165 178 208 279 370 513 586 646 663 702 721 754 759 807 851 864 962
6 13 20 36 44 79 96 135 138 144 158 174 208 230 260 265 270 280 289 300 329 352 370 399 434 436 516 530 533 565 569 654 656 662 686 798 808 832 833 839 860 867 891 898 914 918 928 943
66 72 147 162 397
52 55 107 181 229 242 271 348 419 453 478 505 555 558 560 573 597 608 616 625 646 671 677 736 739 768 775 880 987
3 27 66 71 87 97 137 158 162 247 322 407 409 426 467 546 574 587 596 602 643 647 712 747 751 753 762 765 773 777 790 919 974
46 59 66 68 94 98 134 146 156 244 268 270 273 288 302 326 356 358 370 433 451 455 475 489 493 502 518 524 539 600 603 628 650 651 688 705 714 760 791 803 805 833 836 845 852 933 937 976 978 989
95 190 310 482 509 521 649 689 771 953 980
206 753
36 37 51 144 158 283 324 332 430 452 494 508 534 590 615 625 647 685 747 763 794 813 828 835 838 848 882 884 920 958 987 995
471
72 779
41 458 534 578 595 768
20 54 55 78 95 99 138 165 168 176 181 186 228 350 399 415 436 448 450 471 567 613 626 662 675 712 734 745 769 779 801 826 890 972
573 885 887
15 25 94 134 150 198 326 345 353 400 418 465 476 493 554 635 655 661 696 707 758 777 813 843 903 947 992
12 99 111 146 189 219 274 301 309 376 384 403 426 552 588 616 623 757 776 797 806 851 904 949
112 432 511 529 741 765 845 919 923
32 81 102 111 352 404 432 681 729
8 21 27 79 105 112 192 249 255 289 317 394 441 585 603 650 657 667 684 691 721 766 783 801 823 831 904 914
141 175 181 269 381 576 892
102 230 348 615
36 157 158 185 249 251 254 297 304 321 333 339 408 438 449 536 574 607 641 660 667 699 705 706 715 738 753 774 852 878 907 999
33 144 159 266 561 672 713 720 748 824 834 835 965 988
23 32 121 175 181 184 197 209 263 288 297 316 333 408 413 428 494 562 564 570 580 608 625 627 649 658 660 700 717 741 817 840 876 885 898
52 103 369 481 522 756 766 767 811 874 899 919
30 78 96 97 98 133 136 153 192 244 287 386 391 394 419 445 489 491 497 519 560 652 671 676 688 709 722 766 828 862 866 870 880 888 897 911 964
18 37 102 228 239 478 595 925 998
1 114 136 148 229 432 734 960
57 288 400 583 773 846 921
77 105 179 327 360 390 505 789
8 60 132 156 209 256 340 369 409 458 462 486 557 611 670 734 839 891 904 953 989
3 26 55 395 734 752
10 78 127 130 143 238 259 292 294 365 387 402 410 482 539 619 673 749 768 805 834 923 944 968
44
29 46 48 75 107 178 273 311 356 358 396 414 423 431 469 477 542 588 594 614 635 677 685 689 696 805 829 832 852 854 879 912 941 963 982
85 337 347 623 674
15 23 58 137 156 324 565 569 819 833 870 888 942 991
385 485 613
11 36 81 145 184 290 505 524 543 663 686 744 758 765 766 884 918 992
35 57 156 203 264 403 421 438 474 494 573 584 617 628 642 680 686 701 719 824 888 911 939 945 955
44 105 134 147 243 273 300 470 574 742 758 856 859 881 963
627
17 73 310 337 425 428 461 480 553 623 648 674 725 735 894 954
352 588 676 858 982
438 587 985 987
949
4 41 101 174 248 384 409 479 480 576 582 674 760 797 941 966 981 989
35 62 108 126 175 218 258 295 300 363 427 443 467 641 657 675 763 886 958
115
43 73 190 982
21 70 164 273 462 478 682 768 914
137 166 597
6 24 147 396 542
95 157 195 282 295 403 407 408 507 561 675 833 888
237 515 586
28 36 44 45 52 57 92 104 115 173 186 196 204 207 223 239 248 306 311 315 327 339 359 374 394 408 416 443 515 518 529 562 564 566 625 638 661 677 691 694 698 704 720 723 734 752 788 793 831 854 864 878 891 896 911 914 948 959 966 969 977
394
59 72 109 259 370 715 762 790 820 848 849 900 962 965
170
23 56 175 237 255 377 384 423 457 483 559 643 698 737 827 866 899 932 963
11 702 987
25 29 37 43 52 80 131 135 142 227 314 379 387 523 526 527 708 835 937 960 978 992
364 474 927
41 62 83 99 114 198 303 324 342 513 645 673 721 728 937 938 992 993
125 232 449 502 509 571 721 737 788 895 896 899 940 962 988
114 130 154 183 194 199 218 223 265 280 300 309 328 358 421 495 521 558 581 586 607 638 704 713 719 734 742 791 793 801 842 845 862 890 907 925 930 941 985
14 19 54 155 253 273 373 385 488 520 592 603 969
130 169 175 198 245 253 362 391 432 467 721 748 782 795 836 879 897
12 61 73 78 139 144 188 232 264 275 285 292 330 370 595 611 615 624 683 692 699 728 731 735 761 789 809 829 920 936 981 987
81 528 537 559 893 900
54 73 120 173 188 196 265 267 270 307 317 326 351 387 395 415 429 435 473 478 517 521 526 578 653 704 764 765 767 769 770 800 826 865 908 953 978 988
37 83 108 125 177 332 380 396 437 599 631 676 692 721 725 751 763 793 810 817 835 881 911 920
108 307 401 583 659 680 706 722 764 851 881 973
24 163 187 280 337 398 535 552 734
390 453 477 497 566 638 706 747 779 826 930 980
184 822
27 49 59 74 75 155 158 161 170 197 211 227 235 244 252 263 282 284 307 309 318 345 370 377 394 402 415 416 434 449 471 512 551 562 570 582 589 592 685 734 802 821 829 858 902 930 936 950 951 976 993
61 90 167 169 404 418 420 447 450 504 556 581 660 663 828 850 871 905 917 971
94 193 194 260 325 333 366 454 475 592 604 643 703 832 934
30 277 286 288 372 394 710 795 813 816 915 992
115 470
81 239 262 369 432 483 603 666 777 780 904
42 383 722
2 3 20 23 38 64 175 198 215 221 239 243 272 372 424 435 443 446 448 495 535 539 542 553 604 611 620 624 641 645 649 653 679 708 715 740 766 770 781 853 882 912 936 990
134 164 200 240 256 289 291 313 351 366 436 455 633 659 669 685 715 772 810 849 908 950 963
77 137 189 230 245 370 426 429 614 711 792 895 935 988 991
639 653 801 918
47 114 140 158 169 204 220 241 333 343 375 398 470 473 501 507 618 630 635 653 683 687 702 715 718 737 739 806 820
124 214 217 281 319 320 347 376 395 425 479 492 518 537 596 622 646 653 659 672 694 730 765 814 870 871 872 966 997
8 146 174 221 315 363 375 537 563 647 754 817 851 899 929 948
3 86 208 232 283 346 362 444 448 515 518 547 642 742 775 913 919 924 949 958 997
38 72 188 212 418 469 484 618 702 972
6 46 49 96 146 148 154 156 162 165 213 231 258 264 273 300 339 367 373 389 423 475 489 500 563 608 686 690 700 706 741 754 762 813 835 863 882 920 940 958 1000
21 201 207 233 275 357 423 520 554 555 675 848 893 913 915
201 502 690 705 738 776
741 877 886 913 950
3 21 25 38 70 123 140 212 232 248 251 279 302 316 324 443 464 468 477 483 487 502 553 568 579 583 599 601 662 705 746 749 767 778 898 929 935 936 938 953 964 980 998
1 35 36 64 81 116 123 130 156 166 170 178 189 221 224 235 239 266 280 281 285 305 340 356 369 374 384 405 407 437 482 487 522 525 533 546 558 576 597 601 605 613 629 630 633 634 637 642 648 669 675 683 685 688 692 707 712 715 718 728 731 732 738 753 773 785 802 807 809 816 870 874 875 888 932 939 948 961 973 976 978 981 992
5 50 66 315 465 500 539
100 169 327 406 417 513 537 589 666 709 861
81 155 173 229 241 334 421 484 671 676 792 842
53 506 866
41 42 44 57 63 66 76 86 92 96 108 125 167 175 176 207 213 216 221 237 253 260 277 279 312 317 332 335 337 344 352 380 407 421 429 493 507 515 522 531 562 569 583 585 593 604 618 631 646 647 648 660 698 713 871 885 890 893 905 926 955 998
17 36 68 70 159 253 283 297 299 318 358 404 528 547 551 597 637 674 836 911 971
703
64 67 176 185 501 649 801 994
307 631 643 760 982
200
16 96 102 131 142 170 175 201 202 272 282 326 388 414 416 420 440 442 489 513 556 559 595 598 680 697 732 743 796 798 849 856 884 895 901 906 921 944
763
215 324 331 417 504 668
21 39 47 65 80 119 147 148 222 235 236 263 264 272 274 314 321 352 356 374 398 410 421 423 439 446 547 548 573 589 670 674 682 690 714 729 760 789 817 829 915 940 968 969 990
11 54 187 277 293 411 502 605 936
2 46 60 87 156 200 202 229 259 324 355 357 381 387 388 415 508 510 564 592 595 624 670 692 695 697 764 827 874 909 926 933 948 967 998
16 147 227 242 396 417 483 509 562 572 596 713 739 936
82 115 171 192 196 215 279 285 370 437 456 462 481 494 555 567 622 664 693 698 748 780 805 820 846 854 869 958
55 74 102 130 131 156 157 158 175 191 193 219 246 273 291 297 298 306 357 386 412 414 442 453 495 499 508 510 522 558 560 571 572 573 649 655 659 668 700 704 720 735 760 768 791 796 804 812 851 880 882 885 929 954 968 986 997
30 36 77 187 254 388 437 449 524 568 600 793 990
16 161 196 379 448 626 638 657 676 735 794 806 895 949 992
213 243 341 414 592 675 771 797 845 854 864 867 962 990
111 155 475 534 539 637 737 848 932
12 34 142 146 179 189 194 208 218 220 332 466 483 490 564 565 614 703 715 787 835 843 880
113 347 389 421 787 946
23 30 37 48 69 78 88 106 116 122 144 160 166 171 172 186 200 201 230 233 241 257 266 269 276 297 298 301 303 308 311 322 328 346 362 370 386 391 394 397 424 446 451 463 469 484 485 522 561 584 599 608 612 618 632 640 641 644 664 696 704 707 710 715 718 754 768 780 782 785 794 797 835 887 893 909 915 941 945 954 991
11 33 71 82 95 101 105 110 114 125 139 171 175 199 216 251 293 342 345 346 348 357 370 378 386 410 415 416 434 444 465 472 477 480 482 493 503 529 569 580 601 663 679 737 743 755 760 777 800 896 933 938 954 966 973 984 988
5 23 49 152 216 284 292 296 301 323 340 368 408 414 487 502 552 612 657 670 800 810 850 873 887 922 925 941 984
57 79 138 158 160 204 340 376 449 545 547 605 623 625 653 684 798 831 874 884 973
469 697 771
194 212 482 486 616 642 753 894 910 951
157
91 129 178 180 209 244 267 307 455 517 566 892
1 5 11 26 44 56 72 76 82 97 103 164 176 194 209 211 217 235 239 241 250 266 297 301 310 319 321 322 346 353 355 359 368 375 389 410 421 430 431 442 443 444 475 483 499 513 516 530 535 543 573 593 596 626 641 644 655 664 679 688 699 702 703 704 712 722 770 800 807 824 829 842 848 851 884 891 895 945 954 959 999
54 166 658 765
36 193 680 871 878 920
62
144 296 403 626 698 730 735 738 827 842 958 995
649
33 35 60 68 90 130 168 176 205 218 275 292 296 298 309 318 343 373 385 389 392 403 413 454 458 459 472 504 509 517 520 529 531 549 563 572 574 581 582 608 641 655 656 695 706 715 716 719 721 730 733 748 750 792 794 817 824 846 862 881 893 896 916 945 956 964 972 976 980 997
130 283 508 715 810
89 254 838
2 9 21 26 29 33 40 42 43 78 111 164 165 182 200 205 208 217 276 320 326 343 345 349 360 363 374 449 457 465 486 488 506 554 563 590 596 607 658 659 664 677 701 723 737 738 757 758 781 786 833 854 858 918 921 922 936 940 948 954 957 985
2 66 119 130 133 209 284 297 317 406 440 465 483 521 538 582 648 672 681 683 729 730 750 775 786 819 899 959
29 44 68 166 196 212 281 282 295 310 319 351 353 364 368 383 425 429 433 502 506 538 542 581 595 607 644 668 687 803 815 832 850 901 931 932 938 953 971
6 16 35 38 43 141 159 188 204 246 252 260 261 299 322 409 434 469 473 488 516 523 568 601 654 658 684 690 766 776 791 825 845 862 916 927 986
561 921
67 82 151 164 168 173 187 188 193 360 376 401 437 506 575 753 787 826 884 914 939
42 66 122 232 233 317 448 602 659 822 858
26 96 126 131 135 136 148 152 165 190 221 228 247 249 257 313 330 336 363 381 409 435 440 456 463 468 476 484 523 524 528 529 548 557 561 566 611 632 636 645 657 668 686 698 740 748 755 759 789 795 849 857 861 872 876 886 887 897 899 926 932 936 949 980 986
2 37 43 68 96 182 301 342 351 421 445 515 519 527 632 978
51 193 544 560 950
315 393 547 551 693 736 919 920 970
15 148 222
188 381 882
34 97 110 240 247 278 284 288 401 436 525 529 636 641 853 879 895 961 969
290 466 532 901
40 43 136 284 329 351 375 449 459 592 724 761 979
10 53 64 72 115 142 163 185 186 207 224 234 272 301 370 387 393 402 431 461 478 498 530 562 627 651 669 674 714 753 764 791 826 850 853 857 912 974 985
421 534 608 680 846 893
8 55 64 116 186 208 219 263 265 300 356 363 370 373 393 424 447 470 524 542 566 575 618 635 639 674 706 783 844 878 911 924 948 960
223 247 288 684 688 886
398 465 487 596 758 980
66 81 82 203 225 232 241 607 620 654 678 682 748 785 806 927
14 54 56 195 271 401 412 631 723 733 757 790 802 809 851 876 927 997
7 29 37 38 77 106 118 147 152 154 162 180 188 232 234 243 248 268 285 349 354 380 398 401 404 409 421 423 426 463 470 492 498 500 509 511 520 527 537 541 553 564 570 573 576 579 583 588 590 593 601 612 627 657 662 669 692 697 752 755 769 776 786 798 799 808 810 815 818 821 822 834 845 850 851 854 863 865 866 867 871 902 906 918 925 951 977
24 41 67 82 116 129 137 166 223 302 305 373 456 468 527 539 551 557 587 653 741 906
17 78 87 213 245 258 324 339 499 565 592 674 686 709 735 780 794 801
345
85 234 872
114 272 277 423 772 863 869 929
29 58 132 155 156 158 182 190 194 195 241 254 267 295 302 311 313 329 388 392 402 404 434 455 480 482 489 504 518 581 586 626 659 667 670 682 684 699 707 795 832 850 860 865 870 992
27 43 65 78 90 95 103 109 157 235 275 379 380 385 387 403 415 495 517 538 572 613 634 657 695 710 793 794 798 805 820 854 857 892 896 943 965
81 126 216 289 356 449 491 514 517 555 628 793 986 998
70 125 191 395 440 444 485 502 592 662 788
30 65 66 79 84 93 131 162 240 267 270 334 364 370 404 432 666 689 738 758 819 832 839 887 898 904 958
19 26 43 50 67 86 109 134 137 138 140 170 182 190 217 254 293 411 439 454 487 518 559 567 592 621 671 686 688 770 779 783 795 840 859 869 945 949 950 968 982
80 120 279 297 426 543 566 624 629 715 748 769 896 921 981
243 382
60 177 190 271 300 373 547 557 816 851 863 872 935
101 235 439 546 639 648 755 885
37 48 112 204 267 275 343 364 375 464 534 566 622 643 675 683 695 717 843 861 951 952
420 511 682 709 829
12 263 339 374 495 753 831 835 882 893 948
361 512
4 11 22 24 62 81 87 100 144 149 214 244 283 353 424 429 462 475 528 539 558 601 652 705 710 766 783 785 862
68 108 140 223 347 350 356 359 363 375 387 401 412 462 561 601 688 721 816 861 958 964
414 621
202 263 299 355 704 896 989
1 331 369 383 423 548 782 898
34 40 61 69 75 118 124 153 154 184 188 263 327 374 384 400 402 412 548 648 716 752 772 818 820 847 853 917 926 964 984
6 9 16 45 171 250 256 272 330 348 395 400 499 544 614 617 637 655 705 709 715 717 765 781 787 886 913 922 964 980
212 622 906 925
108 258 360 420 608 725 754 896
64 272 800 972 988
48 183 224 266 290 293 299 357 365 403 424 425 470 473 485 508 559 606 608 691 746 782 795 849 851 870 992
2 38 150 190 228 252 379 403 412 437 463 510 547 600 602 630 654 672 689 737 743 784 819 832 867 878 901 904 918 934 960 970
77 260 578 728
32 44 65 83 114 128 146 172 197 223 227 236 260 279 284 302 324 341 355 368 405 424 427 434 445 471 481 539 552 568 569 571 588 602 605 624 633 656 668 674 682 683 690 711 725 766 782 797 812 818 824 846 867 877 878 912 958 966 971 991 999
40 87 94 298 529 542 573 631 697 741 975 977 1000
8 37 52 74 91 99 135 173 188 214 282 299 314 316 351 354 366 435 527 575 578 660 661 690 692 699 717 728 806 808 819 826 834 871 877
773 999
30 56 110 115 185 212 246 329 358 372 413 430 449 466 468 479 513 535 536 564 640 664 699 704 750 769 813 814 859 906 925 928 942 948 973 1000
57 87 171 248 378 461 525 530 564 658 761 779 830 925 947 988
224 253 347 365 560 683 749 754 882 896
30 107 126 232 336 434 492 575 661 684 740 777 791 815 825 832 864 871 881 896 998
39 82 207 260 268 345 362 370 429 430 437 448 467 484 487 529 547 560 650 660 671 702 804 901
29 129 174 258 293 326 357 406 454 463 492 512 525 546 729 756 868 930 951 956 986 987 990 997
28 258 305 338 373 483 485 499 652 664 730 803 845 917 979
5 157 198 211 708 962
952
36 353 390 492 599 963
108 203 234 275 321 512 637 690 843
43 112 227 246 252 332 410 411 421 461 493 502 620 680 704 833 859 900 926 978
37 60 89 93 148 153 188 220 238 296 348 374 384 410 412 438 482 487 508 510 516 520 526 540 541 547 552 555 558 568 617 618 626 640 712 729 734 746 748 779 852 878 884 897 911 915 983
98 191 198 250 313 336 529 699 785 786 796 844 896 945 950
45 147 212 213 220 237 384 408 495 502 579 591 624 647 676 758 833 870 914 918 969
234
79 80 231 249 459 548 559 727
180 223 238 260 282 490 507 526 703 758 785
27 31 75 86 92 93 129 145 147 154 159 170 187 193 194 217 219 230 265 267 275 292 306 310 341 343 390 405 418 431 451 516 522 523 524 553 557 580 621 640 647 680 705 753 755 763 794 796 797 817 829 831 852 854 863 867 880 885 889 904 930 960
7 100 105 196 218 246 254 288 305 314 332 336 352 353 453 456 556 610 611 664 699 723 726 741 751 769 820 833 885 891 892 902 923 930 940 942 949 951 958 972 975 989 997
22 36 51 72 85 116 125 147 150 173 185 188 217 245 247 250 278 349 385 391 450 484 489 496 502 504 524 550 572 574 575 600 610 618 629 654 662 675 693 694 705 707 807 815 824 830 833 859 872 880 906 908 918 919 924 968 994
44 151 255 338 371 452 475 755 771 772 891 902 993 1000
1 2 11 18 28 62 73 96 104 116 129 139 140 151 162 164 169 177 178 180 190 193 200 207 214 216 218 219 234 240 241 280 282 324 332 336 358 362 364 373 375 381 388 404 412 432 442 445 496 501 508 548 551 558 566 568 577 587 627 630 631 651 659 672 679 696 702 705 729 735 744 755 772 793 799 801 814 819 833 835 837 844 858 875 888 893 894 909 913 927 928 946 964 1000
46
166 256 423 716
68 75 83 167 225 255 262 295 344 362 374 383 397 398 493 527 531 532 551 565 672 682 720 726 750 762 768 784 817 863 869 889 920 940 941 949 957 961 964
28 35 67 86 89 113 114 121 130 136 146 162 168 169 174 175 176 177 182 190 215 244 247 276 281 288 314 316 346 362 366 411 412 416 441 476 492 519 559 561 566 615 628 633 634 657 663 686 690 706 724 734 748 755 777 798 808 822 825 836 850 852 857 897 910 916 927 931 939 943 950 995
88 285 308 382 518 695 841 848 884 953
212 445 652 693 811 929
90 107 127 226 498 509 551 784 919
2 15 99 104 138 143 165 168 275 277 324 392 451 464 466 568 647 666 669 729 784 812 878
99 133 279 300 593 801 853 863
539
17
57 107 112 127 178 247 249 260 295 310 333 369 413 423 439 459 487 498 517 542 554 566 580 652 678 682 762 858 864 865 886 906 932 941 955 963 975
1 31 42 54 59 81 93 117 133 155 163 166 177 204 211 216 219 282 300 301 309 323 346 354 380 407 424 427 446 458 481 482 507 539 542 550 562 567 584 594 605 626 632 662 686 695 707 722 740 752 756 776 800 802 804 818 824 848 860 864 880 898 912 937 942 943 951 957 966
636
90 92 98 261 401 420 506 551 646 891
15 43 57 116 160 320 334 373 438 447 486 512 561 618 620 692 721 767 771 782 822 870 975
767 803 822
3 22 93 96 111 123 132 187 228 247 322 326 329 335 347 352 359 369 370 394 406 409 411 471 478 480 485 502 522 528 530 531 559 579 694 699 726 733 746 748 759 779 796 800 822 829 875 877 886 898 943 962 979
80 84 139 161 185 204 262 280 308 331 373 375 388 401 411 412 446 458 511 512 513 531 538 550 591 596 599 610 651 656 659 700 723 751 779 782 792 799 800 821 825 828 835 863 869 875 882 918 932 933 947 988
101
280 288 522 736 888 970
2 29 36 91 150 156 168 197 227 260 270 276 287 299 311 312 342 403 465 515 518 531 551 585 586 594 603 619 642 654 671 681 711 770 838 938 952
3 37 66 219 227 261 272 290 295 359 390 423 425 455 491 497 498 514 523 524 559 567 572 614 622 721 742 761 810 911
9 19 24 25 27 132 162 176 204 218 234 237 282 313 322 323 353 358 362 366 396 413 474 476 496 514 536 587 596 620 654 662 664 687 725 736 740 746 764 766 815 828 833 838 873 896 898 908 921 934 961 969 977 992
521 631 851 912
219 809
15 16 22 25 33 79 136 188 191 195 263 304 347 351 354 355 369 385 411 419 428 429 434 442 456 473 505 558 563 567 572 599 608 630 684 685 731 771 828 854 883 895 970 1000
1 283 299 474 706 978
16 20 64 70 87 92 104 111 116 143 168 174 176 178 185 186 190 202 234 238 259 288 289 292 330 351 354 422 432 433 481 485 513 544 553 558 578 616 620 640 644 658 673 679 714 735 746 754 786 788 798 807 816 869 886 898 902 910 913 925 931 961 970 972 981 983 989
846
379 940
25 117 299 355 929
382 451 472 604 736
256 649 673
28 51 80 125 160 196 197 230 232 262 288 322 355 365 396 431 450 583 620 654 725 739 749 774 914 925 928 938 959 999
13 23 29 36 69 71 75 96 98 105 106 132 185 253 262 268 279 312 316 343 354 355 364 365 370 377 383 402 406 410 412 422 425 434 444 445 456 464 468 505 534 540 545 565 575 595 598 603 613 625 639 681 701 716 723 798 810 820 843 854 881 895 898 905 922 936 961 973 981 983 991
13 20 40 61 88 97 154 181 218 287 319 334 340 352 418 420 443 479 488 539 561 639 652 692 698 740 744 791 810 813 829 838 851 887 913 927 963 987
10 28 47 58 89 119 121 146 153 188 234 276 319 323 336 350 357 364 371 402 426 434 438 526 569 585 592 594 606 618 626 638 671 691 712 713 767 774 786 788 791 831 861 897 902 978
74 531
119 134 191 228 242 252 268 299 429 437 484 500 540 689 713 895 959
303 378 411 463 596 652 903
144 626 656 710 814
382 903
4 17 26 56 63 77 84 93 95 102 143 149 160 174 184 197 222 232 250 252 264 299 300 303 309 315 324 329 331 355 360 377 387 402 408 428 430 435 454 458 481 490 492 515 522 538 540 547 553 581 586 587 597 608 609 630 633 648 673 681 693 717 721 723 731 739 746 749 750 756 770 773 777 819 855 870 878 881 882 891 918 922 923 940 958 963 976 987
91 345 402
8 25 54 61 91 98 101 106 108 111 128 148 152 222 230 237 238 250 252 265 269 333 353 361 371 405 422 447 468 470 503 513 545 558 567 571 587 594 616 641 670 689 701 740 754 768 776 805 817 861 866 867 872 877 890 912 978 995
335
82 264 964
63 64 73 152 160 161 204 259 296 337 406 457 484 496 516 641 680 745 811 896
13 92 146 249 278 335 372 708 862 902
98 220 299 341 343 469 507 659 661 722 749 750 789 820
10 14 59 98 150 246 256 279 280 285 291 313 362 386 394 415 436 456 463 536 542 560 604 642 652 654 655 692 694 707 728 739 757 782 822 880 894 915 960 971
501 584 810
35 57 72 76 198 255 275 280 336 361 378 486 526 556 571 572 604 615 648 656 701 768 780 799 845 883 884 890 929 943 950 977
24 33 87 119 122 128 150 175 202 207 318 321 348 361 393 394 437 467 498 499 655 656 682 746 753 776 853 879 882 900 911 983
120 150 229 257 317 333 568 806 811 836 892 954
7 50 70 71 105 120 148 190 198 220 226 267 269 279 305 327 439 466 473 485 490 541 577 582 627 665 723 807 821 827 830 834 912 929 959 976 985 986
535 545 819 907
63 350 394 521 736 799 825 937
406 474 874 958
60 168 193 208 272 295 329 336 340 359 385 419 519 524 561 724 795 815 818 853 906 942 976
137 182 226 284 539 610 655 824 990
876
346 366 482 491 606 838 914 967 997
223 316 329 595 785 908
170 287 359 485 590 864 936
45 197 212 241 302 318 326 372 491 504 516 551 776 843 845 879 973
843
34 193 268 315 475 960
74 125 142 151 213 224 275 297 303 335 396 400 412 435 453 454 543 565 582 687 698 715 786 835 849 862 887 894 910 955 988
198 460 991
66 184 190 200 230 262 407 437 441 526 536 558 651 732 735 764 767 788 835 875 907 912 952 998
36 45 60 79 115 120 123 133 135 146 161 172 203 233 257 260 271 273 274 329 355 356 364 373 381 395 419 421 452 484 494 518 527 540 543 546 567 599 622 628 688 735 764 792 800 804 807 865 907 947 978
114 250 385 431 453 580 642 721 746 787 926 932 933 948 959 986
6 76 163 197 658 849 857 932
28 52 66 101 111 127 149 155 167 215 222 249 252 286 330 332 347 358 375 377 384 414 419 439 444 483 484 536 558 563 565 574 579 587 588 606 657 685 721 728 794 804 873 877 889 902 912 923 957 964 972 995
679
41 58 126 245 281 350 474 592 724 882
106 120 286 293 295 335 351 385 450 524 534 561 706 955
171 304 469 476 507 525 640 674 884 936
259
32 59 61 92 114 165 257 265 297 348 368 371 379 389 426 432 452 466 587 619 643 659 674 692 708 718 765 795 923 944 956 991
44 55 63 213 320 324 489 493 552 609 691 702 823 828 845 854 884 988
21 24 44 137 141 146 206 213 217 263 318 443 490 524 536 572 644 779 897 951 988
15 40 50 128 139 144 240 311 361 397 421 428 443 571 598 600 625 674 677 699 760 822 834 838 848 865 911 916 924
153 207 256 434 633 692 767 795 959 999
272 301 367 516 631 823 897 936 959
56 60 84 96 136 163 198 240 272 348 355 386 399 404 429 473 507 517 585 629 761 777 796 800 801 821 884 916 929 957 961
10 143 148 181 200 222 273 303 337 434 452 587 613 722 723 756 771 796 851 875 896 916 954 976 985
2 6 14 72 115 117 138 185 239 241 250 256 282 288 299 318 337 440 450 518 526 527 541 579 673 689 699 700 709 728 772 782 804 828 876 877 891 896 930
13 21 31 33 93 103 153 157 194 237 252 319 326 330 333 338 340 363 364 456 457 505 530 583 585 592 603 694 720 730 731 740 757 758 771 780 807 812 866 868 892 900 917 939 965 991 1000
219 271 292 312 510 515 931 940
79 155 275 392 482 590 968
19 29 88 89 203 212 221 223 245 256 264 273 303 311 319 353 416 419 422 440 455 465 477 501 502 509 553 559 569 571 576 579 610 656 675 727 738 773 799 815 826 836 850 857 872 882 888 915 960
188 249 316 448
39 51 83 88 94 377 423 427 437 445 541 548 648 698 699 746 794 827 842 911 962
13 21 29 67 114 124 135 165 209 214 229 292 308 437 443 458 513 583 603 666 681 800 807 832 833 841 850 945
89 190 198 228 364 379 400 404 409 527 659 956 967
8 43 90 115 151 154 215 297 315 317 339 363 443 449 464 558 583 621 643 654 705 726 794 816 994 998
521 893
29 35 128 138 149 160 270 273 296 328 372 429 447 463 473 617 667 672 741 745 751 777 872 905 931 935 959 969 984 987
92 97 112 351 396 460 587 596 602 693 699 725 866
55 184 369 424 516 554 909 997
50 288 336 468 492 705
12 135 140 269 297 345 531 655 692 766 780 827 918
69 106 267 646 789 955 995
24 47 147 208 283 294 311 345 349 403 419 446 460 464 466 468 486 518 537 546 580 633 664 687 688 708 721 784 793 796 835 862 929
59 67 91 103 132 141 142 167 169 181 219 225 245 256 267 281 328 333 376 399 404 409 422 439 451 463 470 482 489 531 557 576 583 615 633 645 666 670 706 717 741 766 777 800 804 821 823 866 870 873 877 909 922 930 942 945 950 983 992 997
15 17 19 40 49 51 63 94 112 117 118 190 197 226 228 356 368 371 386 403 415 428 435 438 475 492 603 612 628 653 673 732 755 757 796 825 857 905 945 954 972 974 997
11 90 184 198 208 270 382 420 668 682 863 955
825
12 250 264 280 356 785 821
79 96 164 220 236 270 339 478 487 536 599 830 980
33 59 153 250 285 303 320 383 431 460 484 498 603 608 611 700 794 814 857 922 950 984
59 160 225 267 280 294 356 384 587 743 802 966 982
3 9 88 187 195 211 219 236 266 288 324 349 373 379 426 431 472 495 528 534 538 600 606 610 649 660 687 736 775 781 795 845 945 968 973
631 768
169 852
926
8 28 58 115 119 168 205 236 238 252 284 286 327 473 496 501 509 511 515 575 600 622 640 654 666 689 789 798 814 840 849 861 892 903 920 976 981
103 145 161 221 400 532 574 579 753 925
65 69 106 123 210 282 302 360 394 402 501 575 603 626 665 696 758 867 961 981 994
77 509 530 685 703 714 737 946 988
50 112 130 563 645 671
6 32 94 124 131 135 169 195 296 313 339 350 404 407 458 463 519 524 593 637 638 663 693 704 708 734 735 743 750 754 769 788 839 854 868 888 920 941
58 216 262 334 355 363 434 448 460 540 552 630 689 716 720 901 995
398
58 101 249 511 711 729 755 775
26 70 78 115 149 169 198 207 210 215 300 308 312 315 435 474 503 518 525 551 591 598 627 678 701 733 785 812 832 852 859 862 887 938 985 992 994
224 389
138 153 192 214 485 490 549 553 578 768 976 992
83 137 298 415 978 979
106 118 136 150 161 199 428 555 660 670 675 745 846 887 911 948 967
77 272 300 301 338 467 606 653 769 822
25 76 113 197 201 243 263 284 347 395 417 430 434 460 474 475 492 501 510 515 597 622 641 643 665 717 728 762 782 802 836 845 954 978 993
17 65 95 103 110 128 146 164 232 328 587 628 793 951 981
122
4 56 61 76 138 249 351 450 664 755 927
335 353 545 703 807
4 201 205 254 263 294 467 529 569 610 639 646 718 780 805 825 834 860 910 917 947 993
978
34 118 121 196 312 434 438 510 512 518 537 596 608 627 680 740 766 768 771 782 799 882 889 919
85 315 470 472 525 601 692 891 898
1 67 352 411 493 626 648 782 828 848 873 927 987
36 147 297 528 561 585 641
10 152 182 249 300 413 429 663 679 690 767 776 989 1000
146 356 502
48 123 131 155 229 348 477 516 533 599 619 655 692 762 785 837 896
13 95 128 145 276 411 420 427 450 622 644 674 783 829 830 845 897 962 972
22 25 66 84 87 104 110 124 134 141 178 194 199 205 211 219 223 243 256 261 267 268 279 302 328 384 385 409 410 415 477 482 485 488 497 498 503 587 603 613 624 633 645 672 682 692 701 702 709 729 740 748 814 822 835 847 856 872 886 904 918 943 986
13 83 116 134 190 218 236 284 310 341 365 389 407 421 422 434 447 453 482 486 503 516 517 535 583 639 675 687 696 735 749 755 760 765 776 780 782 788 805 902 963 974 992
112 244 278 459 611 680 690 738 856 892 909 910
137 236 291 428 463 464 672 759 862 887 902 925
10 194 273 316 369 444 532 559 562 663 673 706 730 801 803 960
55 132 146 195 578 888 921
7 19 24 45 63 78 96 98 156 175 190 206 235 241 256 257 311 313 319 332 343 365 392 395 399 400 423 450 460 483 513 528 557 591 602 633 640 660 665 713 728 743 761 794 841 842 878 899 914 946 994
73 134 279 353 397 445 534 545 695 731 876 877 900 918 922 964
12 27 104 231 262 302 542 553 561 722 756
12 495 525 698 901
42 73 129 194 307 315 465 562 775 938
14 148 159 175 233 288 357 415 598 677 797 981
85 157 182 370 482 498 538 589 673 712 871 900 954
88 117 133 164 168 202 223 244 351 372 398 414 490 535 539 605 608 650 739 785 850 918 961 963
113 346 373 392 759 813
34 38 54 55 202 275 371 395 544 600 769 947
82 150 299 344 454 569 680 682 792 799 857 872 895
22 42 54 65 81 90 126 136 145 165 193 230 231 240 251 254 260 329 390 403 404 473 486 504 518 528 531 532 536 541 554 560 561 656 677 764 790 795 816 852 874 902 912 980 982 990
27 41 102 110 131 145 169 232 406 458 475 479 527 566 624 625 626 634 681 700 727 746 778 784 793 800 895 919 936
78 724 745 911
20 39 84 95 157 160 225 228 237 254 273 289 325 330 331 403 431 437 464 502 505 527 542 560 635 638 684 748 751 753 775 780 784 792 793 812 822 826 834 849 888 930 939 944 954 980
1 111 294 343 823 845
12 825
35 121 294 337 361 400 411 432 435 445 487 492 518 523 565 574 587 633 685 736 781 828 958 963 966
110 165 669 839 874 930 957
4 16 61 82 121 124 266 280 292 299 320 323 324 376 391 421 475 527 528 537 554 606 632 656 676 680 721 725 743 802 816 835 867 915 920
57 143 179 225 534 634 676 758 765 833
346 504 972
2 56 71 79 94 222 271 280 288 326 364 440 443 494 497 515 572 628 641 644 651 729 734 744 861 872 962 972 991
16 51 79 118 140 189 202 205 305 349 355 401 470 474 481 496 512 615 619 667 742 794 800 845 856 865 866 899 927 967 976
751 850 872
36 58 95 117 186 341 456 460 523 635 685 691 701 711 831 842 874 909 947 959 961
479 558 793
77 117 182 286 293 331 453 463 491 512 589 652 745 810 877 971
6 47 140 359 875 938
134 136 181 255 257 367 441 498 794 884 996
4 233 549 809 997
8
649
11 14 42 52 53 70 178 179 199 236 237 286 362 364 397 403 498 538 540 566 592 611 620 683 712 746 783 787 796 801 802 866 879 889 895 915 936 957 964 995
3 184 206 299 357 377 531 538 540 559 674 796 916 987
129 793
24 41 74 86 123 133 183 188 191 221 235 237 260 269 327 389 475 490 500 521 525 528 531 546 584 603 620 665 678 681 697 706 712 721 726 730 778 833 848 895 898 905 912 916 918 936 939 977
10 95 192 206 288 303 304 327 396 474 583 602 611 624 664 782 810 903 936
230 633
37 112 154 161 181 264 269 305 491 607 668 744 786 875 917
80 101 252 313 887
795 813
17 55 139 151 187 344 660 708 739 781 797 868 908 915 961
10 38 55 63 78 118 127 142 296 302 315 331 336 372 391 416 435 450 477 483 549 550 565 566 572 579 585 602 628 661 670 689 711 727 728 731 733 738 760 797 847 860 866 868 886 905 911 919 940 970
3 54 71 77 105 116 143 149 150 175 197 227 257 265 267 286 292 322 349 364 366 377 378 385 388 397 400 402 410 437 440 451 453 457 470 473 479 484 491 494 531 544 566 582 585 618 629 632 635 642 661 662 671 687 690 706 715 725 750 760 779 785 860 869 891 944 965 972 985 989
12 128 321 487 663 750 773 853 994
13 63 149 150 165 209 370 390 460 521 584 756 991
9 81 398 401 471 492 578 725 739 783 795 917 932
639
15 66 78 94 178 293 752 761 792 925 967
5 7 21 34 70 71 76 95 123 138 152 162 212 223 240 322 333 334 335 337 339 348 369 406 477 540 545 611 620 717 740 745 761 801 841 844 848 883 895 902 936 976 996
8 9 72 84 129 156 198 205 245 293 305 355 397 419 476 477 488 492 494 527 605 661 683 696 772 794 804 822 868 876 942 1000
14 96 124 210 237 470 471 651 661 727 846 892 973 986
15 61 148 217 351 404 550 669 798 806 809 855 901 944
489
264 641 864
3 90 123 145 154 175 224 292 316 385 462 548 570 631 652 695 773 787 801 812 937
38 66 210 335 449 497 509 558 565 660 721 751 934 981
8 30 41 82 88 91 111 133 137 156 162 166 175 213 225 229 255 262 266 267 308 343 345 365 367 373 439 453 465 469 478 481 483 489 519 528 529 535 567 570 594 602 626 644 677 754 759 803 810 831 859 867 871 889 907 916 942
65 105 385 697 827 997
63 223 392 623 759 766 819 833 845 962
98 293 299 349 381 415 566 598
59 82 94 106 112 124 142 287 343 360 451 455 464 500 530 605 633 659 675 779 783 836 867 873 940 983 985 997
10 70 121 198 214 220 225 261 276 305 308 365 367 434 442 466 546 566 595 600 633 729 740 753 814 842 875 911 932 975
28 45 92 103 131 145 168 211 231 247 259 281 286 335 356 377 396 421 422 425 454 463 507 565 587 629 637 645 672 725 736 751 787 804 823 843 845 853 948 966 972
11 16 42 88 138 146 159 178 219 553 572 607 637 647 670 819 841 875 879 910 916 997
12 14 22 32 46 47 128 139 169 176 194 211 223 251 326 388 395 426 451 467 519 555 567 584 648 651 659 678 728 735 752 767 830 890 892 935 972 973 984
28 32 41 49 88 90 91 110 126 129 131 139 169 177 194 199 233 258 262 270 276 297 298 327 332 343 348 362 377 404 409 410 437 441 443 459 483 484 486 508 524 533 575 631 667 694 725 730 778 801 805 854 874 884 903 916 920 927 936 943 944 952 964 976 990
416 558 712
157 221 242 376 430 896 909 922
341 697 820 850
22 39 53 57 142 174 240 241 244 300 347 379 407 456 514 537 541 645 738 765 766 777 778 861 869 949 981 989 998
27 33 70 80 94 107 125 206 258 264 276 316 384 390 394 410 468 500 528 614 624 659 664 702 751 754 784 790 802 853 985
133 136 141 159 290 357 433 515 645 700 862 933
42 235 282 300 315 339 467 487 493 541 553 622 679 703 706 729 753 848 901 918 935
2 32 51 53 80 84 139 205 268 289 356 358 367 381 382 390 394 397 401 407 431 471 532 553 606 615 636 683 715 740 757 791 796 839 840 857 870 874 877 905 921 931 933 954 979 982 999
44 236 374 511 521 539 591 724 877 990
10 11 119 137 154 172 321 326 332 368 375 396 408 431 437 453 463 468 528 577 584 614 616 659 726 752 796 844 875 934 957 999
441 448
26 89 113 131 201 215 279 300 516 523 532 550 551 588 596 677 760 775 888 907
83 124 138 177 182 183 189 207 208 280 282 333 351 375 409 412 415 432 474 477 522 543 558 575 586 594 640 643 648 693 739 750 801 811 842 866 878 881 903 904 906 938 939 963 971 994
8 44 66 147 283 300 306 361 367 418 441 498 567 596 619 642 665 766 787 809 947
136 186 359 400 404 551 622 716 741 762 841 936
43 97 419 432 510 603 813 893 960
57 188 307 329 478 487 730 763 931
1 79 88 103 132 139 140 148 201 208 211 254 278 299 314 332 340 365 390 408 438 444 491 511 528 545 559 597 604 609 632 651 664 716 725 762 765 783 795 807 845 847 864 869 884 907 908 927 930
51 90 91 119 126 145 246 258 282 290 294 297 343 365 393 432 534 542 570 573 643 655 712 763 769 778 788 821 843 880 920 956
48 155 242 316 531 535 567 878 992
25 62 73 150 196 266 279 334 339 388 437 442 476 481 497 498 557 601 666 700 836 841 844 850 852 858 885 932 964 965 986
40 134 214 273 424 440 482 483 491 583 598 639 779 828 858 866
61 279 326 363 531 551 698 746 808 846
35 45 110 176 228 235 301 323 347 405 459 531 574 631 657 671 795 817 977
26 98 108 133 163 203 226 232 235 284 378 413 414 426 433 592 595 631 651 654 707 726 749 758 795 816 845 848 875 885 899 914 965 972 983 984
34 70 80 120 443 496 500 525 600 704 798 840 973 980 999
212 231 426 602 696 896
42 226 309 419 499 767 889 918
21 128 280 304 323 343 418 421 544 555 620 770 849 874 904 915
20 96 165 339 529 648 659 833 842 946
35 38 42 58 115 121 191 367 372 375 390 424 448 505 547 567 571 609 634 654 668 678 703 711 734 776 786 789 790 809 865 879 881 886 899 908
68 183 460 748
555 967 979 982 991
290 939
36 227 464 476 518 723 834 881 915
410 413 514
24 25 30 33 80 91 142 167 218 271 323 329 330 368 374 403 406 416 426 449 465 486 586 591 617 684 696 703 755 785 787 788 802 857 992
137 316 540 924 955
26 40 83 157 167 170 174 287 315 427 458 479 517 524 529 555 596 599 607 633 679 779 792 831 869 970 993
278 730
200 530 885 925
576 584 793
6 49 75 129 149 238 312 320 329 408 416 424 445 452 488 497 498 559 690 744 770 823 867 894 914 915 942 943 955 980 997
137 234 280 301 328 372 446 471 485 510 676 703 720 792 806 814 880 898 972
309 564 568 618 674 868 969
507 656 830 969
336 381 396 544 546 739 747 768 869 901
330 490 726 940
50 105 116 135 161 187 308 321 353 385 504 555 575 638 835 874
76 203 364 455 482 888
60 82 85 121 145 152 181 205 222 236 267 308 337 406 500 508 541 637 665 723 724 792 796 821 868 915 919 933 937 946 971
7 56 126 198 211 299 342 343 495 554 604 691 779 796 801 812 813 841 894 950
16 60 127 169 177 217 246 282 324 367 405 464 515 520 698 717 724 951
65 140 157 436 449 680 691 709 968
62 124 142 240 265 270 342 415 490 793 996
12 20 30 71 86 89 210 434 520 648 806 895 920 955 960
458 501 849
12 63 190 213 270 309 314 322 392 430 465 531 559 635 666 668 700 784 805 962
63 98 138 144 171 272 317 349 366 380 403 411 439 537 552 558 600 742 797 820 986
98 161 300 427 738 739 784 868
773
1 38 54 69 76 86 95 102 138 167 181 186 188 195 201 202 223 241 249 253 254 273 276 292 298 329 361 393 415 417 424 429 430 445 447 458 463 478 487 493 494 505 548 563 571 578 582 590 597 600 644 663 667 675 707 721 733 743 751 777 778 800 817 826 851 861 863 870 875 889 903 907 930 940 951 966 968 977 981 984 995 997
584 623 657 782
86 451 453 913 919
103 240 573 585 595 609 730 782 857
93 212 543 678 757 795 880 971
25 38 71 73 107 116 141 143 187 188 205 207 212 297 341 371 398 423 441 454 469 486 507 513 520 534 548 552 679 742 759 776 784 818 830 836 839 861 879 922 952 963
28 32 36 53 54 66 87 141 152 166 182 189 196 235 253 264 343 374 388 432 433 442 450 493 576 621 631 670 740 840 868 869 876 890 919 936 947 964 981 999
173 473 523 716
13 84 183 271 274 290 328 477 512 539 586 611 672 980
37 141 411 439 447 491 675 711 753 763 931
444
188 207 220 358 432 439 441 484 578 643 662 815 843 856 972
107 148 411 452 908
8 11 32 44 50 58 88 106 115 123 143 145 158 176 196 207 215 217 224 237 314 337 346 350 356 374 398 425 459 462 466 492 507 531 539 543 547 554 556 558 560 594 600 609 614 630 650 655 657 666 670 677 690 698 728 730 768 771 780 789 808 811 815 866 895 897 903 920 963 975 977
625
16 28 89 174 207 213 273 318 347 376 412 488 533 550 577 805 908 943 974 981
10 25 35 65 86 89 95 104 141 198 224 249 254 304 336 340 341 349 403 405 422 437 440 459 485 486 549 572 591 600 618 637 669 671 679 682 700 704 729 780 788 809 820 838 840 937 942 956 969 972 974
46 70 89 193 308 335 635 642 842 858
45 60 98 117 178 225 229 239 323 345 501 622 736 845 915
853 980
95 97 101 128 131 157 180 211 216 227 240 245 247 251 253 276 284 333 361 377 397 399 413 432 443 448 464 476 487 498 500 517 534 555 580 597 643 649 668 671 677 693 715 724 746 747 757 763 765 786 787 812 817 818 832 916 937 950 955 973 979 983 994 1000
17 93 123 140 147 177 191 219 326 353 416 421 502 530 531 533 542 551 573 576 579 693 696 712 720 728 740 745 757 767 799 844 845 857 872 925
559
1 72 122 157 163 177 191 279 286 306 321 379 386 495 554 568 641 723 739 793 818
64 95 219 245 268 395 402 506 536 562 596 629 665 716 743 778 782 787 804 840 854 882 885 937 995
21 181 247 690 797 830 952 978
249 675
28 34 37 134 204 216 238 278 468 488 553 590 635 679 708 753 779 786 789 796 818 831 833 872 918 996
75 283 806
25 546 554
102 661
7 41 95 132 134 147 428 483 559 595 697 707 728 785 821 892 896 956
12 39 51 94 112 132 137 164 187 194 211 223 256 284 287 332 356 466 473 499 521 543 550 553 561 563 598 654 686 704 711 725 729 820 831 847 851 858 859 868 896 901 908 932 946 947 957 962 971 979
11 49 50 58 110 128 148 161 171 175 183 225 256 287 306 349 387 439 446 486 488 492 496 513 554 564 565 586 593 603 647 653 675 691 732 754 808 856 860 910 916 926 928 945 958 983
16 19 24 59 88 132 174 222 237 255 330 488 536 590 762 780 793 820 972 993
342 626 780 889 935
12 59 73 207 248 279 301 308 371 382 386 409 411 447 557 623 648 652 664 665 668 699 709 785 859 921 951
138 283 333 370 492 535 538 648 781 824 865
8 14 48 177 252 318 327 372 395 401 420 446 662 735 772 826 832 867 877 975
979
99 420 490 628 645 666 683
509 593 666 848 960
305 383 504 855
24 167 296 329 389 390 412 494 526 532 558 565 647 692 729 733 794 813 834 862 871 989 993
5 59 240 345 539
18 38 109 206 273 314 320 348 409 470 500 575 621 745 750 754 854 971
63 145 176 181 255 318 353 368 422 537 547 580 631 651 652 663 664 681 732 760 762 847 852 868 889 971 975 983
23 379
8 49 60 66 119 132 145 188 202 248 262 267 276 351 377 383 458 463 471 481 511 515 533 557 558 592 594 597 610 656 667 705 706 707 713 724 737 771 794 813 827 836 839 897 915 933 934 943 966 994
84 154 160 429 459 539 567 589 641 658 692 742 754 802 808 885 913 916 986
7 17 33 34 42 44 62 79 80 82 114 121 149 162 194 195 201 215 231 255 260 263 264 273 281 287 312 335 357 378 383 392 416 423 434 443 445 474 484 490 494 513 521 552 553 555 585 604 611 634 646 691 692 711 721 722 723 745 764 766 775 777 800 806 810 815 818 829 847 859 876 895 916 917 929 992
14 74 98 109 163 186 209 292 360 424 441 494 619 638 663 664 771 867 901 934 958 982
17 52 66 193 201 228 250 355 373 398 492 619 663 690 792 814 839 999
17 47 129 132 170 180 217 274 334 355 424 442 445 480 481 512 531 535 536 552 660 665 668 700 723 805 896 911 914 977 979 985
28 40 257 333 356 389 468 809 820 832 900 933 992
29 40 60 166 234 242 284 340 443 451 464 510 528 616 646 709 777 895 924 946 970 981 984
192 292 384 530 640 760 778 785 958
11 19 50 82 116 205 224 248 262 312 330 346 351 357 365 368 369 384 401 402 420 435 441 494 508 577 578 594 634 643 650 660 702 709 724 730 771 823 824 844 848 850 876 880 883 909 915 926 944 969
10 17 18 26 41 65 67 86 98 138 142 144 153 173 187 193 229 232 251 256 263 264 276 282 292 302 319 330 354 361 369 370 375 379 386 394 420 451 474 515 528 544 554 556 563 571 573 577 590 602 607 643 658 660 671 673 682 687 697 702 710 719 749 755 761 771 786 794 801 811 829 833 839 853 905 928 939 958 984 986 992
34 93 134 201 206 256 262 289 315 477 511 633 682 689 778 799 825 856 866 911 928 974 999
263
396 561 816 823 892 943 967
6 9 18 21 44 96 119 185 208 296 361 403 405 433 462 523 544 559 609 631 650 654 736 814 868 869 890 893 919 983
79 147 291 376 441 464 525 587 619 708 796 893 947 962
3 8 10 14 28 30 66 67 74 84 90 100 115 121 128 130 141 142 155 175 204 205 226 230 263 282 312 319 320 327 331 337 344 349 353 360 366 372 373 379 385 387 390 392 395 407 408 419 442 448 455 464 485 491 504 510 525 533 539 545 548 554 565 570 581 582 611 615 617 640 646 650 652 655 678 682 684 698 718 722 738 739 754 766 767 777 794 804 808 820 823 836 847 877 882 901 906 912 939 941 944 949 974 977 980 985 990 993
43 68 85 111 154 159 180 208 253 255 290 332 370 386 411 464 466 492 562 572 606 617 629 632 685 700 708 782 799 814 867 876 930 943 947 955 966
379 382 560 681 700 837
34 267 324 408 455 496 528 577 707 781 966
4 32 58 64 125 130 152 153 171 252 282 328 337 360 391 395 424 434 469 524 597 683 689 702 734 778 799 835 837 866 872 905 920 948 956 985 995 997
434
79 80 123 253 383 491 933
43 47 49 72 91 116 186 188 279 282 356 360 441 453 490 505 506 513 545 556 578 662 683 709 724 778 819 837 873 885 894
45
155 185 260 277 285 364 377 423 471 523 734 778 808
746 823 854
294 295 357 412 469 503 597 613 666 671 834 882 1000
29 59 68 173 229 263 325 477 522 525 755 781 850 896
49 53 113 114 117 176 271 440 529 567 574 588 632 641 654 730 758 830 862 888 896 928 938
984
8 113 202 212 288 366 497 513 558 862 869
71 520 980
375
35 78 172 379 441 473 479 487 540 594 845 893 895 901 918 981
107 229 287 572 629 683 827
71 78 105 149 196 203 209 220 251 329 423 490 603 615 754 780 782 835 879
10 387 625 636 979
19 28 59 64 73 89 95 96 106 114 150 156 170 175 196 236 263 268 304 327 330 351 352 357 389 390 407 408 419 424 427 459 470 494 503 546 549 552 568 577 581 612 621 644 652 659 675 678 681 697 701 705 711 721 728 741 748 788 798 814 825 829 836 846 873 875 876 884 921 934 945 952 958 962 963 974 978 991 993
78 90 91 134 137 178 199 262 263 273 399 496 610 626 750 760 776 787 844 921 997
14 28 57 65 88 92 143 156 164 184 191 203 209 254 263 292 305 319 334 340 342 380 389 401 424 447 478 528 535 579 711 719 733 786 790 798 819 829 831 850 883 888 907 918 951 990 1000
7 182 221 401 567 603 640 942
10 26 34 48 65 108 113 138 139 146 206 227 230 254 292 309 324 371 373 378 397 421 422 467 512 515 527 529 633 645 647 649 665 702 724 744 784 839 850 854 894 897 908 935 952 995
179 198 246 262 288 306 315 413 540 576 590 610 645 666 674 715 730 738 777 875 936 968
230
25 42 46 90 188 191 197 225 229 270 309 344 353 405 525 604 616 636 666 741 760 806 826 861 875 936 938 959 996
18 38 67 78 101 122 282 300 309 315 323 351 410 425 494 513 537 608 661 688 694 705 764 765 786 813 975 983 992 999
91 113 118 127 294 324 445 602 620 632 714 740 800 811 856 881 882
6 22 31 78 123 156 174 192 199 222 241 251 252 276 323 370 404 529 533 545 559 569 592 625 643 657 669 690 782 876 902 903 912 923
584
57 734
101 237 366 425 754 892
63 116 118 235 257 272 279 352 360 364 387 396 475 487 533 560 567 613 616 663 692 753 803 848 850 894 913 918 964
2 47 57 67 90 93 96 106 129 161 180 192 208 231 252 303 310 328 356 371 435 439 492 519 563 568 579 610 611 617 679 693 697 707 708 715 718 728 740 754 759 765 776 780 786 789 794 796 827 837 841 898 910 926 941 955
466 623 749 915 930
12 14 20 48 67 84 93 97 105 164 175 207 247 252 356 398 400 401 411 425 493 494 513 517 530 566 580 601 690 718 778 790 811 822 826 853 860 917 958
14 34 66 68 96 132 147 156 175 197 222 330 375 528 577 633 706 709 740 775 817 847 888 889 917 977 991
534
270 305 403 468 483 594 773 792 806 864 894
22 24 29 38 125 133 142 149 153 155 160 162 168 203 207 208 216 226 235 251 264 267 299 305 312 319 340 385 419 421 440 441 443 448 449 451 454 475 498 500 510 520 526 527 532 536 549 557 565 573 590 600 603 617 650 676 678 711 727 728 732 742 744 749 756 757 786 788 791 814 815 834 859 866 869 885 887 921 923 925 931 936 939 948 961 966 986 995
61 68 87 103 155 170 252 402 556 691 723 784 787 809 841 938 944
36 44 88 122 130 170 183 190 198 213 221 228 270 315 318 385 457 497 632 695 702 766 814 892 912 973 983
34 37 47 70 78 80 83 84 105 107 117 124 149 152 153 166 173 175 180 213 215 219 233 243 250 264 305 306 324 326 328 338 345 373 374 376 386 393 405 467 475 481 495 516 527 529 538 545 547 556 560 571 635 648 668 670 671 673 680 686 687 688 689 696 704 710 715 716 733 763 789 810 813 824 830 838 850 857 872 936 956 972 973
536
37 40 54 170 231 330 400 485 491 530 610 678 712 733 800 814 855 867 870 882 888 950
22 37 50 63 145 148 155 228 238 243 245 270 305 382 405 423 442 471 472 492 500 526 541 594 670 675 738 808 809 818 826 833 864 915 919 995
292 394 420 746 910 941
43 68 392 408 518 644 758 913 917 927 947 980 994
11 21 30 39 77 85 137 159 179 198 204 223 236 242 277 285 302 313 374 427 450 458 475 479 494 529 534 551 565 584 586 588 598 603 606 624 645 653 655 710 713 718 774 777 862 871 881 940 953 963 964 971 983
423 525
32 113 336 361 374 378 385 407 413 423 481 486 499 553 560 561 574 615 617 618 653 654 664 675 683 689 690 752 764 803 831 857 864 882 926 930 932 961 987
109 110 181 195 263 282 369 549 571 654 668 705 776 862 959
177 408 470 677
2 44 206 540 605 779 826 882 892
30 32 49 50 67 83 88 99 158 168 181 195 251 284 290 314 333 354 363 386 392 439 442 481 513 528 548 559 604 674 732 734 779 829 889 922 940 953 970
1 12 28 66 67 82 106 140 144 170 231 281 378 397 440 463 468 475 492 524 560 587 622 699 723 724 774 794 871 900 901 904 905 910 955 960
41 48 118 119 162 206 227 267 382 393 499 507 617 622 693 779 805 830 931 940
503 708 908
9 47 97 109 127 128 161 162 172 191 229 260 374 378 382 417 423 428 429 464 503 511 544 593 595 600 682 722 739 746 752 755 777 783 808 813 833 841 850 875 923 956 969 991 993
30 41 194 919
306 562
52 130 220 251 270 274 298 307 336 379 383 393 454 595 609 646 678 736 777 806 821 829 873 890 892 911 941 950 954 975 985 1000
43 63 165 354
1 22 140 420 461 525 627 634 698 717 743 984
473 546 551 637 830
62 72 159 165 175 272 286 309 360 371 562 564 741 771 805 890 893 902 932
3 17 95 131 156 160 167 171 189 208 209 224 239 316 320 436 456 509 533 602 677 739 770 874 996
13 14 59 101 131 134 143 164 175 287 292 295 323 328 344 347 426 546 581 592 652 724 847 900 927 932 953 991 992 996
77 261 790
499
243 386 917
106 360
35 54 57 70 166 218 228 257 269 273 276 291 323 332 461 470 475 534 545 546 559 569 600 627 665 715 726 729 736 769 812 831 859 898 936 938
10 20 29 42 70 75 101 139 181 182 186 195 227 250 259 281 284 301 319 342 349 374 434 515 519 540 572 602 628 674 675 687 695 724 726 809 811 852 867 870 878 888 923 925 952
14 30 64 101 109 173 211 271 278 330 345 368 375 411 455 456 475 499 548 578 623 629 633 691 729 746 753 763 768 774 861 960
481
5 59 161 165 204 218 237 244 305 407 428 575 581 687 915 952
14 16 62 126 277 279 335 337 339 355 375 382 473 527 557 564 565 571 604 629 675 705 725 830 890 898 913 992 996
26 87 168 197 228 305 320 338 352 374 376 404 480 505 563 612 627 633 669 696 706 719 782 830 992
18 446 642 703 709 801 895
216 590 630
24 26 80 214 290 329 382 400 455 526 674 681 758 767
23 27 62 167 204 207 259 296 465 470 496 521 547 594 597 670 732 750 830 845 867 909 956 962 966 988 994
93 437
19 109 125 167 229 238 249 269 341 372 402 427 445 459 499 556 690 751
21 107 205 206 210 229 321 439 518 579 607 626 736 836 917 960
7 24 131 226 293 297 355 395 417 596 602 607 647 649 802 851 872 906 921
9 47 82 114 343 424 492 547 671 802 961
34 90 144 232 367 383 401 550 557 849 893 904 934 995
8 25 35 60 62 91 93 95 106 110 128 165 193 206 208 238 256 261 273 291 324 368 384 400 410 436 453 457 477 480 518 528 557 593 616 655 666 716 718 722 773 788 805 828 834 849 857 862 887 927 929 962 971 987
618
4 22 108 140 189 285 361 387 407 413 429 431 442 485 488 489 508 515 541 552 565 585 612 627 641 649 706 721 733 742 757 777 804 811 820 822 843 848 852 877 898 902 922 946 963 979 986
254 362 387 390 441 504 855 860 900
9 10 43 50 129 194 223 228 248 303 361 371 447 481 482 499 553 572 573 589 599 638 644 730 777 778 787 800 869 897 922 952 956 963 978 979 981 985 992 996
27 38 40 68 76 101 182 232 280 283 375 402 417 430 432 450 483 489 519 574 600 627 634 636 676 680 724 735 757 839 851 877 886 906 930 983
53 253 365 379 429 430 461 594 706 715 798
22 24 27 37 38 43 46 57 63 65 66 68 75 77 82 83 85 88 103 110 116 125 127 134 137 139 150 152 156 164 181 192 193 194 195 199 200 203 209 214 219 232 239 242 243 248 252 263 265 273 277 282 288 291 298 314 326 340 348 350 355 358 359 369 372 374 387 390 392 396 398 409 416 418 426 427 428 433 437 444 445 456 477 496 497 505 507 508 509 522 535 549 551 553 555 556 557 562 568 583 584 594 609 610 616 630 634 658 662 666 673 684 685 686 688 689 702 705 706 719 721 722 726 727 736 737 740 749 751 755 760 761 762 764 777 780 792 794 808 812 818 820 831 836 849 858 862 882 886 897 898 900 913 917 918 924 934 937 938 948 951 963 965 966 967 974 979 983 986 987 993 996 1000
65 142 272 293 463 542 626 643 742 934 940 949 954 986
22 30 49 67 100 174 241 251 252 256 312 319 371 463 471 482 528 535 554 592 598 636 665 705 791 794 837 845 860 942 950 953 993
7 20 66 103 109 148 213 247 299 303 329 386 448 451 454 528 594 598 631 685 689 701 711 719 857 868 882 899 933 951 957
205 394 490 563 581 604 605 617 684 772 797
89 159 201 223 309 409 444 584 586 695 704 725 854 923
7 11 23 27 34 58 60 82 101 130 141 182 223 238 278 336 372 384 388 396 433 448 452 539 576 580 599 618 623 635 662 671 674 687 693 697 701 727 777 788 827 850 869 897 913 917 955 964 981
19 132 179 217 320 342 370 371 526 548 605 738 758 766 921
29 49 69 173 222 315 412 504 516 577 629 631 821 834 975 984 989
2 34 39 85 121 129 231 288 318 324 335 391 434 519 540 576 582 593 618 645 660 695 770 854 863 871 936 939 965
66 85 207 230 260 371 424 427 502 515 541 601 625 634 646 654 699 722 757 798 832 921 927
91 96 255 485 597 719 810 993
93 146 148 215 281 291 292 311 315 338 366 414 448 616 641 737 871 908
133 197 459 594 695 767 846
4 13 61 90 100 141 149 154 189 191 208 216 228 248 265 267 269 306 322 325 375 376 379 389 402 421 463 464 477 503 518 544 548 565 597 606 650 719 721 741 748 792 808 810 820 830 846 853 854 863 882 892 915 944 968 999
121 545
604 652
462 795
41 217 517 918 941 981
168 308 382 426 576 677 693 733 803 854 951 966
52 71 89 120 178 234 259 264 272 273 276 376 396 435 438 457 459 567 583 599 609 662 669 715 819 823 857 867 894 928 936 976
114 191
83 108 134 195 206 228 252 284 322 329 413 455 457 464 470 489 557 583 604 619 821 859 931 940 957
17 54 150 194 211 244 349 414 487 530 555 569 605 681 758 760 864 905 925 932 940 946
536 583 622 649 844 987 997
8 21 50 67 121 139 140 151 157 178 192 196 233 273 281 294 331 442 457 469 515 584 658 698 749 811 820 827 829 834 835 840 857 862 865 896 912 940
691
797
219 249 255 299 359 371 419 449 522 541 543 545 579 588 619 623 658 728 763 776 785 837 875 881 882 973
49 484 667 833
587 931
559
7 59 86 105 117 130 249 286 302 319 322 330 350 352 392 404 423 433 452 461 481 489 501 547 549 558 676 680 708 731 753 794 810 822 828 841 850 859 899 907 984 991 999
741 834
37 71 116 187 210 216 374 388 411 433 507 509 607 635 636 659 675 780 825 849 867
19 37 49 50 57 69 89 107 125 158 182 186 189 196 214 271 290 346 377 423 457 550 564 577 715 727 735 738 760 764 857 942 950 956 979
24 365 475 560 581 669
49 94 324 385 453 502 642 656 985
391 905
7 103 133 251 322 370
181 434 547
96 176 243 247 453 509 651 677 767 789 812 853
198 434 464 550 776 835 931
24 83 180 443 543 546 645 676 691 726 744 783 797 847 871 885 914 916 973 975
54 133 138 202 205 275 283 468 469 489 645 674 753 755 756 813 884
76 382 540 696
99 122 151 200 230 233 375 384 469 668 723 724 849 887 943
224 246 278 331 355 381 407 481 507 529 539 593 627 632 636 707 782 809 829 849 853
41 58 74 104 152 160 176 221 232 239 241 247 282 288 290 299 319 327 332 346 349 363 364 366 377 399 401 404 419 429 435 450 464 466 478 495 522 534 561 569 578 614 624 630 635 642 647 649 651 671 697 699 700 725 730 733 763 800 803 807 811 812 832 854 885 892 920 930 946 971 972 988
34 42 141 203 313 372 457 494 904 945 994
77 518 583 602 674
91 98 169 174 277 322 328 356 363 378 381 425 454 492 578 584 604 680 728 785 809 830 870 889 976
161 375 402 451 555
2 256 337 364 408 430 513 528 595 647 704 779 799 820 908 913 938 965
6 20 55 60 104 186 297 353 364 375 383 395 399 405 419 442 443 451 466 495 522 570 639 641 671 675 688 699 728 761 765 857 869 918 932 934 964 968 988
38 53 107 177 184 245 255 474 497 501 517 521 680 773 784 926
100 107 206 227 256 501 515 688 730 743 759 779 833 870 897 902 920 962
32 103 183 199 216 253 429 457 568 579 582 619 634 738 768 777 789 801 855 962 992 993 1000
156 397 591 613 744 842
181 922
17 25 30 42 55 69 110 129 138 151 174 188 198 211 237 248 256 257 265 271 272 278 281 288 317 325 328 355 362 375 398 429 462 473 476 488 499 502 504 520 521 535 549 568 569 581 590 616 620 632 644 646 681 684 691 692 717 719 729 733 737 782 788 803 830 854 868 869 883 916 919 927 935 943 949 955 975 992
150 276 322 980
72 211 261 345 374 382 424 550 580 595 764 789 792 830
353 767
21 38 119 213 216 254 276 309 342 414 469 507 548 596 598 656 677 692 793 814 831 856 860 959 961 966 984
10 47 68 88 114 147 247 253 295 343 392 405 407 423 424 429 490 517 531 546 557 625 791 880 960 969 993
277 552 981
36
10 48 62 64 80 88 120 126 146 192 259 311 350 360 539 553 560 618 647 663 668 683 689 739 875 879 941
64 99 211 214 229 323 430 497 505 536 585 614 620 647 721 735 755 856
37 103 114 221 228 276 315 321 350 713 844 971
125 213 256 273 456 776 881 888
132 145 149 237 327 409 430 438 447 590 617 753 862 900 986
18 110 510 786 967
38 157 270 695 733
24 545 767 859
80 173 206 311 482 555 623 625 626 650 663 690 702 720 805 835 960
99 161 173 191 290 422 526 575 615 627 645 673 726 750 757 864 874 898 901 965 997
53 61 78 83 85 124 155 232 249 264 269 339 350 351 378 384 387 447 516 528 573 589 595 611 629 630 658 708 711 722 739 744 765 783 785 793 831 847 855 861 984
158 212 288 307 314 353 357 562 683 688 775 799 910
34 49 98 109 115 129 162 192 197 230 253 281 283 307 314 346 384 440 548 567 627 640 670 710 733 737 769 797 852 857 924 931 998
85 130 216 326 520 757 929
66 247 369 670 883 1000
64 89 176 264 362 409 426 565 627 697 722 747 749 758 828 844 932 956
461 546 891
116 181 252 259 262 403 460 521 529 646 681 682 822 841 855 874 965 995
111 282 351 518 710
81 162 169 468 562 647 671 680
14 29 34 54 77 130 211 246 304 339 352 381 387 598 659 670 706 869 900 953
26 96 136 383 478 500 520 561 583 595 637 665 756 804 929 999
13 15 20 25 35 48 75 80 102 112 128 145 167 177 179 202 210 228 229 247 250 260 263 282 288 309 317 319 321 338 352 353 386 389 392 442 460 490 493 523 533 539 542 543 558 577 578 592 603 606 621 640 649 653 663 745 764 773 783 785 818 819 824 836 878 944 951 977 978
265 343 449 597 947 993
16
291 637 908
186 418 663 782
140 188 399 770 1000
234 305 483 535 579 597 781 901 974
42 341 578 601 729 781
116 171 191 319 375 378 545 680 928 940
424
3 9 31 52 112 127 223 237 265 271 305 341 378 402 462 479 487 529 531 613 621 682 714 717 738 749 754 784 794 816 819 851 872 874 883 901 950
17 74 82 97 106 131 185 198 199 230 235 277 306 317 375 471 473 487 775 788 805 834 870 943 960 990
59 68 154 167 171 271 293 315 435 469 588 619 643 653 706 828 849 857 860 894 915 946 963 987
11 40 61 215 225 251 263 375 404 433 459 461 501 518 521 529 578 732 811 873
15 34 91 95 116 193 200 245 279 301 319 322 325 361 390 434 445 541 559 643 734 753 758 770 772 793 842 848 895 900 913 962
625 936 968
36 70 72 83 94 129 137 179 185 204 231 243 266 315 399 502 508 525 560 561 587 621 623 707 720 736 741 768 824 840 872 921 927 959
10 174 271 392 498 540 914 945 975
499
13 87 92 147 157 161 198 219 242 243 258 288 314 320 332 348 349 356 379 382 403 444 462 483 512 531 549 573 576 580 585 591 604 622 655 683 726 732 754 823 919 966 975 982
24 28 78 97 102 105 113 114 118 130 188 196 201 206 212 228 232 244 245 265 279 328 335 343 351 354 356 362 364 365 397 414 493 496 497 522 563 572 603 619 643 683 702 705 742 747 750 757 779 784 836 838 839 877 909 910 948 950 952 956 977
11 20 24 31 41 47 48 53 63 64 67 93 115 136 140 160 218 290 314 316 328 340 343 367 379 389 394 399 458 462 467 521 566 570 571 586 601 604 613 643 649 674 701 709 726 749 763 765 810 816 819 824 836 848 853 877 887 903 911 921 946 961 966 983 988 991
351 585
61 71 174 242 291 312 336 360 363 389 475 485 517 519 526 548 581 599 608 646 660 663 768 775 799 801 839 886 929 933
7 29 56 83 99 101 108 118 126 139 145 148 157 198 211 245 255 284 329 336 338 346 348 367 440 457 461 464 515 516 517 531 534 546 616 660 679 685 810 983 994
94 144 301 397 688 771 785 825 885 925
105 129 176 288 355 382 408 409 411 415 425 473 477 487 517 521 587 640 700 732 740 753 758 764 881 886 907 924 933 953 958 965 970
71 173 217 413 470 703
8 237 347
124 147 171 221 336 362 415 506 608 649 651 853 919 991
28 59 75 113 130 139 153 156 175 177 276 303 316 337 341 362 365 370 415 472 495 503 508 545 575 625 654 670 686 693 707 712 761 770 779 788 790 799 813 857 868 899 918 927 930
42 92 138 139 148 153 162 170 182 201 243 249 294 302 317 329 333 370 378 396 411 416 456 473 488 500 645 699 711 727 748 766 779 780 784 815 820 831 834 852 864 868 891 935 952 965 973 993 994 999
278 394
751
390
61 109 231 322 476 517 530 680 894 916 964
147 399 437 480 487 533 552 576 683 703 738 918 978
152 256 259 408 577 979
14 146 148 424 441 821 943
79 138 193 223 419 470 531 565 649 714 812 887
6 569 859 954
31 47 48 169 229 273 326 351 379 397 423 523 524 533 597 598 651 663 665 721 748 800 850 871 924
460 555 949
66 513 659 886
7 113 153 193 264 407 422 429 440 490 517 534 557 706 729 783 786 798 810 817 856 940
48 99 100 106 165 298 322 387 442 475 476 544 569 725 817 879 891 900 951
79 120 254 384 547 594 604 773 853 871 897 913 938 973 992
23 50 73 224 262 267 290 306 355 398 424 430 439 516 599 606 618 639 706 712 749 808 836 887
92 181 519 595 648 886 891 981
746
17 189 290 428 984
127 190 400 427 512 617 671 873 1000
11 118 157 175 180 227 330 358 378 380 390 423 447 499 543 569 607 628 643 724 820 823 860 918 986
26 36 90 210 309 414 441 464 470 508 531 539 588 610 636 684 715 748 755 827 892 943 970 973
132 148 197 301
177 260 411 535 562 575 617 739 751 782
89 262 269 398 488 555 595 597 669 839 990
48 71 95 112 117 182 186 199 209 312 383 404 425 440 467 484 486 540 565 680 685 836 884 896
27 160 441 502 667 676 787 913 973
22 49 59 94 201 207 304 462 532 565 574 590 602 603 611 641 642 647 651 652 729 733 795 892 908 919
45 93 499 628 903
18 224 226 271 317 319 347 383 485 620 632 651 692 760 776 810 849 867 873 886 905 910 936 944 985
223 811
95 404 796 991 998
28 54 133 263 346 381 401 416 420 430 474 512 591 796 805 988
79 148 169 205 330 406 408 418 515 519 591 611 638 684 711 714 915 930 941
17 30 108 128 130 156 173 184 194 248 281 283 328 423 451 456 541 555 561 612 682 704 730 734 795 859 873 884 925 928 947 956 957
95
162
12 45 66 177 195 263 328 348 411 442 469 491 502 611 718 739 781 789 914 934
17 22 54 60 87 102 127 129 133 141 142 195 225 233 269 285 289 303 316 362 409 416 433 467 474 503 510 516 529 538 544 549 550 578 608 612 646 671 712 723 794 820 835
61 148 164 602
134 297 929 936
67 69 184 897
42 46 47 56 59 66 72 79 86 111 123 150 166 171 174 221 251 252 288 293 319 368 369 381 392 397 401 411 459 505 528 543 550 553 561 562 565 573 599 613 626 651 652 663 665 683 706 720 721 725 734 749 774 797 799 849 850 854 871 887 891 913 914 917 918 937 950 960 964 966 973 981
22 30 79 116 155 167 168 172 184 214 232 242 254 294 296 306 332 342 363 367 390 406 412 420 426 435 476 491 502 582 600 615 643 650 653 710 837 845 858 878 952 953 973 978 984 995
3 31 101 191 330 405 408 429 548 589 590 596 816 893 921 992
37 70 138 179 303 333 399 453 478 540 551 765 805 820 826 860 875 980 998
5 36 131 139 220 252 293 358 366 411 507 530 532 563 622 674 727 750 760 773 837 855 877 883 907 929 963 965 987
113 155 225 236 300 540 575 698 793 851
938
33 84 290 562 776 941
172 400 492 646 656 673 735 921
83 100 217
12 39 61 140 143 149 175 192 198 226 232 274 293 332 335 337 363 380 410 428 433 441 481 482 536 561 599 606 616 636 688 753 755 758 763 810 814 830 846 863 872 875 893 901 916 931 932 942 951 979 983 994
34 117 120 126 206 303 309 402 544 633 729 764 852 906 928 941 964
295 429 459 510 700 743 814 834 905
22 44 125 163 269 488 507 558 570 582 599 628 819 937
90 93 249 289 327 531 641 650 668 747 825 878 951
115 117 202 204 288 317 360 368 386 393 417 420 517 566 582 597 677 716 760 809 824 843 908 937 944 955
444 501 552 603 629 937
30 67 98 325 419 469 563 695 848 976
67 156 262 370 403 468 679 851 911
1 22 42 67 69 78 104 163 167 174 214 221 312 347 360 380 426 429 453 468 478 509 572 578 599 601 624 627 628 689 783 785 807 820 849 891 930 952 991 993
2 14 18 22 41 55 61 63 64 66 99 108 165 167 171 186 214 229 258 264 265 283 287 299 319 364 403 416 425 470 472 564 572 589 596 614 615 633 653 675 695 732 739 755 767 800 816 829 831 835 841 856 886 895 897 905 916 917 928 930 958 965
87 189 208 230 313 385 464 542 696 937
499 572 641
193 841
1 50 139 141 259 332 333 376 398 433 459 507 508 519 526 556 558 576 598 617 628 634 652 723 774 775 779 784 789 801 879 973 981 982
118 605
97 151 230 350 392 421 533 562 585 587 690 730 748 753 806 849
44 86 153 564 712 764 956
9 17 30 34 53 138 150 177 225 232 246 258 276 289 301 308 345 355 360 361 389 413 424 425 432 502 526 551 582 593 597 600 617 624 627 678 687 708 729 796 806 833 835 854 857 859 864 883 908 931 956 973 978 979 986
469
14 43 49 311 447 452 498 505 525 541 557 635 765 773 788 822 831 885 901 988 992 998
137 202 208 289 402 425 657 675 743 887
100 182 214 251 259 279 320 344 360 401 421 451 522 523 548 574 591 611 633 653 669 702 721 722 729 776 787 806 812 813 848 873 980 991
58 59 96 128 144 237 245 267 273 287 317 395 446 502 571 597 599 643 703 767 773 780 813 817 881 916 990
33 47 61 66 97 105 106 111 145 150 156 192 204 216 219 263 281 284 296 323 330 351 356 359 399 419 424 439 440 466 478 491 510 541 545 563 571 577 590 594 607 630 639 657 669 687 711 745 752 786 800 802 805 822 837 846 881 887 888 914 931 973 986 992
56 142 147 508 560 936 1000
82 605 784 999
4 19 90 265 351 388 461 502 591 743 744 750 871 888
21 148 522 593 628 911 954 979
17 115 601 719 730 764 798 961
32 167 196 275 358 422 425 546 566 617 626 722 819 827 850 866 964
4 8 40 45 56 59 85 105 109 116 118 121 132 136 137 147 150 163 165 166 189 226 227 230 231 233 241 243 250 253 262 269 270 271 282 287 289 298 311 321 324 333 336 340 345 359 363 384 393 402 403 407 411 415 425 428 433 440 441 445 449 454 465 471 476 478 506 508 514 520 537 542 543 551 572 574 628 639 661 672 681 696 702 722 730 738 740 741 742 744 749 752 754 766 768 769 771 773 774 781 782 787 792 799 806 808 811 847 848 850 851 853 854 855 876 898 910 914 915 916 920 929 932 952 970 978 979 984 985 996 999
114 122 131 196 197 224 267 271 634 679 784 785 807 975
32 52 80 100 116 149 151 175 186 221 232 252 261 264 271 290 325 342 468 478 490 498 509 606 633 665 705 708 790 796 828 832 842 962
63 66 78 457 622 841 918 940 960
79 107 197 263 337 422 500 695 785 822 999
7 18 51 83 112 115 159 193 235 311 537 546 560 584 675 685 714 796 801 878 897 913 965
16 35 50 69 73 92 104 158 182 190 213 218 232 233 268 269 279 300 335 339 371 412 422 429 452 454 523 534 559 565 588 592 624 630 664 678 833 882 886 891 895 930 933 934 971 985 997
106 228 351
5 60 206 226 515 693 701 765 806 823 846
7 27 130 341 355 378 414 424 426 428 435 471 558 573 587 647 657 687 690 766 797 825 898 953
31 37 92 136 143 146 171 174 185 204 226 231 382 383 396 407 548 575 590 621 632 638 746 769 793 799 825 860 926 927
9 61 63 134 135 154 218 262 273 291 314 327 347 358 368 400 472 538 589 663 671 780 838 845 874 913 919 921 938 955 977
354 422 585 777 789
37 151 216 268 361 371 399 461 485 524 594 687 707 811 943 956
24 58 89 94 107 125 232 272 279 305 332 335 362 388 389 419 425 455 468 504 513 539 547 555 565 593 597 610 636 648 654 686 723 725 730 743 767 797 803 874 893 898 905 906 922 933 949
140 277 312 392 547 548
8 227 230 272 574 581 651 711 805 812 916 969
2 9 11 25 29 37 48 96 105 106 128 153 174 212 217 246 247 248 269 281 312 336 349 370 430 440 465 470 474 480 491 492 581 653 656 668 695 707 715 772 780 790 815 818 852 871 880 941 943 945 983
32 105 107 153 155 162 194 361 370 403 465 472 529 580 588 644 675 730 754 759 779 803 805 860 930
42 59 108 267 424 498 640 685 802 811 901 909 919 966
21 181 295 323 616 909 990
111 202 812 894
294 330 769
36 45 48 76 333 515 561 621 680 700 755 829 901 902 915 942 978
263
12 127 181 262 352 377 384 442 621 695 812 819 827 842 956
94 420 809
45 293 321 337 465 469 571 684 706 784 813 853 863 888
492 799
49 462 475 954 973 995
68 95 102 122 124 132 133 151 154 178 215 223 263 306 315 348 358 365 373 411 430 453 459 464 466 643 647 651 656 722 761 777 806 836 906 936 958 969 979 983
10 161 194 483 677 695 761 787 835 837 871
11 114 682 694
106 166 174 186 195 286 327 415 425 439 458 489 533 542 551 572 579 604 623 640 642 650 748 815 816 827 829 920
147 281 501 873 882 929 961
104 157 251 417 465 492 505 517 533 598 712 716 749 867 937
53 97 205 266 326 603 648 748
11 88 96 99 104 121 154 156 174 199 207 228 295 302 319 320 370 383 387 388 428 488 489 552 583 593 605 629 630 637 667 668 715 753 761 814 856 864 911 919 921 943 947 975
17 83 140 174 215 383 408 466 499 775 821 946
4 43 71 79 85 97 143 152 190 250 331 381 398 473 521 525 581 650 746 812 823 948 963
57 218 278 397 421 449 484 636 779
169 229 234 355 378 431 802 817 834 845 888 910
12 35 56 65 128 135 139 147 185 222 269 270 321 326 375 402 405 443 463 591 603 625 641 653 689 697 702 710 769 773 817 834 851 864 865 905 912 918 956 963 964 971 979
331
27 48 59 112 143 264 282 310 517 595 623 630 640 740 825 930 958 973
66
305 314 373 468 533 540 576 589 657 821 857 870 872 949 952
35 56 62 84 244 251 255 285 287 296 311 322 357 376 391 463 520 547 635 668 682 704 715 789 802 814 822 833 839 853 873 903 904 907 933
92 152 182 285 335 512 611 664 690 755
431 617 778
54 500 683 831 837
1 12 24 86 346 396 405 489 507 561 567 625 673 733 880 921 947
12 177 648 769 938 1000
20 114 179 189 206 308 350 368 377 600 629 800 889 948 968
51 618 971
111 280 429 632 817 851 933 959 978
5 51 55 84 117 155 168 184 218 279 280 333 342 376 380 407 418 452 499 519 520 584 612 623 628 664 746 748 759 769 771 953 994
50 112 122 125 204 241 242 290 332 347 462 477 528 529 535 557 619 640 651 857 876 890 967 975
33 64 106 108 120 129 153 162 171 192 202 266 329 348 349 361 415 440 478 528 547 572 604 612 616 631 637 707 727 732 735 737 765 773 806 829 831 891 896 944 985 1000
58 85 87 89 105 116 151 179 200 222 228 245 277 286 327 339 340 385 407 432 507 530 543 544 572 594 603 610 624 665 733 750 767 771 798 825 874 878 893 926 982 983 988
22 27 77 98 311 315 354 367 405 509 518 535 570 617 678 685 702 744 766 820 882 912 937 997
34 55 187 239 289 301 302 310 362 383 452 465 469 479 502 519 522 533 556 570 656 665 692 715 717 718 729 770 814 850 863 865 941 952 990
674
287 448 499 590 892 927 987
145 165 181 231 269 282 286 306 318 335 417 422 463 481 504 535 540 558 587 592 618 647 654 662 672 797 806 829 862 877 910 912 921 938 971 982
42 352 764 789 854 927
8 29 63 89 121 174 225 229 245 266 268 321 369 370 399 405 418 447 451 493 550 570 672 736 818 846 851 877 898 912 917 942 965 999
9 32 47 76 89 132 155 222 245 249 304 309 581 624 625 821 827 928 939 971 983
988
111 181 727 774
471 501 595 651 825 962
48 64 80 90 95 107 122 135 160 172 224 226 252 304 372 392 416 453 458 469 543 587 637 681 714 725 745 749 756 789 855 856 879 898 923 937 946 985 991
696
32 41 45 87 127 207 230 278 397 477 484 518 575 576 605 609 613 614 647 721 728 745 753 773 811 832 845 920 953 975 995
19 131 362 363 465 591 711 816 955
121 599 928
4 157 185 240 257 314 319 367 387 433 482 538 572 594 694 727 733 741 770 778 802 843 933 934 943
63 978
15 32 38 40 41 46 52 203 211 217 235 260 279 280 314 363 400 529 557 577 583 606 640 646 647 663 665 705 764 770 798 824 841 857 909 913 925 948
105 391
1 3 22 34 103 116 140 196 198 271 312 318 321 453 520 526 533 559 617 624 627 638 655 691 730 783 787 796 805 921 986 994
268 359 386 454 578 595 754 892
38 106 160 161 228 273 321 417 472 501 524 557 563 617 694 700 718 769 807 890 909 946
73 177 200 280 283 296 523 589 693 696 775 823 986
11 105 142 199 252 262 317 371 630 647 664 682 721 798 803 813 818 846 858
4 130 181 195 430 525 538 595 698 819 903
4 28 41 118 120 183 238 241 242 268 278 370 400 479 518 619 686 768 801 880
16 22 230 251 321 427 542 578 602 687 692 825 947 955
2 41 62 115 129 136 149 152 191 194 196 217 219 239 240 257 340 478 511 512 522 534 538 557 558 576 585 610 631 664 710 730 735 760 762 764 766 817 834 921 927 933 943 956 968 982 988 994
57 59 89 151 325 399 478 576 625 776 825 875
134 162 383 440 482 524 791 983
5 10 123 200 211 257 263 327 359 409 410 415 442 444 501 590 633 640 651 724 742 749 835 930 931 940
827
1 5 6 44 51 76 79 103 132 153 160 161 169 176 199 213 217 240 260 273 310 334 344 355 402 405 408 420 454 464 473 476 510 515 531 544 546 552 553 688 689 695 696 736 782 797 801 804 850 895 916 920 926 942 990 993
17 359 934
624
340
28 59 130 185 235 258 269 280 292 348 352 418 566 567 587 605 686 754 767 917 994
30 73 110 125 130 134 186 187 223 266 350 366 371 384 412 555 590 711 782 802 826 845 855 889 942 991
39 62 74 80 86 350 408 435 486 518 596 726 757
17 18 29 44 54 57 60 79 83 107 119 129 136 167 225 258 325 340 378 394 449 453 516 518 520 530 544 545 562 576 653 660 661 695 765 792 802 810 813 814 819 847 863 891 897 915 922 941 950 965 968 987 991
17 424 516 714 727 837 887 923 981
12 43 87 113 114 121 124 143 201 221 338 341 348 428 471 481 486 487 493 500 520 590 594 605 614 693 708 718 724 762 809 816 850 900 921
82 88 105 145 227 253 278 336 439 471 513 554 571 584 673 674 682 795 821 871 873 899 900 979 989 994 996
61 189 390 551 725 817
204 375
158 167 689 708 737 778 841 850 986
1 69 80 82 90 189 226 242 243 255 269 282 283 296 325 335 339 358 374 378 408 435 460 502 509 556 557 569 615 618 677 774 797 800 972 973 980 985
38 75 102 148 155 161 166 279 311 384 405 445 455 468 502 534 566 575 582 626 685 717 772 801 822 824 847 876 881 900 908
14 15 16 34 68 82 137 149 182 235 242 261 312 354 409 437 467 489 516 562 593 744 770 787 795 800 806 809 835 849 896 904 917 967 973
2 61 73 79 133 148 307 321 328 375 486 525 554 691 741 766 771 779 789 800 960
53 61 85 128 131 143 172 216 281 343 457 510 579 606 647 650 701 716 721 730 732 780 801 819 878 928 939 940 952 987 995
70 89 195 367 443 549 559 571 578 583 606 669 767 824 925
42 299 520 655 668 759 784 940
37 43 77 267 278 297 364 465 500 508 554 559 685 709 710 748 757 778 871 916 968
8 161 163 168 227 279 478 502 534 902
4 5 15 35 60 96 100 131 182 254 262 263 312 332 336 339 350 352 377 384 388 439 454 459 471 592 606 666 669 676 694 744 747 787 803 837 846 849 855 874 875 897 937 953 967 972 977 987 999
13 65 125 158 182 218 232 286 386 431 555 668 674 690 711 724 751 771 801 809 815 932 994
11 12 15 17 28 80 97 107 156 212 224 239 246 255 274 285 303 319 323 334 347 390 417 429 430 438 456 467 470 493 498 506 515 531 533 540 545 589 596 609 621 625 632 647 694 704 721 730 751 756 766 787 790 810 829 831 838 870 908 931 933 941 973 983
24 28 57 107 116 117 135 208 249 381 392 396 452 481 493 543 571 572 645 660 704 723 772 822 885 931 932 958 972 991
5 34 65 124 195 271 353 706 832
10 12 21 65 149 311 424 461 517 553 588 614 622 661 712 797 809 903 945
31 34 116 168 178 185 257 302 333 472 616 674 704 732 768 780 793 848 883 891 955 966
6 26 227 286 331 419 445 461 491 529 530 545 548 552 555 597 714 758 777 780 810 869 919
107
12 20 47 82 102 124 139 147 164 173 177 186 189 196 215 223 242 245 269 278 285 303 304 305 307 311 324 333 334 356 363 367 389 390 412 427 431 436 459 471 473 485 500 505 507 537 541 546 566 593 609 618 626 635 636 649 663 674 680 702 722 743 752 755 761 782 784 804 806 814 827 829 839 842 845 851 854 861 868 869 876 886 893 900 903 923 925 930 932 951 954 961 989 995
479 494 522 541 635 761 831 971 974
960
33
1 122 165 185 351 430 506 529 590 725 749 763 785 845 881
48 187 547 589 942
141 203 316 573 912
150 289 317 375 386 467 524 557 564 690 716 796 810 979
25 92 119 142 244 252 299 399 402 443 524 550 651 757 771 815 985
3 21 167 174 205 209 223 237 240 244 281 310 339 354 360 397 428 511 549 550 574 637 644 657 659 664 749 842 849 889 919 937 939 970 988 995
98 255 395 555 596 657 724 750 778 912 975
190 380 401 612 681 741 768 809 925 964
25 33 112 119 137 243 251 258 306 334 339 379 406 407 451 537 562 568 610 662 664 677 680 740 745 794 795 832 865 907 911 924 965 973 989
58 77 105 154 218 253 278 334 362 388 405 417 551 567 571 581 621 650 752 824 856 910 972 980 990
5 29 113 131 189 236 243 255 282 301 302 375 381 390 396 414 420 466 468 502 504 510 514 536 563 571 624 675 740 742 751 771 775 794 801 840 841 870 871 896 930
68 92 147 159 196 226 274 293 295 297 320 331 345 362 400 402 477 695 706 724 733 836 842 850 870 895 914 942 951 965 982
15 119 135 164 280 303 326 332 384 420 483 528 580 609 747 885 923 947 983
35 37 336 390 460 517 541 618 741 884 888 909 992
52 130 229 242 388 488 531 534 542 696 871 879
275 582 801
124 179 253 301 352 433 537 539 549 733 752 788
19 110 116 198 276 287 307 321 334 344 364 429 433 504 550 728 830 849
2 23 38 144 327 687 732 789 895
114 151 158 203 260 296 341 492 493 496 536 591 648 683 809 832 844
24 191 255 484 677 783 852
44 261 445 528 554 796 805 915 942
48 206 246 324 330 340 389 480 493 574 613 720 887
20 30 50 56 111 160 199 230 235 293 374 463 480 531 555 556 563 607 633 667 722 898 914 962 992
142 698
13 62 98 107 126 188 190 216 223 292 321 372 415 429 433 463 487 492 508 514 555 574 686 703 729 767 796 827 854 875 880 928 940 949 968 985 992 994
114 268 320 524 667 716 734 776 865 943 989
10 51 65 72 122 250 294 391 407 426 433 448 481 647 654 666 668 687 705 712 724 781 784 787 798 817 869 917 920 938 994 996
18 31 67 90 172 214 233 247 257 259 289 290 300 323 418 429 489 490 496 522 527 546 585 649 742 745 746 845 890 895 901 948
70 123 187 712
15 497 533 579 654 817 982
32 42 96 211 260 311 337 350 500 555 570 572 574 665 693 894 914 999
14
116 315 326 432 451
12 32 119 408 770 773 800
618 649 913 949
24 33 102 130 131 197 203 229 271 296 472 473 478 509 538 544 558 560 571 652 722 748 814 965
61 454 558 652 840 860 882
46 348 609 948
129
411 418 937 991
34 43 87 208 214 243 442 477 519 548 583 636 678 763 969 993
17 79 322 340 359 411 473 645 755 974
2 37 84 166 177 182 185 188 191 212 220 230 234 238 240 272 401 422 430 442 445 464 481 539 635 693 714 770 771 777 786 830 836 853 868 871
102 238 246 254 264 399 415 595 642 656 916 926
189 394 461 524 608 717 770 877 918
157 216 257 447 555 810 815 961 970
103 200 262 374 396 612 727 841 958
87 205 329 782 970
84 111 124 262 273 293 330 348 507 549 593 639 660 755 823 830 839 974 987
10 21 39 47 50 51 53 65 68 93 103 117 119 127 140 173 182 198 207 217 219 229 240 249 252 280 291 303 310 324 330 332 333 343 346 358 361 366 372 382 387 401 410 416 423 439 444 448 456 460 461 475 482 485 486 495 497 519 520 536 540 544 550 554 558 567 573 575 597 642 651 659 661 675 678 679 682 690 747 762 764 773 776 785 814 818 821 831 839 841 849 868 878 887 890 891 897 905 925 937 950 953 971 980 991 994 995
98 155 173 179 213 235 297 321 337 344 403 432 457 511 593 623 632 671 693 721 733 794 830 848 876 879 911 920 935 947 983
285 458 843
294 372 941
7 8 15 28 31 39 61 114 116 139 180 223 235 237 252 277 278 280 328 409 413 432 437 458 459 468 469 497 527 529 533 548 584 634 636 653 658 680 706 712 716 719 729 732 742 743 783 792 799 809 834 849 861 880 882 909 910 919 926 940 942 946 981 997
668 748 802 980
30 36 47 55 88 91 153 182 215 534 587 827 857
13 97 124 178 193 265 315 324 338 343 363 367 383 427 476 506 531 558 561 587 702 707 736 751 764 787 816 839 847 859 888 893 928 945 947 955 978
3 45 74 115 234 249 256 268 336 370 395 397 399 407 421 456 489 526 676 682 688 733 804 835 888 899 936 944 955
258 303 339 579 696 703 749
21 90 107 269 295 355 386 447 658 663 667 691 736 744 789 898 903 964
119 171 222 281 469 566 656 748 822 905 936
11 30 32 67 84 106 155 160 162 173 183 209 253 275 351 380 393 433 464 528 533 661 762 811 847 923 991
52 95 130 131 133 143 176 213 236 245 277 300 304 328 506 597 604 653 670 681 697 751 772 775 814 826 830 858 896 900 927 928 951
70 92 96 130 140 184 236 239 365 411 421 460 642 700 701 712 755 800 843 854 862 870 881 895 982 1000
136 292 304 322 422 552 667 748 825 846 943
685
68 126 167 198 292 300 335 358 373 592 627 668 719 741 751 775 809
43 147 183 305 356 420 525 623 636 637 711 776 780 824 867 934 962 971
6 21 171 292 293 351 521 553 617 626 828 916 950
156 213 264 298 501 724 744 745 975
41 44 70 113 338 493 537 638 666 834
24 85 119 121 283 289 355 359 365 450 481 567 695 710 751 792 869 967
210 215 591 648 675 928
179 253 334 353 450 516 597 630 737 748 801
3 20 83 101 199 216 346 445 486 558 623 641 689 770 818 896
30 73 103 163 187 191 211 221 296 346 378 399 476 479 482 489 549 564 578 585 611 693 717 783 793 799 931 939 955
16 37 46 73 211 259 334 344 400 401 525 530 819
666 812
24 497 499 511 515 618 837
418 761 928
6 11 85 141 190 221 280 350 384 393 395 398 422 438 464 475 516 542 603 642 666 902 922 946 954
26 104 107 122 134 169 239 298 308 363 387 440 447 508 523 585 607 712 761 776 925
12 44 58 77 199 233 245 284 310 393 454 482 538 563 565 571 580 607 617 635 660 692 709 785 806 858 872 883 930 939 940 960
35 103 143 397 440 501 900 921 966
16 21 56 72 87 116 117 152 175 265 368 432 461 535 560 565 569 622 627 641 683 684 754 777 790 863 881 886 894 910 931 963 972 990
12 27 38 66 68 77 92 118 154 162 185 206 207 232 235 250 253 254 266 319 326 345 347 396 510 547 566 611 643 657 677 690 712 714 717 731 742 767 769 785 808 869 871 905 954 970 971 975
28 94 179 259 321 450 686 949
205 450 650 713 827 914 961 984
89 145 199 285 288 330 348 355 416 460 476 536 851 927
590
124 178 203 294 345 346 492 512 578 812 834 898
192 221 299 317 704 782 982
11 13 29 54 67 83 96 113 181 213 217 265 270 276 298 304 315 323 398 420 463 488 491 502 540 541 569 579 583 601 631 642 664 668 686 718 840 888 889 930 933 957 965
111 115 168 481 550 881 916
2 38 42 116 284 407 501 530 554 575 581 603 750 769 935 968 988 996
32 54 87 91 161 170 181 202 205 264 288 355 369 550 618 644 671 732 762 768 787 853 950 988 994
4 10 89 234 241 246 287 449 501 759 832 876 923 965
10 74 139 162 192 208 225 227 241 271 279 286 295 320 326 327 332 334 338 341 347 363 374 375 384 397 410 423 430 445 501 513 519 569 606 616 624 626 652 663 673 675 702 715 717 730 747 762 766 838 860 884 897 920 927 932 935 945 961
59 102 320 343 347 803 829 981
23 34
3 4 8 19 37 54 79 115 122 144 162 167 216 228 230 233 239 252 273 291 295 371 373 386 412 492 496 500 529 553 557 558 560 590 605 619 620 621 639 658 659 668 671 686 691 695 702 771 774 790 799 812 823 875 926 931 961 988 995
763
2 7 48 50 66 74 75 81 111 123 189 193 207 227 249 251 278 286 296 304 310 332 353 361 380 383 393 396 446 471 521 532 535 588 595 598 606 622 654 661 670 681 690 736 742 794 816 861 886 911 948 961
67 92 243 305 510 631
18 82 118 127 153 160 192 278 301 342 373 500 625 674 718 733 829 830 838 849 851 856 906 912 943 956
1 17 25 33 67 106 112 118 138 143 145 155 163 173 195 204 210 228 232 260 273 279 293 307 311 352 353 363 368 372 379 397 398 404 412 426 430 441 443 456 491 513 521 539 553 622 631 645 667 670 677 691 696 705 709 715 726 733 736 745 747 749 750 751 757 765 791 796 799 819 847 874 882 890 891 898 899 905 908 909 919 930 940 948 952 975 980
143 537 783 794 822 964
930
204 213 294 303 310 322 329 373 398 405 412 431 591 600 619 627 647 667 680 691 772 774 846 947 955 963 969 984 990
3 64 113 123 140 184 187 192 201 203 209 211 226 238 247 260 262 263 324 338 359 391 445 492 496 572 583 599 630 641 666 676 690 750 755 761 762 813 850 860 917 931 932 947 975 977
6 29 31 86 102 103 175 212 229 266 283 362 409 420 433 445 466 494 561 573 579 630 632 640 662 687 753 810 854 988
1 17 137 138 144 190 197 207 217 236 243 257 287 525 541 628 684 725 744 757 823 824 828 865 953 975 976 987 997
85
12 35 68 98 171 317 349 404 405 481 521 525 539 599 626 633 709 720 738 882
405 489
73 113 173 316 383 518 581 596 609 624 727 843 850 893 913
100 125 237 305 454 471 495 548 571 573 659 978 999
8 92 111 116 117 146 177 197 221 236 238 292 353 362 402 464 503 517 544 616 639 657 831 868 887 893 918
117 438 478 659 759 893 947
260 607 609
32 274 544 571 620 745 934 943
56
404
66 153 189 260 364 388 460 488 517 552 562 604 851 869 913 931
62 84 107 216 283 391 400 452 454 545 548 554 566 604 704 737 780 862 871 950
187
51 113 259 267 293 431 468 480 481 536 557 559 593 673 703 709 716 772 779 789 798 829 838 869 937 943
94 100 128 154 235 238 259 348 367 397 400 451 464 478 501 531 593 644 646 652 672 684 732 792 803 841 857 884 929 982
28 30 32 45 47 50 54 68 85 86 89 106 108 110 116 121 144 147 160 175 182 191 235 237 271 274 280 285 290 307 346 362 369 371 380 386 389 408 424 427 436 437 451 484 488 497 510 513 514 523 555 568 575 590 592 610 631 653 658 667 674 699 704 728 733 740 744 748 762 764 765 788 834 853 870 877 883 891 897 905 918 922 939 944 966
718
7 45 49 51 84 104 105 111 156 162 175 199 219 223 241 276 283 289 295 312 313 332 341 346 350 366 388 402 406 434 447 458 463 466 477 486 518 561 572 579 620 628 638 691 695 702 704 784 794 809 825 866 874 875 901 907 939 999
15 108 391 733 800 874 938 967
30 34 90 148 276 282 311 421 488 551 606 645 685 874 968
100 118 254 635
5 6 30 88 246 271 399 704 945 956 987 991
88 106 189 196 431 572 581 605 744 942 993
726
24 200 261 581 783 858 939
44 66 89 112 159 232 241 284 305 337 342 398 415 434 450 521 573 579 638 665 739 746 748 756 793 803 839 901 936
69 124 196 225 691
37 39 43 81 130 148 156 159 184 225 273 309 328 430 434 463 481 483 506 532 583 587 646 695 697 714 728 755 785 788 828 856 866 917 959 986
4 35 64 66 75 76 96 152 180 191 210 214 229 246 250 280 288 301 302 329 330 376 395 409 426 448 453 475 540 552 567 580 583 588 597 620 641 651 663 705 816 842 846 856 872 874 882 962 983 990 995
18 25 94 113 116 178 231 280 349 412 425 446 450 489 523 545 583 600 640 719 722 740 767 794 969 1000
180 211 413 431 542 652 781 782 789 909 934
58 73 92 95 111 130 161 226 227 239 245 250 257 283 286 315 317 328 350 380 392 421 443 463 466 489 496 505 511 517 537 559 626 689 728 741 765 796 822 903 945 979
37 235 297 464 590 703 723 748 936
26 30 45 56 72 80 89 100 104 115 117 121 125 134 143 150 157 168 181 209 229 235 246 254 265 323 324 365 367 375 377 414 429 456 464 488 497 537 543 545 547 554 578 583 601 604 606 636 638 682 683 702 718 740 743 754 759 761 767 771 772 784 795 803 838 853 855 859 862 871 873 909 919 953 994
1 133 157 206 242 243 305 372 684 689 749 794 938 955
649 717 806 830
25 56 236 276 715 875 880
2 9 20 25 44 49 57 81 119 126 145 148 166 168 202 203 226 257 278 285 300 338 353 358 362 420 439 447 451 468 473 479 503 528 536 538 562 567 588 591 593 602 608 624 628 639 646 671 680 699 702 714 721 730 736 750 802 805 819 848 855 865 868 879 893 929 941 950 956 960 962 964 990
23 351 469 518 807 836 861 928
99
378 784 947
2 3 9 82 147 173 178 203 239 248 267 268 270 282 287 330 338 347 348 374 404 410 413 417 450 476 562 574 578 619 626 629 665 673 688 691 710 757 779 781 877 881 911 915 916 947 975
4 72 160 166 281 339 371 439 477 825 844
27 110 173 310 312 360 725 786 874
12 18 83 90 97 121 182 191 203 226 347 405 454 510 524 581 607 610 652 718 776 858 906 940
132 168 186 365 372 494 720 747 774
99 735
26 49 51 86 96 102 150 170 177 187 190 209 218 443 533 547 557 577 642 673 717 740 754 855 874 893 937 965 989
955
4 37 41 61 92 177 206 222 239 243 268 274 286 295 318 335 347 386 428 443 476 511 542 547 558 564 576 616 625 704 790 818 821 835 888
184 508 739 831 945
21 31 52 133 165 181 210 213 219 227 249 258 268 324 339 351 359 417 434 455 473 523 532 624 625 641 656 691 710 712 717 724 733 760 797 798 844 883 898 899 905 925 951 955 961 979
33 291 309 320 377 454 458 465 582 859
700
1 42 62 71 82 116 269 406 409 551 597 637 689 980
31 100 139 189 369 588 923
590 606 647 666 970 982
49 245 370 582 773
10 105 202 499 516 526 603 619 643 842 882
4 5 9 18 20 45 52 56 61 63 74 87 95 110 117 119 123 141 146 148 173 178 189 216 219 237 256 265 288 289 297 308 313 318 319 323 324 326 329 354 356 366 386 395 398 399 404 407 435 450 451 466 470 473 478 479 480 482 485 493 516 522 524 527 535 540 546 550 555 560 565 573 583 593 617 623 625 629 634 643 649 658 681 687 689 691 701 706 716 718 723 731 732 823 826 829 861 869 872 914 916 921 929 954 994
61 79 90 255 259 268 307 340 406 418 428 429 554 558 649 683 808 903 986
68 132 178 186 203 207 271 321 332 353 354 374 396 418 436 457 462 470 511 559 641 648 776 810 818 839 846 871 888 926 966
47 67 84 578 658 721
181 258 407 555 668 937
47 87 98 182 306 317 572 650 854 947
41 80 96 118 160 244 262 409 412 520 530 582 615 693 768 783 834 877 901 941 992
39 116 138 152 219 306 369 519 588 600 628 643 715 722 736 793 818 830 856 905
6 31 59 85 336 426 461 486 490 610 678 724 780 806 820 876
5 7 156 173 272 309 356 414 437 457 473 612 615 619 653 695 699 703 710 771 845 856 873 937 969
76 918
49 90 103 114 193 227 228 240 252 403 431 459 570 676 724 728
4 5 8 21 31 32 86 103 149 175 190 199 214 234 252 291 348 358 459 462 519 539 592 595 600 634 671 720 769 805 823 842 844 873 884 906 928 931 949
51 136 667 674 809 843
7 13 50 133 156 305 351 431 434 595 619 660 692 702 818 835 910 911 959
13 31 84 218 266 275 290 315 389 513 541 557 586 676 696 735 751 764 894 941
8 11 12 19 61 114 151 183 208 212 340 366 369 438 479 485 511 531 540 554 580 591 630 644 654 701 721 732 734 747 782 817 848 850 868 881 957 969
57 141 443 701 823 827 848 930 955
52 61 77 82 89 161 174 178 194 200 206 216 249 268 270 288 374 384 388 394 407 448 458 476 483 487 491 525 557 574 578 581 602 604 605 643 656 673 678 690 691 696 706 708 710 721 726 737 768 782 785 787 789 797 799 836 870 872 887 893 906 916 943 950 993 999
38 449 669
60 75 115 346 476 502 566 575 705 716 791 886 897
330 774
303 364 381 425 522 595 621 649 737 813 844 856 865
9 16 54 59 72 83 110 139 160 185 188 203 214 225 236 246 265 279 284 377 403 433 436 455 479 521 527 541 546 602 630 639 704 790 815 826 830 851 855 904 907 922 942 959 965
66 140 184 202 210 222 287 432 441 449 465 467 564 597 650 675 696 712 714 716 827 882 967 969 977
548 937
90 158 163 204 318 325 344 367 509 526 630 759 802 833 863 927 934
34 53 57 58 101 108 126 132 148 154 165 171 182 195 200 204 243 269 272 274 279 282 291 304 306 312 315 326 331 352 353 363 373 385 393 403 421 453 468 469 472 500 521 538 546 551 566 575 578 590 593 616 617 619 621 622 630 664 667 671 678 681 712 714 718 730 754 767 786 789 796 797 804 821 824 839 842 845 848 856 865 869 873 883 885 892 897 900 905 907 914 916 924 926 962 974 976 993
88 95 130 240 469 476 623 679 731 760 939
10 623 679 745 746
104 111 186 200 235 254 259 330 353 382 403 414 486 569 589 623 801 873 939 975
296 309 320 334 373 377 501 687 833 921 923 935 958
1 57 118 147 170 184 200 211 241 257 273 299 307 334 354 405 458 491 496 504 526 547 596 603 680 692 693 709 720 782 786 832 845 848 872 978 984 988 992 996
13 111 421 469 503 580 704 929 958 987 1000
32 146 228 253 336 610 677 783 818
32 118 124 214 292 313 410 423 456 470 526 574 600 648 666 747 748 749 792 852 891 946
114 217 219 468 471 498 519 567 626 636 660 675 720 737 743 783 793 906
183 428 536 626 707 838 918
101 318 443
11 67 199 220 262 282 363 424 466 491 532 722 898 913 916 938
39 47 73 96 110 115 118 125 127 139 159 184 199 203 227 269 352 385 388 450 462 486 511 538 553 567 579 581 602 604 623 659 678 726 762 773 791 849 873 877 880 900 941 969
352 376 469 514 783
553 601 809
80 422 423 467 651 783 830 901
2 79 105 108 124 175 218 239 246 249 263 282 296 301 330 334 349 397 398 420 429 457 466 506 556 562 600 622 650 656 676 701 708 726 767 819 881 898 902 911 929 981 987
235 574
24 40 48 63 66 74 80 111 143 159 161 169 172 173 192 215 218 233 253 258 320 321 322 335 337 367 376 387 423 427 429 436 449 461 463 470 474 507 508 532 534 544 548 599 602 615 642 652 667 684 694 712 732 738 767 768 789 790 816 822 825 828 834 840 848 852 904 910 911 919 923 959 961 991
26 95 167 654 797
2 8 19 34 39 51 64 83 93 96 127 175 224 241 244 246 251 253 257 261 283 294 305 309 316 322 323 324 343 349 359 366 368 379 416 424 426 431 438 441 448 454 465 466 470 478 483 503 509 548 549 550 564 582 591 612 620 627 628 637 638 639 644 652 658 672 676 693 697 710 726 749 750 763 774 791 795 819 833 840 842 843 867 869 872 897 900 909 927 963 967 969 993
627
103 902
174 965
370 493 582 973
62 166 340 477 638 644 656 739 761 802 827 989
5 10 86 140 194 242 331 343 345 382 399 404 425 470 473 491 508 515 524 561 661 683 684 697 755 769 809 812 819 825 833 941
14 40 43 48 65 91 94 114 128 151 161 168 187 192 218 278 284 299 300 324 344 400 445 454 485 593 603 630 642 651 652 660 663 694 719 724 758 766 788 820 834 851 864 895 901 904 967 971 976
14 52 123 133 199 213 487 561 621 834 858 978
2 43 67 84 102 104 110 119 169 180 189 196 224 244 248 263 270 273 284 298 351 410 447 455 459 484 497 519 523 580 595 601 633 641 652 657 667 681 683 697 704 722 755 768 777 786 805 816 821 862 871 916 982 984
275 633
35 36 142 256 483 517 568 668 709 762 946 1000
35 73 133 164 201 285 327 332 436 456 501 572 575 586 846 895
109 170 378 395 656 790 890
3 26 36 39 48 57 60 78 92 100 117 123 124 130 135 137 172 174 189 190 192 194 195 224 230 243 284 287 308 319 328 334 356 368 373 389 390 391 430 432 437 441 446 458 478 483 501 536 546 570 582 598 648 662 663 678 685 688 690 698 699 700 710 741 742 757 785 798 817 830 841 851 854 903 905 927 941 947 949 953 965 976
57 145 148 189 213 237 242 247 265 282 323 432 463 494 497 568 638 639 661 704 711 735 854 868 879 896 918 945 947 989
591 867
213 416 525 698
72 160 223 287 387 455 465 495 503 647 761 800 949 998
35 52 113 165 183 198 215 250 252 255 298 320 322 323 353 372 386 421 479 490 501 542 617 641 654 734 786 787 881
5 74 122 272 285 569 612 712 754 881 910
16 34 53 81 114 115 148 162 193 224 267 459 494 577 748 761 888 898 915 935 968 982 999
16 22 33 36 47 51 55 64 82 120 128 178 188 202 211 237 238 248 251 258 289 297 339 341 401 415 437 461 462 465 505 535 546 592 596 632 637 689 729 736 738 739 777 791 806 826 829 846 860 871 925 940 949 981 982 1000
319
177 276 503 564 624 711 762 810 821 841
82 214 333 369 432 576 713 766 803 957
15 16 47 55 57 70 73 103 171 212 224 226 227 283 298 315 323 324 349 355 411 466 485 497 511 544 581 611 650 664 741 744 813 819 823 959
160
24 34 40 41 44 54 108 117 141 149 162 171 183 188 189 198 222 225 231 264 274 288 295 298 343 355 359 362 367 368 378 383 386 402 416 417 421 463 465 486 510 518 527 529 534 540 546 564 571 573 576 577 591 601 603 606 608 617 654 673 675 680 690 696 725 728 731 733 735 743 745 763 764 786 819 833 836 855 863 872 876 878 894 901 938 940 943 949 955 976 978 994 998
126 169 255 383 425 457 577 619 673 873 934
108 115 233 241 258 425 596 776 961
2 7 15 22 34 39 44 47 60 65 71 83 84 85 88 94 115 152 158 165 169 170 172 192 193 195 205 208 211 223 234 300 313 317 319 328 330 341 379 386 398 406 409 423 428 433 436 443 458 459 461 464 484 492 503 513 529 533 539 540 546 550 559 580 605 650 656 669 689 694 706 725 746 757 778 779 781 784 785 794 801 802 821 833 836 846 847 852 865 866 869 877 878 885 893 898 911 923 927 931 935 936 941 942 946 951 953 959 963 965 971 979 987
81 97 529 585 598 981
16 35 88 246 250 342 472 641 822 894 939 945 968
19 60 67 129 239 266 269 402 434 437 522 528 577 633 667 725 811 842 936 946 947
68 94 169 181 202 207 246 252 266 300 316 372 375 384 390 410 411 414 417 479 482 492 494 508 527 557 564 568 573 583 616 687 691 772 792 793 839 930 931 935 956 977 982 986
23 41 95 240 356 357 620 679 715 735 776 814 831 840 910 925 949
133
62 223 274 276 664 702 731 837 868 941
38 65 73 77 128 153 154 198 202 297 353 433 438 447 523 524 544 574 615 617 725 726 752 779 874 902 941 947 985 996
39 323 543 601 610
427 733 859
10 98 157 292 398 399 503 520 650 734 756 821 870 896
67 219 344 775 886 949
124 171 175 206 263 324 350 447 572 593 650 777 800 847 854 927 937
54 145 153 188 192 225 230 251 265 271 277 283 325 352 364 388 410 472 529 540 652 658 773 791 849 869 870 879 928
1 57 64 69 79 85 86 119 139 151 214 230 234 248 328 336 338 364 388 404 421 436 445 451 484 494 495 517 549 552 590 594 613 651 714 733 756 760 762 786 797 806 853 868 885 898 932 933 940 961 997
42 87 178 227 290 306 309 317 334 340 437 447 457 471 486 498 525 551 572 597 609 612 634 641 658 710 739 745 779 805 813 872 876 877 899 914 985
335 352 363 649 751 816 910 915
259 278 283 815
33 199 248 722 759
118 133 139 175 384 392 460 468 514 521 612 630 668 903 934
307
78 141 347 659 823 832 888 919
332 568 600 624 765
185 205 349 453 470 581 627 749
442 539 566 591 605 694 736 879 899 919 953
36 84 152 188 275 397 591 666 701 726 883 909
183 250 441 453 484 552
5 69 116 136 142 149 158 251 308 375 405 417 430 432 444 474 552 572 648 689 690 767 816 828 868 978
13 52 93 123 145 198 239 353 361 435 512 562 577 624 677 702 812 848 994
37 62 134 205 268 286 301 622 693 739 876 952 973 986
322 532 623 749
180 286 806 900
79 277 589 606
67 85 117 127 131 142 151 185 244 288 291 337 403 433 447 451 463 495 513 517 571 584 598 601 658 668 678 698 720 737 792 801 811 813 924 928 945 965 993
3 80 124 132 168 308 356 367 392 411 414 832 983
339 683
53 462 573 606 876
33 82 89 117 246 295 307 390 428 463 566 568 571 592 652 663 683 688 711 742 755 787 803 811 832 856 888 901 950
5 45 71 126 159 176 197 205 412 414 549 570 572 613 664 790
3 52 89 121 170 213 226 243 254 275 282 308 311 318 319 320 326 364 416 433 461 507 543 571 586 619 701 717 747 777 797 801 837
96 490 504 564 618 632 710 818
76 117 296 439 520 560 578 583 651 764 766 846 992
129 357 494
112 162 550 773 861 873 929
9 18 30 84 123 134 143 148 156 183 200 248 261 278 283 289 293 306 308 333 372 383 389 396 398 401 415 420 428 449 470 474 482 517 550 551 556 562 618 639 642 650 678 724 737 760 762 766 776 785 788 802 824 832 842 857 869 953 963 967 968 981 999
183 338 450 756 913 975 996
67 82 135 194 463 547 589 593 716 735 977
2 14 43 102 130 149 166 178 263 296 325 338 340 352 418 422 429 456 461 543 565 617 622 647 706 745 763 764 792 844 860
16 26 36 41 43 65 75 98 135 140 151 167 182 192 207 219 224 270 287 318 323 330 339 348 362 388 433 445 449 451 491 504 505 516 542 544 546 556 567 570 584 605 609 612 614 625 649 661 710 726 745 771 777 842 891 895 906 919 922 991 997
821 893
48 50 64 150 283 314 486 515 576 635 676 762 802 858 946 949 966
24 52 72 76 96 126 173 180 305 464 723 821 825 835 879 896 907 945 949 959 980 998
13 93 137 152 193 227 229 232 253 264 310 409 433 484 506 517 677 728 783 819 822 823 909 931 977
35 51 53 99 129 164 165 171 202 234 242 255 276 316 349 371 394 452 456 457 467 533 561 618 637 661 683 711 810 977 997
24 59 85 130 219 278 506 587 646 696 927 940
64 164 193 257 280 375 391 401 494 506 538 589 636 670 714 734 749 781 842 864 869 877 904 924 942 987 992
2 46 59 65 110 138 151 160 194 240 276 319 325 347 389 407 412 418 441 479 507 517 527 554 567 640 667 701 720 735 852 878 885 906 916 919 939 974 987 997
3 87 333 403 504 552 595 607 616 653 690 716 729 740 757 815 845 853 889 890 946 949 963
330 404 780 958
143 244 281 340 385 396 614 699 703 757 795 836 842 882
23 40 185 189 248 714 760 777 847 879 901 927
140 188 213 376 520 529 626 632 944
297 347 691
19 25 27 55 63 82 87 115 121 152 177 184 203 224 297 322 365 371 509 520 537 591 605 611 616 618 694 720 747 757 784 800 840 841 842 869 988 997
220 239 258 291 417 478 751 869 981
500 851
509
374 760
17 84 133 145 146 151 172 176 185 208 287 369 389 424 485 494 556 568 574 595 607 609 628 651 689 690 737 752 756 771 793 818 840 892 915 919 988
7 11 36 39 94 100 127 177 208 223 251 321 402 449 452 524 544 550 612 656 708 791 798 812 825 873 890 932
4 17 76 108 326 344 378 418 442 505 536 579 718 762 798 879 892 906 992
830 946
3 64 85 97 101 235 381 573 656 879 922 953
56 149 168 564 625 642 660 721 764
221
1 43 47 69 116 257 267 309 367 377 428 457 470 578 713 761 769 772 868 942
61 64 71 76 80 99 111 166 184 235 265 283 295 336 345 367 406 428 446 484 521 543 599 620 775 792 819 839 942 984
33 82 182 350 373 402 405 424 655 683 709 931
115 129 141 142 172 182 191 198 222 223 255 262 295 302 310 403 414 424 455 474 579 587 636 664 759 788 849 872 912 990 991
31 69 96 194 208 240 259 327 437 503 515 575 631 662 670 698 777 804 886 913 974 984
6 21 37 77 81 87 100 107 109 111 135 157 163 221 230 241 243 273 278 282 283 286 291 300 338 359 364 371 379 382 395 405 410 432 461 469 471 484 503 518 521 522 541 573 581 588 601 651 697 699 722 728 762 796 816 830 834 844 853 856 860 872 883 907 921 923 928 942 949 961 986 987 998
68 75 188 192 263 289 300 347 603 815 824 838 914 937 984
9 11 44 143 162 166 170 177 190 212 213 225 245 275 282 304 368 375 395 443 491 500 562 563 572 578 586 636 644 657 687 704 757 774 782 791 801 814 871 877 929 932 953 991
145 147 513 589
242 506 625 700 998
66 108 112 166 180 183 217 229 282 287 342 357 388 475 539 570 607 616 670 725 732 746 767 805 862 891 973 974
41 58 134 490
60 433 551 853
6 34 57 77 85 89 115 156 174 221 222 287 360 363 374 380 437 486 548 560 575 578 581 676 711 745 789 794 832 847 876 912 946 953 967 969 988 998
41 170 366 748
29 104 144 153 167 184 206 333 347 530 666 689 723 739 777 828 843 931
67 104 174 365 451 514 536 636 797
546
218 242 269 298 329 414 438 490 592 685 725 745 757 894 965
1 14 35 43 55 63 91 92 94 100 109 139 166 187 192 194 198 212 240 250 262 263 267 280 281 282 283 318 322 354 385 391 405 421 425 443 464 523 548 574 599 606 610 631 709 711 734 738 745 750 767 780 805 808 819 822 830 831 841 908 913 922 995
15 34 35 46 67 81 94 98 107 134 135 165 177 209 220 229 250 297 316 331 342 344 345 347 366 375 393 394 398 405 408 451 459 463 482 494 545 589 642 653 659 669 702 716 732 737 766 811 818 824 859 862 870 875 881 904 909 921 937 938 977 990 995
257 290 359 769 775 801 873 895
5 34 820
144 292 790
248
45 115 306 337 340 491 893 904
125
56 150 173 186 384 423 459 511 568 644 783 787 805 809 874 937
184 208 296 309 380 555
61 106 107 110 173 245 258 262 296 348 385 448 489 497 502 505 564 642 650 698 770 778 779 811 833 836 860 939 979 991
32 138 201 370 541 563 696 710
88 154 158 191 250 325 411 442 444 900 961
368 371 959
36 63 68 75 107 167 249 254 296 408 424 427 466 482 549 598 602 640 646 745 746 818 823 830 846 930 942 945
1 7 19 25 26 38 46 47 52 61 69 70 72 76 88 93 103 109 121 125 132 137 139 149 152 156 159 160 169 173 175 184 193 203 213 218 224 226 234 243 245 253 257 264 278 283 285 287 294 295 303 305 308 316 318 334 335 341 345 346 347 356 360 361 365 374 377 378 379 388 393 400 410 412 422 433 436 447 452 453 460 477 478 483 485 491 503 506 508 515 517 541 546 548 563 567 569 572 596 600 610 612 617 622 629 631 639 647 653 660 662 664 671 673 677 679 682 689 696 699 704 720 733 739 747 751 753 780 794 795 797 806 810 823 825 829 845 858 861 916 917 924 927 928 944 948 958 962 965 972 987
27 41 56 101 225 276 411 452 463 678 680 744 753 829 864 954 990 996
57 72 103 114 121 128 135 143 145 173 181 191 304 337 372 390 415 431 447 469 472 495 500 502 507 539 547 553 555 557 567 571 572 575 581 612 658 702 732 738 743 779 791 793 817 839 942 996
166 429 670 694 746 889
292
15 93 102 123 215 276 282 494 498 505 552 581 948 979
94 163 442 552 608 621 624 663 686 724 869 1000
17 45 52 58 59 77 187 245 254 330 376 377 411 422 424 436 459 461 484 504 527 532 580 594 701 705 709 765 813 817 819 835 836 844 903 951 963 980 990
69 77 200 245 259 275 370 381 394 432 505 538 549 583 624 627 658 750 753 763 951
347 900
238
13 75 126 153 164 172 191 242 251 252 309 319 374 402 403 428 439 451 453 479 482 573 625 650 654 661 682 684 685 687 698 712 713 748 757 758 769 803 816 818 858 876 971 994
201 233 264 348 688 945 991 998
3 49 151 212 289 333 347 362 404 418 470 487 564 613 640 655 816
350 415 460 464 495 544 707 946 964
11 20 65 109 173 221 298 324 327 360 370 427 437 504 547 557 574 621 780 875 893
1 34 49 53 60 64 68 83 93 95 120 133 139 144 175 212 215 216 233 241 285 310 315 337 364 365 391 396 400 402 428 464 473 489 491 496 507 540 549 552 567 589 591 596 606 622 631 633 759 772 776 789 803 804 810 812 817 852 871 878 925 948 959 977 990
48 106 155 159 219 295 410 524 568 762 774 877 999
8 19 29 31 35 70 74 77 79 97 107 137 139 158 162 166 173 176 194 205 210 211 216 228 265 280 284 315 336 342 349 355 374 383 396 397 430 437 483 484 494 509 511 531 535 548 582 598 603 605 615 617 640 641 671 687 688 691 726 775 792 793 804 805 806 811 828 831 832 840 841 843 857 904 923 941 946 954 978 994
8 9 58 65 105 107 165 210 227 246 283 319 325 366 372 378 390 394 398 440 459 648 684 696 710 717 724 767 776 782 788 819 828 838 842 851 876 926 929
32 35 38 58 104 137 204 211 273 308 318 340 343 395 428 586 610 627 816 818 929
46 98 132 203 284 359 364 379 441 454 587 657 688 694 709 833 942
29 53 68 190 225 258 303 325 353 390 419 471 481 593 642 686 690 699 710 715 800 823 846 850 897 901 927
157 246 325 345 396 498 563 574 757 803 808 852 874 900
96 256 356 778 889 974
2 18 37 39 57 60 92 98 121 135 136 142 245 246 250 283 287 312 350 391 399 439 457 478 530 554 582 593 611 628 633 636 665 693 700 716 734 770 778 801 808 849 850 938 972
212 333 340 341 619 658 806 879 901 955
179 222 462 570 605 708
282 354 490 616 649 838
153 327 429 705 809 920 966
582
58 59 143 162 419 519 602 732 891 958 963
40 51 56 69 78 86 92 111 112 173 186 208 210 230 250 264 270 285 287 315 316 317 359 376 377 411 424 428 433 520 541 548 554 582 607 634 654 664 674 702 704 728 754 758 774 794 800 826 836 838 855 880 883 925 943 983
127 359 429 529 608 692 818 875
22 51 72 94 121 130 201 250 275 316 346 469 542 567 590 846 864 887 938
41 128 158 193 194 200 202 306 377 387 533 594 600 606 770 908
19 273
6 74 154 237 279 338 389 488 602 791 843
184 222 277 286 332 357 361 364 421 690 754 764 788 868 944 966
191 218 230 255 310 384 646 724 757 797 836 876 912
76 107 135 147 210 224 241 254 260 402 435 439 456 483 494 536 559 563 572 575 576 580 670 688 693 720 784 802 835 846 872 913
148 216 343 355 358 380 596 678 818 897 911
97 133 187 278 373 403 529 647 663 700 840
196 789
78 93 162 268 381 420 688 708 768 892 913
240 248 301 370 419 661 669 847
7 9 27 79 116 180 192 229 247 335 434 450 561 618 645 850
343 901
31 74 109 126 127 167 212 227 228 229 276 325 348 397 402 415 431 441 446 480 509 511 517 523 528 533 543 567 579 658 723 731 755 762 767 778 808 816 819 837 848 867 878 912 921 989 994
23 48 53 80 87 127 158 159 180 186 307 345 495 522 525 670 687 719 786 825 834 902
38 126 218 231 597 728 862 911
54 95 168 189 217 229 230 272 286 322 367 378 391 410 420 427 439 451 502 526 551 589 591 612 657 669 687 698 740 741 813 876 885 900 916 932 957 970 984
24 113 143 229 242 297 321 360 543 554 618 631 715 773 898 934
53 510 520 526 682 703 861 862 907
65 91 201 208 209 229 283 390 488 593 714 715 732 749 751 805
36 323 393 577 740 921
1 47 81 126 145 155 192 193 207 211 268 272 278 334 391 428 490 557 592 596 601 602 603 622 663 679 688 690 725 733 756 782 810 821 836 837 875 878 913 923 932 956
3 14 69 98 109 126 135 139 198 210 215 325 354 368 450 517 573 594 595 697 699 729 734 806 814 817 871 890 928 975
63 93 109 353 486 688 750 890 926
59 109 166 180 240 275 325 414 465 575 613 692 739 752 851 909 951
98 157 224 313 334 357 733 743 801 839 886
48 97 116 143 159 242 291 318 411 470 571 785 837 851 859 946 958
28 101 489 551 629 808 896
19 70 101 111 138 162 166 207 236 246 268 300 342 432 465 490 504 506 559 562 582 630 787 830 844 864 911 942
228 363 427 526 644 708 849 896 943 954 962
2 107 133 172 174 205 231 238 294 302 322 495 509 522 592 605 612 638 716 740 797 811 862
30 57 97 104 113 158 178 202 271 314 318 378 514 526 723 735 762 770 775 833 897 912 979 996
76 116 230 234 286 314 471 483 577 665 686 739 778 922
183 412 478 800 949 952 989
68 210 284 537 636 716 732 875
2 40 69 73 78 104 138 172 200 231 308 389 490 493 551 588 669 680 857 893 905 973 983
5 59 97 128 191 283 364 492 515 570 589 653 712 832
140
105 180 301 367 400 564 707
70 74 198 242 287 306 340 454 548 550 617 647 661 773 838 898 905 939 956 988
107 140 154 186 196 221 292 359 375 389 410 443 604 653 700 729 750 809 812 813 855 958 998
91 124 152 194 199 224 249 251 323 361 370 376 391 399 467 470 488 531 606 611 634 641 652 659 670 674 703 709 730 731 762 775 882 916 921 947 949 955
51 52 148 270 282 319 329 355 415 423 498 566 600 696 723 746 754 765 767 776 816 835 857 885 892 897 902 904 913
1 95 127 165 175 205 264 281 335 383 433 485 548 581 584 596 649 706 729 764 800 915
207 472 973
125 189 202 224 259 263 376 421 427 484 550 574 618 677 697 781 795 818 902 992
45 113 121 151 203 243 251 260 278 320 325 329 344 351 364 413 461 474 593 608 622 702 780 809 842 859 890 898 904 917 939
28 171 264 592 930 977
388 666 918
94 130 161 302 395 419 427 758 847 964 978
217 221 303 307 322 362 363 633 850 959
6 8 42 46 47 62 85 92 131 133 143 157 192 219 220 246 262 271 281 292 330 354 371 386 387 434 436 461 475 481 539 593 622 626 640 654 666 683 686 696 699 710 745 746 766 785 872 886 903 912 981 998
50 78 98 164 165 210 213 440 612 694 704 799 839
402
9 17 29 36 41 85 97 106 111 132 147 155 160 162 163 172 191 201 234 238 244 306 310 318 323 337 372 383 387 404 425 428 436 438 440 451 457 466 558 576 647 673 685 723 782 787 842 887 938 980
207 227 457 574 582 713
183 357 530 597 695 765 821 994
5 15 17 79 95 104 117 159 162 164 205 232 245 268 301 319 333 337 378 397 408 410 432 435 436 451 463 467 473 504 510 511 513 522 524 541 542 546 556 567 575 586 641 697 706 708 715 716 734 770 788 816 829 831 835 838 845 882 894 898 900 939 954 967 971 973 975 977 997
312 316 539 629 983
484
13 141 147 200 211 247 251 313 351 354 410 438 444 557 598 620 631 785 801 863 878 902 925 967
10 100 137 142 173 243 273 354 399 434 448 452 472 475 537 583 605 780 940 987
201 212 465 607 788 807 939
102 105 198 253 281 357 380 424 440 505 527 554 572 575 664 678 694 719 750 814 882 889
8 82 169 235 246 252 376 449 465 479 519 524 585 589 609 612 618 647 706 714 718 774 796 851 874
89 154 392 403 423 661 809 874 926 977
208
14 127 259 335 416 448 478 538 605 993
125 245 416 493 868 907
227 347 428 546 713 733 798 818 835 853 967
255 362 533 568 598 661 662 676 697 733 767 778 897 919
116 228
43 72 73 99 104 156 181 367 455 518 527 530 548 559 599 617 677 703 712 726 740 812 827 828 853 859 863 880 902
134 1000
28 79 99 102 269 314 574
20 106 193 202 230 259 302 326 336 356 375 408 548 551 575 580 626 677 695 697 710 737 750 764 895 901 926
18 22 30 34 36 84 104 111 119 148 170 172 191 192 222 238 249 255 276 316 343 346 361 381 395 431 443 484 511 512 532 554 582 646 653 675 690 704 775 823 827 844 850 913 914 929 966 982 991 996 997
33 45 53 121 195 268 286 350 362 392 448 470 482 484 516 542 557 609 663 666 675 689 692 717 757 872 880 960
632 652
30 273 300 330 470 488 595 647 691 695 696 883 922
6 11 19 30 36 39 45 99 134 135 166 191 211 212 213 252 255 273 279 319 334 372 388 396 404 491 523 612 688 740 770 781 807 842 849 854 915 951 980 998 999
154 295 391 396 408 549 651 722 789 879 895 968
26 99 112 113 166 380 386 433 464 552 797 893
14 19 20 25 26 27 28 32 54 66 70 78 80 85 93 97 101 105 107 125 128 139 140 146 150 155 157 165 180 183 190 191 195 196 197 207 209 211 227 239 240 244 247 256 268 284 285 287 308 313 317 342 349 352 355 360 361 371 373 379 401 414 422 433 437 438 439 440 443 452 453 467 470 481 482 495 515 529 531 551 563 567 576 589 590 592 615 620 622 624 626 637 643 647 673 675 697 705 707 708 711 719 723 724 728 732 749 750 763 764 767 768 778 782 798 799 810 817 819 822 836 837 843 844 852 858 870 875 878 879 880 882 890 898 902 910 915 916 926 936 943 948 960 968 969 978 979 980 988 990 994
386 741 958
42 62 82 127 146 179 337 365 548 604 700 745 787 876
1 19 49 52 80 151 305 349 385 416 424 426 522 603 617 646 742 761 830 865 879 895 990
85 100 154 213 249 255 365 431 466 476 496 548 656 666 671 729 737 751 815 848 894 933 967 986 990
125 181 221 228 247 249 285 286 308 315 323 336 346 362 407 415 566 591 614 627 824 926
30 49 52 92 98 131 183 206 237 335 441 491 520 525 526 571 639 653 671 686 690 719 744 745 776 801 860 880 899 912 914 964 987
134 256 359 432 440 478 603 775
5 12 100 142 258 276 421 491 585 593 641 693 697 731 741 770 787 846 858 868 890 904 926 963 965 983 993
108 345 618 787 974
29 48 50 69 76 125 140 156 197 221 286 291 295 384 413 461 466 596 598 599 637 654 698 729 733 818 827 835 842 906 918 923 935 955
327
20 387 504 505 575 712 776
25 28 34 35 87 213 231 288 289 338 432 439 464 477 497 533 535 612 617 629 635 639 659 699 703 737 757 808 835 841 856 878 919 946 950
557
116 119 124 133 209 214 232 256 261 300 308 363 457 506 526 588 695 705 833 867 955
68 82 190 204 208 230 280 356 395 400 437 468 489 495 512 531 538 570 639 641 666 725 733 736 746 785 863 892 919 939
15 68 129 395 493 726 870 934
38 140 201 218 244 309 336 392 464 501 607 722 789 804 905 951 987
127 166 897
114 142 283 360 517 546 596 703 780 988
50 84 90 120 144 153 234 238 359 363 379 397 406 474 475 574 736 848 858 957
58 65 190 198 220 225 647 660 670 697 897 935 988
161 165 381 453 462 491 736 893
11 16 21 23 38 43 65 68 70 75 84 93 95 97 104 113 142 143 144 146 154 165 192 198 209 223 225 239 268 283 304 318 333 337 338 343 380 384 385 403 415 425 427 448 453 460 462 466 470 474 479 484 501 512 536 547 549 555 558 567 573 587 592 596 597 600 604 611 618 624 634 643 646 671 687 699 707 718 724 736 737 743 756 779 781 797 803 804 811 817 826 828 852 858 871 881 890 906 939 941 955 971 974 984 994 999
52 70 108 155 172 250 325 497 513 581 615 679 985
24 27 59 173 199 224 237 273 373 405 484 607 618 699 729 734 831 896
4 83 105 152 180 185 205 239 250 272 300 309 312 371 380 401 422 437 440 514 565 640 642 742 761 815 847 879 937 954 968
8 109 130 235 297 304 352 370 380 515 658 684 840 866 931
106
8 26 208 261 367 520 578 590 638 719 872 922 925
1 7 62 75 129 143 160 161 191 203 231 258 259 317 325 337 343 345 350 362 376 377 410 435 460 489 534 541 554 576 587 593 598 618 674 677 697 703 749 758 796 811 874 893 921 927 931 934 955 958 986
10 21 72 118 163 174 190 204 214 230 273 328 337 355 422 460 505 565 568 609 638 684 693 728 781 832 860 925 993
54 93 134 136 146 149 171 183 188 189 223 262 317 336 346 355 361 398 431 484 502 526 538 547 548 597 606 629 668 673 695 742 745 751 756 762 764 779 803 815 828 911 928 934 948
22 53 119 165 202 236 237 247 266 289 323 338 353 414 438 470 475 525 527 535 744 804 894 914 991
548 672 865
138
52 90 200 210 224 248 259 267 272 312 321 339 367 391 395 416 421 445 486 495 500 510 615 619 653 686 694 695 753 800 835 882 891 895 927
52 53 127 182 314 345 488 557 665 751 860 865
70 99 144 205 248 399 461 472 620 631 707 730 805 849 915
23 30 158 164 166 213 246 261 324 331 423 482 517 578 633 747 770 783 870
514
97 169 184 205 218 237 293 295 305 511 603 624 655 915 963
394 589 756
11 34 41 47 56 60 77 115 116 117 146 174 187 201 233 234 263 265 273 278 290 304 307 312 343 357 419 459 460 481 499 530 544 617 648 659 689 742 768 819 828 836 839 874 875 906 938 950 960 987 991 992
4 218 752 784 862 911 952 958
2 4 12 18 20 30 48 57 69 91 94 97 122 139 145 210 218 219 229 232 239 269 274 275 277 306 329 333 354 365 411 414 426 445 463 466 475 482 492 504 549 557 596 615 638 648 652 666 670 696 707 713 717 723 773 778 786 800 836 837 846 879 889 903 910 929 934 943 968 971
1 19 26 54 59 69 74 87 99 150 160 164 171 214 228 247 257 258 271 286 303 304 305 344 380 403 405 414 447 514 522 526 648 654 663 671 689 762 765 791 800 802 817 842 888 919 927 932 945 960 974 992 997 1000
44 62 66 117 171 201 287 341 446 450 453 482 487 491 492 553 554 562 580 616 634 725 737 741 742 747 773 812 840 922 928 941 949 967
390 427 732 920
15 22 89 94 102 133 174 228 310 323 419 436 450 536 566 594 620 694 853 929
55 107 130 176 190 238 247 252 266 285 317 338 353 358 362 455 465 482 506 578 665 749 784 827 836 869 882 896 967
65 78 83 125 154 156 286 295 321 327 333 454 509 530 550 636 639 780 791 813 821 903 911
33 107 109 339 345 354 356 396 458 473 481 488 511 536 720 725 803
495 951
4 13 181 207 289 552 584 596 688 759 786 876
231 251 293 627 805
193 293 405 510
13 55 58 315 363 403 471 519 657 712 769 874
44 50 56 85 248 411 521 566 593 719 812 842
28 119 228 233 373 412 418 437 469 491 537 558 593 615 675 710 740 753 770 817 825 835 848 856 877 893 897 912 926 933 943 972 983
106 227 235 276 331 395 541 558 580 587 713 896 912 949 957
24 25 41 44 53 102 138 143 165 213 218 242 272 302 332 391 464 560 580 640 657 708 740 856 917 980 991
4 5 50 318 333 335 340 478
3 9 13 14 19 25 31 39 56 69 73 98 106 109 122 123 132 179 182 189 197 210 224 228 239 242 244 248 250 253 258 270 273 277 288 293 294 358 372 378 387 401 413 424 436 449 458 461 489 496 501 503 512 528 535 539 563 565 588 594 596 608 622 625 642 644 666 672 688 689 692 693 704 705 724 739 751 759 766 771 773 783 803 837 846 862 875 892 913 925 927 946 956 964 979 980 987
23 46 96 127 224 264 302 317 483 638 641 798 824 934
68 94 127 149 279 293 326 344 445 451 553 630 691 698 834 894 895 934 935 943 986
11 84 114 120 188 229 374 498 623 628 650 811 912 934 957 960 976 998
4 12 18 27 42 48 62 63 68 81 83 96 109 112 121 123 160 164 165 170 204 224 257 309 313 314 325 344 359 362 365 417 428 445 452 455 456 473 478 511 515 522 526 537 559 580 583 597 610 659 669 675 707 720 723 736 755 758 760 769 775 777 779 806 811 814 836 884 886 919 939 943 954 956 985
69 72 85 91 113 131 273 313 317 348 361 383 404 429 459 521 542 642 652 686 860 870 891 912 942 987
3 25 35 122 136 180 189 332 363 365 370 375 384 385 386 390 422 441 449 462 470 480 509 522 555 589 695 735 764 777 820 858 876 886 903 906 934
29
57 109 131 694 704 845 989
891
1 10 14 47 78 81 140 158 217 290 317 337 367 373 407 424 448 494 496 507 522 532 561 580 582 590 692 693 710 718 725 727 734 752 754 796 814 840 852 858 975 983 990 995
336 520 693 712
31 64 75 82 96 105 117 231 254 255 256 259 299 335 339 378 419 481 511 514 578 603 615 633 643 656 658 695 705 707 745 780 796 825 867 911 951 989 999
19 87 115 307 323 464 561 601 603 652 668 780 792 868 885 902 971 983 990
8 20 28 97 173 217 229 260 274 304 316 333 354 361 378 404 406 529 564 650 667 688 714 730 743 744 794 850 878 886 905 916 937 940 944 967
65 195 306 351 490 549 738 817 844 861
42 668
53 80 83 118 120 147 175 255 290 304 307 324 351 404 423 452 455 519 562 614 617 649 658 763 805 861 904 953 995
20 65 105 670
31 51 69 414 505 513 672 752 776 781 981
122 128 150 381 405 416 453 480 555 558 629 716 773 894 986
4 11 78 122 149 219 367 391 552 597 626 632 679 726 890 955
35 153 213 265 601 696 750 859 936
51 166 359 396 414 445 470 483 684 981
59 129 168 184 197 214 219 228 335 549 679 880 913 933 991
60 121 123 161 186 213 257 305 350 573 653 682 787 856 888 919 982
58 69 74 106 136 176 224 251 266 273 286 312 315 348 358 409 488 490 513 542 582 591 655 667 673 694 695 718 760 767 773 782 789 811 815 826 864 877 895 921 936 948 969
2 25 26 30 36 46 62 65 70 72 83 85 97 102 105 109 110 121 130 131 144 153 160 191 214 215 234 249 265 270 274 278 296 312 351 352 355 359 365 380 381 382 393 407 408 434 452 476 479 481 488 498 509 510 514 521 524 530 561 569 601 603 606 614 616 629 636 637 650 657 661 676 686 723 727 731 737 738 741 757 784 802 804 808 812 813 816 825 873 889 891 896 902 914 921 930 932 933 940 944 950 965 969 983
266
53 76 112 114 124 135 144 167 187 194 201 206 280 339 342 373 377 399 401 428 442 453 468 478 508 540 576 602 651 653 706 707 720 758 762 791 837 845 847 857 871 879 880 927 931 941 947 961 989 992
21 378 517 734 951 984
6 39 51 68 88 112 115 140 165 177 198 219 225 250 256 272 280 282 283 315 318 348 372 409 421 458 459 462 476 477 482 502 540 617 675 784 802 803 823 896 940 961 964 983
155 212 308 353 388 483 569 571 593 698 779 930 975
6 81 399 512 538 558 573 658 664 693 874 975
27 164 816 847 939 997
12 77 292 298 368 503 623 657 773 843 945
20 50 212 216 307 316 317 318 328 347 369 416 568 571 584 680 720 741 786 905
56 101 258 424 463 503 565 756 831
394 601 848
18 33 40 42 57 61 74 98 126 138 154 211 226 229 250 258 317 328 352 356 376 413 455 484 501 511 524 585 590 607 612 626 639 671 683 714 755 771 789 843 904 921 922 929 935 964 978 980 995
37 146 173 207 263 292 435 450 498 556 591 655 703 715 750
77 120 147 240 592 640 703 726 800 832 897 987
14 230 232 299 327 368 371 452 453 591 601 620 699 700 718 740 781 792 862 883 896 982
225 268 714 751 833
160 640 775 918
114 151 199 216 281 295 418 427 439 462 498 511 584 605 723 777 840 843 847 877 965 980
34 51 131 160 192 259 309 340 383 386 391 467 490 513 527 545 547 583 667 722 738 831 890 915 917 958
22 26 47 87 96 101 112 153 177 207 208 209 231 234 322 331 418 426 465 486 511 524 537 558 569 594 624 650 656 678 687 702 733 816 823 838 857 858 890 943 947 951 964 966 977
116 124 132 246 250 338 487 675 710 822 827 924 931 945
140 172 195 211 246 278 302 309 326 331 383 429 459 478 505 543 556 577 611 641 658 715 744 750 771 787 812 834 854 940 946 962 983
368 511 570
302 742 964
15 32 34 77 86 97 124 128 228 241 246 254 265 325 336 337 359 421 521 568 573 585 611 622 629 680 741 758 777 784 795 871 882 890 914 954 961 970 977 996
898 976
32 78 101 104 228 234 239 318 328 347 414 425 438 471 472 558 655 673 711 773 802 861 898 906 911
246 259 366 455 532 558 661 823 831 948 955 984
53 198 337 339 388 392 408 411 426 580 585 602 769 777 824 885
132 593
37 49 94 105 106 121 130 190 333 346 360 373 403 406 413 419 440 465 496 523 599 627 681 684 689 695 702 704 769 845 886 895 901 906 908 925 934 950
9 16 21 68 127 171 237 255 259 293 318 541 562 588 606 703 784 803 828 899
95 487 598 713 784 797
175 191 249 369 372 453 503 634 982
9 68 122 194 212 237 238 239 251 258 263 387 401 438 443 494 600 601 662 697 719 842 867 897 977 980 993 995
18 51 94 132 193 225 268 290 297 323 324 353 355 422 435 463 526 547 560 565 581 587 613 670 678 743 765 775 795 835 869 896 928 930 934 951 988 991
117 133 191 235 410 650 819 870
275 399
299 311 383 604 640 848 963 997
23 41 51 53 61 76 128 129 147 172 231 277 279 328 331 337 383 445 452 470 539 566 599 706 754 790 854 858 889 949 962 966 999
50 121 177 205 241 332 425 434 557 653 719 758 857 929 952
34 219 266 305 350 406 511 558 788 861 898 958 962
25 52 56 65 83 112 138 199 223 251 257 297 304 488 531 588 633 643 692 713 728 730 743 773 821 904 978
11 106 157 201 403 409 606 635 784 817 881 882 918 965 995
26 148 248 586 685 823 954
47 111 191 289 397 408 480 488 490 527 533 534 575 605 617 746 776 807 809 833 965 987
13 44 54 82 87 98 153 160 167 208 217 219 245 255 297 351 362 391 396 412 460 535 543 564 588 617 644 648 651 658 741 768 849 880 887 894 910 927 977
3 6 151 288 305 333 362 367 372 402 410 431 464 556 700 783 912
20 33 76 125 158 181 196 219 227 228 263 265 289 296 306 314 318 349 358 359 423 441 467 517 533 543 548 552 562 564 655 661 668 680 690 770 780 784 804 821 837 861 874 924 942 943 973 992
361 560
43 296 348
41 72 89 190 322 498 533 812 946 994
39 85 510 625 698 838 859 878 990
88 92 100 110 124 187 234 329 399 445 527 551 552 609 769 803 828 876 905 906 913 934 949 962
111 123 156 346 482 517 532 566 640 690 703 893
151 181 184 291 431 452 521 551 586 605 619 666 700 705 858 969
23 54 60 70 90 104 230 287 289 327 374 393 416 439 483 549 560 601 638 648 654 736 825 841 843 860 876 957 967 971
23 193 202 203 256 260 269 346 464 607 657 660 712 742 751 815 887 894 896 939 963
166
5 11 75 87 145 162 177 194 327 332 339 366 380 421 447 471 542 551 600 655 675 680 697 781 812 851 950 983
651
71 144 346 480 667 735 826 842 924 955 999
4 10 14 19 26 31 40 52 82 91 104 114 115 178 192 221 230 231 234 281 286 301 313 324 337 338 375 379 393 406 409 418 419 427 450 480 481 492 503 507 528 529 546 584 603 627 654 664 679 683 717 732 740 750 770 800 807 857 859 872 874 887 888 892 899 912 918 923 963 989 1000
35 53 176 350 422 483 554 827 841 856 965
85 89 151 248 249 257 268 269 298 341 399 412 416 473 543 633 635 740 864 867 901 913 920 939 957
892 922
36 68 238 241 263 281 287 293 363 437 442 461 471 521 685 687 702 945 976 989 996 1000
226 249 267 623
4 6 27 31 33 53 57 62 65 67 70 78 81 85 90 101 110 115 120 125 139 146 148 157 184 188 194 220 221 223 232 238 292 296 301 302 306 307 308 328 332 336 337 339 345 347 348 359 365 367 380 397 410 415 427 435 453 460 464 468 470 472 475 483 487 491 493 498 499 502 503 508 515 516 530 531 533 554 558 561 562 563 566 571 574 576 581 583 587 590 595 606 611 616 620 623 626 637 644 654 658 662 666 672 673 680 685 686 696 699 703 717 718 755 760 761 769 775 786 789 790 795 796 805 823 829 838 845 846 853 854 856 865 868 875 877 883 890 897 898 905 921 925 934 940 944 950 959 962 968 977 986
5 11 33 67 76 77 115 149 199 232 245 287 302 361 366 425 459 491 528 535 536 562 576 585 616 627 654 718 721 747 761 770 772 805 819 824 862 938 965 982
9 19 23 26 29 41 71 75 80 101 111 148 160 162 176 209 224 253 263 269 284 295 297 340 351 360 365 372 373 400 410 435 442 486 487 492 501 504 513 531 548 550 555 566 578 598 602 626 628 639 654 679 735 806 849 875 910 944 999
845
4 245 254 421 483 584 693 900
12 395 423 630
3 9 28 31 66 86 91 138 140 162 164 177 206 234 240 243 252 274 280 285 289 301 305 312 317 330 334 348 357 360 378 409 416 423 445 467 490 493 500 509 528 535 536 541 545 567 594 596 604 625 664 665 672 686 697 699 715 723 729 742 748 749 762 766 770 772 792 815 834 840 842 863 879 892 894 902 914 920 965 978
665
14 305 319 393 457 487 633 670 699 805 827 839 892 933 946 965 969 992
383
25 31 511 547 575 585 990
12 57 59 66 70 83 86 98 132 144 150 183 188 196 202 239 252 253 260 278 308 330 355 377 378 387 402 423 428 440 443 454 466 486 494 511 515 540 585 599 653 702 721 728 752 759 785 797 811 852 859 864 866 871 892 911 921 929 930 934 938 947 971 985 995
39 40 76 90 91 118 131 143 152 158 167 193 236 271 301 310 313 325 331 340 362 401 412 414 418 429 434 443 517 521 523 542 592 638 673 733 787 825 833 881 885 922 997
11 16 28 57 82 83 90 93 107 129 163 175 180 215 222 230 231 244 261 286 290 298 338 361 386 398 407 423 427 428 454 479 486 493 508 531 535 546 550 571 579 588 604 637 638 652 655 660 685 704 745 746 747 758 779 789 814 819 836 894 902 903 915 921 957 965 996
49 155 341 392 501 759 964
170 207 400 492 600 656 890 899 953 955
261
46 89 224 272 361 487 534 545 629 661 733 813 873 915 998
1 10 13 15 26 32 39 46 53 54 57 65 66 74 77 92 94 103 113 140 152 172 200 212 213 223 224 252 255 262 264 268 287 319 327 333 338 341 346 377 388 390 411 412 472 475 489 507 528 537 540 550 553 565 574 591 667 719 728 746 748 773 788 807 828 860 868 874 944 962 993
106 191 809
37 188 204 711 777 831
1 108 156 173 199 201 234 241 246 260 280 304 314 341 360 369 430 431 454 464 483 521 538 554 574 606 625 667 680 686 692 711 752 781 791 797 803 828 839 849 853 868 870 873 895 903 967 978 980
38 51 112 121 304 316 356 361 372 435 521 547 560 586 622 623 653 695 715 722 749 766 845 906 938 956 978
8 128 146 256 316 324 332 335 429 521 532 549 558 645 696 756 908 920 956 983
25 33 91 142 149 180 200 217 256 269 280 351 353 357 369 408 453 476 496 514 521 556 619 678 712 725 732 739 768 774 819 841 856 859 867 876 931 940 989
252 471 506 524 701 725 849
41 59 70 73 112 148 183 228 263 291 301 319 351 361 398 405 414 456 463 492 526 550 552 554 565 607 627 658 686 693 717 749 774 782 794 801 816 824 844 898 952 954 959 975 980
55 65 79 80 84 159 169 186 212 266 268 282 283 287 350 353 359 367 457 461 469 523 527 528 574 590 607 633 634 644 650 688 690 692 698 713 727 772 785 794 879 935 944 956 981 986
20 27 74 81 108 126 171 242 256 324 355 495 553 582 605 663 673 682 720 726 728 798 804 808 820 887 923 924 995
60 170 173 276 468 487 513 517 523 575 745 751 861 983
29 56 66 69 77 108 141 145 163 190 196 197 200 203 217 219 258 264 273 276 281 308 318 345 354 367 386 391 411 420 433 448 451 455 470 479 488 505 519 527 565 573 619 640 641 646 654 674 679 706 715 742 746 759 778 798 805 814 819 833 840 848 850 883 888 890 912 924 963 985 994 996
62 71 133 143 191 234 243 315 399 440 442 462 571 589 607 629 641 669 713 734 752 818 829 846 883 913 959 962
30 107 171 278 286 303 314 362 409 471 557 593 609 736 827 849 862
6 32 33 91 214 269 301 318 431 447 493 500 521 674 715 718 720 755 795 858 881 985 991
16 44 54 102 109 126 144 183 201 203 210 217 234 235 242 263 268 281 282 314 324 333 338 345 348 382 401 468 473 474 482 511 563 600 601 609 626 628 654 684 710 711 728 737 752 757 776 786 798 831 905 930 934 945 949 960 982 994 995
47 94 114 136 164 188 240 285 339 346 408 462 500 501 508 534 556 604 614 684 803 904
5 45 137 173 181 224 228 233 264 293 304 319 355 403 457 491 501 517 541 618 689 742 775 846 896
11 12 80 109 219 273 290 330 358 361 371 382 395 398 449 530 616 660 684 712 762 767 771 785 801 871 873 948 961
240 519 640 840
181 673 813 912
106 125 191 274 297 416 428 468 481 484 498 512 592 616 630 670 711 720 738 775 822 976 985
51 121 306 317 415 458 463 649 923
627 642 732 806 994
52 71 74 86 159 205 396 472 479 528 679 775 798 805 911 932 939 942
115 254 633 640 736 868 888
10 84 116 137 139 142 155 164 181 213 327 398 406 414 429 435 484 521 528 603 657 715 720 731 760 781 829 881 909 949 984 991
554 757
2 13 50 80 89 101 116 143 152 205 216 230 240 295 300 301 326 346 352 367 369 379 383 416 436 439 440 455 463 472 474 499 506 508 524 529 532 539 588 595 603 607 618 629 656 698 708 711 712 729 759 775 777 798 808 872 881 886 887 889 905 920 937 943 954 955 972 974 992 998
54 146 282 311 412 475 617 771 816 833 964
34 45 65 78 98 140 172 205 218 219 236 299 308 315 334 365 373 402 435 437 474 483 527 537 553 579 595 624 628 654 674 682 688 705 739 747 760 764 781 787 842 849 860 871 951 992
222 430 569 590 615 844
16 18 29 36 57 70 85 102 210 245 316 325 359 360 368 498 509 517 530 595 606 611 613 638 643 675 691 693 722 779 812 828 862 880 883 891 895 904 906 916 999
212 389 740 866
713
449 505 997
104
6 256 369 734
47 65 113 132 319 458 485 579 681 749 772 812 948 986 993 998
26 325 348 397 404 438 681 780 858 886 901 935 979
20 120 175 301 346 353 400 430 494 535 539 556 567 609 645 671 673 807 825 840 922
26 109 121 141 219 233 430 460 464 705 724 745 754 778 807 808 904
15 16 48
42 117 187 205 399 554 555 681 743 746 762 767 861 940
62 243 248 440 472 482 572 716 741 764
11 113 143 154 155 228 234 649 701 704 705 802 804 852 873 925 957 969
70 161 178 285 360 441 445 502 544 564 616 649 670 674 768 805 853 884 902 918 919 944
78 402 669 922
5 6 27 62 79 100 101 109 128 130 150 156 177 190 199 207 214 236 253 270 304 339 350 376 400 426 438 455 471 494 499 508 518 520 532 554 556 562 574 611 622 636 661 664 674 732 734 743 744 746 751 758 785 796 845 851 856 870 872 912 930 931 935 957 972 979 983 984
286
71 88 133 144 196 371 394 401 787 886 921 950 963 988
67 223 413 419 537 619
175 179 273 416 436 446 500 545 768 826 858 939 964
56 72 109 146 241 285 402 409 450 451 460 490 636 664 696 772 778 798 801 820 895 933
34 63 109 123 141 204 210 211 265 290 363 394 408 412 460 542 729 772 837 875 890 897 900 904 939
26 55 83 105 113 122 143 238 336 358 371 377 388 466 473 493 537 547 559 639 655 701 716 799 808 840 853 927 954 994
198 332 416 536 551 698 817 826 963 971
270 468 592 651 652 748 896
774
43 63 110 128 175 180 222 233 257 324 400 422 449 494 708 721 729 800 828
7 81 99 102 136 141 186 204 230 234 241 266 312 332 336 381 384 393 447 481 489 510 512 563 566 611 617 650 670 677 707 712 732 762 763 769 770 779 781 864 867 889 950 958
8 31 80 107 120 345 394 480 576 620 621 697 794 798 835 958
138 151 189 202 215 225 249 343 364 463 613 617 675 678 700 708 788 893 933 938 967 983 998
47 138 150 187 226 326 332 399 458 464 467 492 553 579 586 614 640 649 665 678 731 784 841 846 879 928 986
2 40 42 53 64 68 113 132 141 151 180 193 195 201 203 222 225 237 273 278 287 297 309 318 340 355 373 388 397 398 404 414 423 424 465 472 480 487 494 502 519 542 550 554 557 568 582 613 621 625 638 641 662 769 778 786 798 805 815 817 838 849 861 865 896 905 909 920 944 960 987 992 997
79 107 137 271 307 352 522 556 685 791 799 842 926
14 54 80 193 199 236 472 473 527 554 680 692 804 838 999
69 83 107 136 281 285 302 333 433 450 513 570 571 577 619 689 722 738 844 892 984 985
8 17 43 57 58 74 97 103 257 341 345 354 376 377 442 445 461 464 513 598 647 648 705 728 736 759 764 867 885 945 948 989 995
93 117 140 195 408 481 595 716 723 897 947 965
518 590
17 29 59 69 87 103 140 148 165 189 209 216 249 324 357 363 381 412 455 476 662 704 708 710 718 734 738 756 757 792 794 853 860 871 878 893 935 949 950 953 984 986
77 80 202 219 313 326 508 564 611 618 631 726 756 800 828
88 94 285 760 812 940
31 55 71 75 76 98 107 168 171 191 233 241 291 365 386 393 408 438 475 477 493 540 561 575 590 591 599 670 674 687 738 837 845 866 870 892 910 914 932 949 990
32 35 80 114 185 262 387 470 543 561 722
48 54 71 92 154 220 241 242 249 294 312 344 357 363 372 381 414 420 483 495 590 593 640 662 692 718 787 793 822 836 838 860 873 878 882 885 921 936 946 971 985 997
82 120 138 187 412 417 599 622 663 919 991
254 305 375 391 417 432 516 657 733 793 909 987 991
126 132 186 373 463 482 565 615 939
110 169 196 342 840
2 7 23 30 35 49 97 106 123 127 137 142 164 172 178 212 238 252 284 298 309 310 326 342 343 355 359 381 402 437 463 474 491 498 515 517 532 543 547 555 585 624 627 631 634 635 642 648 663 680 699 703 706 740 749 761 763 770 792 799 829 838 839 847 862 879 910 915 937 951 963 971
5 20 33 48 98 122 129 150 164 170 175 183 186 233 237 251 271 283 295 298 330 334 350 353 359 361 369 398 501 549 553 576 583 595 699 707 708 742 747 784 799 816 847 863 967 974
79 172 719 907
23 83 111 327 471 638 756
20 111 136 150 156 204 210 233 450 466 477 550 798 1000
215 245 325 457 689 793 863 944 945 983
51 63 65 77 78 88 117 140 188 254 281 299 331 364 513 522 545 572 654 655 670 727 747 785 818 829 837 936 970
29 32 42 43 46 113 118 129 141 149 165 194 235 258 266 302 316 323 325 368 371 397 407 423 430 456 509 553 596 609 623 651 659 729 759 816 818 957 973 983 1000
2 53 92 114 126 151 155 264 289 294 299 338 341 415 465 578 592 601 630 651 705 733 734 745 746 750 753 791 802 836 856 882 900 903 916 947
7 12 23 27 29 31 43 66 78 82 107 110 114 117 126 127 143 147 150 172 249 310 313 314 329 340 366 388 458 462 472 477 485 490 499 536 547 557 570 595 625 670 672 715 743 760 763 786 809 814 823 825 828 841 850 856 864 880 894 909 958 962 978
391 766 789 985
41 81 221 310 330 366 464 674 683 705 759 808 868 933
31 57 64 169 170 180 197 209 222 229 242 248 260 264 270 300 318 416 438 492 504 508 528 530 537 543 628 634 663 680 715 736 760 761 807 819 821 827 830 844 885 888 933 966
29 187 405 456 487 527 587 590 651 821 826 859 951
17 528 894 989
11 30 61 68 84 91 101 131 133 149 167 182 193 241 248 267 289 303 409 427 470 471 527 565 593 615 646 684 734 770 804 840 842 861 878 898 916 925 952 993
76 85 234 268 279 322 359 405 424 445 461 520 559 565 570 618 643 772 786 807 809 812 839 884 945 968 971 994 997
10 52 59 118 157 198 229 278 311 329 373 432 551 594 601 653 695 707 751 788 853 877 945 976 996
1 5 33 48 49 63 65 92 100 126 139 182 241 242 261 308 334 351 354 366 391 420 453 460 491 492 499 508 514 539 541 568 583 597 605 620 635 639 655 669 673 683 719 793 796 817 830 836 852 905 922 940 942 950 962 980 995
25 52 125 166 176 185 245 362 481 494 552 692 824 870 907
68 340 419 432 562 590 598 627 660 708 871 887 913
34 314 382 496 507 518 532 605 761 815 884 898 963 990
780 795 903 977
49 257 456 493 567 722 867 869 880 950
161 467 494 529 584 650
269 312 653 679 720 781
21 89 167 203 338 392 409 647 906 945
29 55 74 86 111 141 145 158 189 207 208 215 230 238 245 257 263 278 294 314 346 350 353 372 387 412 422 424 437 444 454 466 468 508 539 542 556 561 570 585 601 613 633 669 681 689 690 699 723 734 750 769 772 784 807 809 811 833 850 865 868 879 891 920 928 959 966 985 995
52 72 114 184 314 540 618 636 653 691 710 728 762 768 953
407 541 885
9 21 68 75 95 99 145 151 152 158 163 164 169 193 195 221 249 270 274 293 305 316 327 344 354 356 363 372 406 417 421 449 455 481 490 500 536 541 557 565 569 574 576 607 618 619 650 663 710 731 743 754 764 766 795 823 836 871 908 909 943 944 988 995 1000
32 174 278 343 420 457 460 468 600 644 656 685 860 897
109 249 295 385 587 698 746 777 821 894 926 940
21 141 179 200 212 274 275 278 284 381 572 577 582 630 644 687 751 768 783 794 927
25 32 48 57 73 80 83 85 115 116 118 142 165 175 176 215 229 230 290 303 362 370 392 394 406 433 438 446 508 515 584 586 597 603 605 612 624 641 648 708 740 763 764 795 805 812 834 842 878 947
27 29 46 58 98 109 123 186 264 347 357 399 427 498 535 597 645 669 692 854 872 900 929 958 974
5 15 27 69 75 90 193 195 199 205 221 230 243 244 258 268 298 330 337 341 347 349 361 378 428 431 436 439 453 454 495 546 550 553 554 566 635 671 695 730 760 775 777 778 806 841 846 847 855 917 920 938 966 969 994
162 871 950 979
73 77 136 243 311 374 449 453 454 587 638 687 831
41
46 47 49 56 62 90 93 123 134 145 175 176 203 229 239 244 256 259 270 274 305 318 319 332 335 352 358 383 441 445 454 484 485 496 513 515 525 537 546 612 646 649 656 660 668 688 720 722 751 757 762 772 779 780 782 791 795 796 809 831 880 903 911 926 927 938 940 965 981
309 327 677 957
347 456 538 555
5 7 22 41 73 130 176 202 218 262 283 303 350 365 486 546 560 684 707 724 730 734 735 799 804 808 864 867 945 965
13 55 123 128 162 164 185 187 194 209 213 324 345 372 384 451 484 498 504 516 559 567 571 572 579 585 616 672 703 711 743 766 810 815 824 883 885 963 979
25 45 69 73 125 157 398 423 501 647 659 666 680 728 775 789 806 964 979
9 63 84 97 105 144 183 188 226 243 284 285 297 317 360 375 379 388 488 511 530 559 629 633 639 671 699 713 716 722 796 865 887 900 923 964 965 985
9 58 84 134 164 176 180 191 212 219 234 282 288 303 307 325 357 377 389 414 426 486 487 489 491 529 536 576 599 607 669 732 811 815 903 943 975 980
9 167 169 286 311 329 336 347 399 415 471 490 588 665 717 731 741 782 846 849 852 872 885 921 948
20 47 64 88 142 185 228 268 285 326 397 509 536 553 565 643 668 737 828 855 914 946 969 996
41 107 143 260 267 360 414 510 527 575 671 677 737 757 761 851 910 923
42 73 82 90 109 189 270 292 334 360 361 472 538 643 645 665 688 758 793 855 862 970
777
1 26 31 36 73 98 100 119 127 171 176 199 223 268 304 307 358 376 480 521 543 561 587 592 611 620 645 689 715 758 774 785 803 855 859 878 926 936 941
461 615 627
62 110 128 132 139 180 284 298 354 356 357 414 522 551 608 652 689 752 784 790 838
49 65 119 132 170 181 185 194 203 204 221 230 287 335 404 406 407 410 506 527 696 723 733 849 901 913
4 49 50 150 178 179 199 227 292 348 378 381 436 442 456 463 503 540 582 590 652 667 675 743 745 779 837 867 878 897 904 964 994
43 69 316 458 508 743 894 991 996
165 182 191 259 306 344 351 392 409 480 512 684 691 697 745 753 785 878 881 897 925 936
13 46 55 135 142 145 157 197 203 206 235 250 271 296 309 343 371 411 418 440 447 455 467 480 482 504 588 596 640 642 647 662 682 708 719 751 775 778 814 818 824 853 864 872 881 912 933 934 939 943 944 945 972 980
255 335 362 413 418 442 497 554 608 613 666 699 739 790 799 821 846 877 974 995
283 409 457 600 625 812 821 891 903 954
701
31 65 113 170 247 307 346 356 416 422 486 552 556 693 726 746 793 797 821 831 867 885
68 97 737
719
5 7 33 123 163 236 258 291 351 367 401 428 459 567 593 680 734 735 873 889 953 996
7 317 619
6 49 52 91 98 107 118 170 185 192 208 215 218 249 250 260 285 309 325 332 333 344 362 372 409 422 426 471 489 501 502 527 557 564 567 568 580 585 604 612 670 681 696 711 720 740 746 765 768 779 809 857 859 922 949 991
29 187 306 324 382 409 425 504 517 586 595 687 721 735 763 843 852 893
308 399 620 877 991
104 126 154 172 186 243 323 329 407 425 525 616 634 664 689 708 766 777 787 799 819 821 841 889 909 933 944 958 980 992
170
45 217 396 444 581 842 932
111 112 240 366 387 459 487 535 537 538 553 593 610 677 704 717 726 743 762 834 905
191 227 251 434 464 512 657
133 137 288 426 567 938
14 57 71 83 163 214 278 502 531 699 779 840 849 857 976
28 207 212 273 280 401 445 552 562 570 633 709 759 800 869 880 989
137 387 411 507 606
166 429 637 850 859
83 106 140 250 453 455 489 608 634 664 687 721 796 808 817 818 823 869 927 935
76 207 261 299 537 571 686 815 939
17 73 191 195 247 287 374 400 414 441 458 493 522 634 740 749 817 829 835 840 892 894 969 987 992 995
131
39 58 99 155 354 419 453 603 707 776 871
338 578 860
24 45 133 172 353 373 471 473 572 647 807 896 979
5 34 94 215 259 269 273 282 376 469 637 660 718 743 744 839 879 900 984
8 40 48 83 84 109 129 144 145 147 164 203 207 259 272 290 310 316 332 406 415 423 444 448 483 486 517 526 555 556 560 565 569 576 585 605 609 615 622 624 636 638 645 649 655 668 676 708 714 722 743 764 806 809 831 834 844 845 850 870 881 904 906 932 940 945 959 990 993 998
1 253 268 325 440 618 855 883 946 958
31 34 81 224 327 345 350 383 413 523 578 613 618 639 664 724 764 816 824 829 840
20 79 160 173 317 387 424 446 535 544 600 672 719 835 868 887 985
16 20 37 48 60 61 74 80 83 93 112 123 128 130 131 143 145 188 194 199 218 231 256 262 263 266 286 291 293 294 299 307 359 369 376 379 380 383 385 391 402 414 419 451 458 464 472 473 479 501 506 542 565 575 599 622 636 643 654 667 677 702 711 712 723 725 751 752 753 767 770 798 814 841 852 889 899 930 936 981
31 57 118 183 246 326 334 369 507 594 596 771 788 819 861 878 933 942 952 973
31 87 99 121 127 134 173 289 331 341 423 515 569 627 648 711 753 765 809 828 830 856 889 955 962
66 168 459 588 937
148 340 394 619 634 654 690 733 788 802 819 869
58 143 297 393 534 641 704 773 779 827 832 938 982
277 800
15 123 135 137 144 147 209 247 264 269 286 316 340 391 393 395 418 421 443 469 477 498 573 578 653 654 664 678 683 733 745 795 824 872 895 910 928 952 968 973
1 27 71 101 110 135 162 177 232 238 257 259 271 272 302 318 384 386 430 434 456 492 520 537 582 584 670 680 703 713 715 739 752 754 799 810 887 904 924 939
10 123 133 259 391 562 655 787 813 837 965
22 24 71 74 114 169 231 377 409 631 664 743 748 780 782 804 888 950 956 985
401
33 37 86 128 129 163 174 201 282 291 294 352 428 507 559 570 592 603 605 650 698 729 741 757 765 875 918 949
108 219 228 246 322 323 372 416 485 573 732 792 828 837 845 865 910 932 957
1 65 71 73 307 341 350 427 463 490 496 721 745 933
106 321 630 651 794 977
350 566 958
194 358 361 885
14 22 37 38 39 51 54 72 74 80 139 155 164 166 181 185 188 217 220 245 263 341 369 375 380 384 400 409 442 443 455 480 536 547 558 577 596 604 617 623 630 642 643 648 668 672 708 719 736 746 747 749 771 780 826 833 843 866 904 918 921 950 959 987
556
32 90 95 97 123 126 157 163 164 171 181 199 222 223 239 242 244 255 262 267 273 309 311 318 336 380 385 389 395 396 408 427 454 472 477 488 497 517 523 534 536 537 550 556 572 586 607 618 628 629 633 670 674 678 680 691 692 701 713 718 719 726 729 777 783 815 822 833 841 845 848 852 871 892 927 929 940 970 983 987 993
53 54 129 139 346 436 545 569 826 861 872 903 907
3 24 26 85 109 137 155 156 167 170 178 187 220 256 264 266 311 312 314 340 351 363 376 377 379 441 479 488 492 496 507 510 512 542 551 556 569 574 592 624 649 710 715 741 754 783 808 844 858 863 872 897 919 946 947 948 971 973 981
1 5 6 65 74 92 103 108 117 118 136 155 162 171 180 212 247 272 280 324 373 380 386 427 428 452 458 466 470 482 492 544 547 549 550 561 563 568 584 616 625 628 645 675 692 742 764 766 768 790 813 822 823 867 871 874 899 957 994
113 159 659 817
22 122 123 134 218 229 232 273 285 351 364 396 482 515 555 582 592 668 697 745 819 828 839 956
720 787
7 29 35 53 54 68 86 104 116 129 133 143 149 152 172 174 207 212 223 247 291 292 293 294 304 312 331 332 403 406 418 439 443 478 483 486 498 506 530 560 566 590 607 625 636 661 665 681 699 713 723 724 741 752 753 764 766 781 798 801 806 811 815 835 839 846 854 859 860 903 919 923 932 951 958 965 983 984
136 583 634 794 963
708
2 16 22 49 210 257 310 313 350 373 402 471 482 499 526 586 597 606 657 668 696 727 739 768 867 895 925 952 957 973
109 329 469 662
13 49 187 234 257 274 345 358 431 612 633 711 717 720 729 773 811 837 856 866 903 945 968 987
22 124 409 428 998
139 178 203 220 253 414 424 467 471 480 493 556 576 670 677 735 764 804 874 964
65 83 93 108 118 121 132 146 159 161 192 207 214 224 226 233 272 285 298 325 367 378 387 446 449 460 471 482 501 509 578 597 670 693 753 779 805 811 848 857 897 959 962
7 52 87 91 200 243 312 381 446 510 592 593 677 725 795 823 899 959 975 982
16 20 77 131 204 218 235 236 308 357 384 404 416 417 423 439 441 540 554 561 595 649 675 681 682 695 700 714 722 847 865 891 903 911
133 420 738
38 84 101 322 445 450 496
8 57 80 145 151 170 214 294 322 433 470 486 490 510 511 534 639 657 686 688 694 717 944 966
727 955
22 150 157 171 186 214 217 302 329 367 369 373 380 398 409 433 434 441 478 488 500 529 565 626 702 730 733 759 836 886 911 915 917 922 925 926 941 954
562
731
434
13 74 100 189 245 258 269 282 306 313 347 355 389 399 410 428 542 553 601 696 698 787 815 825 893 915 939 945
219 399 426 429 585 658 668 716 744 855 866 947 976
38 50 64 113 257 309 333 352 382 400 460 461 465 521 717 718 729 731 766 767 779 787 819 876 900
33 38 47 50 245 279 450 456 634 637 648 673 680 687 696 732 734 741 746 786 809 821 885 897 905 998
68 71 152 155 249 298 319 320 451 476 536 658 740 783 829 918
6 39 171 353 388 437 628 638 759 843 861 875 904 993 1000
232
30 123 344 481 568 708
170 734
31 33 38 158 165 176 182 192 211 243 261 264 293 295 336 383 413 418 446 471 480 483 504 536 543 555 559 565 580 656 703 741 787 816 852 874 907 908 912 984
170 483 612
12 138 218 286 337 342 502 544 568 714 756 791 847 901 902 930
203 408 502 507
2 96 100 150 170 237 245 282 283 337 338 344 415 419 423 476 494 509 549 594 644 737 753 762 788 821 987 995 1000
66 191 292 316 434 583 682 738 774 944
133 244 433 955 959
9 27 69 87 145 147 154 159 169 185 207 243 298 303 312 344 398 425 444 445 450 460 470 488 489 503 524 553 580 585 658 697 700 725 743 749 784 821 824 832 834 870 893 914 926 965 984
29 43 86 189 284 325 481 488 610 620 668 702 722 792 821 850 874 904 953 981
63 83 94 95 101 137 142 152 173 196 209 212 228 267 338 344 359 366 376 377 378 404 421 424 428 434 435 449 462 465 467 479 488 491 494 497 504 554 563 574 593 610 616 651 682 727 735 781 786 857 872 908 925 936 942 953 970
766
20 31 109 113 120 250 289 357 389 556 565 577 628 754 765 852 951 955 977
288 625 904
9 43 54 83 143 156 190 236 263 275 337 338 429 467 520 554 585 590 637 692 711 766 783 831 877 883 911 919 951 982
4 32 126 198 252 257 275 297 302 361 444 488 493 519 525 550 557 558 602 614 621 668 725 728 762 792 811 839 863 896 914 945 960 995
2 63 64 90 165 174 210 232 305 345 510 600 605 622 678 707 733 737 761 828 838 854 858 936 947 964
39 44 67 101 322 371 379 474 623 644 649 751 926 934
204 208 222 283 342 562 565 733 738 830 914 917
158 679 692 718 767 876
202
12 38 54 63 72 105 150 204 239 247 289 313 363 380 411 417 421 424 435 446 490 492 514 523 537 542 627 650 681 692 701 711 719 760 791 797 810 819 839 870 876 901 915 942 970 972
145
174 250 371 384 503 516 770 910 938
45 71 105 115 180 202 216 227 285 304 332 369 389 390 430 449 481 490 518 523 538 615 665 696 703 737 897 944 977 999
20 354
34 55 117 122 134 149 188 259 321 359 370 377 398 399 448 490 491 504 506 516 537 553 627 633 719 739 769 797 819 838 846 847 855 906 953 959 961
59 450 750
56 86 149 221 234 254 275 308 379 553 638 728 768 774 799 819 936 960 964
40 73 83 96 126 134 165 172 307 411 432 453 465 503 506 550 577 611 616 639 649 702 714 740 783 792 802 815 840 891 893 917 964 972
27 71 76 353 369 370 433 455 477 489 545 586 734 781 795 899 936 964 972
33 121 252 574
81 133 157 402 568 580 663 700 799 903 955
67 428 588 733 752 800 845
82 97 114 188 232 482 660 692 729 875 925
29 50 72 146 180 268 283 474 503 580 637 670 682 708 751 762 798 863 869 899 932 950
91 262 292 317 343 359 453 549 632 660 720 761 781 873 916 956
2 70 82 255 317 433 447 559 719 852 997
2 17 36 58 70 89 90 121 145 147 225 279 350 352 360 363 370 383 407 433 497 498 518 519 522 523 539 543 551 571 574 593 599 618 655 662 672 706 712 714 718 747 761 762 793 798 801 808 836 874 897 900 924 960 965 969 984 989
45 274 429 487 560 991
27 55 70 79 96 118 122 142 192 195 213 242 348 386 392 407 408 413 488 541 545 581 586 591 660 721 753 764 789 893 910
3 6 31 146 151 204 209 219 227 228 241 247 256 279 286 288 335 340 408 420 422 455 472 523 524 530 565 579 583 604 618 627 650 661 675 678 681 682 687 701 709 716 747 795 818 829 884 933 941 943 955 962 987 994
305 573 667 730 971
41 48 63 65 169 342 451 458 489 526 530 555 563 657 658 678 738 743 746 774 805 884 899 916 935 956
42 83 100 157 283 300 427 455 516 560 586 756 792 863
140 216 263 273 304 437 455 481 670 704 721 768 789 904 946 958
180 210 285 369 410 504 670 736 760
100 136 140 176 185 192 230 244 308 312 400 536 610 696 736 742 966
3 12 60 65 138 146 175 191 220 221 257 259 295 341 353 367 494 520 567 610 628 671 707 713 732 761 810
730
4 5 9 33 36 39 52 56 85 88 97 106 107 119 128 143 147 150 153 167 171 184 187 188 233 242 253 269 283 294 303 309 322 333 336 338 364 368 372 409 423 430 435 437 462 475 498 503 511 516 520 533 576 583 599 602 630 642 647 663 688 711 737 739 740 749 751 756 757 758 759 781 794 796 816 845 860 874 877 885 890 891 901 991
35 219 229 435 603
25 297 329 365 616 647 946 993
114 141 194 220 431 540 608 680 819 938 940 977
7 15 113 582 865 944 955 970
1 119 346 442 572 790 836
181 203 275 290 392 393 480 534 570 624 878
17 106 148 163 199 271 280 307 412 415 548 605 743 810 904
1 19 41 121 169 192 225 265 357 363 368 381 402 415 422 425 527 551 562 611 614 653 656 725 736 752 757 774 786 831 882
812
35 56 65 100 113 163 164 174 213 224 262 271 278 293 312 332 335 361 439 440 450 455 472 529 532 581 583 655 675 681 725 744 757 800 819 821 862 872 878 896 929 930 935 936 951 961 968 986 993
206 320 443 611 827
787 838
9 61 106 566 911
47 116 124 348 475 506 550 575 585 619 884 890 899
128 207 226
23 236 443 475 645 747 953 988
31 37 40 135 144 202 343 370 420 465 478 481 490 497 518 574 590 606 691 700 740 757 802 823 908 952 966 982 983
47 49 91 125 163 174 175 179 254 260 277 285 312 320 343 349 431 432 486 510 530 547 566 669 680 725 726 739 751 757 766 813 853 860 996
30 34 115 132 148 183 185 208 226 261 270 297 302 347 351 363 374 379 401 407 412 419 435 465 502 513 552 554 607 624 635 651 653 665 668 672 687 703 769 779 785 792 807 861 907 910 914 932 947 957 959 963 998 999
298 628 667
152 428 985
321
525
764
7 47 99 115 137 200 296 354 476 534 633 687 712 797 843 993
3 5 20 27 41 52 57 61 77 111 128 135 148 153 154 168 173 180 183 191 207 214 215 250 262 266 267 273 293 298 302 349 352 412 439 477 491 493 500 506 527 532 539 545 549 575 576 586 605 619 622 668 688 715 724 728 730 739 743 745 759 789 832 841 846 850 861 866 897 900 924 933 946 953 966 976 999
79 108 139 150 163 295 312 462 546 604 610 774 827 868 960 963
18 201 707 986 997
3 20 35 52 57 82 87 124 159 167 171 189 200 233 234 275 298 339 383 445 460 465 467 468 471 473 543 562 569 573 588 605 629 656 669 684 732 734 754 776 828 831 834 910 979
54 67 129 130 180 257 258 279 315 391 417 523 527 650 717 821 843 936 953
102 112 113 405 735 905
308 391 449 621 667 746 764 826 833 872 897
32 57 76 78 102 162 170 172 204 218 237 253 263 293 300 314 326 335 370 379 389 391 395 405 414 415 453 458 462 485 509 511 520 537 538 539 552 564 570 573 576 597 621 640 691 693 704 714 715 742 773 775 802 813 821 827 862 866 882 886 887 889 893 903 941 944 954 1000
86 93 207 238 239 255 294 334 400 443 468 511 581 640 717 753 767 874 902 916 930 959 980
61 141
65 96 104 225 417 471 584 610 623 667 752 789 954
431 507 509
11 212 385 393 467 533 672 825 902 973
15 92 96 174 341 436 452 465 553 554 570 679 708 798 812 915 918
6 28 79 117 129 160 163 193 210 307 334 347 387 402 477 502 516 548 561 574 632 633 641 653 664 710 725 825 830 854 865 883 902 913 915 949 984
160 217 463 571 844
41 47 100 142 253 255 259 316 323 348 390 406 448 544 571 573 579 580 605 632 665 702 769 820 840 866 995
28 81 92 745
25 31 78 367 428 435 475 520 654 660 769 880
6 59 64 81 220 294 346 433 469 488 584 591 695 792 825 848 853 855 932 979
172 268 850 866 889
6 35 39 95 115 160 211 354 427 438 553 599 634 703 923
6 26 27 83 108 206 216 239 251 305 313 320 325 396 404 410 431 434 486 491 509 515 584 599 626 639 663 688 692 715 726 743 757 856 898 917 933 941 956 962
14 31 32 70 78 150 171 203 270 278 313 324 339 353 354 363 381 412 422 475 487 526 542 633 648 674 704 705 732 757 763 795 813 847 855 911 939
214 223 328 427 501 763 809 880 968
208 235 679 713 743 871
977
37 495 855 938
324
111 134 146 179 192 216 232 337 341 358 448 495 546 589 641 677 705 722 797 798 819 906 966
21 30 66 164 371 396 434 597 635 659 663 774 816
11 138 144 218 223 234 265 307 319 399 412 462 490 501 505 515 519 523 555 567 593 597 599 658 706 821 846 905 907 918
1 16 20 34 46 49 50 65 73 92 109 126 127 134 146 161 164 172 185 218 222 224 237 247 248 258 295 296 302 303 305 311 323 325 355 362 377 379 388 401 403 439 440 444 445 454 467 494 498 517 520 535 541 544 555 571 572 585 609 610 615 632 640 659 689 697 715 725 744 749 754 755 758 765 775 778 779 781 785 786 795 800 805 813 829 839 856 861 872 874 876 928 930 943 950 954 965 977 981 984 989 993
627
66 137 290 293 304 505 532 754 763 803 877
73 128 218 298 309 328 438 446 543 630 760 809 900 932
194 314 423 452 498 648 683 710 807
125 224
60 76 207 216 231 232 247 321 323 540 542 569 573 611 632 836 920 932 952 961 980 987
2 3 41 57 68 76 82 126 150 269 329 339 438 452 494 513 528 549 572 576 606 621 630 632 652 688 725 736 869 959
918 996
108 115 470 648 840 894 925 946
10 29 72 74 94 114 117 152 174 194 224 234 257 304 312 335 428 431 468 503 574 577 585 592 597 613 653 655 672 679 700 771 799 809 854 860 862 881 884 886 888 961
2 50 68 76 100 116 130 147 157 174 194 207 224 240 245 274 283 316 325 343 359 362 378 416 434 437 454 461 467 482 501 510 517 533 534 547 567 569 591 594 609 613 644 699 723 727 735 759 800 810 834 856 870 873 876 893 897 900 928 940 946 966 978 982 986 991
1 50 78 121 155 284 287 342 449 450 515 520 539 640 647 658 729 735 740 816 849 856 878 937 951 954
2 4 31 50 69 81 90 100 103 119 126 194 200 227 232 238 239 262 264 285 294 306 356 387 394 395 431 470 511 534 544 558 559 565 609 610 622 640 643 683 721 750 829 849 858 894 895 908 920 995
328 382 389 447 493 660 922 949
149 318 320 411 417 451 491 685 733 740 785 806 815 832 841 842 895 930 955 984
40 56 84 86 99 104 105 127 153 173 188 194 208 249 262 277 353 423 454 464 468 478 503 513 516 520 521 528 539 546 579 602 607 614 636 673 742 809 840 851 912 944 957 969 989 998
636 833
127 141 179 213 245 258 297 298 306 313 372 373 388 412 525 544 617 657 669 700 747 851 866 888 908 909 958 969 971
138
37 40 82 92 125 193 199 219 331 333 373 376 447 463 548 579 615 713 772 787 844 872 878 899 921 974
39 40 42 49 56 78 84 99 119 125 154 161 164 177 182 183 188 200 201 209 211 224 232 237 245 254 266 267 271 280 282 292 301 305 319 335 336 363 368 375 383 393 417 425 439 442 443 448 455 466 484 500 518 554 572 574 580 583 587 597 621 629 637 648 649 667 670 683 699 709 719 721 738 743 778 787 790 795 801 802 820 829 866 876 877 879 893 897 912 915 929 941 952 969 983
192 201
456 839 914
246 672 695 770 886 964
587 690
3 74 151 327 514 582 726 772
128 274 404 731 853
38 106 144 287 320 613 673 682 801 817 873 965 985
16 41 211 266 279 283 293 331 349 360 391 401 409 483 485 489 501 503 505 523 581 624 632 757 760 791 839 870 948 962 981
59 96 127 147 153 159 176 193 201 208 210 251 267 279 291 303 317 368 372 461 471 503 509 537 550 568 570 576 596 624 643 653 705 710 722 735 754 795 870 927 956 967 972 977 987 994
140 144 430 558 700 999
91 123 135 150 216 242 267 299 347 375 402 596 597 605 645 674 780 806 834 838 850 859 960
116 322 484 669 741 772 780
29 65 98 131 145 178 351 355 359 425 456 466 479 670 677 685 742 810 854 943
3 27 112 150 167 206 212 325 402 404 425 472 573 589 666 759 813 848 946 992
4 18 87 215 229 242 249 322 402 429 554 601 606 616 646 654 699 706 716 762 989
67
332 494 497 625 665 671 721
4 11 19 60 96 99 105 108 111 139 230 257 258 310 348 381 383 396 409 437 458 467 481 519 530 535 562 580 618 665 677 679 680 705 733 753 762 774 816 861 867 888 889 900 904 907 920 925 926 947 968 995
3 157 212 294 515 769 895 949 965
14 32 95 378 435 786 939
5 12 14 62 64 116 125 173 204 235 273 302 321 451 470 491 499 508 515 525 607 617 680 682 698 704 729 733 741 825 849 983 1000
449
139 177 184 191 280 309 335 636 801 875 981 1000
290 348 361 694 768
65 85 92 134 227 270 294 299 300 314 404 462 532 724 731 802 860
19 43 55 111 151 161 167 218 219 245 246 259 326 331 336 338 344 354 374 384 387 389 403 427 431 447 475 481 489 534 538 628 668 699 710 728 747 757 768 772 810 833 850 857 865 874 902 905 967
76 216 266 297 419 626 686 954 975
7 171 244 272 298 477 611 668 783 830 909 949
31 56 117 140 150 230 268 354 376 399 505 512 608 686 705 710 745 753 759 808 847 855 944
346 910 973
23 352 430 596 748 860 894 899 936 939 947
13 35 43 107 123 131 197 241 260 315 322 367 395 491 511 548 591 598 625 699 725 817 825 829 849 924
69 147 228 266 307 368 406 421 476 727 777 820 872 990
7 10 132 157 368 470 526 652 656 664 991 995
329 412 545 617 624 872
30 152 224 488 619 793 990
325 471
11 49 61 148 281 435 647 702 816 947 957
186 293 347 382 453 459 504 694 870 897
46 75 185 318 336 375 402 508 617 647 664 936 975
1 47 63 125 150 191 283 302 441 443 504 511 567 577 601 727 809 826
343
88 186 232 271 414 423 545 603 692 714 734 809
188 363 382 593 691 697 721 824 890 927 961
20 36 46 49 63 88 210 300 309 399 412 420 423 439 444 463 476 489 493 505 521 534 535 539 543 560 567 569 577 639 661 704 722 763 806 829 849 876 902 924 961 986 995 996
151 171 320 411 482 506 589 699 936
28 47 99 111 221 224 226 264 271 299 306 327 338 393 405 433 436 452 460 479 539 542 555 603 620 621 636 676 684 705 723 741 810 843 872 888 893 911 945 958 986 988
47 106 201 209 215 451 470 474 535 550 581 650 685 849
190 671 992
29 108 110 125 188 261 296 340 366 385 417 445 467 535 543 683 687 800 804 815 838 900 936 978 992 997
44 51 62 66 76 78 103 109 112 126 136 149 160 205 224 233 241 265 299 309 355 368 415 454 497 501 523 531 536 539 556 562 566 570 577 592 601 657 666 672 674 729 740 743 754 757 784 808 826 861 867 875 906 951 957 982 987
250 438 500 703
342
987
6 7 25 117 120 180 181 202 223 227 228 233 238 242 278 298 321 336 364 373 387 429 439 471 481 546 562 581 588 598 603 658 707 780 786 801 823 855 857 869 896 906 922 930 995
51 136 162 163 198 323 373 480 672 681 736 844 899 980
66 72 119 131 158 190 226 266 309 360 372 421 431 436 440 495 623 641 664 702 726 782 793 802 823 884 938 962 963 966 967 973 974 996
26 46 56 112 120 126 195 205 218 303 331 335 397 415 433 464 474 597 613 633 661 667 783 828 854 885 892 914 924 926 967
61 142 224 359 462 688 718 859 915
34
189 213 276 333
13 69 178 220 237 261 265 274 303 304 332 333 334 377 390 494 504 625 628 645 650 831 923 941 957
54 80 367 381 449 460 476 491 604 609 635 651 724 735 751 777 800 820 839 918 928 951 966 980
30 157 396 403 414 975 990
4 27 39 69 72 211 227 543 616 726 812 851 859 941 989
97 311 372 385 395 526 656 740 828 855 905 990
16 38 39 41 56 69 114 116 118 122 181 185 190 210 225 227 241 242 250 254 260 319 348 357 380 385 386 396 397 419 432 433 434 440 457 533 557 570 578 617 638 652 662 702 714 721 738 741 758 768 772 782 787 803 810 838 843 847 859 894 919 922 940 947 957 967 978
3 101 150 179 228 288 347 360 565 588 621 959 960
630
692
199 203 553 639 684 752 975
4 6 9 26 27 29 36 43 66 81 109 134 141 152 153 179 200 227 235 241 259 267 293 296 314 330 346 367 394 409 418 427 433 449 453 459 461 465 490 495 497 506 518 540 543 608 612 633 646 679 688 690 700 719 726 745 756 759 764 771 779 797 801 802 810 820 855 864 870 900 918 958 991 998
358 466 625
56 71 96 103 107 126 176 225 251 298 325 339 407 410 433 492 526 591 619 644 771 823 932 933
44 257 464 682 732
27 139 288 347 656
59 207 227 353 522 635 980
299 503 900 979
19 27 76 88 118 140 182 209 230 264 282 296 318 339 373 395 426 443 445 463 477 483 572 590 596 601 605 608 634 653 670 738 833 842 860 936 948 975
171 177 218 349 428 770 805 837 961
35 37 81 117 160 171 216 224 234 245 275 280 291 303 333 359 380 414 483 515 563 667 670 688 719 771 794 808 858 864 924 956 965 973 984
43 82 99 119 135 146 177 181 187 282 300 332 392 407 452 458 512 513 532 605 626 627 656 709 747 754 760 798 841 842 862 900 910 922 933 951 961 992
84 97 102 289 380 454 501 523 585 768 860
172 213 219 281 355 440 469 509 585 599 636 649 877 955
531
27 77 80 103 115 130 134 139 180 204 402 438 451 466 472 514 525 544 616 683 712 747 749 777 794 807 829 851 859 868 896 902 913 919 936 954
8 12 46 71 123 163 183 189 238 240 242 277 301 321 323 325 335 338 344 351 374 376 380 382 410 430 449 458 553 650 654 655 657 683 697 720 735 740 789 806 878 904 907 946 961 973 980
374 488
68 75 108 199 330 380 487 513 606 671 817 889
99 189 191 389 399 453 513 528 529 566 674 698 712 718 756 758 765 833 853 898 934 940 951 976 977
6 18 46 117 120 198 296 368 385 422 483 505 513 533 558 567 575 591 618 623 651 652 684 686 731 737 750 803 836 865 899 904 944 988
211 430 638 693 736 758 762 881 917
26 57 98 137 141 218 223 255 276 341 378 460 497 581 605 670 683 713 714 775 778 785 803 851 855 870 879 919 958 964 993
18 101 102 249 333 451 514 763 922
45 63 106 133 142 166 202 213 469 518 670 796 816 838 899 917 932
125 334 365 444 534 692 850
38 157 205 223 267 433 604 766 820 915
1 27 86 93 198 199 282 306 347 368 390 412 427 447 450 463 487 541 542 550 568 579 583 628 643 646 702 726 728 757 767 780 819 834 954 980 985
108 282 311 993
5 18 39 59 66 104 116 119 128 143 145 148 149 190 244 257 281 318 333 339 350 366 373 395 396 399 419 443 455 461 476 481 486 495 501 507 509 530 546 550 552 591 602 612 622 624 639 653 657 687 688 691 692 702 705 714 715 723 739 755 764 778 788 804 807 814 815 818 821 870 879 894 900 948 971 976 985 988 993
70
483
48 151 194 218 233 514 524 536 553 572 580 589 594 644 661 845 946 996
252
191
39 136 549 621 779
64 80 109 141 196 212 294 338 344 381 541 579 605 650 657 669 720 742 816 844 967 978
24 37 50 81 131 154 183 211 229 290 314 347 414 442 449 460 547 569 608 660 674 742 774 801 832 846 861 930
121 254 499 788 991
8 73 78 89 190 197 201 352 361 367 368 375 421 439 458 515 532 594 670 696 762 774 880
32 66 125 223 224 269 285 350 361 538 544 558 711 822 853
24 137 257 265 322 450 489 517 668 678 734 740 772 784 807 938 944 987 998
8 22 61 123 144 159 179 203 236 254 264 466 568 577 602 612 716 750 825 899 905 937 966
8 27 65 221 226 257 290 392 439 454 460 462 490 518 543 598 618 661 728 765 782 797 824 859 912 925
545 773 840
49 53 82 124 166 192 220 272 289 327 352 357 379 411 440 525 528 543 576 609 611 666 693 699 717 751 842 933
131 133 140 210 286 331 374 410 482 494 496 505 538 610 693 726 759 830 869 875 881 939 974
429 753 914
90 107 178 215 308 401 402 438 449 514 520 655 725 804 809 828 849 891 918 943 970 993
68 73 77 124 209 224 226 260 348 422 425 443 528 569 609 682 804 811 821 829 873 896 905 951
80 92 223 277 301 394 418 424 514 559 594 602 637 778 861 869 900
64 178 614 838 928 981
23 46 52 80 92 101 185 228 244 250 281 289 306 315 334 341 373 381 393 417 426 427 451 473 475 500 516 547 549 573 575 589 592 601 610 613 614 621 626 651 659 660 687 752 759 767 783 792 806 833 836 840 841 846 860 863 881 955 959 969 990 995
17 34 236 261 318 563 916 981
107 470 881
877
8 13 15 19 29 40 45 48 50 52 53 68 72 82 99 105 116 139 144 152 168 176 178 185 186 189 199 201 204 209 221 223 237 244 245 256 257 273 275 278 286 288 289 297 328 336 337 344 369 371 381 406 409 410 415 423 440 448 456 473 474 480 523 527 548 557 565 568 571 577 590 591 593 605 606 628 630 634 649 697 700 704 714 717 720 747 752 754 777 780 790 794 799 805 812 823 832 843 849 851 863 872 873 887 898 907 908 909 911 915 917 930 931 932 935 963 967 978 993
35 42 57 73 102 110 173 184 201 214 276 287 299 370 380 419 469 492 501 529 550 560 565 582 596 599 606 661 700 737 747 774 784 788 813 820 857 870 901 902 993
26 28 32 71 72 75 105 129 136 150 171 180 191 201 233 235 246 274 300 319 330 345 362 366 371 464 486 494 495 507 598 601 606 622 638 654 693 717 739 740 742 747 785 800 802 814 828 838 887 895 930 935 984 996
20 198 263 290 313 343 477 483 601 709 736 821 997
157 332 370 398 404 610 768
3 6 21 71 140 198 286 380 408 421 475 516 526 572 614 716 785 818 850 886 969 1000
30 107 124 159 172 300 355 362 445 452 461 490 527 576 577 590 632 676 687 698 791 837 847 861 888 890 929 953 957
150 183 200 246 349 474 524 625 716 774 782 802 805 953 994 999
30 32 41 42 48 71 101 102 107 176 197 248 264 306 311 327 328 335 418 465 467 479 485 490 499 591 617 630 651 666 669 678 684 718 726 733 750 760 763 765 785 789 808 826 841 905 909 912 934 953 984
5 44 161 224 367 377 628 714 922 975 993
127 232 235 243 273 302 304 426 498 510 556 597 612 672 715 754 760 798 875 896 899
22 64 129 145 175 190 209 212 238 269 285 315 347 407 470 471 531 542 543 559 579 592 638 643 719 855 860 871 884 915 948 964 984
45 49 50 79 86 105 137 211 260 302 304 335 345 413 447 522 551 572 646 667 703 755 763 771 815 818 837 864 882 901 920 985 998 999
14 29 89 124 143 191 208 319 341 412 483 528 536 663 845 950 958 997
44 47 219 274 465 600 843 883
229
1 7 15 21 32 48 49 53 55 70 74 80 84 89 92 94 107 111 115 119 120 128 132 140 147 159 164 166 167 184 189 194 200 204 209 211 213 216 230 232 235 241 244 245 246 250 251 256 261 271 272 280 288 298 307 308 309 310 317 323 343 352 357 363 377 381 389 408 416 424 427 435 448 450 452 457 461 467 472 477 490 496 509 510 512 528 537 552 567 568 572 578 581 583 590 608 616 617 623 624 653 655 656 663 667 671 687 700 703 707 715 720 731 754 759 764 782 788 791 792 793 794 795 796 807 813 815 829 833 839 841 854 861 865 866 876 884 885 887 888 892 896 897 912 920 927 928 934 936 954 960 963 974 975 977 981 996
43 190 483 593 796 815 852
386
10 15 106 109 113 158 233 242 256 280 380 385 399 410 455 470 480 578 593 596 656 695 716 738 793 807 809 817 876 884 915 919 933
39 51 93 98 120 174 187 195 220 291 333 420 434 439 502 638 668 722 725 744 754 894 933
11 42 89 100 125 167 207 208 227 253 265 382 492 526 691 786 819 864 881 908 918 940
166 338 673 693 875 990
60 156 173 203 211 259 309 542 699 827 878 952
115 171 227 240 432 452 493 690 727 810 997
19 53 130 176 662 757 758 812 919
106 216 239 388 406 514 624 707 758 760 953 988
66 105 185 217 237 262 369 773 988 990
35 115 117 171 248 260 370 617 648 794
32 33 35 41 60 81 83 96 181 191 211 230 268 289 306 313 315 323 327 351 369 384 397 424 425 432 455 498 506 575 586 602 606 616 666 669 674 703 710 736 757 763 764 774 784 869 894 897 911 944 972 990
31 51 63 108 154 166 185 199 301 317 328 338 348 376 391 553 569 625 634 640 658 671 695 706 735 745 776 820 842 904 932 933 994
25 32 46 81 125 152 165 177 208 228 232 250 256 284 288 292 312 323 332 350 356 387 391 410 430 447 454 460 493 498 539 548 557 561 562 580 615 621 623 635 652 661 666 672 687 709 721 740 747 790 802 805 806 808 816 833 847 859 881 888 896 899 920 929 950 999
470 971
10 14 79 121 179 261 289 398 445 877
38 83 111 147 151 198 212 240 472 516 522 681 866
62 133 153 195 222 252 258 268 278 303 329 367 382 450 476 497 500 550 555 557 564 565 610 627 673 691 695 719 744 857 873 888 894 975
62 67 75 92 125 140 201 203 283 300 392 409 428 436 464 466 512 526 545 567 659 660 661 681 693 773 789 794 819 854 869 921 922 951 974 997
12 121 154 166 176 184 193 195 196 205 208 247 252 256 284 295 311 313 331 333 363 382 387 395 420 428 441 474 481 517 521 526 533 544 578 599 606 622 640 675 679 689 728 817 823 824 831 834 840 865 901 923 925 928 943 958 989
33 91 110 143 170 180 205 246 266 282 289 308 344 456 463 469 484 515 540 550 554 559 627 646 655 659 669 679 715 721 738 744 774 777 780 794 819 838 853 889 895 943 952 981 988 997
28 88 110 158 205 353 375 376 470 501 554 619 650 694 748 825
2 52 81 83 107 152 186 195 238 281 327 349 358 368 382 397 402 424 451 452 495 508 538 543 566 585 601 627 748 757 759 772 774 781 796 822 843 908 912 942 953 963 968
356
16 176 428 624
90 336 353 783 941
125 196 289 339 348 412 444 609 773 798 808 920 921
424
28 207 210 228 408 422 589 791 923
36
184 200 224 358 480 484 594 622 651 706 866 927 940
9 42 64 125 193 225 254 260 303 382 393 432 469 471 475 517 520 553 562 585 611 614 616 641 655 661 692 757 818 823 860 866 893 905 946 971
3 38 45 52 94 139 158 182 250 261 296 306 375 500 530 545 562 572 581 644 679 680 703 789 834 843 871 887 945
3 31 72 87 90 91 127 153 176 184 203 250 255 264 282 308 340 359 416 433 435 452 459 480 536 541 549 553 557 565 576 617 619 649 672 681 683 737 771 780 795 802 817 826 865 869 871 905 922 958 967 972
2 9 11 14 16 27 66 91 99 114 119 150 151 159 189 221 247 269 281 299 303 307 317 323 333 337 356 367 380 393 400 430 455 458 460 469 486 508 527 529 544 549 555 570 574 575 613 615 639 645 681 696 697 708 711 712 714 715 720 721 727 779 785 789 804 824 836 838 849 864 875 888 899 915 919 922 931 942 958 961 964 965
122 298 320 335 342 353 421 462 520 532 563 624 641 815 919
59 87 110 125 185 275 304 330 416 418 419 440 444 560 667 703 708 735 779 794 802 860 876 891 930 976 998
13 39 44 69 97 209 215 243 276 281 282 358 465 466 469 470 509 514 523 564 584 587 608 647 673 676 679 705 768 776 804 847 914 944 946 960 975 978 979 999
6 24 25 55 74 88 123 137 162 175 211 217 231 236 238 262 272 294 307 311 315 318 324 326 329 337 347 351 387 398 410 505 522 529 546 547 561 585 587 593 599 600 622 630 660 679 690 709 752 756 774 784 789 796 815 828 839 872 883 884 895 902 916 927 935 938 952 961 987
352
124 151 190 202 251 369 389 475 568 619 649 667 669 756 773 782 812 818 904 913 929 970 978
64 130 152 197 204 212 246 285 304 338 359 373 385 445 493 500 514 572 629 681 699 747 777 797 836 850 858 886
17 19 29 43 45 55 62 68 107 110 146 163 178 179 180 182 183 184 204 207 218 220 231 246 266 272 279 284 287 290 294 295 298 309 311 315 323 326 327 335 340 348 354 369 370 376 386 398 412 415 430 446 455 470 482 508 517 518 527 536 548 555 557 586 612 625 626 662 668 701 724 742 743 746 749 756 765 770 779 792 807 818 820 829 833 835 854 857 872 882 885 887 903 921 927 932 936 959 971 981 982 988 998
23 46 57 125 193 203 213 242 256 273 290 392 412 416 422 430 477 488 527 545 549 551 566 612 621 635 663 689 693 708 717 763 771 772 826 907 908 911 932 944 959 976
72 100 210 286 291 316 565 582 622 759 886 935
25 44 138 144 147 168 240 316 321 324 341 371 378 380 494 531 550 622 654 674 743 745 789 894 948 976
9 10 24 55 77 156 183 202 212 276 320 325 329 331 336 374 437 497 511 544 575 591 692 693 719 738 779 815 833 843
590 868
70 84 88 135 142 143 163 166 184 201 208 237 240 248 304 332 342 358 376 391 412 489 539 578 597 615 620 708 712 716 717 722 731 735 806 828 855 859 871 898 904 913 917 919 978 983
31 108 244 304 364 415 572 583 600 625 670 761 890 916 940
4 18 22 34 41 51 83 88 93 111 159 179 197 199 205 269 274 276 281 293 297 317 339 354 368 376 382 384 407 429 431 443 451 452 465 491 492 498 507 517 520 535 561 578 603 630 640 655 659 689 695 696 717 730 743 750 773 777 781 813 827 842 860 889 912 938 949 956
83 87 110 160 167 200 206 560 565 584 627 686 720 884 896
1 9 27 32 85 113 141 187 215 221 237 289 309 321 324 329 363 367 392 405 414 415 433 451 457 460 463 465 471 472 484 507 510 517 537 554 556 565 575 597 634 659 663 669 683 711 745 760 807 835 836 890 894 899 903 904 915 928 954 969 982 983
36 152 200 278 394 712 787 820 880 990
67 80 86 99 147 221 236 315 318 441 558 620 703 757 831 861 880 903
412 683 732 840
456 553 623
147 179 182 387 459 478 518 565 577 659 772 816 867 907 949
37 44 445 589 683 764
102 127 380 468 469 489 630 652 742 743 817 969
38 40 83 94 128 143 151 208 213 233 261 265 284 330 358 376 401 430 439 442 448 469 479 510 554 561 583 598 637 647 695 706 727 734 742 781 857 859 893 898 916 937 952 959 974 975 987
23 71 72 266 272 299 377 500 603 906
43 48 49 55 63 64 84 114 130 133 137 140 160 162 169 217 226 232 234 236 262 265 268 270 271 277 288 292 301 303 310 318 319 326 340 356 385 392 393 402 440 450 454 458 459 481 502 505 509 523 524 536 558 559 562 583 589 592 604 625 626 689 693 696 700 742 753 771 773 782 812 832 878 883 899 901 902 906 914 923 925 931 956 984
73 295 361 416 465 515 585 631 821 826 832 886 934
70 86 251 275 298 317 346 404 587 609 708 752 816
384 641 694 696
279 424 431 533 549 814 916 997
26 136 499
262 665
12 48 122 185 219 249 331 394 496 582 593 604 696 741 744 750 753 902
116 552
12 16 35 109 139 159 178 242 275 276 283 298 304 316 328 332 384 387 406 476 495 512 528 535 541 548 558 572 600 646 664 723 725 734 750 755 793 825 851 873 887 890 892 915 925 934 947 961 967
293 306 652 842 979
165 407
19 45 141 158 170 171 220 315 332 404 407 456 461 524 528 570 571 573 645 654 684 731 778 804 946 983 999 1000
901 964
143 149 188 255 314 435 441 694 708 913
48 49 54 89 105 132 133 141 158 165 168 170 176 219 239 282 313 314 327 331 363 364 375 441 501 519 589 591 609 615 616 630 653 680 796 800 843 867 890 922 925 987 989 994
28 40 53 57 73 93 141 143 161 170 172 178 190 194 222 227 259 275 317 355 390 391 393 413 451 452 453 496 498 504 506 516 517 536 562 569 571 574 589 613 621 630 634 640 646 661 673 679 698 700 725 737 785 807 816 818 827 837 842 843 845 856 869 877 882 931 933 947 950 966 970
19 26 34 37 60 74 77 116 129 150 165 197 202 212 217 223 239 246 269 270 284 300 307 314 320 324 325 354 370 374 399 409 418 428 446 486 510 533 537 545 550 591 618 643 645 648 660 665 705 708 736 737 750 758 762 799 894 895 1000
51 77 106 120 167 369 421 432 496 527 611 762 773 778 818 833 933 985 991
18 137 153 158 167 172 181 200 203 231 234 245 248 272 351 370 419 464 483 485 555 593 661 666 673 709 722 739 780 830 887 932 953 989
31 509 635 805
71 94 102 278 322 608 711 907 916 929 989
150 325 359 386 444 472 580 693 789 812 852
1 8 49 116 266 331 349 360 399 687 740 785 805 913 936 954 976
454 540 698 795 829
2 5 40 48 96 134 143 149 157 173 195 199 200 222 228 260 282 286 306 311 320 321 333 344 361 376 455 476 478 480 485 496 499 550 573 594 611 623 625 722 730 734 745 756 763 769 774 778 819 842 848 855 864 873 879 885 889 924 947 953 968 981 986 990
3 101 117 147 180 187 219 221 242 271 295 309 313 327 348 352 353 428 454 531 536 591 595 602 612 623 698 802 822 840 860 884 885 898 904 968 973 993
1 6 9 29 39 45 46 49 53 96 113 116 123 130 149 150 160 168 183 213 218 290 292 294 298 313 331 333 352 359 378 413 418 424 425 432 435 437 453 463 502 519 520 537 548 559 569 577 578 581 586 596 600 624 669 689 705 803 809 814 820 843 854 859 903 910 916 924 956 966 969 997
36 63 232 245 316 393 500 582 984
88 93 210 212 247 278 323 437 583 606 656 661 811 890
78 104 151 225 371 395 818 867
124 235 331 413 573 610 715 792 998
165 695
134 319 355 454 522 587 852 943 978 980
92 119 148 206 207 223 273 354 445 474 532 535 544 562 612 709 771 933 971
5 20 22 58 64 167 272 290 296 372 436 461 480 531 619 682 683 700 714 721 750 760 835 857 889 905
149 322 777
31 130 266 473 492 530 589 789 868 923 987
20 82 310 360 535 775 794 878
7 23 97 147 164 183 184 209 214 218 223 228 242 259 316 350 391 392 418 520 522 616 660 671 779 796 835 856 865 941 956 957 960 977
44 219 270 345 514 557 687 706 915 992
17 23 39 106 143 165 178 182 198 237 240 249 278 283 308 343 408 428 439 550 552 604 624 635 639 651 654 660 667 669 723 744 759 761 805 833 840 900 902 978 986 995
72 107 111 116 135 170 201 229 238 286 344 404 410 521 556 578 595 598 643 668 707 724 760 792 927
643
32 863 865
340 824
168 230 238 260 292 389 449 483 494 553
665 836 987
37 45 113 118 169 205 242 337 410 791 816 865 884 895 907 964
51 100 188 511 524 563 575 659 750 764 831 866 890 937 978
356 365 501 586 852
10 28 38 39 68 69 90 99 112 122 124 136 139 153 154 158 159 201 204 209 219 257 258 259 260 269 282 287 296 302 326 329 333 353 361 368 369 375 402 425 439 440 459 486 491 498 531 571 618 627 629 638 672 691 700 729 738 747 757 772 799 832 839 842 847 854 855 864 868 878 895 935 943 947 952 959 963 972 983 988 996
18 23 102 118 179 212 221 249 263 286 501 524 533 677 709 716 737 785 850 865 876 899 967
50 89 107 116 125 149 172 189 225 234 247 257 283 287 296 298 301 315 323 349 365 407 409 436 474 489 506 535 546 548 560 577 583 682 702 711 724 748 763 773 800 820 831 839 853 864 866 870 878 893 899 900 901 963 984 995
161 195 319 516 560 799 823
104 482 636 810 922
600
501 672
21 45 100 125 299 333 415 454 508 521 542 693 777 780 791 811 851 891 907 964
14 52 120 145 170 171 186 189 252 274 302 317 365 432 519 543 608 611 612 613 697 705 722 768 876 928 975
71
167 262 413 996
293 421 490 606 730 811 897
229 565 858
43 79 134 153 163 175 221 267 304 307 309 337 344 384 398 459 478 499 505 523 567 572 580 586 653 716 736 854 904
269 788
88 132 298 346 359 369 445 451 476 505 535 739 762 788 817 835 872 921 947
112 207 212 236 329 350 403 502 594 620 648 668 714 825 892 914 989
12 23 55 63 75 84 179 187 201 266 271 284 326 334 341 379 401 419 474 501 511 540 549 561 615 662 665 682 706 716 768 769 779 826 881 916 928 969 975 983
102
34 724
4 12 77 108 113 128 134 166 183 251 284 322 350 369 381 385 399 407 412 478 484 557 571 616 627 631 636 640 645 669 689 708 750 776 839 844 872 878 893 897 906 910 956 964 973 980 993
33 65 83 169 186 198 216 224 229 235 236 243 244 249 261 271 281 289 302 304 323 341 352 390 430 447 452 455 462 505 513 523 526 529 545 560 567 591 595 603 604 610 628 661 679 702 703 706 722 749 751 777 789 810 824 829 857 873 899 904 905 982 991
4 80 89 91 322 349 363 437 469 484 517 580 588 608 609 634 637 648 672 676 713 729 733 747 770 796 820 835 841 842 880 881 922 928 939 949 950 962 981 984 991 994 997
45 57 113 116 146 151 152 161 221 227 275 277 305 323 341 354 359 376 389 430 447 451 462 476 485 496 538 540 557 560 566 580 590 600 614 624 651 666 684 695 701 707 711 744 748 749 751 775 789 796 845 846 913 921 931 936 965 983
83 360 532 668 880 894
102 194 740 765 833
17 55 92 142 191 276 282 294 306 325 352 372 415 446 491 535 553 564 565 589 600 677 679 685 864 951 976 986
11 45 113 115 118 200 230 294 358 392 396 538 591 609 620 635 761 776 987 997
42 61 126 141 142 143 154 179 189 191 197 228 246 272 273 277 278 301 332 357 397 417 540 588 625 656 673 688 695 696 712 718 726 731 750 809 813 816 818 862 875 877 884 887 914 916 921 949 955 996
7 15 27 44 71 74 152 162 164 203 245 292 323 440 476 528 538 553 577 594 606 614 686 719 758 777 810 851 901 920 950
163 248 415 456 690 878
63 117 165 320 337 428 484 499 547 613 695 754 770 831 871
31 51 104 108 109 149 324 382 534 601 637 730 765 790 799 835 889 971 992
39 46 53 57 83 105 123 125 133 141 156 160 182 194 195 201 206 208 211 225 267 276 285 297 299 303 306 313 318 326 329 352 356 359 362 366 368 370 390 394 416 459 463 482 487 492 495 514 530 531 536 563 565 568 579 593 598 613 615 623 626 630 631 635 637 659 695 705 706 725 728 758 762 765 794 796 801 807 809 827 829 834 852 853 857 858 860 865 880 887 919 921 952 983 984
19 44 85 144 396 445 656 670 725 802 912
47 77 83 85 98 119 134 181 205 211 224 226 228 303 340 343 351 356 359 368 372 379 390 391 399 442 446 490 494 518 523 553 590 703 730 744 747 748 756 801 813 816 848 853 859 870 881 898 924 939 944 957 995
22 45 82 128 134 271 324 423 431 501 531 538 592 645 691 768 785 828 884 915 919 934 960
29 45 57 65 73 78 93 94 101 108 119 122 133 140 147 155 157 161 174 175 185 191 197 198 202 221 228 236 242 249 250 263 266 267 273 276 298 301 306 317 319 324 331 352 355 360 369 376 390 402 415 428 432 434 449 451 466 491 501 506 529 538 544 548 549 553 565 568 571 584 594 599 606 621 638 641 648 658 674 680 681 684 688 696 705 707 711 714 720 741 742 758 768 769 782 787 796 813 817 820 842 845 850 851 859 873 886 891 895 897 913 935 947 952 973 980 982 986 995 997
2 41 49 63 69 80 131 137 151 188 263 283 362 384 394 411 428 448 454 470 474 479 499 510 519 552 577 591 624 659 688 703 712 726 732 784 819 830 874 886 896 915 943 965 1000
14 55 91 97 127 146 172 182 198 207 210 216 237 239 251 269 270 275 282 292 345 375 377 378 438 512 563 598 613 620 663 734 759 765 795 803 815 870 877 890 942 953 957 972 977 984
16 40 56 65 74 123 155 179 297 309 336 342 401 618 622 629 645 841 877 899 936 943 953 986 993
213 936 939
46 47 59 97 111 193 201 300 333 337 353 356 367 389 391 415 427 428 438 445 472 475 522 535 562 638 673 681 695 765 781 810 829 832 853 935 954 956 959 964 974
46 165 166 188 201 212 378 391 828 942
89 101 106 286 295 315 376 393 409 429 483 488 508 569 570 602 707 767 802 823 844 937 954 975
46 72 168 210 211 221 311 482 668 732 804 931 974
4 17 25 30 31 52 60 64 80 132 139 174 177 187 196 203 204 208 220 221 242 281 282 294 332 352 359 395 471 493 494 499 543 552 562 573 575 625 664 678 681 684 744 774 778 788 789 808 818 822 840 863 878 892 903 904 912 985
320
164 180 188 338 376 755 765 826 845
14 176 961
55 132 159 185 218 219 233 248 287 299 303 315 345 349 355 396 460 492 533 555 558 616 623 649 659 799 824 889 925 937
46 243 562 868 909
36 74 202 374 381 382 392 408 424 480 494 535 553 568 675 779 825 888 895 927 937 955 956 991 996
985
19 24 48 67 171 189 191 228 319 354 365 460 530 533 541 562 564 592 607 611 619 626 678 716 721 766 792 799 802 839 848 904 914 923 925 942 959 963
51 334 364 411 520 878 911 912 938
743
73 141 514 517 615 655 694 962
23 44 109 395 512 822 866 914
14 95 130 219 225 300 317 488 525 569 683 690 850 932 991
9 44 138 194 214 282 305 307 321 379 390 455 457 477 506 545 617 652 653 655 668 693 698 735 793 824 859 861 909 963 977
139 371 405 416 483 515 803
38 50 126 190 221 312 400 591 894
55 183 204 333 452 611 638 680
57 455
226 242 313 321 366 429 478 487 516 521 528 702 719 821 836 862 938 956 964 966 982
132
60 131 227 238 262 456 460 472 554 586 659 663 704 718 924 929 964
99 344 951
15 18 133 239 258 284 299 304 319 446 465 512 530 565 625 634
723
23 34 40 148 160 173 180 204 240 266 268 277 285 302 381 391 447 468 469 487 534 563 594 615 680 687 688 823 860 868 917 927 988
513
59
7 107 257 281 330 337 437 459 539 651 680 756 777 779 823 828 864 917 965
30 137 163 474 564 614
260 932
36 59 87 97 100 127 129 156 168 206 215 243 247 252 266 273 293 312 391 409 413 442 458 464 487 595 628 642 716 809 825 843 846 863 895 942
24 33 61 69 129 146 180 301 346 371 379 419 440 483 490 499 518 551 606 623 662 765 783 878 897 903 947 994
5 51 60 67 92 93 126 132 177 189 243 289 318 330 415 427 462 521 542 549 696 715 757 766 819 838 844 854 861 862 870 910 914 919
41 486 562 601 723 741 895 973
25 39 49 55 119 183 191 204 282 297 303 321 344 346 370 378 382 397 425 467 477 479 511 531 536 547 601 626 690 703 705 753 763 803 839 864 897 918 948 955 956 990
46 140 166 642 782 991
96 280 456 582
35 62 81 159 217 319 324 342 428 430 435 463 531 544 631 712 783 808 843 848 882
1 29 109 150 161 165 167 172 205 227 257 293 310 325 331 338 348 359 376 405 407 415 425 434 449 453 470 474 496 524 525 527 568 579 608 640 657 662 725 735 777 800 806 809 831 855 879 881 904 915 927 942 959
250 332 340 583 940 992
30 34 73 78 89 123 146 158 223 294 331 348 380 450 465 469 516 523 549 651 705 786 805 816 854 856 912 961
2 6 9 23 29 102 105 112 126 145 166 189 193 210 245 260 262 311 335 336 347 380 389 424 431 432 436 438 493 517 545 563 573 585 587 601 612 622 676 695 696 710 716 723 754 756 762 775 805 850 852 859 880 888 899 920 951 968 974 983
32 106 120 185 314 416 459 495 507 528 547 561 566 567 605 720 725 733 748 781 799 807 843 883
96 109 217 257 312 313 340 349 363 409 410 414 549 590 646 686 732 760 769 790 814 826 838 844 863 917 947 973 983
11 36 83 146 206 223 230 244 300 321 405 424 592 682 726 732 818 835 846 855
577
65 93 139 142 161 164 167 187 198 236 243 272 273 301 333 387 423 435 452 570 592 608 623 637 642 645 664 688 694 713 729 732 807 824 828 865 866 867 904 953 990
26 35 50 69 75 116 136 155 192 296 348 382 385 440 446 467 547 609 726 743 854 865 882 890 905 947 959
37 44 68 94 108 136 139 142 153 175 180 192 215 227 269 286 288 290 294 300 317 373 385 401 428 453 460 516 548 584 620 621 625 662 675 703 734 760 765 781 829 846 850 853 904 916 937 944 956 961 964 968
23 38 44 68 98 119 132 138 176 217 261 276 291 296 305 318 321 330 362 452 466 525 528 558 644 715 720 730 758 789 791 804 812 814 815 822 855 862 898 912 936 947 992
189 233 255 286 396 872 960
75 146 158 177 221 383 455 480 481 547 594 612 669 693 746 755 829 931
47 52 58 88 119 169 193 241 254 294 323 355 400 401 406 416 420 425 436 464 473 501 519 539 561 586 610 632 646 649 665 702 705 706 813 843 847 869 914 917 949 997
57 75 89 98 100 106 111 120 136 150 154 155 164 170 172 174 176 178 210 213 215 221 228 237 244 245 268 277 293 296 310 339 345 356 361 367 371 373 386 414 428 457 469 479 480 505 510 522 562 585 588 591 618 627 634 635 636 643 667 672 700 718 722 736 743 744 766 802 808 809 814 843 883 907 908 913 916 945 949 957 961 965 972 979 987 993 996 997
131 233 276 278 363 432 450 457 514 536 763 769 814 852 901 904 952 963
7 19 25 38 42 43 44 59 66 78 84 96 113 138 147 155 167 188 223 233 281 282 283 296 335 341 381 384 399 418 427 428 431 439 444 471 482 483 509 510 530 540 555 563 565 579 600 618 628 636 639 644 653 661 698 707 721 744 756 761 764 782 799 826 850 858 860 866 867 872 885 909 924 932 940 944 976 989 992 993 995
115 359 582
90 113 164 228 283 321 324 336 355 438 528 571 594 690 760 818 831 845 910 922 932 939 951 978 985 989
69 95 126 256 280 516 545 600 646 647 775 857 894 932 979
2 19 21 52 53 68 74 135 177 227 228 269 288 292 294 326 356 368 383 386 404 414 422 424 452 458 463 532 535 544 554 570 600 609 625 646 671 694 763 794 801 807 813 837 886 923 934 940 943 970
21 29 72 207 217 259 280 287 291 296 320 364 399 425 442 504 525 541 704 764 795 937 987
15 42 65 92 114 129 137 149 174 218 227 431 437 449 458 510 512 517 549 585 624 672 680 715 734 735 763 769 933
944
3 5 53 81 90 97 125 129 135 156 159 175 182 215 221 222 223 226 274 297 323 327 331 339 354 370 377 384 398 413 430 455 482 508 524 536 582 590 606 612 614 622 629 643 650 716 722 728 784 794 801 820 821 845 868 890 909 938 941 965 974 985
64 177 286 321 389 612 657 688 770 930 952 966 989
220 687 809 941
4 11 22 59 67 72 74 84 99 153 160 164 174 190 211 276 293 320 321 345 353 355 378 406 410 432 434 478 503 512 535 555 562 574 591 613 627 628 694 699 706 738 753 800 817 825 838 858 873 888 907 913 924 980
76 317 545
3 4 45 78 112 255 271 275 467 529 575 665 675 757 778 831 930 971
282
4 29 30 54 100 122 143 144 165 167 189 198 203 207 246 249 288 346 373 385 397 410 433 435 463 473 481 525 686 703 765 775 824 828 854 857 919 929 944 975
40 68 207 269 346 539 567 603 626 683 694 696 743 796 887
732 814 815 934
97 145 245 251 288 295 333 387 409 432 437 455 626 759 774 973 986
63 129 145 270 325 355 641
8 12 89 90 96 207 234 265 272 297 362 428 466 485 503 509 560 635 690 697 702 719 836 938 985
30 208 215 228 257 287 294 314 334 351 354 435 476 494 525 539 552 590 610 612 615 646 655 682 687 691 901
314 475 650 652 662 707 762 795 796 987
508
33 146 206 260 390 528 570 579 604 751 889
50 83 273 288 335 356 605 622 742 811 823 825 846 908 996
13 109 135 290 297 456 516 527 556 767 776 806 823 854 928 929 973 993
140 148 226 239 335 347 373 374 378 402 525 539 606 619 722 723 748 798 799 872 873 1000
99 143 149 186 201 242 264 270 499 520 770 812 892 921
122 360 536 565 587 612 729 778
32 208 299 311 434 445 498 521 658 837 948 975 981
2 22 27 44 77 132 250 313 407 532 590 725 728 751 852 907
76 85 141 187 193 200 207 302 318 365 382 399 476 516 530 558 613 622 636 671 787 798 802 815 833 838 847 880 962 996
268 311 356 452 481 700 742 814 830
37 112 154 219 348 389 394 414 497 540 598 651 762 774 816 860 951 953 961
190 211 320 348 407 518 555 628 856 888 918 961 995
343 640 644 768 796 901 918 987
90 502
1 14 32 34 38 71 73 84 165 168 170 171 173 179 188 250 259 276 303 323 402 403 418 421 435 462 475 540 550 565 598 602 620 622 651 657 671 672 699 702 718 721 737 738 794 800 811 835 883 887 948 1000
14 218 402 744 824 987
13 33 46 58 62 69 118 129 134 148 151 172 176 181 206 259 272 312 315 332 338 366 379 394 420 436 440 490 519 532 534 570 592 593 597 649 677 701 714 728 749 772 801 818 822 840 855 868 895 899 910 926 948
5 22 48 54 65 114 115 148 177 178 194 204 210 267 270 274 344 352 380 394 403 410 433 466 490 542 588 652 662 667 674 682 700 702 717 749 799 813 817 828 862 871 893 904 905 941 988
322 644
15 35 37 43 56 70 159 174 258 300 355 382 383 459 481 485 490 582 600 655 664 762 871 986
98 348 391 460 690 701 891 918 972
152 250 329 464
77 108 223 253 382 407 698 750 865 889 914
641
1 6 116 147 152 174 237 252 280 444 502 550 667 751 798 841 847 983 996
1 3 24 25 78 118 121 133 136 142 162 166 175 207 214 254 273 282 290 298 319 331 335 336 337 364 368 377 390 415 498 501 530 532 537 573 574 594 615 622 634 662 672 685 701 704 706 726 747 770 781 790 796 798 812 815 819 822 840 843 846 850 865 900 903 929 956 979 986
507 511 840
1 139 148 357 404 418 429 531 889
443
52 84 139 152 170 186 205 206 246 277 289 352 412 559 560 589 625 632 651 690 714 865 914 916 951 955
2 22 28 50 92 106 107 114 139 153 162 171 179 180 194 209 238 246 270 281 298 300 304 310 335 392 514 517 526 543 644 673 683 702 703 724 773 780 793 821 854 918 935 948 992
797 954
18
2 18 124 132 170 192 215 251 287 336 355 402 424 463 470 515 545 551 606 626 628 659 672 679 703 731 741 789 841 856 930 943
239 626
4 12 16 18 20 31 41 51 59 64 87 120 134 137 199 241 256 258 262 325 372 379 452 459 479 490 503 513 558 597 601 634 640 685 706 709 736 737 764 789 797 820 826 837 854 860 910 913 927 937 940 987
29 45 68 80 107 176 209 213 223 225 239 263 311 328 384 421 475 501 538 554 620 657 660 661 669 670 794 816 891 900 938 941 948 964 986
119 226 276 295 347 426 603 627 965
50 184
140 150 168 213 224 259 293 311 342 377 395 441 453 465 466 495 515 524 554 565 624 632 651 656 671 679 683 688 727 804 828 831 832 958 964
27 197 308 367 405 410 415 492 679 766 780 834 851 852 918 930
18 357 683 730 790 885 944
32 41 44 170 224 366 380 443 447 450 520 529 557 597 675 709 775 828 832 852 855 929 942 949 953
50 81 96 111 137 148 170 192 283 307 359 379 458 472 485 566 568 678 711 724 866 888 891 967 974
27 36 74 127 195 282
45 71 156 754
40 81 101 114 138 143 164 198 231 233 247 250 315 317 324 359 371 380 391 394 422 430 441 501 506 542 565 567 588 605 609 613 667 671 672 680 706 716 748 809 884 885 891 902 908 928 930 947 950 996
13 14 67 162 253 270 273 281 320 348 431 440 452 509 539 545 555 574 591 638 715 737 764 799 803 886 917
6 17 19 34 70 74 88 95 111 113 195 201 247 276 299 318 350 360 391 392 404 410 415 449 450 451 470 474 476 477 518 542 551 568 583 584 601 619 624 626 646 677 704 727 729 732 761 805 820 841 855 891 904 915 924 970
18 24 175 205 214 241 263 296 356 373 449 480 522 549 551 684 690 729 741 746 752 762 800 849 880 900 948 970
106 275 282 329 428 479 480 491 502 582 614 676 696 754 755 784 829 875 956 971 973
52 108 181 209 253 388 407 455 511 522 654 663 767 769 781 838 853 863 914 927 939
71 108 584 608 665 744
83 107 119 203 260 288 362 421 474 588 596 656 827
41 272 518 618 631 736 741 795 818 833 835 850 878 898 925 946 996
441 464 616 874
21 275 610 751 935
18 34 48 49 81 124 150 170 225 261 297 307 329 344 415 416 435 562 569 619 625 642 688 696 744 775 776 824 832 836 860 868 884 903 945 975 988
2 21 137 146 242 299 341 462 714 789 842
9 13 32 40 45 46 103 158 174 190 194 218 228 231 232 281 305 390 396 503 510 520 550 553 588 644 724 725 754 768 893 956 993
947 979
16 33 95 101 354 378 383 387 512 513 526 567 586 612 638 697 758 845 860 996
131 157 203 205 234 262 304 355 413 418 431 612 634 702 763 823 847
356 383
39 101 255 449 475 510 557 771 842
9 12 13 24 38 43 47 67 68 70 94 118 124 127 128 144 150 171 175 211 228 256 257 261 267 299 311 312 313 321 337 339 341 356 360 367 368 371 376 380 382 398 409 410 421 432 457 467 475 477 482 492 496 498 510 537 542 545 547 551 552 553 557 583 585 592 594 595 608 618 626 630 631 642 644 688 694 705 709 718 727 753 765 767 783 804 809 817 818 823 827 835 840 844 849 855 866 877 878 884 886 890 914 945 969 970 980 981 997 999
174 241 291 555 900
21 22 113 126 143 156 164 205 214 225 233 246 268 290 295 311 338 339 342 343 344 372 414 426 472 498 502 511 528 532 548 569 571 722 726 728 732 738 743 761 779 787 793 816 838 845 861 913 942 949 957 967 999
7 9 17 21 25 32 52 72 78 84 90 103 111 112 129 148 166 173 176 192 221 235 250 251 252 257 258 264 276 295 314 323 348 371 387 392 407 418 429 439 445 459 466 468 487 495 511 520 526 532 581 588 596 599 609 631 644 647 654 694 695 717 734 736 740 741 745 758 761 762 763 765 766 776 786 791 805 806 821 823 827 845 862 867 876 888 889 894 900 915 917 925 927 974 976 982 996
666 819
100
27 61 117 145 297 444 458 486 521 535 804 835 859 873 884 960
45 64 144 267 269 304 305 317 325 326 544 606 736 872 964 966
36 354 544 700 720 858
30 53 77 115 180 226 250 254 282 370 439 446 479 537 675 692 701 708 726 785 796 819 831 880 884 891 912 916 931 960 984 988 992
61 234 506 609
104 252 254 413 468 509 553 565 570 619 685
26 28 42 95 131 192 204 382 424 493 542 546 558 609 634 694 741 744 747 863
61 135 146 170 174 204 219 309 549 643 689 692 793 807
23
21 42 43 55 80 113 125 162 203 250 445 463 489 525 590 637 854 887 914 925 943
163 362 379 380 502 735 877
14 31 95 164 216 237 259 310 341 350 385 395 432 436 451 516 564 583 584 585 626 634 652 701 702 777 876 887 897 907 915 940 967 978
12 26 67 71 89 91 98 101 104 113 124 153 154 155 206 225 314 356 362 424 437 463 465 512 518 524 568 590 592 663 692 695 729 735 757 760 780 784 819 828 833 868 882 912 917 921 922 957
27 59 102 105 129 158 193 248 322 460 528 743 747 781
12 109 157 224 295 403 455 488 574 579 624 725 782 798 820 836 859 867 868 913 950
834
4 12 40 59 65 92 117 128 168 178 190 204 252 267 275 279 283 300 316 387 416 419 421 441 445 448 474 509 518 531 535 587 591 625 639 693 746 748 768 785 803 827 844 880 902 915 944 949 957 989
15 35 155 181 193 228 312 313 364 602 626 759 959 963 992
114 169 353 396 405 586 668 688 812 860 929
51 276 603 656 751 849 940
124 256 803 807
15 42 58 74 75 88 127 130 176 195 216 224 248 254 273 367 372 393 406 513 551 593 662 719 788 801 840 858 871 875 921 930 950 954 978
7 60 83 89 121 122 138 224 226 303 307 343 363 376 412 416 417 434 442 447 456 460 465 468 472 512 539 564 571 593 608 609 617 623 635 672 679 694 698 707 718 739 741 756 796 834 843 857 890 942 975
436 469 512 718 815
91 199 292 297 473 493 516 549 732 853 863 882 996
488 973
81 230 265 376 421 542 624 707 741 798 954 996
57 183 208 243 479 489 504 560 702
171
31 469 585 703 740 880 887 941
16 120 122 141 161 292 300 304 307 317 386 434 438 441 453 644 649 654 700 825 870 891 896 900
9 13 175 224 236 311 332 359 387 425 470 472 480 481 496 570 592 629 643 662 674 765 834 867 896 907
735 983
131 425 447 454 629 642 798 866 946 990
12 24 41 95 104 177 238 243 263 273 292 313 351 366 458 473 488 526 548 560 581 613 631 632 635 645 661 671 701 736 761 798 859 866 908 927 936 983 996
67 123 248
50 96 290 327 332 335 374 389 668 694 697 756 776 914 973
747 953
9 13 41 66 127 129 136 179 184 193 199 200 217 229 245 283 293 305 320 330 331 368 384 386 411 412 417 521 586 589 614 624 636 671 678 679 704 776 782 817 868 900 935 954 966 975 984
98 124 146 160 207 266 352 376 464 542 550 651 725 781 897
10 430 633 634 711 738 896 908
6 54 108 163 184 249 309 464 499 526 537 557 714 788 817 929
47 134 256 292 610 706 807 840 961
5 27 63 66 96 98 127 213 238 261 268 274 281 290 325 343 346 348 353 391 516 543 573 579 598 601 604 624 631 641 700 753 762 855 865 907 915 947 952 995
157 303 406 459 566 661 711 732
3 9 44 88 100 127 162 189 206 214 236 256 261 275 288 298 302 337 353 355 383 417 429 445 464 476 478 513 556 607 633 638 643 695 790 826 836 885
12 61 73 81 84 105 112 117 145 167 207 214 260 262 268 304 314 318 325 328 339 348 373 391 402 422 434 447 482 494 497 516 521 541 551 555 556 561 564 577 581 583 590 597 601 618 638 639 663 679 684 697 707 785 813 828 843 889 899 946 967 969 973 985 987
361 546 942 962
68 157 498 568 972 980
132
588
1 7 132 148 231 291 335 382 406 495 600 622 634 777 805 909 924
4 15 26 35 56 87 113 171 176 183 186 208 215 227 238 239 249 261 262 263 281 289 291 296 297 299 318 319 323 345 349 367 372 402 408 411 412 442 449 473 484 495 501 502 503 505 520 531 537 540 560 569 587 596 622 626 627 632 634 668 670 692 696 697 700 721 725 746 752 776 785 787 800 805 808 809 810 845 852 858 870 875 880 893 894 919 942 966 967 981 992 996
86 216 362 403 436 521 641 703 797 834 922
14 19 79 99 109 114 124 125 128 153 179 182 186 189 193 222 237 238 252 253 261 273 291 297 298 312 323 327 349 352 360 367 369 371 411 414 442 444 454 461 464 467 473 479 514 526 532 541 582 623 626 633 681 682 714 719 731 735 745 747 756 765 766 769 778 793 806 807 814 817 859 869 878 886 897 901 912 918 928 939 952 980
5 21 35 65 77 84 86 113 133 142 150 151 153 162 173 196 222 243 276 290 300 371 400 443 487 511 521 557 698 712 754 759 760 767 819 992
183 223 572 714 917
8 37 41 70 75 128 142 153 173 175 214 246 266 342 358 365 366 367 485 542 570 571 640 668 730 783 839 941 948 959 999
32 33 48 49 78 93 132 332 342 353 364 369 372 407 419 425 433 447 477 503 571 592 630 674 725 737 739 744 745 788 796 801 845 915 945 947 952 958 964
10 38 47 76 81 114 201 213 217 243 258 290 315 338 355 364 503 510 512 641 657 719 726 766 781 839 901 960
114 155 434 461 601 654 754 785 894
130
159
452
76 898 931 991
15 27 33 67 130 142 182 187 214 245 286 320 345 429 431 437 458 546 603 605 654 680 690 806 881 899 903 964
4 26 43 72 96 110 125 183 215 254 268 324 350 438 440 492 546 552 584 590 618 654 665 671 736 777 804 810 818 860 861 880 943 947 961
67 69 180 196 249 315 334 394 406 474 485 519 677 718 722 724 755 756 793 849 916 926 940 974
190 305 759 893 952
51 693 806
23 150 169 194 353 370 414 502 698 825 838 850 854 929
13 43 77 85 152 181 189 245 274 295 319 369 464 483 503 511 512 523 563 606 618 641 652 653 656 667 701 801 804 847 878 880 903 969 972 982 987
92 119 207 213 223 256 475 661 790 797 809 922 955 979
42 121 160 315 333 511 818 856
104 129 168 220 449 461 507 526 569 698 819
20 40 66 74 79 86 107 145 201 235 241 312 322 363 386 394 403 416 437 439 443 444 448 468 559 584 589 590 593 595 597 598 612 618 620 632 668 705 706 727 729 738 739 740 752 753 764 787 789 808 809 821 831 834 852
119 136 214 299 347 709
47 102 197 219 245 318 325 354 501 509 520 573 577 694 705 740 751 788 827 899 921 980 987
26 183 310 396 436 444 450 520 536 546 621 705 708 796 824 837 855 901
76 98 172 181 202 248 252 261 314 350 371 376 393 447 470 517 521 561 622 678 703 706 714 727 729 737 783 794 815 835 910 920 992
151 166 258 266 372 437 772 787 828 950
14 53 60 277 358 381 460 473 553 568 659 845 973
31 286 331 358 389 566
16 40 47 53 60 67 75 104 122 137 147 159 202 223 227 248 271 281 284 289 296 369 426 431 451 452 481 482 512 559 565 572 592 606 641 658 685 687 709 712 721 731 751 769 810 831 866 884 887 889 919 925 934 956 960 973 989
928
20 74 154 170 176 237 241 263 265 405 424 437 484 503 563 576 645 650 658 742 756 758 796 799 844 889 949 983
60 117 121 127 214 225 231 273 305 326 384 389 406 421 470 484 511 521 533 554 556 576 590 631 643 710 711 741 799 856 889 925 973
68 94 204 242 259 288 291 365 439 491 563 659 733 748 844 877 998
78 184 366 498 611 895
304 358 495 501 703 742 779
38 44 54 61 63 70 80 87 94 123 124 143 147 152 154 155 157 163 173 188 189 191 226 238 248 261 266 269 282 283 284 312 313 314 315 317 321 332 343 371 390 394 399 414 417 424 429 430 443 458 468 474 491 497 508 510 547 557 562 563 584 585 586 588 597 605 606 619 625 626 630 631 633 635 636 643 653 658 659 680 685 687 696 702 714 718 726 732 733 741 750 759 762 770 775 796 802 807 811 820 824 839 853 858 867 885 895 900 913 915 917 930 938 939 956 972 980 986
27 95 127 146 210 219 227 324 357 655 677 734 751 764 863 953
265 796 863
2 101 290 383 438 476 503 537 559 584 830 890 977 980
1 19 26 45 90 98 121 126 130 142 163 167 174 191 227 232 246 257 295 313 320 321 361 385 442 445 517 537 556 609 610 619 656 705 720 779 845 891 910 924 968 993
389 534 629 757
106 144 209 254 264 293 311 339 366 372 375 485 638 666 693 738 777 786 870 987
16 24 37 49 64 73 81 139 170 183 192 213 230 272 283 286 293 306 332 357 370 436 464 523 572 581 633 634 649 658 666 681 682 723 737 752 788 829 838 840 935 980 989
37 40 57 96 156 248 306 337 384 453 502 512 672 760 790 792 868 973 997
325 383 417 970
3 8 77 81 89 93 118 166 183 229 281 287 291 301 312 372 399 443 489 493 501 513 522 529 569 667 757 864 907 947 963 994
59 65 71 72 79 82 110 130 150 153 161 180 181 200 201 259 265 297 306 313 355 367 401 408 412 429 442 451 497 503 509 515 522 531 557 585 595 640 643 667 668 704 712 739 746 773 784 785 797 798 819 929 995
21 265 287 390 482 863 918 972
114 252 449 683 894
12 25 27 111 184 204 233 251 274 294 310 405 465 479 538 573 654 665 676 752 774 800 806 871 903 920 981 983
293 457 827 947
68 100 124 127 137 142 159 170 235 258 285 322 352 408 481 512 567 586 602 611 635 652 698 706 779 792 849 863 873 893 911 926 942 968
122 200 435 626 673 794 944
871
61 123 291 332 348 370 372 390 403 499 579 643 786 807 984 990
8 11 69 86 111 223 250 488 530 596 641 675 680 681 711 751 777
38 50 86 93 96 181 183 222 237 250 292 297 306 312 325 329 336 356 364 374 390 398 415 446 453 454 482 489 519 528 535 553 557 566 581 591 604 635 650 664 672 679 681 688 705 723 729 737 739 771 779 795 804 805 806 813 814 851 857 859 887 896 930 948 989 994
48 69 121 140 175 206 219 233 268 364 416 472 487 494 529 591 610 689 788 851 860 897 904 935 957 989
118 270 399 458 483 545 598 887
92 227 450 461 520 679
3 281 457 782 874
676 708
3 65 104 147 196 233 311 315 345 357 471 581 602 606 647 743 751 874 888
18 101 103 111 138 149 179 201 223 239 248 258 271 280 284 296 311 323 368 395 419 447 450 481 540 559 566 597 610 634 636 651 658 692 719 789 791 820 825 865 906 915 916 928 929 975
97 101 283 371 673 689 708 878
182 321 364 616 985
40 61 128 289 312 390 656 669 682 707 710 712 804 850 917 954
21 60 104 117 118 126 187 230 233 251 252 255 300 323 360 382 390 427 430 454 473 500 505 507 519 521 530 532 544 579 652 656 696 720 742 754 775 796 827 845 893 905 934 965 968
76 201 416 581 705
614
26 228
123 184 257 281 379 479 606 632 732 928 936 977
5 15 40 48 64 83 93 112 204 221 239 263 304 311 349 369 401 431 473 504 535 537 635 642 660 671 740 746 757 819 820 850 856 876 916 928 975 986 988
164 379 726 861
19 33 110 376 389 398 403 404 437 446 582 587 681 688 874 916 995
106 140 165 217 230 296 320 329 345 398 512 682 734 872 874 878
537 738
45 106 212 237 279 410 504 565 622 653 713 731 807 809 855 964
14 23 278 292 342 410 442 458 499 639 694 769 770 786 814 841 872 936 948
57 77 112 113 146 149 164 167 169 173 179 186 226 268 301 302 333 341 353 382 406 482 487 569 608 621 631 632 659 682 713 717 724 737 745 761 766 835 857 930 992
9 71 248 257 267 269 371 381 428 445 497 520 530 611 691 716 721 747 809 891 892 1000
57 139 157 268 564 765 824 832 863 991 997 998
9 36 119 167 278 330 370 450 469 798 802 841
43 52 81 93 95 181 185 228 249 269 278 283 302 309 353 373 428 444 460 477 478 551 572 646 711 746 758 789 797 815 879 893 909 943 947
228 286 322 568 694 702 997
69 110 225 238 307 385 637 685 742 838 931 948
926
1 21 25 39 46 58 59 65 118 167 169 173 177 181 187 220 225 233 234 248 256 258 261 299 323 325 356 365 370 382 394 397 407 412 413 444 455 478 479 485 490 500 507 511 512 558 593 612 623 631 632 644 657 659 688 712 716 729 741 746 761 769 778 791 799 815 824 826 828 831 833 840 853 884 888 918 926 943 976 980
21 32 119 126 144 171 183 231 232 254 259 285 318 327 337 381 384 390 393 412 430 452 463 472 477 482 486 490 514 517 539 542 544 620 628 644 687 694 711 733 761 762 795 800 802 806 834 865 871 879 891 901 926 945 966 992
9 215 235 266 336 547 612 794 820 929 947
54 343 429 563 606 621 705 714 908 935
98 127 128 192 221 260 276 348 370 445 468 513 612 615 650 699 742 825 830 848 860 950 996
886
103 126 131 201 401 466 468 516 542 660 688 711 735 782 785 840 936
83
36 53 99 109 118 125 167 188 266 361 583 729 738
568 590 647
131 244 285 291 324 385 419 461 477 586 595 598 635 675 737 739 776 799 809 823 829 848 865 899 966 990
1 22 52 64 70 106 137 213 267 302 312 394 413 428 437 523 571 679 687 764 825 923 966 997
13 19 21 22 27 68 84 92 142 181 195 201 212 219 237 250 257 259 269 282 287 329 339 343 353 359 374 375 380 383 425 427 431 457 475 502 503 517 529 538 552 605 637 644 672 697 713 729 730 734 745 776 812 817 852 873 886 893 895 899 908 930 938 943 953 954 956 957 962 968 976 994 996 1000
177 248 580 713 901
64 76 143 341 444 492 596 597 702 729 730 736 751 802 815 999
17 149 210 261 411 448 535 655
98 451 618 699 781
111 121 122 125 132 148 154 191 238 257 269 281 310 313 324 332 338 365 397 413 457 468 502 506 517 527 561 587 674 701 711 729 731 732 763 914 915 956
40 50 60 91 144 149 150 194 228 342 379 386 417 485 545 594 628 644 659 727 781 799 817 861 878 888 908 922 945 963 985 990
112 150 151 187 195 242 252 257 308 323 341 342 371 517 548 586 592 660 668 670 693 745 752 790 848 892 906 929 941 988
112 543 884 962
5 13 14 38 49 59 69 101 104 110 121 137 143 154 159 169 171 176 187 188 191 201 204 215 218 228 230 240 252 278 279 299 312 319 320 321 327 329 339 345 348 350 360 365 371 383 394 397 417 447 453 461 463 466 470 472 488 505 513 519 529 531 542 554 561 574 583 595 600 622 628 641 642 644 667 670 676 680 685 691 695 703 706 715 724 728 735 737 738 742 775 778 784 802 811 812 813 857 860 869 882 905 908 910 917 925 935 936 939 941 957 961 974 979 986 992 997
31 95 102 176 230 569 593 608 616 618 654 677 732 750 777 790 804 860 953
109 179 274 364 579 834
26 29 152 176 266 268 271 304 345 372 378 398 442 449 453 556 651 673 679 773 849 935 970 993
242 290 620 812
58 212 249 308 346 410 507 700 707 712 786 798
47 203 394 479 645
215 532 696 715 767 804 995
205 299 354 488 519 605 698 763 773 786 832 842 886 916 953 963 965 983 1000
21 181 199 236 297 350 357 444 481 576 606 651 661 692 803 970 997
74 365 437 440 472 509 864
577
980
43 45 46 89 125 186 276 310 538 570 659 738 772 781 785 842 854 857 867 883 982
70 345 382 395 499 500 557 633 755 832 834 911 982 996
14 26 32 33 88 148 176 213 227 271 303 332 336 366 393 448 471 473 497 538 544 590 685 705 707 727 844 845 854 893 899 920 942 950 969 981
541 623 663
7 51 86 128 205 346 404 429 684 692 694 708 727 895 897 925
203 332 930 953
95 139 209 218 294 391 543 580 640 667 718 733 785 797 920
2 27 69 76 110 146 151 179 200 235 252 329 333 356 398 404 432 435 448 470 472 486 495 503 517 521 522 524 537 554 612 644 646 648 651 665 673 712 786 811 815 863 898 918 928 941 953 956
2 4 15 44 46 58 79 105 202 248 249 251 283 290 294 313 315 322 349 374 392 418 448 452 455 471 497 503 528 598 599 605 639 641 649 669 677 691 712 740 756 803 879 931 961 970
67 158 173 187 220 251 259 349 381 383 392 406 415 489 505 532 578 595 596 645 662 682 700 727 897 977
83 137 142 184 228 342 403 495 509 541 626 736 773 809 832 840 844 877
29 50 66 75 80 103 106 114 130 132 134 153 156 164 165 172 189 209 215 226 228 235 282 298 300 312 320 341 350 353 367 394 442 463 482 500 525 573 599 606 618 621 633 650 659 664 671 685 718 720 735 777 788 791 819 820 827 835 841 845 886 892 895 924 933 957 972 974
194
51 57 222 365 402 459 648 745 819
35 48 58 103 121 140 151 280 286 329 381 431 469 511 527 554 604 733 745 776 785 798 799 834 846 847 868 892 971 975
285 311 395 401 436 511 638 735 756
292 437 899
37 75 122 399 422 570
5 494
11 13 42 55 207 235 284 305 313 315 317 340 385 414 434 449 472 519 522 526 527 535 536 537 548 553 720 723 726 734 749 774 791 794 820 929 989 991
25 44 89 91 105 138 164 205 216 234 270 281 291 311 323 335 338 347 348 358 391 403 423 425 426 427 450 458 476 495 536 543 555 570 589 593 639 640 645 647 649 658 678 720 728 737 796 801 802 836 867 876 878 883 929 945 959
34 53 74 150 296 422 465 652 752 760 822 914 953
7 45 65 77 89 100 112 131 132 137 152 190 206 217 222 247 265 280 285 324 349 371 391 408 416 426 462 464 482 494 507 530 533 541 561 570 601 613 618 653 659 678 694 698 724 731 746 748 750 828 837 915 966 991 993
26 29 98 99 114 147 154 166 223 312 314 367 382 503 544 638 706 710 744 808 815 822 845
44 190 191 198 199 234 330 414 417 442 466 471 503 541 547 553 569 606 610 617 648 650 659 661 663 682 705 719 739 817 831 833 838 845 919 953 959 976 996
138 217 352 721 739
16 29 33 59 62 71 80 90 128 185 252 263 372 391 414 416 432 532 533 539 615 649 685 755 803 823 879 941 993
80 156 159 170 221 291 297 326 347 369 370 513 520 577 600 618 624 635 676 680 741 753 790 857 871 896 958
424 444 462 944
11 30 62 82 108 138 150 167 169 189 193 215 231 248 254 261 263 265 289 297 313 323 327 331 336 354 369 390 392 421 430 440 450 458 471 478 488 503 526 538 567 569 583 589 616 617 643 669 700 721 746 753 764 767 793 800 812 837 865 873 886 889 901 909 928 959 967 999
96 120 216 219 229 309 387 417 459 491 509 517 535 549 598 603 605 642 644 679 680 699 702 787 814 856 907 993
83 84 131 159 160 164 184 202 225 262 275 276 301 320 388 408 500 566 611 613 631 655 668 679 805 820 838 896 915 926 978
178 193 249 416 515 557 773 848 925
57 87 105 106 133 235 328 430 463 516 523 592 608 630 726 732 825 845 898
4 7 9 11 16 17 26 34 37 47 50 52 59 60 65 69 70 86 95 110 111 112 114 115 117 120 128 135 137 147 153 157 160 162 168 189 191 195 196 201 204 210 215 219 223 225 251 252 253 255 263 265 266 267 270 271 272 279 290 293 299 304 324 326 345 351 352 356 359 360 362 363 364 371 373 377 384 386 391 393 394 400 403 406 411 415 419 422 423 425 433 439 441 450 456 457 465 466 471 484 492 494 499 501 505 517 528 531 535 541 542 553 580 582 583 585 587 589 609 617 618 628 630 633 634 635 646 647 650 651 653 659 660 662 672 675 676 680 684 686 692 695 696 700 701 710 719 720 721 732 734 743 744 747 753 754 755 756 764 766 767 779 788 789 793 795 797 808 812 814 815 823 832 837 838 840 843 853 856 858 864 866 868 870 872 879 885 886 887 888 892 893 894 899 901 902 909 911 916 919 925 926 931 932 959 977 978 979 984 991 997 1000
161 274 429 943
92 184 239 278 332 530 541 755 932
72 130 200 319 360 419 475 487 544 565 630 719 954
448
82 85 124 210 465 471 485 487 557 572 589 652 669 671 693 733 735 795 811 815 837 865 888 898 910 943 947 967
46 303 328 465 574 873 912
51 289 395 621 637 724 938
59 485 513
9 76 105 211 227 237 253 260 276 312 341 364 426 430 449 462 470 479 511 529 534 552 579 593 632 669 673 688 699 731 794 868 884 887 903 922 936 941 974
170 269 519 613 706 721 765 840 914 945 977
5 188 189 222 291 297 337 349 491 544 562 589 684 702 763 781 829 830 889 894 947
55 64 163 171 187 200 240 244 262 304 336 417 418 424 470 488 494 523 529 549 552 572 594 606 639 645 860 874 875
38 39 49 62 63 67 72 78 93 108 116 140 179 181 184 190 213 215 222 245 265 266 275 280 283 289 301 324 343 348 351 356 372 373 381 423 478 497 500 515 519 538 563 566 613 616 642 654 660 666 668 679 681 693 695 698 709 712 796 797 818 828 838 840 843 848 851 859 874 885 888 894 902 915 917
52 139 211 244 266 293 454 519 575 603 640 684 709 776 787 867 882 991
4 25 81 113 122 169 173 187 264 274 302 309 330 367 383 391 401 487 534 585 607 616 620 684 689 695 710 759 825 860 926 956 996
9 63 88 94 115 126 176 188 215 247 261 326 346 351 406 410 416 423 445 461 482 487 534 623 735 742 776 788 848 873 888 891 914 938 944 972
107 146 170 236 286 426 435 439 465 480 574 738 766 925 934 947
95 254 305 385 388 395 542 560 565 791 797 867 938 992
26 207 453 534 582 667 783 876 910 919
27 41 55 93 145 184 286 306 363 368 416 466 517 540 569 582 592 618 648 656 662 710 731 753 799 800 829 893 895 972
322 405 412 581 783 860 939
1 5 21 104 109 134 144 172 182 244 256 276 390 552 582 600 637 643 691 715 733 801 808 862 884 891 896 909 915
17 184 347 362 403 680 799
19 30 40 71 96 108 110 251 306 333 340 392 395 405 430 459 482 505 525 554 698 702 757 761 773 787 811 841 852 860 885 894 902 917 970
77 540 879
10 30 95 102 113 166 170 183 184 204 237 355 384 471 500 510 658 688 740 816 872 876 879 913 983
76 79 83 85 93 100 117 125 143 163 199 200 276 283 302 315 325 429 489 541 567 596 605 609 628 669 670 680 736 750 758 783 790 791 793 823 862 886 956 961 978 983 997
6 7 11 71 99 103 121 162 171 173 182 216 217 225 246 284 307 314 337 343 346 361 373 412 414 421 441 462 506 516 561 562 579 602 623 638 656 676 681 750 792 797 877 887 920 971 975 987
693 1000
28 34 38 58 59 75 89 118 143 147 212 283 310 383 388 396 484 520 563 574 606 669 798 863 928 952 978 1000
2 44 50 56 68 71 73 216 241 243 258 267 312 358 365 570 588 591 613 629 632 720 722 746 763 766 777 778 798 808 841 868 987
32 89 94 363 436 474 608 841
32 59 77 312 516 653 773 853 869 895
3 54 364 510 650 714 767 834 858 913 979
4 10 22 70 71 81 96 172 199 219 230 237 324 377 483 487 519 526 527 552 591 611 623 646 747 766 786 873 881 885 923 930 948
18 38 55 72 75 89 94 130 132 144 192 220 229 234 248 253 325 345 352 387 421 453 454 456 473 483 497 568 591 650 664 682 703 709 724 735 744 761 785 843 911 970
303 482 496 669 743 757 870
105 146 431 714
179 195 200 428 462 494 547 591 606 760
254 760
192 673 705 845 959
141 181 226 248 352 408 728 785
14 37 44 94 99 191 204 242 250 253 296 315 375 438 460 479 508 524 567 572 583 648 720 777 812 820 860 894 976
360 652 704 985
597 708
140 444 608 623 681 800 978 987
13 30 39 48 51 56 57 61 73 75 77 82 90 96 110 121 127 129 157 158 160 169 176 177 180 184 186 195 203 230 231 235 252 257 260 261 264 276 279 291 295 297 322 339 346 356 363 369 371 378 398 411 421 425 466 472 478 481 482 487 488 489 498 523 544 545 546 548 550 555 558 562 570 576 591 598 618 622 632 641 651 658 661 668 671 675 677 682 695 705 708 710 722 725 727 742 748 757 764 769 771 772 773 774 781 786 801 802 804 805 807 810 813 819 820 823 838 844 856 860 861 865 867 869 888 889 907 917 935 936 938 943 946 960 961 966 972 973 978 985 997 998
9 11 45 51 64 69 71 150 176 223 234 240 241 246 261 270 277 317 330 338 339 344 346 354 361 381 402 463 486 498 509 522 523 583 615 619 631 685 690 704 711 726 739 758 763 770 773 782 784 785 829 834 857 891 902 903 920 948 957 959 969
136 216 227 229 273 439 457 494 514 539 572 587 595 647 690 706 920
92 177 186 226 239 284 288 319 344 402 403 421 475 587 692 722 765 785
18 282 600 602 652 811
6 30 43 45 47 67 74 82 84 87 115 131 134 137 138 150 160 167 215 222 231 243 310 337 343 366 371 373 388 390 391 401 402 406 427 452 498 512 523 541 558 612 626 634 644 652 667 669 692 695 734 742 766 775 789 805 809 812 827 836 845 867 868 924 938 941 970 971 986
12 210 304 502 750 767
49 58 183 233 244 307 364 372 381 386 445 492 497 558 604 662 698 705 743 769 885 922
19 44 78 137 164 176 206 224 291 293 336 352 363 392 428 442 443 483 508 524 535 617 635 707 754 767 803 841 845 944 950 957 966 969 985 991
81 120 598 664
125 395 547 821 918 936
9 46 58 74 87 93 102 138 159 167 173 184 193 214 246 247 261 280 290 319 336 347 418 432 438 454 472 493 510 585 614 631 653 678 710 748 750 803 828 863 874 905 911 913 919 923 926 933 960
36 98 149 267 272 330 354 457 483 667 813 841 881 900 902
11 57 74 94 97 121 158 216 266 299 300 327 345 437 475 513 555 562 563 571 642 649 650 678 719 753 819 839 854 867 869 870 896 913 925 932 945 958
612
48 170 321 402
10 33 37 105 106 109 165 199 230 242 265 284 287 306 307 335 354 369 420 448 483 498 558 564 585 593 633 659 726 738 742 773 776 855 893 894 901 915 921 924 944 959 960
5 21 25 27 43 44 55 75 90 97 113 138 145 160 184 208 210 228 241 276 286 302 308 328 336 365 397 400 413 425 448 462 491 512 516 524 526 549 557 581 588 598 606 641 647 651 671 673 678 682 688 692 724 732 741 749 751 770 790 840 845 884 925 944 960 986 994
2 40 153 158 164 214 367 636 698
130 273 415 451 518 702
42 63 67 115 138 152 159 174 217 224 341 349 357 370 417 444 455 517 521 559 661 669 713 730 735 757 763 788 884 914 918 936 937 978
156 346 411 447 494 512 548 550 607 709 762 841 860 863 966
468
3 16 17 36 45 55 120 140 168 179 272 278 283 354 529 550 574 638 658 676 685 733 814 822 868 901 907 923 932
81 86 115 118 135 201 348 414 437 463 559 565 578 662 795 812 837 844 865 883 888 893 895 951 978
212 344 395 418 444 595 663 665 684 724 741 823 985
194 210 321 360 386 417 434 492 529 624 629 634 766 767 789 807 934 950 967 998
106 109 188 249 284 300 346 359 439 478 544 567 573 736 824 855 866 881 896 961 977
591
2 115 151 163 178 259 302 324 397 457 501 649 652 668 728
2 20 33 65 75 124 166 183 185 191 199 230 250 322 326 342 399 408 409 418 446 459 492 506 518 526 536 540 554 558 571 576 600 609 627 655 669 679 724 736 741 749 758 785 794 831 839 849 856 867 881 904 905 906 908 909 914 924 930 933 974 981 984 988
9 23 38 41 64 65 127 129 203 228 275 286 306 319 334 344 369 374 386 392 448 453 459 470 502 506 525 565 577 585 592 597 609 645 658 667 675 678 696 713 746 751 820 872 873 898 904 907 941 998
9 27 62 68 99 106 107 108 112 140 155 173 191 198 207 228 231 238 287 306 318 345 364 377 391 394 412 431 448 460 461 533 541 542 549 558 614 638 655 660 665 673 674 675 726 727 733 746 772 793 821 823 838 869 872 873 875 886 904 906 920 937 983 993
12 57 109 300 322 340 365 412 512 535 572 882 886 905 922 925 941 960
22 197 484 879
48 95 164 216 253 268 333 517 565 702 755 798 800 910 930 931 935 960
34 73 75 180 217 278 312 320 502 657 685 782
33 55 155 182 186 188 189 195 205 230 248 317 380 392 444 474 496 605 684 727 756 785 808 959 974
97 208 583 702 719 958
8 16 25 137 186 208 241 310 331 353 465 477 509 606 607 626 664 684 748 755 771 778 833 861 984 997 998
32 40 116 241 278 293 296 302 400 433 490 672 742 844
19 121 140 179 202 208 338 343 369 452 535 636 668 707 714 754 801 888 893 910 914 990
80 187 233 286 289 364 425 430 442 443 458 510 515 522 571 575 583 623 681 738 773 793 825 830 834 859 890 918 932 942 962 969 971 978 992 1000
16 37 47 71 148 269 279 342 386 578 646 741 825 963
1 16 52 80 114 143 144 161 204 240 264 333 366 393 446 504 507 529 547 550 566 603 707 750 754 804 888 900 927 943 944 959
77 120 357 381 492 533
13 89 134 135 149 156 193 329 377 515 540 569 595 602 769 771 800 804 832 846 876
6 19 32 71 133 155 175 185 209 238 261 268 292 313 351 390 408 411 461 464 484 492 543 545 569 590 594 603 616 672 692 708 724 734 748 784 808 821 824 833 836 843 873 928 945 951 978 982 999
276 951
32 151 170 254 390 429 433 495 525 555 629 762 837 847 864 888 918 937 953
26 28 30 59 73 125 135 173 177 205 220 251 270 311 331 337 371 435 454 468 491 514 559 583 604 611 636 645 722 780 782 813 821 826 841 843 846 871 882 930 931 937 941 963 999
70 132 139 140 148 176 201 424 434 464 522 530 534 615 654 701 743 750 849 879 990 998
893
19 25 77 108 126 135 164 190 254 322 356 436 465 478 485 505 577 590 638 722 740 778 828 911 936 941 945 963 964
31 36 63 78 101 107 149 151 234 265 354 357 370 399 416 449 491 510 563 566 568 584 627 685 695 706 774 816 820 835 848 857 863 949 966 986
113 129 355 399 407 675 771 773 876 897 949
294 565
4 123 144 184 293 334 715
11 45 53 135 157 172 179 345 438 454 462 484 488 665 740 891 916 999
17 18 42 47 50 86 137 194 228 239 241 273 280 306 325 328 337 349 369 378 400 411 417 498 502 555 556 583 593 653 656 675 680 697 700 707 741 744 746 783 797 804 827 838 850 880 882 916 944 976
25 188 212 272 309 380 432 455 601 653 687 745 813 815 817 863 877
89 133 760
142 987
116 508 632 828
469 493 520 561 584 624 809 816 850 889 910 945 964
262 310 321 344 432 492 648 658 692 723 832 848 852 965
108 128 176 181 403 441 478 646 751 822 977 996
70 72 364 366 391 412 434 443 448 501 552 584 600 620 684 700 738 761 780 802 805 903 929 938 946 998 999
58 88 125 150 177 221 283 413 443 457 463 491 516 534 537 547 571 576 582 593 634 636 647 756 770 835 914 971 976
547
18 20 79 117 128 132 151 155 162 164 170 205 211 221 226 262 317 323 333 368 395 397 409 414 423 434 500 509 546 599 610 630 682 696 723 726 745 762 773 780 786 788 814 871 904 909 933 934 967
81 123 127 230 364 956
64 76 178 345 509 510 523 642 656 686 813 887
11 71 237 383 408 526 542 639 815 851 929 990
5 29 39 60 66 68 97 106 162 163 186 188 267 277 319 340 368 375 378 384 390 394 416 453 502 508 512 540 544 562 585 625 663 682 691 694 698 699 710 717 718 742 768 780 789 797 815 889 921 925 960 970 974 979 989 990
4 10 15 40 69 87 150 169 196 204 234 328 363 374 465 500 516 579 603 622 645 666 669 683 705 709 720 741 773 778 853 865 954 968 986 987 999
42 43 58 74 121 129 185 220 282 296 315 349 443 477 523 540 555 661 666 670 789 796 833 912 967 979
326 372 509 528 756
174 492
86 161 363 397 426 563 648 681 790 840 878 880
435 498 591 600 624 846
5 16 71 113 120 139 144 185 200 208 293 303 336 362 384 406 414 471 503 515 548 588 664 688 693 695 720 764 795 823 844 856 866 903 917 932 967
304 499 756 887
47 49 121 127 174 175 197 246 461 488 495 539 585 640 657 665 682 693 831 863 875 896 902 993 1000
146 208 214 249 346 572 578 670 689 749 802 933 937 960 987
25 94 194 288 344 364 426 719 789
57 131 142 204 295 296 366 382 691 739 851 915 949
22 29 57 96 97 107 224 226 231 256 257 282 294 298 313 314 318 339 377 402 403 411 418 436 452 470 490 506 514 543 570 600 602 610 617 634 636 659 676 717 728 732 746 760 766 777 781 809 875 882 910 911 921 948 984 990
19 83 90 109 112 141 164 204 263 325 355 369 405 469 540 677 693 715 725 742 842 865 948
78 96 109 181 231 326 352 425 443 469 496 508 511 518 596 598 664 762 838 841 852 863 889 892 973
368 505 620 637 692 832
771
830
16 44 93 111 182 247 275 284 287 309 317 336 343 364 438 453 464 468 480 481 501 512 616 624 626 681 708 753 762 812 815 835 840 877 899 932 938 953 977 992
819
8 26 27 46 60 62 76 78 80 218 260 263 264 376 433 467 472 484 494 523 535 546 589 593 630 643 647 665 669 692 697 705 709 745 759 812 915 922 941 944 967 994 996
3 13 18 38 51 81 101 116 123 133 166 181 188 204 220 243 298 331 341 347 396 417 421 455 460 497 528 538 592 614 625 658 667 676 705 706 727 797 798 812 853 884 891 956
242 278 697 748 978
34 275 471 541 776
52 108 111 165 206 443 466 528 532 591 760 859 895 908 968
49 157 267 324 422 859
84 94 103 121 122 149 205 211 291 296 303 348 359 398 422 490 503 551 612 651 741 794 796 807 839 854 933 973 974
28 45 52 154 182 278 296 317 329 374 394 410 468 539 569 578 669 688 690 768 824 830 903 952 963
80 106 227 236 256 283 301 353 382 561 669 686 744 748 783 932
118 157 173 177 240 517 570 671 702 791 794 838 856 909 921 940 957 989 994
17 79 204 209 240 281 283 354 357 453 457 460 496 509 529 532 574 594 610 647 686 688 784 820 846 851 869 940 968
22 82 136 307 608 633 636 780 820 952
89 102 159 165 167 173 257 313 318 453 464 473 475 492 530 553 605 717 718 817 829 840 884 885 890 898 942 986
15 46 58 82 108 187 247 251 294 384 385 484 651 675 712 761 837 889
55 56 116 122 146 189 243 386 499 572 592 618 696 725 743 777 795 803 812 859 870
42 55 71 75 123 154 228 252 283 286 429 430 448 458 470 615 616 672 673 711 736 752 764 783 814 820 831 835 909 980 998
155 456 574 879
32 60 101 142 177 187 242 247 248 262 269 446 452 453 463 493 505 575 579 590 623 656 697 721 863 940 975 994
17 102 124 148 159 195 197 218 229 323 516 544 579 589 670 674 700 716 739 846 858 868 869 899 924
37 64 99 223 227 294 312 399 408 492 498 551 658 673 688 892 949 963 980
23 57 250 272 360 438 488 575 594 645 728 774 837 858 877 919 939 951 975
71 195 281 309 365 408 499 658 678 705 715
8 15 17 18 28 35 37 51 72 82 84 89 94 97 99 117 118 119 122 126 127 142 146 174 176 187 197 200 201 219 223 227 238 243 244 272 286 289 296 302 309 314 319 342 356 363 390 400 416 417 418 419 421 428 452 464 466 467 486 499 507 511 513 522 533 535 538 541 545 557 563 582 586 590 591 604 606 634 644 654 659 660 664 676 684 687 690 703 714 719 726 739 745 746 764 765 767 772 777 780 792 799 800 802 814 816 822 823 828 837 858 866 887 889 899 911 918 919 928 929 939 944 961 965 966 969 975 989 995 1000
21 25 68 97 101 106 115 125 126 150 175 267 281 298 302 305 320 334 338 358 359 378 381 388 405 414 467 492 521 531 552 591 592 624 635 636 641 645 655 668 682 714 772 788 805 809 852 875 903 916 917 948 985
3 54 88 131 170 180 195 205 219 256 272 331 380 386 400 434 453 481 484 502 509 574 701 727 740 741 816 818 824 892 926 942
31 115 126 167 176 202 290 308 336 388 446 546 804 809 831 886 933 936
12 23 39 57 61 66 144 149 163 181 223 254 294 300 303 425 432 447 450 492 502 530 561 600 626 662 729 754 767 771 797 812 888 928 931 943 944
13 94 110 118 119 134 153 223 228 249 288 320 322 327 394 419 427 452 512 521 580 601 616 620 629 725 735 800 810 886 902 954 972 978 982
25 31 63 142 197 306 375 473 634 722 774 791 804 860 877 891 892 936
15 28 31 56 58 61 63 91 114 155 163 184 196 202 220 236 254 257 258 276 277 299 359 366 374 442 470 556 560 562 588 639 640 679 684 715 724 729 779 807 858 901 916 947 953 954 969 983 986 987 997
7
219 247 280 294 594 668 987
13 25 28 30 47 104 106 145 179 191 199 223 230 248 258 305 314 350 361 375 383 404 427 439 444 453 457 472 484 495 514 521 537 548 625 637 687 712 716 719 733 746 824 831 851 870 871 883 902 917 926 940 958 971
120 155 177 201 240 276 283 363 577 634 635 664 871 974 975
248 249 609 775 993
25 89 92 115 119 121 131 164 245 258 262 365 390 477 485 492 507 528 573 619 630 654 682 700 716 718 741 815 913 915 942 953 961 973
924
25 29 38 126 173 225 254 292 403 416 419 474 476 490 541 549 554 566 575 602 622 625 650 700 717 745 760 766 792 871 899 924 963 976 979 999
21 84 97 100 116 172 182 191 202 224 239 334 378 398 411 426 495 500 531 552 557 631 634 657 738 796 831 837 901
810
197 269 599 601 831 846
12 41 123 127 151 154 159 237 248 254 320 417 421 480 543 608 613 866 918
33 50 178 184 186 228 306 339 375 431 469 566 577 586 598 623 780 870 877 995
22 32 51 251 294 298 342 346 352 435 451 457 462 489 500 506 600 624 626 637 640 692 714 755 769 804 815 834 860 929 930 935 974 979 994
570 656
148 296 345 458 590 702 792 897
7 25 53 77 93 106 110 124 136 176 212 222 223 241 243 286 327 344 384 400 408 412 419 420 448 454 542 567 574 578 619 647 654 688 692 705 728 738 742 749 752 782 783 787 807 817 829 841 847 862 881 931 943 962 994
619
23 694
13 83 115 160 236 324 368 481 697 700 705 722 726 780 799 815 851 874 935
53 769 829 976 983
17 57 140 285 338 339 369 374 428 438 459 567 594 623 624 626 657 661 676 693 732 771 781 819 900 941 977 989 995
262 329 566 870 971
128 155 170 452 522 615 794 863 937
35 75 78 181 208 209 229 258 303 316 340 356 430 433 557 564 592 622 639 647 650 652 688 711 725 728 807 827 860 875 920 957 962 990
28 31 173 199 508 520 559 689 773 827 835
179 186 268 324 431 470 538 573 614 633 668 690 756 815 861 893 944
83 181 233 309 641 769 861
35 71 73 80 85 119 122 144 148 164 165 180 190 197 215 256 288 295 298 303 317 323 337 350 352 398 425 437 442 444 459 468 479 508 514 524 534 575 606 645 653 660 666 676 685 702 714 725 747 756 765 787 800 877 891 909 922 925 950 953 973
2 7 62 191 255 258 427 511 527 829 930
6 188 197 335 343 356 514 611 618 643 668 669 698 711 725 729 731 854 937 988 999
5 25 68 163 281 284 310 502 623 717 746 770 795 866 955
1 30 64 79 131 294 451 538 587 613 650 829 833 882 987 990
8 162 320 359 393 455 508 513 525 569 649 715 723 744 787 788 817 878 896 999
53 193 246 307 362 423 432 440 442 458 484 510 672 747 809 818 879 898 920 968 976
6 648
9 68 94 155 156 166 212 252 336 344 405 510 524 531 586 600 606 610 663 668 738 768 839 889 892
153 156 331 369 385 445 460 606 670 752 769 805
15 56 66 71 95 178 180 185 193 210 212 261 277 296 302 311 338 453 475 479 571 613 636 699 767 774 777 808 819 837 869 888 910 919 936 982 999
15 33 42 52 56 68 102 106 150 154 173 174 197 204 208 220 269 273 276 277 280 285 289 309 313 316 337 347 360 370 386 407 425 434 450 458 466 470 476 486 494 525 545 561 565 574 583 589 604 644 648 651 687 692 710 723 725 734 740 749 780 783 799 804 824 853 888 907 914 932 938 942 948 954 960 962
115 118 188 190 203 244 343 714 829 859 877 926
686
92 221 482 546
112 186 261 357 364 391 461 479 546 621 647 723 730 743 781 789 816 817 972
2 27 50 86 145 307 546 824 842 941
274 617 746 769 912 996
38 147 284 310 446 736 873 926 998
262 469 734 804 836
30 49 51 55 62 76 85 86 93 94 135 168 199 221 253 256 259 265 270 285 305 342 355 382 416 417 436 438 453 489 534 537 540 548 576 591 607 621 663 664 671 679 693 718 767 772 779 789 823 854 871 878 903 906 953 956 979 983
83
24 26 31 43 65 66 151 189 221 227 231 248 265 329 333 386 393 410 414 441 444 479 573 586 590 644 680 685 767 847 881 882 923 948 952 959 973
12 122 132 161 168 174 280 294 355 358 400 401 427 500 539 580 582 752 791 955 987 998
17
188 289 401 405 416 417 609 806 998
295 338 418 657 691 791
66 147 191 196 354 359 442 457 590 613 650 669 737 782 801 844
690
220 587 735 994
91 283 315 576 621 640 738 783 822 958
85 216 626 787
7 112 138 325 341 937
5 195 284 498 737
27 38 39 40 45 64 67 86 93 110 147 223 227 236 260 261 268 301 325 340 343 354 356 362 389 398 450 468 492 500 505 523 563 592 593 603 615 636 640 643 670 691 778 793 803 805 832 940 957 977
8 115 227 248 386 397 451 585 625 732 760 876 937
668 714 755 813
60 414 439 513 623 668 824 830
94 164 186 240 581 842
42 50 71 76 115 167 168 227 228 241 261 265 307 311 342 344 350 380 406 449 500 557 559 567 594 652 654 656 666 677 696 716 719 738 781 823 829 830 868 871 943 946 950 988 993
97 271 424 664
5 51 53 97 103 124 188 197 201 226 237 259 282 289 291 303 320 411 414 477 494 500 520 537 562 573 604 662 663 691 717 769 793 806 824 873 933
7 70 84 90 179 184 283 301 391 392 401 428 447 581 604 625 627 650 655 659 667 682 684 715 794 865 951 975
8 103 139 143 249 274 286 322 345 380 393 424 452 519 554 823 843 947 988
39 64 118 122 190 232 249 293 322 336 347 433 440 445 466 472 478 514 531 578 647 661 673 690 836 870 884 911 962
61 436 784 807 848
9 431 553 711
11 44 67 84 103 143 147 152 187 203 204 210 257 304 329 337 350 360 389 395 402 410 412 446 469 498 500 543 561 565 574 616 628 637 672 691 729 744 754 767 787 800 821 897 927 933 945 952 994
810
54 64 189 400 495 572 580 606 629 665 680 820 823 867 869 878 971 993
56
25 39 56 76 88 113 115 119 138 172 193 258 259 264 268 269 295 296 342 371 391 392 399 406 431 437 445 461 484 488 500 503 595 614 653 654 682 696 732 735 739 741 764 828 831 841 852 899 903 906 942 970 983 984 987 999
95 139 153 230 322 449 493 565 627 766 797 809 936
754
11 21 49 109 114 139 166 189 203 229 230 289 292 303 311 312 330 362 411 418 435 441 442 460 514 548 583 586 618 633 635 647 696 706 721 772 776 801 817 827 842 901 906 913 917 947 967
96 141 261 471 497 766
6 95 230 566 590 752 817 857 878 921 995
394 489 495 713 768
16 80 116 139 166 209 302 312 388 456 515 525 586 617 620 639 649 693 787 797 822 843 893 908 916 933 964
16 29 130 145 166 258 263 289 314 350 428 467 474 489 517 521 556 583 619 643 701 707 714 733 734 762 780 803 882 928 932 987 998
213 346 677 702 899 908 955
35 44 48 52 65 91 105 136 152 155 168 175 199 277 280 298 306 315 365 371 376 385 420 438 515 533 564 574 578 652 687 700 752 754 779 800 852 858 864 878 879 894 934 962 999
10 13 23 45 243 326 427 430 596 602 678 706 707 714 730 754 758 771 831 834 848 875 934
398 433 460 497 514 531 538 546 567 608 612 647 698 753 784 841 911 949 997
28 32 108 134 274 282 308 378 479 503 552 626 672 694 833 883 908
14 59 60 67 71 109 121 126 161 163 179 214 249 278 279 286 360 366 376 379 399 417 435 437 439 457 485 506 517 550 562 576 582 586 623 644 663 708 758 763 764 766 779 804 849 854 857 880 935 955 962 977
173 228 366 413 429 530 607 625 654 656 732 751 761 792 897 903 929
15 58 76 97 119 249 273 346 366 390 393 485 556 620 640 648 877 952 990
64 361 533 686 747 886
26 32 57 175 186 247 270 295 342 371 507 508 572 579 670 697 784 810 894 945 952 994
35 114 129 194 224 232 257 291 375 465 552 562 650 736 755 882 935 941
153 322 329 384 588 776
3 54 70 88 124 127 152 174 202 204 258 429 446 469 513 536 572 679 708 731 838 857 892 935
8 14 21 200 378 449 478 496 539 598 640 677 678 705 749 772 832 855 859 887 904 915 980 995
6 27 36 44 52 58 67 77 154 160 209 215 246 264 268 276 335 380 383 411 485 537 569 580 616 658 693 783 784 802 809 824 833 874 906 908 915 916 919 933 988
473 479 567 579 926 977
33 86 111 170 195 213 215 242 293 455 507 565 634 643 644 665 670 758 783 803 884 948 951 953
63 80 83 90 171 213 214 275 309 360 412 426 452 588 633 660 696 702 750 836 844 888 905 922
94 199 215 419
21 65 76 118 138 155 197 231 244 267 279 299 319 339 352 362 392 402 431 468 470 472 519 539 544 563 584 588 596 599 648 685 715 771 778 787 792 795 820 828 842 857 908 912 913 935 970
3 28 220 316 524 560 603 753 799 834
272
29 181 196 330 379 517 558 631 648 823 986
177 835
64 254 264 379 638 802 902
52 145 351 698 778 799 828 846 850 916
82 117 142 213 296 400 409 486 542 645
77 143 149 157 175 266 278 337 360 371 448 469 481 525 586 629 648 697 721 790 820 833 909 946 962
90 106 129 136 159 183 191 212 285 400 444 514 554 555 562 563 647 779 932 963 969
166 268
17 36 95 160 409 551 945
9 53 66 182 296 377 411 502 513 532 539 556 634 635 700 752 765 780 821
49 114 119 219 265 269 452 542 629 663 801 946 999
546
536 936
14 25 26 27 57 71 91 125 223 230 257 293 299 316 324 340 569 663 688 699 738 763 769 787 802 858 877 914 924 926 994
411 547
83 88 120 128 133 140 216 226 254 287 300 323 341 381 419 433 477 521 545 567 581 683 816 844 922 958 996
4 46 62 81 87 182 210 264 274 287 295 326 414 527 541 612 616 641 654 656 659 699 751 906 916 934 947 950
90 296 459 571 932
3 143 175 399 444 669 796 930
226 352 399 463 531 539 619 764 911 922
92 109 173 179 198 220 265 284 432 449 453 472 539 648 691 701 780 844 868 912 931 981 997
26 55 92 168 756 835
46 52 154 587 597 611 635 667 704 732 740 804 866 929
26 47 130 369 498 614
40 59 71 77 82 89 128 133 149 170 173 183 194 206 228 278 291 347 357 381 387 419 436 441 474 494 498 501 504 507 516 537 547 548 572 580 591 599 616 632 680 729 758 761 763 767 805 815 841 851 882 893 896 898 905 936 966 975 982 991 1000
1 6 8 50 58 67 92 100 122 134 152 169 177 203 209 211 212 224 226 233 256 258 267 280 305 309 316 389 422 442 451 483 494 502 532 551 553 560 577 585 604 612 617 621 624 631 654 661 667 676 681 682 719 729 756 775 812 825 833 905 928 934 947 959 975 983
246
51 78 103 159 317 824 857
1 26 84 102 120 147 149 161 231 265 270 271 284 314 368 369 385 415 443 447 501 550 554 609 671 718 726 761 786 820 852 898 900 945 953 962 974 977 985 990
33 48 179 379 408 442 459 499 501 554 625 629 692 753 782 843 922
9 50 128 185 276 278 342 393 520 570 577 613 679 753 855 883 961
116 188 315 533 852 888
101 116 198 210 226 403 623 651 999
114 415 599 670 708 897 976
280 281 301 330 343 539 706 733 739 788 898 917 922
15 78 243 329 392 441 512 573 588 711 712 746 760 836 906 993 999
18 112 283 290 359 387 420 439 625 642 825 955
89 97 109 314 748 862 914
27 97 104 147 163 167 235 259 449 663 767 932
174 474 732
11 22 26 107 214 288 310 336 394 402 600 636 729 800 850 891 953
31 631 774
9 37 88 95 140 156 182 188 251 292 326 389 412 438 487 522 537 603 621 676 696 728 759 768 851 856 860 867 874 997
8 17 117 120 153 235 239 254 315 376 416 515 527 578 633 666 733 736 785 873
11 85 119 133 157 166 193 197 201 210 217 258 279 290 316 340 347 351 368 389 391 403 441 442 464 510 523 573 582 598 606 624 681 703 754 766 796 824 826 854 861 865 868 875 885 903 932 969 998
173 201 219 220 277 358 369 554 557 587 641 686 757 904 933 949 992
432 449
466 493 572 753 761
65 327 407 773 844 880 912
110 132 162 323 472 616 739 758 832 876 918
107 141 156 180 205 347 479 529 552 560 688 888 929
22 39 43 49 83 104 109 112 116 162 166 195 197 201 234 242 284 290 324 327 350 385 472 477 491 527 551 632 650 660 719 794 888 911 922 925 959 982 983 999
17 173 328 403 417 551 681
13 83 148 150 183 208 223 277 295 322 336 369 388 429 439 448 495 608 736 747 766 772 783 949 968 1000
38 139 151 186 236 252 338 438 481 809 845 862 970 996
2 8 96 147 151 205 219 239 260 315 320 338 366 426 647 667 679 783 806 839 881
34 76 98 306 354 764 899 972 988 996
324 386 892 983
24 36 71 115 117 138 184 248 254 308 315 361 380 459 479 484 518 578 648 706 738 746 747 758 782 808 812 815 832 843 845 882 919 923 972
21 65 170 196 213 219 287 288 300 308 344 375 376 390 444 529 594 670 711 760 867 875 897 898 944 949 975
27 111 266 318 380 384
3 167 236 364 383 402 417 486 650 669 692 757 922
20 31 422 562 578 607 776 777 797
53 219 453 523 544 550 670 761 890 922 939 996
700 992
10 29 30 64 69 117 143 173 185 209 248 255 257 278 305 348 437 511 512 537 551 591 632 637 668 691 921 926 930 985 990
83 108 124 181 210 253 254 321 324 357 375 384 390 403 456 472 475 509 513 523 539 558 644 676 677 682 701 708 718 736 793 854 864 870 891 893 912 955 956 986
9 16 44 59 94 110 129 180 207 252 261 277 309 316 349 379 404 427 458 471 479 500 502 532 550 565 586 597 624 627 648 656 661 691 705 715 717 742 766 771 783 814 882 895 951 956 968 995
73 113 201 227 259 308 415 475 487 605 826 879 991
2 20 39 56 70 112 119 130 156 177 188 194 196 211 295 316 337 345 346 383 385 401 412 419 420 444 461 554 577 597 606 617 620 655 661 662 684 707 732 742 747 765 783 793 882 897 905 955
77 132 205 234 328 366 417 437 474 603 721 747 866 938 956 995
53 56 57 217 265 423 590 597 610 721 746 768 795 805 817 878 880 881 884 945 953
44 145 148 165 197 225 424 474 880
1 10 27 38 48 59 99 145 146 158 209 210 369 409 422 450 451 681 684 797 893 911 927
41 68 112 154 158 168 174 181 197 248 311 312 315 324 370 385 426 506 516 571 666 684 690 728 846 872 879 891 893 904 941 958
89 132 262 392 618 790 793
5 10 49 51 56 78 84 96 103 107 124 136 168 177 196 213 245 262 269 290 330 340 476 484 543 568 592 649 650 652 657 661 703 715 733 794 796 817 871 889 943
380 396 441 705 712
98 100 124 134 351 392 514 900
86 102 185 275 277 315 342 361 439 528 579 627 633 711 732 790 869 959
75 104 279 282 539 778 821
51 68 91 148 149 164 190 202 234 253 385 386 392 404 457 524 534 564 583 613 623 679 806 852 856 892 906 920 921
89 232 351 399 531 546 552 699 761 848 895
378
608
543 649 911
85 94 164 194 210 274 333 466 492 499 508 567 585 590 664 758 859 883 887 913 927 947 990
273 508 570 630 840
21 25 96 120 160 172 243 282 311 338 352 371 419 429 430 442 527 568 582 586 623 629 633 640 669 672 677 686 691 706 735 780 791 794 802 851 906 925 951
265 424 678 925
784
54 67 75 97 116 201 209 212 227 237 267 311 346 350 366 408 415 433 444 463 477 491 517 529 545 683 687 703 710 772 781 800 823 839 867 871 920 924 938 954 961 969 982
68 224 307 451 619 624 792 797 846 885
105 362 461 501 709 758 842 843 986
16 74 104 107 253 306 322 563 718
119 175 185 220 243 314 385 404 407 477 554 628 713
7 63 64 170 209 288 300 321 362 416 417 503 507 568 587 590 634 650 792 826 834 867 878 889 902 923 924 951 998
140 413 829 911
8 137 142 748
26 167 314 425 520 604 625 844 958
1 22 55 71 86 125 139 153 164 248 421 438 466 499 524 531 578 606 655 673 699 701 728 753 771 778 794 805 808 817 867 949 987
335
5 8 9 12 19 34 46 49 51 56 57 66 75 82 90 94 112 120 123 124 125 139 148 156 159 173 192 199 202 215 223 229 245 256 268 275 278 280 310 315 319 320 341 356 361 369 375 382 389 390 421 422 434 435 456 457 458 463 486 497 503 505 510 511 512 515 524 534 536 538 539 540 546 548 557 568 583 592 600 607 608 623 637 641 649 653 654 663 675 676 677 692 702 711 715 721 724 728 732 741 742 754 755 763 767 770 775 782 789 791 793 796 830 831 835 839 840 841 844 850 852 859 878 887 898 899 905 909 916 922 928 938 947 950 957 960 982 994 999
34 91 154 159 272 358 375 453 518 548 574 626 722 743 752 803 830 852 866 981 988
35 64 115 166 179 258 268 297 312 396 401 407 415 477 500 568 620 638 679 693 697 715 749 780 805 864 879
94 495 710
11 23 30 31 41 83 92 93 106 111 115 121 136 137 138 181 190 216 229 277 279 297 299 307 315 341 343 347 353 361 398 406 408 434 438 442 451 452 456 464 465 478 483 546 563 568 587 590 591 592 596 613 638 640 647 667 688 739 767 773 776 777 782 806 813 814 832 836 873 886 907 917 926 946 949 954 965 982 996
5 60 72 126 167 172 192 425 448 469 476 491 524 575 607 692 696 848 878 936 955 999
21 74 137 191 207 257 307 448 505 526 550 620 640 642 738 770 876 902 957 982
587
116 220 274 288 291 459 506 524 565 571 599 653 769 820 939 974 988
13 22 23 35 39 52 92 175 202 203 219 268 346 362 439 500 516 519 524 544 567 585 663 668 734 746 772 777 810 835 906 924 927 946 960 962 987
339 556 614
22 93 107 122 286 317 355 422 447 459 481 611 791 848 946
7 21 29 36 48 50 51 100 118 167 202 233 307 321 381 398 402 419 429 509 513 516 521 525 537 547 550 554 570 577 587 607 609 615 620 625 631 633 639 651 659 676 683 695 696 705 707 719 728 743 752 761 776 786 816 821 834 839 847 884 886 898 908 912 917 930 933 985
12 13 16 44 57 79 87 135 196 315 346 396 419 497 582 590 597 637 642 698 719 734 755 764 767 780 843 855 868 905 939 949
216 339 568 596 641
9 15 78 143 260 273 288 306 313 314 418 450 496 505 554 638 658 712 783 798 828 839 849 902 905 920 984
36 73 86 194 264 291 338 485 620 657 682 705 711 858 930 939
831
105 144 241
1 31 192 205 226 285 313 341 348 390 415 478 480 605 622 653 680 845 894 923
38 41 78 127 235 246 561 631 744 748 802 803 809 921 922 970 999
16 29 33 57 80 90 118 132 133 146 155 191 195 256 263 277 287 294 307 318 319 327 362 418 453 464 465 474 475 483 488 503 507 527 542 570 575 607 615 618 652 659 684 705 732 756 763 765 768 783 785 795 802 811 820 886 898 927
374 983
35 110 112 234 267 320 329 388 436 504 507 541 578 695 729 732 825 871
272 409 428 850 941
46 119 447 471 599 607 675 754 809 958
17 19 21 22 28 70 75 83 93 95 107 171 172 173 188 193 197 227 230 233 245 251 256 258 262 276 283 299 305 307 320 339 354 386 398 401 433 442 471 477 478 483 506 514 519 533 534 544 574 588 593 594 596 610 623 624 629 652 655 665 675 718 761 772 778 792 808 811 812 835 878 888 903 907 917 933 951 965 972 987
49 107 129 380 659 734 762 784 789 810 830 858 910
372 883 996
23 110 196 230 239 260 392 404 592 620 624 634 681 788 913 1000
2 40 54 59 88 103 129 134 154 212 240 242 251 255 290 301 398 449 450 539 541 585 595 598 604 631 681 708 709 745 757 803 889 902 979
383 407 532 577 610 617 626 725 792 801
20 48 56 104 108 130 171 183 192 200 203 209 299 325 341 344 363 392 416 503 529 537 601 645 663 696 710 712 757 768 789 821 834 842 871 914 915 945 965 990
6 12 16 86 156 166 213 218 252 255 261 291 320 400 421 424 446 477 482 483 495 526 536 612 647 652 683 699 704 718 731 764 822 856 861 905 948 977
10 11 102 201 213 284 378 471 473 482 652 659 741 847 910 976 977
53 56 156 177 209 244 342 344 364 393 490 516 610 634 706 723 789 790 799 825 834 904 936 956
283 318 323 392 405 526 548 555 639 681 814 845 855 880 951
3 8 24 25 28 64 132 136 201 204 245 373 392 402 445 452 487 508 522 535 571 634 681 684 728 775 838 896 917 994
90 175 289 333 334 348 399 420 628 681 698 780 826 842 890 981
12 25 34 58 97 136 155 183 186 232 261 265 277 286 302 361 379 404 406 474 573 592 602 668 678 681 733 752 784 820 878 889 907 922 929 930 940 991
23 45 53 78 93 100 105 147 157 167 176 203 214 218 224 227 237 268 278 283 295 311 330 331 355 369 388 392 402 454 473 480 494 508 517 531 534 538 552 556 563 565 569 580 584 588 595 604 607 615 633 690 710 716 722 733 754 755 759 769 799 805 813 825 834 839 851 870 872 925 927 934 941 945 977
4 38 48 94 110 135 157 163 164 174 177 179 183 193 216 222 231 235 253 266 290 317 324 328 403 421 434 450 473 554 568 577 598 615 626 645 674 701 719 728 739 781 796 802 803 813 829 831 842 868 890 898 902 918 927 928 936 955 960 982 993 998
5 87 100 183 209 254 288 298 309 325 372 392 436 450 456 559 571 631 666 716 760 818 858 895 938 980
25 161
17 153 244 366 425 489 532 535 646 714 761 788 811 814 832 868
80 149 598 644 706 712 816 844 873 902
8 33 60 72 85 88 94 122 146 195 224 236 273 297 326 361 373 431 442 472 489 501 509 541 545 565 579 589 611 636 667 675 679 697 730 751 754 757 842 861 889 897 913 936 961 975 996
356 372 445 624 684 695 721 794 799 820 907
20 172 263 319 353 859
141 174 258 310 429 433 470 493 707 797 969 979
22 25 34 41 71 75 97 121 123 128 145 152 175 180 181 182 183 197 200 209 216 221 236 243 248 269 290 303 318 328 332 370 384 408 424 440 441 444 448 449 456 457 463 474 476 481 485 487 490 502 515 520 569 572 593 617 627 692 714 716 729 739 764 780 801 807 813 815 821 845 853 888 895 919 924 929 941 948 951 961 964 976 977 997
18 82 104 414 931
15 29 69 72 93 119 142 143 160 161 242 252 283 293 306 316 351 366 384 409 412 422 425 442 449 450 456 474 483 501 502 512 544 545 548 565 572 574 585 615 616 647 650 662 689 733 740 754 772 783 787 793 797 848 862 870 874 883 891 892 893 896 905 920 929 933 935 945 975
153 243 269 324 397 608 672 728 758 825 865 900 919 929 950
519 865
58 214 217 232 356 388 421 423 424 432 494 597 602 652 712 833 844 865 885
128 262 415 440 761 824 944
9 32 53 69 97 170 248 448 478 494 526 725 783 867 889
128 166 173 348 371 434 437 558 629 933
215 299 489 619 769 875 891
14 88 177 216 218 284 289 363 437 680 694 695 719 813 822 826 869 922 947 954 967 996
338 389
44 47 56 210 231 284 302 319 511 595 639 822 906 926
29 187 201 219 280 301 390 397 434 472 572 574 582 679 688 760 870 916 936 949
25 269 278 286 536 559 579 625 720 799 804
39 45 60 63 87 125 150 215 233 251 310 342 364 544 667 682 691 769 803 812 826 828
27 45 167 335 657 712
3 31 82 137 183 201 210 220 241 252 266 279 292 399 413 430 450 687 693 707 748 775 792 803 812 833 851 854 881 937 997
106 130 151 229 261 301 362 495 694 917 927
117 144 209 250 305 382 386 459 612 634 699 711 733 762 821 840 854 901 913 917 928 978
54 134 495 539 575 616 750 862 868 926 944
62 130 310 465 479 541 664 778
98 124 161 182 207 209 235 271 278 301 329 370 372 394 495 519 544 663 669 675 720 745 748 787 835 855 867 881 907 915 941
166 399 751
1 66 387 417 424 548 758 768 809 888 912
89 147 158 211 247 252 388 413 430 489 572 628 649 707 900 935 949 953 957 966
381 653 922 929 961 997
45 71 85 95 107 143 147 177 178 189 203 248 324 331 341 385 485 490 524 553 620 629 654 679 820 821 932 954 969 992 997
5 15 32 47 76 81 103 147 148 210 226 236 245 300 304 390 526 596 609 613 642 647 668 688 690 715 762 765 776 778 784 799 815 853 879 908 914 936 960 999
7 18 26 57 87 121 136 165 168 193 204 207 211 231 238 262 344 387 389 399 429 444 448 480 514 555 559 560 580 654 668 672 677 789 835 839 893 902 908 911 934 950
31 124 146 202 220 237 239 366 369 409 410 443 487 586 604 643 703 735 834 858 864 908 931 973 985
108 116 129 157 173 208 279 289 348 432 528 575 623 632 637 736 779 785 805 826 827 903 973 988
304 422 439 527 530 617 670 720 729 752 783 822
217 349 389 431 432 441 551 646 663 699 725 738 993
17 60 63 95 122 229 296 319 330 552 583 586 784 796 811 814 821 958 970
138 141 258 264 295 449 561 599 646 679 697 720 763 814 824 833 837 972 974
48 106 131 142 183 185 216 306 319 382 489 571 671 817 903
95 250 532 758 948 988
302 307 430 448 477 617 818
8 64 87 122 131 175 226 274 301 510 529 627 635 636 806 819 926
35 319 392 460 513 602 781 947
280 527 532 629 772
2 62 95 210 447 540
11 32 36 37 61 84 88 92 109 114 123 128 145 154 164 171 184 189 192 215 231 235 237 238 240 249 264 272 309 313 324 337 338 341 352 355 357 360 367 381 392 403 406 412 435 447 451 465 472 478 500 505 530 532 547 548 557 568 571 589 601 603 618 641 642 654 664 667 704 707 711 722 745 746 749 762 764 772 775 778 782 803 818 820 827 843 892 910 925 927 934 944 956 961 964 990 996
15 154 573 856 874 944
135 208 232 243 246 399 982
105 230 350 375 421 544 595 729 892
160 399 422 642 730
46 97 169 247 512 614 714 720
14 17 81 107 133 256 259 355 377 439 531 633 650 694 704 898 941
460
6 21 52 83 85 143 189 233 254 267 271 292 332 397 400 625 681 721 754 816 838 860 945 948 964
59 64 152 350 515 893
3 4 18 48 62 78 100 111 116 162 177 198 214 215 220 233 253 266 284 301 319 363 365 378 390 420 423 433 448 464 471 495 511 527 587 638 656 658 665 682 756 759 813 814 827 854 864 885 900 911 929 959 968 984
5 30 73 157 244 253 300 340 357 401 417 429 448 454 612 641 689 702 705 772 905 933 990
25 34 48 185 197 198 253 278 284 285 311 314 325 339 417 431 465 475 481 620 790 819 870 920 955 981
1 27 37 60 80 104 116 151 223 234 239 257 287 353 373 381 384 392 410 431 438 441 443 469 475 488 558 573 577 647 674 675 683 692 699 704 761 791 816 817 836 865 879 890 895 901 906 908 935 939 944 949 957 970 998
91 94 105 125 220 226 245 297 305 308 342 448 525 545 605 609 646 663 678 756 785 851 897 903 960
57 83 134 171 174 178 309 331 345 390 449 460 643 672 728 730 755 823 830 877 951
16 55 68 77 78 94 123 136 162 169 191 193 200 213 236 239 282 291 302 304 315 398 438 502 550 554 565 604 661 672 677 692 695 718 760 761 766 767 782 797 861 880 881 883 913 928 937 939 970 978 979 997
38 213 255 405 604 763 894
149 322 693 743 798
4 38 50 67 73 119 126 227 291 371 488 521 528 549 642 689 778 809 811 816 881 891 905
38 74 172 321 485 645 833 870 873
154 242 251 366 506 534 544 622 678 829 906 916 929 967
47 52 58 64 65 72 75 85 107 114 115 119 132 204 226 302 316 337 340 341 396 403 459 501 531 600 609 610 652 674 692 723 744 760 815 823 841 859 874 898 917 919 952 953 972 981
20 362 652 841
18 80 151 296 372 376 406 474 496 530 637 726 818 880 968
18 26 82 120 135 159 189 191 207 216 232 235 263 505 600 629 668 698 701 760 851 905 912 938
46 66 106 159 163 170 186 229 233 260 264 269 310 325 330 400 406 513 524 547 575 587 597 642 666 780 940
82 124 570
25 68 78 106 126 240 390 455 475 563 567 572 592 730 759 861 922
213 632
47 135 149 194 197 199 208 222 255 275 284 365 369 394 407 437 452 476 515 519 537 547 553 556 572 590 591 641 647 663 671 674 704 798 806 810 865 887 910 911 923 928 930 949 985 986 987 997
4 30 60 72 82 96 100 103 161 163 174 211 216 230 248 253 267 272 275 287 304 306 314 356 407 422 428 455 466 478 509 528 556 568 598 599 614 632 635 667 711 716 718 722 745 748 760 783 816 828 842 847 854 863 874 901 902 906 946 968 972 998
10 280 317 320 409 446 852 898 913
34 74 132 171 433 453 622 635 689 753 896
59 152 212 235 254 259 269 333 355 382 461 525 601 669 764 776 819 826 920 922 957
19 34 51 59 100 125 130 269 299 327 413 443 447 470 472 489 494 515 549 726 745 764 782 816 911
33 65 153 267 314 445 544 576 663 723 779 787 826 858 943 949 957 960
116 175 291 301 355 378 398 487 553 601 678 688 731 847 900
103 140 193 285 369 395 676 927
48 52 60 167 180 444 561 634 645 820 888
155 222 251 280 283 419 475 726 811 819 906
32 92 153 176 419 455 504 805 849 871
48 110 186 203 223 257 350 440 607 608 633 644 708 744 745 765 856 858 888 942 991
10 63 81 110 121 188 213 218 254 263 266 277 283 285 289 318 342 358 394 460 476 511 513 526 528 542 556 561 568 570 616 628 640 641 645 688 691 707 711 726 735 797 807 810 818 829 906 923 926 928 935 992
1 18 65 126 179 223 276 278 294 305 360 376 497 567 580 582 621 680 742 801 969 981
161 225 294 767
97 106 173 188 279 333 336 348 415 484 543 554 937 971 987
98 184 189 205 268 301 494 543 582 614 688 730 844 854 875 986
273 525
337 364 390 438 500 505 517 570 601 620 823 855 868 869
47 82 158 433 843 984
194 211 525 532 541 618 753 858 941
27 295 339 370 472 494 540 678 927 952
68 86 179 315 403 413 505 592 707 720 818 850 858
205 225 499 757
77 205 287 323 397 460 609 812 889
18 46 66 81 90 91 97 99 124 129 153 165 190 221 223 237 242 256 269 270 276 277 279 284 291 302 311 354 424 438 447 454 459 510 541 558 642 694 748 761 765 767 886 893 895 927 934 940 988
63 73 76 97 145 154 237 243 256 263 279 324 325 340 343 358 381 387 400 435 509 536 553 555 601 618 619 687 858 879 936 989
137 370 683 784
48 136 214 271 603 704 951 964
55 141 231 242 280 407 467 475 675 720 942 956
1 106 193 232 280 295 411 439 483 486 490 597 609 627 630 691 759 784 787 848 881 937
13 423 455 592 595 636 640 937
2 6 14 17 40 43 57 65 82 87 94 108 115 118 146 220 237 259 303 362 375 413 457 480 486 495 566 591 600 602 613 624 646 654 673 695 721 729 740 742 749 804 842 843 868 875 883 905 906 913 923 972 994
2 131 132 162 163 164 420 522 612 693 722 948 984
586 793
50 81 149 172 189 248 252 279 312 365 367 403 404 410 412 417 423 424 449 454 479 488 489 504 521 539 544 572 658 706 862 865 872 934 937 970 997
68 106 201 227 244 249 260 267 320 345 346 371 405 460 495 612 674 719 833 873 912 960
596
136 389 458 730
625
60 68 91 136 150 163 298 369 373 434 659 793 861 864
3 7 8 12 54 68 253 361 437 627 662 672 703 731 764 802 834 836
20 38 39 52 83 116 126 167 207 218 234 239 269 344 353 395 402 405 423 449 468 489 521 531 546 558 572 622 631 662 666 672 685 707 733 750 762 783 805 815 859 863 873 875 885 894 900 921 945 948 957 971
66 139 316 431 465 631 661 689 702 736 809
165 265 279 315 725 791 993
57 79 117 275 326 420 440 453 503 631 965 976 992
29 34 118 119 206 208 220 261 276 303 351 361 406 407 426 432 467 600 629 686 690 745 775 815 824 874 909
83 152 232 240 251 271 325 412 511 639 652 688 834 848 852 886 919
55 96 113 162 242 256 338 354 359 472 540 828 849 938 941 984
382 507
258 296 626 639
58 295 300 537 660 766 915
41 46 49 54 60 187 286 324 334 357 470 578 595 600 605 622 650 669 704 759 772 886 902 908 943 971
276 386 404 413 419 496 521 549 586 609 750 790
3 4 62 101 111 118 165 210 301 304 306 333 370 401 404 419 445 460 479 497 501 506 532 552 580 601 621 630 654 655 658 666 671 672 696 708 714 742 744 770 771 774 787 793 806 819 826 839 867 872 876 943 949 961 990
5 103 112 273 290 455 457 554 727 792 954
59 61 64 70 92 101 168 178 180 220 234 301 466 507 515 535 595 640 730 754 792 811 873 881 901 902 965
11 351 440 550 559 594 623 670 671 694 737 746
32 51 62 199 291 310 346 680 796 814
23 33 207 329 382 532 575 648 858
14 102 540 583 636 749
24 25 33 63 70 74 82 86 89 106 118 221 240 241 249 275 311 321 337 342 352 367 372 379 394 403 418 422 435 458 460 485 520 523 525 532 563 594 608 622 651 674 691 746 787 794 803 814 840 851 900 924 935 939 946 988 993 994
70 83 107 111 147 180 203 228 233 284 329 371 379 388 444 453 494 510 536 585 620 628 629 636 663 691 732 786 797 808 850 856 857 869 876 923 969
47 73 130 141 258 499 555 576 578 610 666 670 692 695 732 772 847 889 924 952
14 19 107 168 681 693 789 904
1 47 52 57 77 127 130 171 177 179 209 215 252 262 265 291 296 309 310 312 321 334 348 367 373 426 464 508 514 530 538 570 601 605 633 649 654 671 675 691 705 722 745 757 770 814 832 835 839 866 892 922 925 975
24 37 62 89 108 113 123 126 130 134 196 225 269 273 300 328 354 365 366 368 376 404 409 417 436 454 495 497 531 534 565 566 576 589 615 619 657 693 703 740 745 770 776 782 822 849 859 913 916 963 982 989
22 104 127 140 182 194 212 312 317 377 393 399 442 455 471 476 500 553 707 747 753 761 809 884 909
138 169 286 347 378 498 603 650 932
553 666 727 769 991
35 62 242 396 827 850
40 143 199 263 266 268 277 296 298 300 307 339 552 592 617 620 797
12 15 26 32 51 61 84 123 137 152 171 179 187 215 220 240 249 260 264 290 325 327 350 359 368 382 394 405 447 468 517 518 519 528 534 538 548 560 592 596 598 615 635 670 709 744 790 905 946 958 970 974
620 858
942
39 221 296 306 351 501 518 554 571 741 746 769 788 942 958 971 976 980
6 38 55 120 154 186 369 371 379 533 618 664 807 834 858 881 990 993
86 94 261 316 451 518 530 778 822 860 875
29 137 209 269 281 403 608 699 701
225 260 322 696 876
144 376 393 459 489 526 551 599 603 628 680 710 722 806 844 877 951
38 50 61 99 102 109 111 161 183 232 256 272 319 320 324 365 401 421 423 446 501 509 571 673 692 728 786 796 797 819 850 858 894 936 948 965
8 33 340 581 586 706 775 783
316 539 731 763 781 792 849
974
93 169 221 223 279 298 329 432 455 463 488 522 551 661 674 699 796 827 876 880 931 966 976
6 66 134 167 371 447 467 680 743 795
287 391 486 544 723 752 781
76 117 146 289 298 578 595 601 704 735 745 752 806 832 833 887 921 951 958
1 2 5 109 114 123 154 171 192 282 310 330 337 345 347 409 432 446 448 491 542 671 685 694 770 795 828 861 918 981
554
167 208 217 242 258 276 296 377 409 417 467 475 497 537 645 712 738 793 850 877 886 944 946
99 310 370 379 448 463 514 547 611 742 926
34 357 494 660 893
68 73 82 228 286 496 576 582 601 652 663
25 50 53 102 373 671 894 978
659
5 26 127 154 176 177 195 234 240 292 298 304 325 326 327 368 371 375 388 392 407 422 423 463 474 483 502 504 539 551 573 579 586 593 596 600 630 680 685 718 745 795 857 899 904 935
224 544 921
15 57 160 168 169 184 192 240 319 325 339 413 435 517 523 565 586 741 745 787 798 809 822 870 900 903 923 934 976 985
124 179 204 236 336 356 433 485 546 557 751 975
54 128 144 158 159 193 223 242 245 246 369 373 616 627 660 685 695 698 742 759 763 810 822 837 874 880 886 965 972
46 124 207 834 901
224 304
837
133 326 332 366 591 904 969
50 87 131 159 168 171 244 286 300 406 413 454 479 526 550 605 606 626 681 691 694 711 734 789 830 834 845 853 901 941 943 946 970 996
311 338 553 588 705 885 908 919
3 7 19 54 125 227 287 304 340 412 423 427 428 523 642 717 726 728 738 755 781 785 923 989
3 85 88 134 170 177 190 208 299 333 364 417 457 468 472 511 531 536 551 570 599 697 709 725 732 851 893 934 943 954 966 984
86 142 153 197 373 384 433 441 469 527 624 649 689 712 735 771 777 795 943
143 163
21 172 278 355 389 456 479 483 511 514 696 739 740 741 888 939
58 80 794 897
28 46 167 252 274 282 332 421 432 445 494 497 523 582 722 766 866 929 943 981
18 26 101 127 253 335 387 471 489 491 679 770 803 827 832 837 902 932 978
173 194 250 357 700
198 467 807
20 27 43 73 95 146 160 172 191 194 223 392 397 417 456 503 567 592 608 621 630 650 654 725 794 838 865 869 876 890 898 963
31 89 126 195 227 351 568 678 708 716 748 796 900
2 22 149 160 193 233 255 269 298 395 470 540 577 624 668 702 901 913
46 238 298 337 473 503 595 728 734 736 904 907 975
31 225 259 565 884
3 6 18 35 45 52 63 74 75 76 94 108 112 136 137 156 174 189 193 196 202 205 222 227 240 263 284 311 316 326 335 374 375 397 414 423 431 472 474 499 528 538 539 543 547 551 561 564 587 593 635 657 661 681 727 729 746 749 754 761 771 772 810 822 826 832 842 876 925 927 933 935 950 951 959 961
186 301 319 357 436 466 707 852 864 874 967
21 86 96 145 158 171 207 301 320 419 430 464 476 567 574 623 666 679 785 799 825 850 928 930
1 39 77 88 116 231 237 275 332 335 341 357 388 607 739 796 859 864 901 902 953
23 329 735 930
127 341 400 659 889
322 417 468 549 568 603 709 805 829 888 928 939
44 74 102 141 193 267 332 333 360 372 401 410 413 469 573 576 590 658 737 741 771 802 808 822 922 944 956 967 991
61 115 212 227 271 281 430 471 523 526 622 654 683 716 876 898
3 7 19 27 37 46 62 113 141 142 155 164 167 171 188 198 207 219 222 237 250 260 261 265 276 280 287 293 296 304 311 313 314 315 323 325 337 363 366 378 385 389 410 460 488 509 520 521 523 525 534 539 565 569 580 583 585 591 601 605 610 641 645 649 681 698 735 747 760 761 765 771 774 780 796 809 812 815 832 844 857 886 899 910 924 931 958 962 964 967 974 976 980 992
855
226
4 8 122 233 274 275 285 296 320 336 386 412 446 479 531 564 584 599 648 651 699 714 773 784 835 880 893 956 961
101 497 524 791 934
482
85 119 220 287 301 313 329 681 756 815
11 15 22 45 65 80 93 109 116 152 167 181 201 207 217 315 387 435 442 514 522 526 547 568 586 618 655 718 758 781 784 809 827 859 882 899 915 918 964
55 261 309 418 434 549 685 928
28 75 107 125 126 146 164 227 231 234 245 259 308 315 321 374 393 403 405 409 464 523 610 638 687 696 713 772 787 793 848 875 890 897 907 939 950 953 979 982 987 996
6 34 47 88 100 104 114 123 124 196 238 251 253 265 281 293 298 300 310 312 330 341 366 368 373 384 390 400 406 430 441 442 445 465 468 486 502 503 508 532 542 550 557 566 580 581 602 609 613 642 654 657 675 676 685 689 699 707 715 728 734 743 757 766 778 805 825 851 856 858 873 879 885 890 901 922 931 947 949 956 972 979 995
7 39 40 45 55 56 73 90 108 110 120 148 149 151 194 201 211 234 251 257 266 277 293 304 334 358 372 374 375 398 401 425 432 444 461 469 470 472 476 547 551 559 576 577 593 605 606 643 667 674 676 678 691 695 702 706 725 746 749 753 775 780 793 794 814 815 819 824 871 874 889 903 906 939 942 948 957 979 982 985
15 40 54 84 106 157 160 197 221 240 280 287 309 310 379 389 400 441 472 500 572 575 578 594 614 629 633 652 661 666 667 671 681 721 731 767 785 807 825 881 897 903 936 950 981 996
3 63 66 121 196 225 238 279 285 311 362 389 399 407 426 450 522 529 537 554 614 672 748 802 860 896 906 933 955 991 995
136 189
146 504 519 605 703 723 730 731 758 826 985
15 22 47 67 72 105 116 146 164 172 192 203 205 206 220 223 230 254 256 296 370 393 419 444 451 494 498 596 612 643 665 675 677 679 803 810 820 844 877 893 902 932 970 982
315 334 363 364 394 425 517 754 765 829
31 50 132 195 200 286 313 524 582 602 682 688 756 764 792 805 843 848 883
24 47 184 213 224 315 374 455 567 614 658 769 826 901 914 964 977
75 146 164 170 291 444 454 476 490 552 576 817 985
385 393 399
96 119 171 399 440 667 684 726 734 820 880
76 230 334 608 715 865
175 213 238 339 456 472 637 661 942
13 22 33 55 63 148 181 215 226 454 477 515 542 558 565 585 593 600 614 657 668 723 725 746 783 802 809 858 859 887 910 953 958 976 994
202 231 971
66 77 101 157 163 250 310 331 338 382 512 699 741 746 915 959
51 98 122 139 142 182 204 218 287 305 313 336 360 361 435 471 520 574 576 600 625 641 648 653 743 766 776
34 44 86 106 187 207 216 307 361 363 387 429 463 476 479 583 692 741 778 789 810 881 903 964
134 188 254 440 788 828 860
54 55 67 71 89 104 105 120 167 191 199 211 236 253 254 260 268 278 313 327 354 368 413 431 433 464 470 477 497 510 569 588 592 611 647 662 665 668 683 707 709 737 791 797 843 858 861 877 948 961
11 16 92 103 159 170 292 307 417 464 480 501 646 760 803 816 865 884 902 966
39 275 319 416 434 453 638 653 673 700 734 871 873 889
2 100 154 213 292 418 548 596 674 681 779 814 850 963
46 47 53 80 100 138 285 354 363 445 558 642 663 676 705 715 837 856 897 951
28 128 142 202 609 649 721 873 885 906 951 977 992
21 43 53 97 136 147 152 158 225 235 259 266 299 302 344 375 395 420 434 449 467 498 514 528 547 592 607 620 621 647 688 710 717 730 733 770 784 785 787 843 900 901 944 947 970 972 979 983
225 479 506 572 974
126 137 164 181 187 194 219 225 294 321 351 354 425 442 468 514 559 603 714 740 752 768 776 813 873 905 918 935 944 971
8 33 92 96 99 109 135 161 168 174 182 189 240 242 265 279 281 289 309 321 338 340 396 418 436 506 550 564 580 597 607 609 643 671 674 681 723 746 764 766 776 782 809 834 849 858 876 890 926 943 955 971 975 980 984 985 998
13 74 77 118 165 179 182 201 203 211 276 288 289 293 314 327 334 363 380 495 502 511 514 595 607 652 673 743 761 780 803 902 938 950 953 994
839
76 139 147 437 467 523 527 550 575 585 778
2 54 56 73 90 108 111 195 197 201 311 321 335 337 345 392 413 432 461 485 492 504 511 517 615 625 637 752 756 832 912 967
61 89 144 168 199 219 290 345 359 424 558 746 954 960
2 105 115 172 175 204 268 278 313 331 419 431 432 436 458 501 532 583 594 669 682 759 775 824 905 923
14 67 203 242 344 598 655 736 759 795 934 960
41 74 75 96 111 115 117 140 166 167 178 182 191 220 232 235 254 258 329 351 366 376 388 400 410 415 442 453 456 502 503 520 523 530 561 602 606 635 640 644 656 682 685 694 713 727 728 729 744 769 774 776 780 793 794 801 804 815 834 843 865 878 898 905 930 957 974 994
63 81 110 194 201 203 223 257 279 292 293 329 331 378 385 416 418 430 504 576 650 662 765 781 783 805 838 852 873 906 933 940 966 967 973
16 604 839
82 89 390 461 654 901 978
98 125 240 274 317 327 366 383 440 452 482 631 683 722 815
12 29 35 76 176 348 394 413 658 732 815 942
6 31 57 81 97 136 161 175 184 192 216 244 245 255 269 326 350 352 359 407 416 428 443 490 509 548 566 579 596 648 757 768 787 791 803 876 883 936 949 982 984
142 231 434 486 760 806
20 113 145 244 308 413 416 484 530 542 628
3 74 85 196 242 280 314 368 379 429 458 468 570 593 714 732 734 919 963 980 993
84
81
3 29 107 137 201 204 299 368 371 375 413 438 496 505 510 511 542 586 588 639 655 679 715 726 728 790 813 931 939 962 976
34 62 98 104 128 171 234 241 288 292 381 414 427 512 575 682 714 742 792 811 813 905 906 911 928 990
994
149 153 460 522 574 577 581 616 619 623 633 672 739 788 811 857 887
18 20 33 70 85 127 157 164 165 203 216 218 237 248 371 393 450 459 464 497 531 625 628 636 682 699 716 725 762 793 881 967 986 990
9 28 51 76 113 139 141 142 143 172 174 185 187 211 213 235 265 287 297 311 312 322 327 331 347 358 398 399 418 420 437 438 467 469 478 483 493 509 520 534 541 555 570 581 582 599 602 611 625 650 662 664 670 687 688 696 704 710 738 749 757 763 774 792 839 884 886 895 911 922 932 936 938 947 956 960 972 981 993
8 22 45 77 94 100 102 107 164 182 230 294 329 333 346 374 383 400 401 415 443 448 473 516 562 565 617 635 684 710 711 724 751 758 762 766 772 846 870 873 901 920 959
4 11 91 98 161 180 199 204 252 280 428 472 513 593 622 637 665 682 709 802 876 879 884 887 920 936 939
66 81 188 368 546 588 963
60 66 90 100 161 165 188 204 222 308 398 425 460 488 491 577 590 614 625 726 731 743 761 796 813 833 993
36 144 171 176 238 253 272 364 829 851 923 984
343 366 568 605 672 759
71 156 360 408 410 611 972
6 24 55 111 112 126 195 203 255 278 343 350 352 365 372 373 374 389 400 403 441 472 494 497 499 534 546 553 562 611 690 715 717 724 761 791 802 842 877 927 958 961 979
30 116 173 271 320 367 405 440 454 626 654 655 742 747
20 47 105 270 287 403 473 519 534 564 721 799 818 848 855
571 629 634 820 964 966
247 358 417 937
418 796
1 10 44 68 73 77 89 105 120 147 150 165 171 185 193 204 207 244 247 255 261 303 304 311 336 338 343 355 369 371 400 406 409 413 423 451 467 473 479 481 516 523 538 547 569 587 596 637 656 697 724 751 760 794 797 800 803 821 884 910 916 924 934 956 960 971 985 992
76 146 162 200 206 385 397 398 411 477 721 743 948 964
43 51 89 103 175 178 230 277 329 382 408 438 484 554 590 730 750 773 828
17 75 89 110 160 168 182 251 255 259 264 298 301 305 313 324 366 400 404 469 497 507 515 534 544 556 573 575 588 600 603 665 680 681 695 704 720 754 781 821 823 843 856 858 942 952 972 987
24 64 88 96 143 178 200 269 273 277 285 301 303 308 338 354 415 419 426 474 522 545 630 647 658 690 698 731 747 763 783 808 815 820 823 851 868 906 970 978
87 93 138 146 147 174 181 257 281 287 304 339 340 417 458 468 485 508 571 589 595 613 630 648 675 697 728 785 861 878 939 948 968 986 996 997 998
35 47 85 91 133 142 146 176 231 248 272 305 319 351 361 362 377 384 399 400 422 459 512 514 653 735 778 780 791 922 975 982 989
299 864
11 28 37 49 69 119 145 185 203 204 206 305 319 324 329 333 349 367 410 462 554 601 616 687 692 756 810 814 901 923 998
217 225 409 427 457 718 889 917 975
72 185 285 435 782
141 661
26 36 40 52 92 129 130 134 169 217 225 233 261 268 309 347 363 388 429 443 452 466 473 496 531 571 573 574 613 616 635 656 664 669 726 733 762 764 774 789 790 812 821 869 923 957 970 996 998
4 16 23 73 81 121 126 131 158 228 240 254 267 343 351 423 463 468 590 655 718 727 775 896 962
203 362 383 962
19 20 88 100 104 134 138 200 227 230 338 344 478 498 586 596 780 792 818 859 885
9 115 368
112 125 131 178 408 477 502 710 738 798 965
178 202 303 411 461 510 552 585 694 779 801 848 882 956 984 992
30 100 111 112 177 282 298 310 461 507 526 561 600 614 618 658 712 761 806 814 921 937 961 963 996
140 152 240 481 678 794 996
225 602 733 760 920 924
5 21 45 46 67 71 123 151 152 172 229 256 269 286 304 305 314 336 348 380 409 430 470 485 510 527 559 595 618 628 699 718 747 780 787 790 822 826 903 914 931 939 977
958
23 53 68 70 92 102 108 160 180 195 202 265 293 314 317 329 332 334 373 464 466 471 501 538 541 571 587 623 631 640 643 654 703 716 718 721 747 753 757 764 807 834 837 848 850 878 904 912 919 931 967
1 21 34 82 89 132 134 158 175 189 204 225 231 265 308 310 335 337 352 392 400 407 408 410 411 427 433 493 527 538 543 544 545 561 572 576 583 604 614 631 634 647 653 697 710 715 722 756 757 761 834 843 845 868 873 902 904 920 929 959 960 977
744
24 91 105 178 181 193 215 279 283 335 359 402 410 471 472 487 500 505 548 584 662 690 732 771 839 866 894 901 920
310 419 460 545 596 709 791
72 83 219 299 421 442 751 778 792 803 852 999
20 25 171 190 219 223 231 238 273 313 331 395 675 689 729 782 857 919 985
23 61 84 165 172 327 351 376 384 554 681 822
85 88 94 108 127 164 202 239 258 285 286 304 358 391 398 427 454 465 513 571 642 647 697 817 825 841 876 879 912 992
102 144 192 467 508 589 607 712 814 910
755
36 42 51 61 86 130 133 147 182 188 189 202 238 311 318 327 341 412 450 469 552 580 634 651 655 680 751 774 781 789 793 808 919 974
48 55 64 107 129 469 534 560 607 643 684 714 717 725 975
4 19 30 69 70 120 127 149 181 190 200 270 293 300 310 350 354 373 383 388 389 402 431 443 445 453 459 497 499 513 516 523 528 538 553 558 566 582 584 585 598 599 608 609 633 642 643 680 685 686 696 702 727 744 754 775 776 781 793 804 813 832 834 837 856 863 893 910 929 936 961 962 968 987
18 89 234 269 303 306 363 465 657 724 760 804 809 831 844 856
11 17 99 106 119 136 290 297 305 332 363 378 448 462 507 534 539 697 722 814 835 872 941
664
21 30 83 166 225 264 288 323 339 427 520 556 590 601 649 650 672 682 738 935 955 985 999
23 35 44 58 64 84 115 124 128 132 138 158 173 178 180 193 208 223 233 239 245 249 266 273 284 286 295 297 307 309 318 323 328 335 337 346 354 358 364 387 410 423 437 448 455 461 466 467 476 487 514 529 537 555 558 592 600 607 619 626 637 644 647 648 660 688 710 738 759 762 775 778 779 787 804 806 809 812 815 818 823 837 839 843 858 872 901 908 913 915 919 925 930 939 971 974 975 980 984 991 998
142 294 380 472 480 509 700 780 928 983
196 207 609 788 802
94 259 789
43 61 78 134 156 183 191 219 251 288 317 325 347 364 439 444 460 461 466 487 509 536 538 557 559 561 587 648 650 691 717 739 740 760 777 807 825 861 904 985
177 239 255 347 504 868 982
845
24 295 351 446 485 499 597 728 740 885 1000
102 109 189 263 267 308 388 629 680 713 769 838
2 125 145 164 184 366 425 451 486 668 883
80 207 405 631 674
665
364 457 601 831 991
25 72 108 114 122 185 209 279 296 321 328 330 344 358 393 426 430 446 460 514 518 519 529 534 539 555 559 636 724 735 769 784 795 877
70 162 206 377 417 562 716 759 947
849 855 922
181
22 39 60 63 68 84 122 157 184 189 190 225 227 259 334 337 348 378 382 383 394 465 493 532 548 554 561 576 592 597 598 608 611 650 661 679 681 689 742 756 812 823 825 846 942 958 984
49 93 94 97 116 147 153 183 223 243 256 259 267 358 470 478 489 641 664 682 779 781 796 859 862 895 935 986
64 75 76 129 137 187 237 287 424 465 539 591 612 792 799 843 878 991
391 617 631 887
413
86 127 366
43 84 92 202 225 269 271 305 327 331 335 340 348 420 440 459 467 501 531 575 645 646 682 693 712 752 759 858 905 953 960 977
38 60 261 273 343 406 461 490 529 598 622 630 645 652 659 732 828
28 125 166 190 414 419 677 756 994 1000
252 326 604 639 731
2 7 18 125 164 178 185 207 321 384 417 469 489 493 494 517 544 569 585 586 634 690 707 745 750 759 789 790 928 944 971 979 982
7 19 98 117 154 264 273 278 302 351 367 392 396 414 421 430 431 574 625 637 667 684 715 736 775 791 818 890
6 10 14 16 45 48 63 65 73 83 116 117 135 150 157 204 208 214 220 233 268 272 295 298 336 349 350 402 405 413 443 466 489 500 533 553 573 579 585 589 606 608 640 672 686 692 723 748 750 754 755 769 778 788 790 801 812 818 826 843 853 865 867 911 941 946 963 967 975
304 465 569 572 823 1000
11 15 42 50 54 86 116 143 199 218 219 239 263 347 365 373 392 414 459 460 487 502 531 545 548 568 570 579 610 613 647 650 656 666 688 705 709 718 742 807 811 818 838 863 866 877 977 995 996
90 91 130 220 244 258 273 292 313 355 358 472 517 695 728 769 913 986 990
109 167 237 244 277 288 344 762 779 819 865 869 961 990
309 802
2 3 24 25 29 38 46 58 66 74 77 155 179 183 189 198 201 271 272 299 305 313 321 346 364 367 368 374 375 377 397 451 459 462 473 477 498 509 510 526 528 613 662 682 696 700 723 729 732 738 752 756 775 791 805 807 837 842 876 879 902 951 952 957 969 970 975
190
285 289 296 371 492 576 647 701
18 19 116 139 182 211 270 274 294 299 320 328 399 417 509 515 521 637 653 666 693 706 718 725 731 746 783 805 836 852 856 894 915 972
876 889
3 183 186 229 236 265 305 355 402 450 478 527 528 782 795 805 835 854 873 894 928
52 55 139 144 255 260 264 283 301 463 469 557 572 592 623 672 673 732 837 932 944 986
142 196 257 266 414 446 473 484 491 510 587 595 637 735 898 915 924 929 990
10 42 64 140 148 259 278 453 456 543 649 653 702 707 781 809 826 841 882 975
12 15 48 76 95 266 282 310 346 500 538 605 649 660 672 679 711 729 731 821 832 857 890
39 99 118 122 131 140 142 160 179 199 204 212 224 232 235 243 273 275 277 304 355 370 385 396 399 406 477 483 485 499 523 532 537 542 552 559 581 589 594 596 601 661 666 677 681 688 689 716 726 741 781 788 795 815 827 839 841 854 883 891 899 906 910 914 969
30 69 93 96 115 127 173 230 244 261 344 359 376 398 405 491 494 538 564 584 605 611 626 640 645 661 670 717 721 757 772 779 787 796 797 908 926 929 930 941 967 974 994
7 41 48 113 124 137 161 169 201 209 234 240 252 270 275 282 286 418 420 436 452 454 459 472 519 531 570 639 641 645 655 705 711 712 747 758 761 923 976 994
14 67 79 141 154 171 226 333 352 459 520 527 593 595 775 867 874
35 97 143 149 224 342 353 382 408 491 495 497 530 591 617 658 677 687 692 697 715 722 782 786 844 873 875 880 914 917 935 953 963 965
198 572 585 759 846 920
129 134 265 456 608 698 774 902
12 88 113 251 347 389 467 488 508 510 516 571 575 629 652 687 692 789 798 803 820 848 944
91 134 278 282 408 565 817 940
162 163 207 240 309 324 346 361 424 431 443 507 519 617 623 758 781 792 920
232 328 330 459 511
491 762 977
41 60 130 280 328 517
55
226 335
6 10 81 137 152 162 206 266 268 271 297 400 432 463 554 576 596 815 836 843 880 892 916 923 930 974
56 57 73 78 155 187 237 244 272 325 337 341 354 399 420 429 456 521 522 549 560 638 685 691 714 761 770 779 790 830 841 909 927 954 975 985
41 66 139 191 240 244 358 359 468 483 515 535 569 598 607 655 706 865
37 341 402 909 923 941
79 176 997
40 50 53 95 103 125 148 172 257 292 380 387 436 441 449 483 494 508 539 540 570 590 603 606 628 634 682 685 704 707 752 774 785 803 804 806 807 813 834 853 880 895 930 998
18 50 60 94 104 196 277 278 285 345 363 378 435 452 481 486 492 493 511 538 572 767 779 815 927 950 955 964 966 975 983 998
57 100 189 298 482 711 820 822 882 932 967
72 86 135 136 174 224 253 322 578 644 714 721 778 786 833 885 941 942
22 27 28 61 69 129 177 178 191 213 224 228 267 281 285 307 310 318 373 383 391 465 478 515 522 537 542 546 579 608 615 630 646 647 652 671 686 719 753 826 828 830 857 870 891 893 923 952 956 978
111 467 617 742
23 127
38 39 47 86 92 105 133 134 163 208 222 244 255 276 300 360 361 364 368 386 391 412 431 475 505 528 551 563 624 630 645 714 760 775 779 804 822 831 863 876 880 894 939 959 964 986 994 998
146 202 498 760
10 34 46 92 156 186 235 309 317 359 362 391 418 425 528 593 685 745 751 875 909 970 989
4 229
16 49 67 222 293 504 737
28 119 154 245 525 654 673
10 145 487
21 50 53 148 215 360 399 410 631 639 876 879 920
289 476 1000
31 51 95 339 434 526
18 23 51 58 76 129 146 156 198 201 219 282 284 290 323 324 393 396 419 488 520 579 605 612 646 669 730 746 813 839 870 887 899 933 966
497
92 106 178 208 275 293 318 339 344 447
636 895 912 922
95 162 199 200 232 234 359 397 408 502 599 643 727 769 818
499 506 738 762 995
93 159 171 178 367 414 432 500 688
37 54 66 171 211 241 258 335 345 360 405 459 482 524 532 596 597 610 621 658 698 714 764 768 788 889 940 968 970
30 55 110 132 236 257 319 320 327 388 453 482 549 655 659 662 713 733 776 808 994
14 383 502 521 541 583 666 719
27 198 217 309 473 888
8 9 50 86 200 207 237 247 265 283 340 342 423 426 469 508 518 519 530 539 542 562 590 643 668 697 705 829 901 911 925 949 985
39 72 214 287 301 338 359 424 433 552 647 676 683 801 914
401 501 536
27 62 85 108 167 173 210 327 432 458 478 480 499 508 570 628 679 719 728 738 758 821 823
27 91 106 135 146 155 165 195 236 246 250 256 268 277 342 344 350 360 409 432 446 482 507 517 535 548 568 585 590 591 601 602 615 643 647 656 752 763 811 830 831 841 843 870 879 904 906 954
106 346 484
65 110 130 195 221 225 244 250 268 347 359 364 396 474 532 561 569 621 658 663 677 681 701 749 770 798 835 865 874 955 978
150 186 328 677 758 761 917 975
9 15 18 25 27 43 48 58 64 65 66 95 105 127 132 160 174 196 198 207 211 220 231 238 274 290 297 312 322 344 362 368 377 379 387 388 403 414 419 453 459 467 470 491 500 519 526 536 586 590 593 607 615 620 621 623 627 630 638 645 648 654 658 675 683 687 688 692 699 716 734 777 784 785 786 807 840 857 860 874 887 894 895 919 950 990 996
68 147 222 327 384 419 493 504 564 780 815
7 85 111 783 880
16 202 243 282 374 622 704 747 796 879
189 231
16 22 89 110 120 221 230 251 368 381 425 450 505 548 613 619 641 713 744 746 752 753 830 959
4 18 26 36 37 63 66 75 79 80 89 92 118 121 126 138 146 151 152 187 191 222 226 234 238 239 243 252 272 299 310 326 331 350 366 393 408 413 433 434 449 463 495 523 527 582 594 627 637 638 648 653 662 683 736 741 762 783 806 822 839 854 863 880 918 980
86 283 296 459 472 526 615 630 695 709 714 794 814
29 47 75 115 119 121 150 161 212 214 215 217 379 391 404 409 429 444 457 507 586 640 705 709 720 761 827 830 838 867 883 884 893 949 956
8 10 90 119 127 146 161 164 244 297 320 331 390 399 445 546 580 591 619 628 759 820 860 863 942 961
98 143 572 617 663 680
51 97 118 264 314 372 492 582 627 692 740 761 842 972
4 15 18 27 43 45 85 102 130 152 160 207 210 214 218 223 226 302 309 321 345 350 359 367 370 380 401 412 435 453 457 459 465 471 512 517 520 526 533 549 555 560 561 579 582 584 585 600 617 629 634 637 642 647 675 688 698 712 758 763 764 771 794 801 837 843 846 853 869 871 875 877 895 899 905 921 924 930 942 950 986
18 97 136 227 302 427 462 544 546 551 762 764 797 947 951 964 999 1000
8 163 212 257 576 609 659 744 795 840
4 247 275 337 626 651 787 827 854 930 955 989
63 149 251 260 348 351 375 457 613 641 723 776 796 946
362 423 717
35 119 123 138 197 204 293 395 464 467 488 536 540 565 572 606 610 647 699 733 749 890 894 903 908 909 933 946 992
26 63 64 67 87 130 207 228 275 286 290 334 341 374 415 444 504 525 599 722 767 791 842 915 931 937
16 27 38 42 117 118 121 134 143 157 168 175 216 231 250 254 267 270 275 276 289 316 324 349 354 373 389 392 415 431 436 445 488 493 498 509 514 525 535 549 552 587 591 602 635 732 740 743 747 757 775 777 784 801 825 842 844 864 876 881 906 921 963
89 132 190 194 283 289 368 389 397 477 490 495 522 542 595 625 751 836 861 869 880
419
9 104 105 126 169 235 284 322 344 532 700 768 770 808 833 869 926 977
6 17 48 183 197 255 278 325 350 437 531 572 689 815 916 932
16 80 125 168 189 595 632 648 666 716 949
107 318 365 400 464 496 513 529 537 547 566 580 601 667 835 855 866 896 924 926 996
39 49 114 180 461 744 871
4 49 65 126 186 235 283 308 313 394 408 412 526 533 590 630 655 660 665 670 680 686 741 764 774 782 791 797 802
20 26 47 57 71 73 74 78 99 101 140 149 154 166 184 219 232 242 246 250 289 299 308 342 348 363 370 374 379 390 392 394 407 409 436 438 443 456 462 487 544 550 589 590 602 608 629 631 636 643 645 661 667 686 699 732 735 763 764 838 858 874 889 920 937 957 970 995 998
12 21 108 234 287 302 308 364 366 401 411 480 540 721 739 787 792 895 961 970
52 128 183 701 764
57 348 369 376 408 434 486 499 625 687 718 836 870 875 880 909
634 635 920 955
43 133 342 442 863 886 961
157 399 494
40 106 230 546 655 786 866
37 81 82 86 94 123 239 262 292 299 422 441 488 539 548 576 600 612 628 637 661 745 765 770 797 826 903 931 991
21 37 76 100 110 144 184 227 237 310 313 320 361 365 374 463 465 469 481 509 510 513 537 552 553 616 702 764 840 853 865 890 893 954 955
200 211 254 284 324 329 365 373 418 428 437 445 455 492 496 537 551 556 560 579 591 594 619 637 645 705 735 748 820 914 984
12 48 50 53 65 110 178 181 192 212 214 218 220 227 233 240 246 255 264 281 313 324 333 343 349 366 394 404 428 456 458 467 502 541 579 585 596 604 605 606 636 665 679 711 739 759 766 810 813 833 835 856 868 871 905 913 914 946 981 992
114 151 606 726 745 769 894
9 29 49 88 97 116 125 136 151 171 180 181 182 194 204 224 236 266 278 294 345 409 445 488 502 505 524 536 552 589 659 668 715 731 735 764 765 767 775 809 827 838 854 872 901 903 919 935 938 945
421 486 751 874
331 409 519 531
17 24 37 48 140 176 179 196 201 226 252 298 403 418 459 513 524 540 566 595 600 616 674 694 732 797 801 812 824 834 839 842 908 925 991
25 92 111 189 219 227 231 259 304 312 326 395 411 440 528 531 582 595 646 651 690 735 748 750 774 873 892 943 945 948 966 975 979
2 8 14 23 122 220 262 287 319 445 521 580 613 661 706 753 757 794 824 892 978 990
45 157 624
7
13 466 686 786 891
21 216 233 285 296 309 370 472 479 492 511 726 875 938 994
57 79 447 770 988
15 32 39 66 87 94 95 113 117 135 173 188 197 221 241 242 269 286 298 299 346 352 357 377 381 383 394 398 403 406 431 448 450 456 457 462 466 475 488 490 502 505 508 551 563 575 592 601 614 622 650 664 709 736 766 783 792 797 809 831 833 841 853 870 882 892 903 904 959 967 983
56 59 88 154 199 203 208 226 252 273 307 358 366 373 392 417 419 499 553 559 577 606 625 690 695 727 732 781 790 798 812 882 893 910 911 928 941 948 988
126 281 718 857 901
210
691
149 150 208 346 347 440 443 546 606 679 807 895 902 976
16 76 155 187 225 288 299 308 336 453 524 570 619 691 719 725 735 742 830 864 923 926 979
162
5 14 24 36 41 50 99 162 177 189 198 200 216 246 269 291 320 321 324 344 390 413 438 463 477 495 534 588 602 618 652 668 682 694 714 795 797 808 815 855 868 869 919 998
300 475
145 576 684 859 921
13 20 28 39 44 71 74 79 95 98 136 142 191 195 236 252 315 317 325 330 349 367 371 378 385 439 445 449 459 472 478 481 487 488 489 494 512 551 564 565 607 620 624 640 657 703 710 715 770 778 791 792 796 802 876 914 917 918 927 936 944 1000
74 107 151 515 641 853 930
5 9 380 465 701 763 889 896 971 991 996
355 453 695 748
150 458 480 824 995
128 198 212 263 323 680 736 818 825 934 963
62 245 257 266 311 334 368 451 595 629 869 934 990
22 45 51 120 128 220 369 407 419 465 481 530 647 653 730 760 970
326 381 425 493 656 703
3 79 156 246 266 355 474 502 503 511 587 637 712 847 859 897 909 993
62 66 84 127 177 216 240 314 317 331 350 395 413 542 589 594 620 638 722 730 814 852 960 968
574 714 908
2 9 13 20 24 34 42 58 67 75 112 130 137 146 174 194 198 218 221 263 264 274 311 314 321 338 342 349 355 360 364 372 374 388 393 400 403 420 422 428 434 439 440 452 454 513 514 526 548 549 555 556 570 591 596 616 624 634 645 676 688 692 710 718 720 724 740 762 763 783 789 795 796 799 807 812 823 827 850 887 906 910 914 935 954 957 993
28 46 75 144 150 160 177 188 190 206 216 237 248 255 269 283 286 288 316 327 336 344 364 379 419 421 449 456 464 483 488 496 529 564 572 580 603 604 637 724 751 770 771 786 788 812 818 880 891 915 925 948 957 997 998
26 37 41 56 179 196 365 390 402 429 464 471 491 517 585 596 693 699 714 725 729 750 798 805 811 869 963 964 997
871
52 152 249 294
66 101 276 324 391 458 509 552 575 617 655 676 757 802 841 855 888
222 514
122 144 183 323 328 334 428 542 571 596 622 756 812 919 994
25 47 50 125 139 148 196 235 241 286 398 427 585 592 658 689 705 780 871 887 932
823
13 61 72 77 258 406 429 445 483 493 502 504 529 532 642 668 679 726 734 752 907 961 978
55 485 808 915
64 142 151 194 229 248 264 267 291 314 343 374 394 437 624 648 658 695 702 796 811 903 937
228 336 399 565 614 657 683 704 860 981 995
273 403 486 504 736 974 992
830
339 371 944
46 114 147 208 419 430 459 498 516 732 927 948
265 452 596 607
59 62 79 80 136 211 226 228 295 312 322 349 353 373 441 484 509 518 608 615 669 671 672 684 696 732 757 806 842 876 905 907 943
677 939 995
7 26 185 234 318 350 379 399 490 511 522 551 595 617 662 682 684 760 786 841 955 977
9 64 123 181 477 741 817 831 903
8 13 21 45 64 65 144 153 160 172 196 197 205 222 227 239 279 280 286 299 304 322 354 414 454 478 486 512 526 540 558 577 600 624 660 663 702 750 821 827 849 952 966 984
6 64 87 105 151 155 173 237 268 292 335 363 378 397 450 454 475 652 697 729 733 746 759 762 856 941 960
49 74 124 276 410 680 850 895
54 78 84 89 135 156 291 296 406 441 677 748 847 925 958 994
158 245 326 758 828 992
12 106 130 410 478 486 511 661 670 676 705 720 743 798 843
188 346 484 512 784 873 902
62 161 181 490
62 78 91 505 641 800 810
538 621 977
7 63 74 86 89 92 120 132 172 175 181 184 192 222 237 259 296 301 327 343 366 375 398 405 447 461 501 505 512 515 543 571 572 592 598 606 636 637 650 696 697 722 737 778 779 798 839 841 855 858 863 877 879 924 937 1000
1 32 66 116 156 164 193 252 335 353 397 471 487 488 491 501 512 574 620 673 707 747 778 788 813 844 849 870 894 962 963 973 998
39 69 173 193 251 304 307 389 393 600 602 624 674 681 724 761 778 795 815 898 945 969 979
2 15 37 63 80 81 120 161 198 230 231 236 320 357 363 431 470 472 483 530 536 555 576 583 605 615 630 750 775 785 789 827 828 887 915 919 966
67 85 89 96 187 241 252 286 329 412 444 464 486 496 545 569 654 683 758 939 983
93 172 223 323 497 625 745 746 787 851
38 54 63 128 137 159 183 268 295 307 317 383 421 540 587 588 595 627 650 663 716 726 733 738 743 762 780 807 818 828 858 894 997
49 87 96 128 147 155 318 387 396 437 449 464 512 515 518 535 540 545 585 636 692 714 739 769 791 822 836 838 904 931 944 972
55 88 91 96 98 113 179 198 245 267 277 339 358 488 509 518 595 680 713 728 759 839 869 908 994
34 186 855
293 329 501 537 568 656 705 969
63 72 80 107 121 139 164 228 239 291 331 349 355 495 544 570 580 654 701 754 869 920 932 943 947
36 49 50 66 76 96 110 157 170 173 256 267 293 329 354 369 375 415 440 452 459 461 485 602 610 644 645 675 683 694 713 734 753 785 791 823 830 848 864 866 892 898 906 927 951
9 58 77 140 149 156 159 166 177 196 201 268 297 337 369 413 431 441 444 459 476 481 502 512 513 540 546 564 573 596 597 601 618 649 687 742 776 789 867 882 885 917 926 969 984 993
64 113 186 238 312 322 422 531 561 572 757 796 868
45 49 77 106 111 131 143 195 211 319 327 339 368 406 424 425 452 523 668 675 697 768 858 900 906 907 929 948
14 218 400 508 543 863
74 391 560
7 29 71 81 105 175 222 276 337 416 420 440 449 503 512 517 519 522 529 534 603 646 684 686 714 741 782 798 800 823 835 836 849 934 943 969
53 139 148 292 301 345 361 362 431 505 515 536 571 680 707 719 790 837 857 908 949 953
10 12 122 169 226 290 311 317 383 431 443 517 703 757 817 840 875 917 931
267 309 542 626 981
57 214 301 333 447 670 679 687 713 864 875
24 28 36 59 100 179 211 221 232 261 303 352 361 380 447 542 549 565 574 579 585 634 665 684 703 804 919
114 120 288 330 408 523 640 762 972
215 238 294 299 359 431 502 542 620 868 992
9 24 48 65 228 236 243 254 269 292 303 305 327 357 397 413 421 447 501 558 606 670 674 682 685 739 820 915 948 958 959 968 985
48 117 152 182 207 250 267 310 368 423 451 481 485 689 848 864
5 85 91 92 123 142 158 277 363 399 423 428 453 467 473 516 532 536 566 587 617 662 669 702 807 838 839 864 881 898 902 911 958
194 372 389 395 443 484 550 796 969
159
24 27 43 50 59 79 113 150 186 230 287 308 311 409 429 448 456 493 611 643 684 709 712 801 823 828 883 916 930 965
71 142 177 199 253 266 273 282 292 313 384 399 402 461 468 491 524 541 594 598 645 661 665 671 674 739 761 823 890 917 925 974 984 993
18 21 37 39 71 92 113 117 118 161 166 169 179 188 210 274 285 290 294 322 347 468 492 509 527 558 564 577 623 686 730 788 792 801 802 824 917 924 941 942 999
20 41 63 65 75 107 140 206 298 307 317 338 354 356 358 365 385 402 404 409 419 424 445 447 478 546 562 578 601 615 646 661 667 682 718 785 832 842 857 870 934 956 975 978 993
266 312 787
99 233 289
89 170 809 997
113 114 157 163 260 284 320 388 469 490 513 633 687 703 706 715 759 823 981
17 39 113 161 242 262 267 448 534 812 886 905 950
10 49 52 54 57 88 104 189 280 325 380 452 460 506 545 585 617 734 782 805 897 912 936 951 955 958 991
40 161 298 380 552 595
939
89 205 329 357 626 694 824 965
10 23 38 63 66 84 90 95 123 131 149 175 185 188 189 198 206 237 280 293 306 322 340 345 346 360 364 387 468 504 505 507 511 560 570 576 583 599 602 610 626 679 693 715 716 722 734 746 760 768 782 807 851 856 871 903 922 928 941 965 969 992
72 80 153 190 199 235 288 324 356 437 444 468 481 500 510 603 613 630 645 657 659 699 732 830 832 870 883 901 983
17 19 30 34 56 61 90 91 97 99 103 123 132 154 184 259 279 290 329 340 341 378 400 419 439 456 473 479 480 497 500 508 543 609 636 649 689 735 748 772 778 783 808 843 845 869 874 890 911 916 943 965
16 416 430 809 957
100 265 315 334 413 467 468 472 554 579 705 728 887 982
74 145 198 267 326 332 386 411 464 525 594 644 660 687 689 692 715 843 858 947 949 951
371 922
10 35 41 62 92 111 127 137 146 183 229 230 245 259 307 344 356 430 437 463 489 500 501 548 561 592 596 612 634 670 680 729 739 762 784 787 816 907 912 960 991
29 39 82 137 154 160 166 176 177 205 206 235 238 275 282 286 296 317 347 390 423 443 450 453 475 477 526 557 562 566 574 613 621 659 665 670 675 728 733 738 745 753 782 793 806 816 817 833 834 840 851 853 856 867 868 871 875 880 898 907 910 915 926 979 990
301 597 608
97 159 293 675 766 803 864
28 67 184 215 221 222 353 362 473 504 514 565 612 626 681 687 689 698 820 972
1 5 34 49 63 71 72 87 109 112 119 129 135 138 141 176 189 200 205 212 242 257 259 282 287 289 294 300 303 305 320 322 355 361 372 377 385 392 399 400 415 459 471 539 548 568 570 572 599 600 602 603 610 614 617 624 626 639 641 645 647 650 665 676 693 695 699 717 732 734 741 760 763 770 789 793 818 855 869 870 871 876 915 920 932 945 954 955 959 967 992 996 999
2 25 27 49 60 122 172 216 232 239 251 270 286 304 333 356 366 404 469 476 553 559 589 591 640 688 715 737 760 768 795 801 822 848 851 852 857 874 899 932 954 959 972 989
10 35 144 176 199 399 434 435 623 664 667 763
44 48 70 113 138 212 238 309 444 502 534 545 600 610 639 695 821 848 904
8 21 107 353 366 412 828 862 894
7 11 51 88 131 133 142 147 149 196 247 273 277 280 290 324 330 341 362 373 376 378 385 386 417 421 422 451 478 488 499 515 531 547 549 565 622 628 650 670 688 727 769 783 794 796 806 813 831 845 846 847 863 886 905 906 907 913 916 922 931 932 975 984
59 70 112 123 146 199 201 226 292 364 374 442 478 507 564 602 644 679 710 785 787 929 964 999
62 69 87 105 140 143 159 170 184 187 229 236 246 247 255 257 258 278 299 302 320 417 419 446 490 499 511 520 533 540 549 582 600 624 707 747 767 777 784 787 792 814 815 849 860 892 913 924 933 952 961 963 981
9 16 20 87 105 315 447 453 510 553 607 721 843
683 995
108 119 143 236 351 432 469 659 691 735 751 835 849 863 916 997
55 217 357 436 437 500 789
159
207 226 295 343 353 492 584 602 656 685 714 845 881 898 903
60 268 307 361 397 460 493 533 567 828 932
178 303 469 640 965 973
2 127 196 216 500 815 856
67 133 181 246 251 257 258 264 278 294 324 328 347 432 511 528 569 609 719 729 793 804 822 830 852 872 878 887 891 953
2 6 18 36 37 52 89 103 104 164 165 174 180 195 205 239 242 251 257 258 262 264 283 284 285 311 314 365 367 368 384 407 425 438 441 463 470 472 473 474 515 525 569 578 581 583 584 592 628 658 666 670 683 691 715 753 754 771 786 791 801 803 805 837 846 871 872 932 954 964 970 978 987 997
32 297 353 500 589 598 920
14 25 28 42 69 95 97 100 111 187 222 253 297 302 309 338 351 379 384 404 418 432 460 479 511 559 600 608 619 644 650 660 694 710 741 750 876 877 894 895 990 994 995 997
4 14 30 42 69 73 139 397 705 728 865 916 942 946 989 993
129 164 283 296 416 447 515 544 571 586 659 709 733 792 871 874 894 900
23 218 507
516 710 789
19 136 191 267 314 316 462 463 635 653 697 749 911 918 931
49 70 72 74 79 94 118 209 233 262 277 281 295 299 350 359 361 374 384 395 396 440 450 470 480 525 526 567 599 615 632 650 667 685 708 709 723 779 857 893 944 952 977 979
237 259 301 466 870
837 918
305 472 597 933
26 99 152 171 235 238 279 367 417 450 473 512 598 610 699 707 736 758 880 887 942 975
137 145 189 288 334 428 551 784 828
12 22 38 40 42 43 78 89 112 116 160 167 488 505 541 544 549 578 602 622 623 674 758 808 829 851 869 956 987 991
8 16 38 43 73 74 78 94 256 263 319 356 367 409 413 425 448 577 611 620 641 658 685 717 720 732 749 759 815 827 829 866 880 903 943
30 32 34 130 290 309 366 478 521 533 611 655 666 740 771 809 844 858 875 882 927 932 955 994
138 629 736 934
1 10 22 34 36 60 65 71 115 146 147 149 151 178 179 180 181 186 187 194 216 219 222 224 225 260 262 269 270 271 282 320 321 362 374 397 409 436 438 457 460 465 469 493 497 518 524 526 535 547 560 586 614 616 622 633 643 680 701 706 708 725 735 736 741 751 790 826 844 874 875 893 921 923 937 954
349
27 57 133 158 174 248 257 331 345 559 628 646 685 732 840 844 901 916
22 32 38 45 47 58 77 78 103 111 126 131 137 143 154 156 164 169 170 181 210 259 265 285 297 301 331 333 337 349 354 355 376 380 385 409 414 427 441 453 456 474 479 492 516 533 534 535 538 544 549 550 560 566 573 597 606 625 627 651 663 669 675 689 691 723 727 746 756 761 779 781 796 823 824 828 831 836 842 844 867 872 883 937 938 940 948 964 972 984
2 317 362 388 768 770 1000
57 246 359 655 660
357 667 845
170 209 243 266 526 627 681 683 725 736 797 819 850 921 961 992
90 92 113 116 131 217 262 289 302 510 569 588 707 783 792 828
10 49 113 158 248 310 543 684 777 856 902 924
12 24 47 51 57 62 115 173 202 298 319 330 334 338 346 350 399 408 420 426 435 446 462 508 521 532 569 579 611 670 710 713 714 763 764 780 814 885 886 891 911 912 918 925 957 964
28 130 422 468 503 908 921
132 225 238 381 452 570 588 606 659 732 745 764 772 796 799 884 906 915 954 966
22 145 252 263 276 336 346 385 398 476 493 624 702 715 719 808 884 902 975
338 462
57 195 268 273 276 406 576 614 633 675 713 742 762 767 895 941 944
142 178 282 413 511 943
13 30 61 65 170 183 232 250 265 284 297 378 390 481 493 501 521 551 560 562 578 603 604 617 636 664 667 669 696 755 759 760 813 818 857 910 924 969 989 990
5 48 62 94 104 164 174 194 199 223 242 311 387 398 408 410 420 426 437 445 521 528 546 554 565 613 619 623 640 666 686 721 757 792 958 987
423
166 309 491 568
7 145 167 183 186 187 197 200 211 230 231 241 261 280 320 323 324 338 366 367 397 403 411 415 416 424 479 481 502 510 531 539 555 565 582 589 624 679 718 719 722 740 770 817 863 887 952 974
48 188 217 219 264
268 330 359 463 618 666 694 715 737 857 920
60 67 76 104 164 168 174 189 214 215 224 286 349 393 414 443 471 485 496 527 599 613 633 669 675 684 766 781 792 815 844 874 903 905 916 963 970
33 195 223 275 331 347 457 594 652 845
13 86 107 350 393 463 469 501 579 806 919 933
21 57 130 299 347 441 659 914
124 160 173 228 279 280 345 369 389 484 489 536 588 614 810 829 863 882 894 979 990 993
1 12 50 54 57 81 85 127 132 145 148 180 185 222 236 244 279 281 282 291 350 351 376 419 453 454 457 484 500 504 528 539 582 621 671 718 719 735 814 818 862 884 889 899 954 961
86 583
42 123 321 431 482 525 616 733
137 241 408 465 496 599 822 956
22 68 147 172 225 241 416 477 479 493 518 614 720 915 964 968 979
67 69 72 78 96 125 157 213 227 288 326 340 341 390 392 396 402 412 469 496 565 597 630 653 654 685 694 695 722 746 775 824 825 856 874 880 912 924 929 938 989
43 95 119 123 143 149 174 254 281 357 395 399 426 431 463 501 511 526 531 539 561 567 601 634 645 715 739 743 802 836 869 877 940 959 985 997
49 55 67 91 132 164 171 174 179 201 217 228 235 302 331 358 365 402 415 426 445 461 473 488 630 638 689 691 746 792 793 837 848 865 923 934 954
27 52 82 129 130 155 158 215 236 260 267 303 314 339 351 352 371 407 455 479 482 492 578 580 581 618 664 688 699 760 772 776 785 807 843 856 876 886 940 949 975 983 989
1 16 92 276 466 574 712 714 971
129 974
224 284 318 466 522 572 676 727
3 55 91 122 149 224 243 266 394 446 512 519 570 572 575 583 604 744 782 800 821 839 936
182 456 850
200 442 459 548 614 831 929
52 73 115 165 179 189 218 226 295 355 374 381 405 449 455 497 545 563 603 605 644 654 658 710 834 871 878 947 961 984
13 59 293 345 474 600 709 763 792 834 879 912 992
74 212 250 254 261 279 291 330 332 354 396 452 548 716 772 968 980
190 243 429 606 640 658 748 814 833 834 923 960
60 75 173 217 221 362 436 474 484 582 591 753 786 819 906 913 917 948 980
14 17 56 243 342 564 634 717
8 167 291 767
600 848 991
11 133 260 370 404 568 629 662 782 808 822 829
1 3 24 28 38 117 128 135 165 268 306 316 333 353 383 385 409 440 466 481 515 704 797 814 835 934 955 991
531 668
149 329 568 588 642 806 807 993
164 167 364 535 949 980
661 787 939
166 230 252 446 516 773 910 950
410 585
14 19 41 45 48 81 139 157 175 177 216 234 249 265 273 290 298 316 334 355 469 537 549 574 613 616 643 648 662 744 756 809 812 813 835 859 872 908 934 963
26 39 126 141 150 165 229 283 288 354 393 506 529 603 606 622 635 661 692 727 860 866 885 899 915 976 999
238
24 39 63 156 219 225 261 299 348 472 558 598 616 636 735 858 861 975
73 139 143 160 163 164 181 224 252 269 278 333 334 364 368 380 382 413 422 425 477 482 501 505 531 643 649 659 668 688 714 718 748 835 868 892 938 946 983
13 336 494
46 48 150 210 254 258 338 360 378 441 590 762 825 915
130 185 186 208 241 265 288 308 352 376 407 408 456 500 536 552 601 615 693 748 768 916 957 975
98 322 673 840 940
74 78 105 151 162 204 212 243 275 291 299 306 316 320 355 360 387 421 427 440 468 493 528 547 552 570 584 592 612 614 626 660 736 761 802 815 839 847 851 853 859 884 891 905 916 923 942 945 984 990 999
24 149 214 223 239 310 518 564 586 600 631 667 677 820 934 937 1000
58 117 138 223 272 280 293 425 450 584 621 645 647 667 706 749 811 834 838 851 931 993
35 163 177 243 315 352 363 436 520 694 967 969
76 154 307 321 354 355 400 415 421 433 469 551 568 572 647 648 736 747 768 797 928
165 209 213 323 439 610 853 936
11 32 43 54 57 63 68 72 75 78 88 101 132 141 179 186 207 208 215 233 304 368 373 377 388 405 420 429 461 462 480 489 497 506 538 579 581 584 598 601 612 619 639 714 728 756 762 785 790 796 803 812 821 916 920 965 992
240 824
585
177 182 369 481 554 888
176 245 332 414 415 460 672 726 780 842 848 864 867 963
12 34 47 52 76 85 111 125 126 130 140 142 149 216 231 269 289 313 339 375 429 440 442 461 490 505 537 562 564 566 588 592 594 613 619 621 645 691 693 709 711 727 817 820 821 835 870 882 883 913 914 921 940 957 970 994 996
90 145 146 293 411 442 456 468 495 506 559 576 600 607 863 894 910 979
27 54 73 77 81 86 105 107 219 226 246 259 265 266 275 276 284 314 330 353 415 495 505 508 552 588 600 602 608 683 706 735 745 757 763 812 834 902 972
63 296 500 795
554 649 963
53 56 141 150 232 291 293 356 412 508 511 516 565 615 668 757 809 865 896 911 938 945 969 978
8 17 18 20 27 30 98 102 115 127 137 152 168 188 196 216 224 232 234 239 249 258 266 309 314 315 324 339 348 354 361 363 368 386 424 436 515 527 529 562 571 579 592 625 627 641 653 691 703 706 721 726 730 766 802 808 836 845 854 857 867 873 875 878 879 889 907 935 962 982 989 997 998
4 26 84 405 453 466 504 534 796 1000
8 15 25 39 54 122 128 129 142 182 241 325 335 348 461 498 521 643 702 744 755 930 935 989
62 111 171 173 200 234 273 421 511 881 987
228 299
425
431 492
131 355 429 451 509 517 590 723 758 866
7 16 20 53 73 78 80 84 107 138 158 164 232 258 262 280 300 315 316 332 334 372 385 389 421 457 469 477 506 511 521 530 584 603 609 632 633 647 652 654 687 713 726 745 764 766 770 800 806 817 820 834 842 847 852 876 877 898 912 916 934 978
4 53 95 106 325 350 403 521 936
133 165 200 222 369 575 598 612 681 698 699 764 770 926
15 135 157 164 169 234 300 361 367 511 516 518 561 598 613 633 670 764 843 860 863 890 988
21 55 99 251 333 335 371 377 410 484 500 505 507 518 634 827 857 873 885 891 910 935
148 151 194 305 444 762 996
9 196 275 522 680
109 290
92 204 219 240 330 381 534 653 740 797 841 891 929 934 994 1000
3 23 35 58 74 82 88 150 177 186 235 253 258 267 283 284 322 382 384 386 400 479 495 526 538 583 606 633 708 722 731 743 770 818 843 904 919 949 967 996
410
377 395
138 811 821
419
538
17 22 36 41 60 100 204 246 327 334 339 351 445 533 600 622 705 720 750 766 840 872 882 886 888 937 997 999
128 135 249 410
61 65 80 123 437 535 647 776 852
32 92 144 155 194 285 314 329 479 508 509 555 625 633 714 760 780 797 807 830 876 890 997
121 317 337 342 435 482 790 894
27 40 46 227 274 420 555 690 765 773 787 865 958
1 34 69 116 197 274 375 436 467 516 522 588 604 616 626 666 681 723 796 810 811 813 817 823 856 878 882 925 948 978
1 28 50 79 87 91 105 109 155 159 205 206 252 288 294 318 321 334 342 363 372 381 427 428 433 446 531 533 539 548 571 601 606 632 637 640 644 668 672 676 718 727 746 752 772 777 798 824 825 826 841 879 902 930 936 952 964 969 974 977 980
248 422 430 482 588 628 654 690 802 811 860
4 7 11 34 46 52 55 84 98 140 146 150 169 192 212 213 223 231 233 237 262 273 304 314 317 318 329 337 351 367 379 381 393 412 417 432 472 473 486 497 520 534 538 550 558 576 579 587 594 597 631 637 691 695 714 725 733 740 741 742 785 787 795 801 831 832 851 866 873 879 891 903 962 970 972 979 988 997
732
4 76 151 195 207 282 284 286 352 377 381 483 520 630 648 703 841 955
3 11 68 88 150 171 185 193 222 229 260 266 277 310 317 333 336 340 350 359 380 381 401 412 417 438 439 443 451 462 464 494 496 514 527 529 540 549 566 631 666 673 683 686 696 701 714 722 726 728 756 776 793 803 810 851 855 866 882
25 39 70 96 109 134 184 187 205 224 225 246 420 447 452 519 521 620 675 689 694 707 709 805 816 835 847 870 940 960 967
44 148 186 187 234 417 419 459 473 492 717 738 763 807 817 843 938
2 44 102 211 283 340 405 449 527 533 543 544 594 600 603 610 648 660 673 681 689 741 779 792 816 854 918 966 973 986
40 270 381 385 393 419 503 825 961
12 14 23 91 93 123 192 211 281 296 337 482 524 531 553 628 703 761 773 775 969
13 57 101 126 171 183 267 278 324 344 363 438 448 523 566 572 635 670 683 773 804 918
324 471 536
6 42 51 69 79 110 125 190 294 315 345 368 395 420 422 523 552 568 672 685 736 879 888 898 901 908 942
179 395 463 503 541 610 663 751 819 835 927 999
38 57 143 161 167 196 228 229 230 248 269 297 341 373 397 404 429 479 511 524 571 597 604 639 649 688 689 691 712 725 757 776 789 819 835 844 887 908 927 957 958 971 979
204 217 311 369 720 729 884 899 903
28 112 116 128 137 158 168 201 211 248 268 307 351 356 384 399 421 444 510 520 548 554 565 622 697 765 779 800 802 836 856 865 879 884 907 922 978
65 74 87 144 266 303 388 428 522 545 551 582 631 710 750 870 922 924 954 955 968
49 194 200 274 304 664 674 720
89 184 321 337 344 403 406 412 419 525 702 765 784 787 799 912 933 956 965
355 395 681 860
490 744
143 821
369 579 620 718
32 86 158 176 244 269 300 386 401 422 442 459 464 612 669 731 736 816 820 821 836 861 892 905 989
560
5 9 68 313 345 512 590 689 725 915
96 288 629 679
7 34 63 80 82 122 178 195 222 297 319 406 421 433 440 447 462 501 558 710 745 752 758 769 775 801 833 860 902 961 965 990
6 30 85 134 170 182 183 206 211 265 295 306 347 358 361 365 374 376 401 452 463 494 533 554 612 641 647 666 670 799 848 860 879 881 898 909 913 961 969 989
15 85 154 198 211 264 268 288 424 515 523 575 620 649 665 744 746 761 804 840 891 913 980 996
855
7 9 39 52 59 62 70 75 79 101 105 109 112 175 185 198 202 209 212 233 241 246 250 261 272 278 294 307 338 344 346 350 373 391 401 406 423 449 455 458 467 468 480 490 496 508 535 536 568 582 586 641 648 653 661 688 691 695 696 704 705 715 732 741 742 751 758 777 781 787 815 816 833 869 875 881 887 888 898 918 921 930 931 955 970 977 979 983
24 31 44 46 61 72 92 111 129 138 141 144 162 181 205 228 233 238 262 266 290 339 396 403 455 481 488 494 520 531 533 541 555 567 582 583 584 653 654 658 666 672 699 715 728 834 872 880 892 894 901 909 959 970
18 64 67 71 81 91 136 156 176 183 188 285 327 329 419 424 434 465 528 633 658 674 689 750 775 812 825 831 886 900 907 930 932 962 989 990
13 39 42 59 75 115 120 125 132 141 145 162 164 172 216 251 293 296 319 328 354 393 396 406 410 417 449 464 511 516 535 555 558 571 595 596 614 618 639 697 716 810 816 817 829 875 899 931 948 957 980 982 995
11 15 17 25 27 46 48 63 64 76 85 91 95 105 113 134 136 140 157 160 177 191 192 204 207 209 210 226 234 237 241 243 248 273 300 307 309 340 343 346 362 382 400 423 432 455 469 524 552 569 572 575 580 591 625 633 644 657 660 666 681 686 700 703 704 722 724 728 746 747 749 779 788 801 805 822 850 855 857 860 897 906 949 953 957 974 981 983 988
13 71 86 95 131 136 166 188 260 269 277 323 345 357 362 404 405 428 450 483 503 516 592 653 712 735 747 748 798 809 833 900 935 990
23 33 44 45 52 59 61 77 112 120 158 173 254 297 332 347 364 432 437 442 471 493 534 537 568 590 722 742 805 896 906 944 995 996
184 831
21 85 93 102 118 135 143 155 170 182 254 307 321 334 361 365 381 393 394 405 513 526 542 587 606 626 627 628 638 643 658 664 672 705 711 718 740 755 763 771 772 781 795 803 818 832 855 880 883 896 904
52 92 105 140 163 178 185 266 268 286 321 341 362 486 494 498 553 558 575 576 591 639 642 690 730 773 787 816 916 961 983
32 55 103 204 312 464 480 506 644 715 726 735 991
35 91 93 110 145 150 159 186 188 189 190 211 227 242 248 258 282 312 330 341 351 356 377 403 421 423 448 452 474 490 494 501 509 519 555 558 566 575 577 581 584 596 624 630 640 642 645 650 651 659 677 678 689 698 699 708 721 728 738 754 763 771 773 778 784 787 790 805 812 822 827 831 832 841 853 860 862 865 874 876 886 889 905 921 927 937 961 965 969 970 975 979 990
14 45 51 107 192 228 288 551 568 574 585 596 613 633 710 747 802 838 943
61 621
482 585 607 684 688 871 959
176 280 681 989
227 419 463 531 581 707 768 772 777 781 879
760
137 181 187 228 229 252 270 271 273 316 430 445 453 462 548 564 592 623 626 701 708 758 854 991 996 999
411 479 555 869
255 274 305 367 527 907
402 488 514 553 626
252 582 651 927
122
131 144 210 244 259 274 308 389 428 498 556 590 598 648 659 762 790 801 843 869 983
27 32 37 40 43 79 110 125 143 163 169 185 215 241 243 245 262 263 291 300 320 338 341 359 370 382 411 432 452 453 551 554 604 646 678 681 696 730 751 765 769 777 788 799 809 825 826 878 885 937
557
452
4 15 18 26 40 43 47 61 62 64 72 74 76 77 83 98 122 129 131 140 142 155 156 171 184 200 209 214 219 224 228 250 278 290 295 296 301 306 308 311 339 351 362 364 372 373 380 381 385 391 394 408 425 443 448 464 468 490 491 495 501 512 519 522 524 533 539 544 569 584 591 595 597 603 609 614 633 641 649 653 660 663 680 682 688 691 707 718 745 751 776 777 783 784 803 808 817 836 838 849 857 875 883 888 909 920 921 934 946 953 957 959 974 988 992 996
341
97 136 160 188 212 221 322 370 398 435 506
100 144 214 235 268 282 299 300 303 306 307 316 325 328 344 345 458 501 534 586 603 615 624 625 663 757 764 766 786 789 804 831 859 873 904 908 938 943
24 36 61 63 102 238 306 313 322 325 343 359 389 393 447 458 544 550 586 588 617 797 878 891 953
9 48 65 89 90 92 95 97 105 133 140 151 171 185 194 202 213 227 253 273 318 333 337 345 356 366 374 383 385 404 415 419 464 475 488 489 498 521 548 560 580 603 604 624 639 659 663 682 693 698 703 717 722 748 754 765 774 814 861 862 884 889 894 895 901 955 971 976 992 994
137 171 325 334 551 956 980
378 648 993
75 133 138 160 182 207 208 225 230 252 442 451 465 466 467 470 481 492 607 613 633 697 729 774 786 798 801 805 819 836 868 894 912 919 921 945
9 44 78 104 110 112 173 193 378 458 499 686 704 714 819 845 874 959 981 991
33 428 516 616 638 743 785 944 950 981
13 21 123 183 218 251 256 270 285 288 339 357 358 360 368 374 375 387 441 508 519 546 551 586 595 613 664 709 742 772 790 796 799 818 878 933 938 961 981
247
99 266 483 821 865 960
162 234 299 302 306 317 320 347 381 447 453 482 491 506 507 526 576 580 585 598 655 672 679 723 732 863
2 10 26 31 34 38 39 61 77 88 90 97 108 117 146 177 180 184 190 223 229 241 263 278 289 296 304 314 318 323 327 341 411 415 417 448 451 459 481 489 499 525 537 540 543 568 593 616 624 625 627 648 664 680 682 697 707 729 734 763 764 765 776 819 825 836 841 854 855 873 888 898 953 960 970 974 988 995 999 1000
2 55 57 59 62 79 114 120 125 141 159 166 198 227 245 318 338 343 355 362 418 429 431 437 462 472 515 546 602 616 641 677 680 695 711 714 724 735 765 860 921 971
1 114 140 174 187 361 399 648 705 798 916
17 26 78 101 123 126 151 198 233 244 348 437 449 454 500 511 542 552 553 576 583 589 630 650 660 667 678 716 792 851 878 888 919 939 944 970 1000
11 120 183 204 228 238 251 303 370 379 471 532 548 607 669 770 787 815 908 910 925 939
13 164 184
406 589
924
82 184 490 522 782 841 914 976 990
2 6 44 54 77 115 120 162 179 233 261 277 310 313 365 468 525 552 617 659 677 694 695 723 738 739 741 763 801 835 896 921 926 931 934 949 972
10 13 37 40 41 58 70 80 90 98 120 140 214 217 270 282 310 313 346 386 404 409 410 425 435 439 442 451 502 533 557 582 587 599 606 620 627 668 734 735 754 780 783 847 848 850 876 912 915 970 988 992
455 481 770 785 805 934 986
51 908
18 470
27 29 46 122 161 194 340 414 441 545 694 747 753 764 798 836 911 963
137
37 61 65 67 78 82 84 123 141 181 184 193 238 245 249 263 265 316 329 350 351 389 451 469 509 515 558 570 612 617 659 702 745 758 759 774 835 837 839 860 942 944 952 971
450 968
17 41 49 114 146 190 210 219 253 290 478 532 542 690 803 843 962
843
668
1 72 241 308 315 348 435 490 516 538 603 614 638 703 706 775 798 803 865 874 888 951 964
91 194 249 302 309 351 354 504 561 741 938
41 210 391 447 529 720 828 883 921 939
102 186 317 666 677 761 831 888 963
37 104 283 336 348 468 659 870 929
8 379 737
33 59 63 90 133 319 437 449 707 807 930 978
33 148 330 414 485 525 587 705 717 835 988
1
298 645 890
1 18 25 92 142 230 254 358 488 507 531 644 698 724 736 768 985
47 56 229 239 367 372 388
12 19 25 34 52 56 67 79 105 108 112 126 127 137 146 200 220 223 225 226 247 249 263 266 273 277 281 290 293 315 318 338 346 369 374 386 387 392 396 413 417 423 426 430 433 438 444 461 466 485 496 511 515 519 573 621 638 644 645 651 653 662 665 681 685 709 710 731 753 757 786 809 835 843 856 858 860 881 917 920 926 951 952 956 991
1 62 83 111 121 145 213 218 262 295 302 361 372 384 423 441 454 459 478 543 574 577 610 621 662 731 865 924 959 960 965
250 464 627 858
9 191 345 374 384 544 561
10 130 229 262 273 368 386 435 453 500 513 541 619 756 835 860 985 996
279 396 663 702 879 929
12 76 173 434 568
370
240 514 659 736 939 966
130 226 265 276 502 531 609 641 649 674 758 777 827 830 844 883 898 971
212 219 515 639 872 996
264 744
65 81 261 297 439 468 499 588 780 788 800 852 882 926 992
168 227 279 419 976
90 156 164 261 293 345 439 472 590 690 734 806 808 838 884 900 917
103 159 191 237 254 339 481 581 723 773 786 811 819 822 830 870
3 34 127 132 147 163 191 207 211 226 251 375 397 428 509 522 620 744 746 759 766 797 799 802 835 836 848 868 945 959 978 984
91 99 104 125 144 156 157 198 206 232 237 241 260 274 299 323 373 446 448 454 474 486 501 590 592 604 633 684 716 719 794 827 830 875 883 916 921 922 990
103 170 205 255 332 422 492 525 565 611 675 835 885
35 124 140 278 331 424 606 647 653 669 718 835 864 888 950
108 219 515 524 751 783 890 960
148 151 165 185 198 292 336 343 426 470 515 532 633 705 787 845 875 877 910 918 951 964
37 89 110 126 147 174 193 227 229 275 311 386 387 448 471 497 561 573 656 671 697 830 862 872 877 880 884 929 932 988
303 428 464 528 637 655 764
11 70 113 352 492 566 713 975
7 90 99 106 141 218 230 279 284 288 325 334 391 422 484 760 946
107 109 118 354 378 406 409 448 694 822 883 902
194 226 371 843 905 931 957 974
9 13 24 62 64 125 141 185 196 207 238 242 305 361 367 372 407 409 433 455 472 478 487 515 524 532 580 601 620 639 646 653 676 776 795 819 833 844 858 864 865 902 956
113 228 352 562 677 824
119 236 241 342 392 411 448 458 463 471 498 552 564 585 598 653 750 898 902 959 972
9 34 169 265 330 416 893 915
3 4 9 12 21 37 43 52 64 92 99 116 140 152 158 169 189 198 220 232 236 246 254 316 355 363 399 406 449 453 498 529 549 579 594 607 616 632 637 669 697 714 717 729 746 758 764 804 830 833 837 839 848 879 896 905 911 912 913 932 954 980 991 999
19 29 105 117 122 138 141 151 162 164 170 181 222 225 229 253 303 305 357 448 457 470 580 594 607 617 634 651 700 737 739 751 762 768 785 804 862 886 891 918 922 937
21 29 35 65 85 86 104 108 119 125 149 160 172 178 188 189 192 211 215 246 270 271 320 333 349 363 371 384 392 395 400 416 428 438 460 487 488 490 505 507 519 529 541 552 559 561 562 589 592 600 639 656 658 666 673 676 733 766 768 779 780 783 796 798 815 816 821 822 823 827 837 866 871 887 890 900 916 936 972 976 994
192 429
68 325 538 587 819 829 837 934 960
229 272
714 900 908
10 46 134 263 305 497 534 551 596 625 703 839 875 922
10 24 43 149 151 216 231 249 257 269 279 291 312 345 355 368 370 397 409 429 466 479 481 482 496 500 542 549 627 675 705 708 757 794 833 837 849 858 875 879 883 887 924 964 994
24 31 37 64 99 117 159 193 222 231 238 291 344 346 353 482 557 571 610 669 682 690 705 714 715 724 752 766 813 816 855 865 891 897 900 917 939 954 958 959 961
225 228 233 314 476 556 571 760 823 835
236 384 641 777 939
288 515 637 733 893
114 205 273 417 418 671 688 695 699 741 742 746 801 820 951 963 992
455
25 122 171 273 276 468 576 585 586 696 718 874 879
165 209 240 267 680
44 71 98 100 140 214 298 302 321 401 489 517 536 648 771 798 814 834 863 869 882 899 913 986
390
120 126 736 793 805 962
35 111 197 414 466 508 560 730 831 879
2 4 6 7 8 15 20 22 23 33 37 49 53 56 60 65 70 88 91 96 97 105 108 109 124 132 141 145 156 162 171 173 176 177 185 195 202 205 211 217 223 225 233 236 240 241 244 247 260 262 270 275 278 282 283 284 289 292 302 311 327 328 329 335 337 350 356 357 361 371 377 380 382 383 387 388 398 400 403 409 410 412 423 434 438 441 445 447 451 454 459 467 469 472 480 485 487 497 513 519 521 522 523 531 535 540 547 562 564 568 570 575 581 586 590 591 600 616 617 623 626 630 632 641 643 644 659 671 675 677 685 691 692 698 708 713 717 721 722 723 725 730 732 748 751 754 755 768 773 774 780 781 784 786 791 796 797 801 803 804 823 827 841 844 848 851 862 863 872 878 881 882 889 891 893 900 901 903 909 915 918 925 931 934 935 938 954 960 966 977 984 989 993
106 287 302 325 333 448 507 720 756 891
93 174 263 266 342 362 409 521 578 636 681 701 766 781 933 970
8 45 78 103 231 269 355 442 443 451 478 529 550 567 680 755 796 845 868 918 980
159 266 368 641 716 890 980
324 337 415 481 500 698 936 948
19 218 504 622 727 759 803
547
69 124 147 155 166 199 241 289 347 398 489 504 531 542 569 708 807 876 925 935 944 946
8 41 103 186 211 218 238 281 332 374 411 414 464 500 513 527 576 642 765 768 807 820 822 850 870 901 941
16 100 166 240 293 317 318 328 329 331 406 467 473 503 532 567 586 654 681 683 695 712 746 800 867 898 950 976 996
34 107 274 757
127 760
20 44 138 179 223 314 329 336 381 454 503 554 580 581 585 601 625 766 784 787 797 836 885 910 962 966
114 152 241 277 323 380 420 488 547 567 613 655 703 777 835 853 863
30 46 54 65 76 88 101 105 119 151 184 187 212 242 252 281 289 299 306 352 386 422 431 462 468 484 485 497 500 505 511 567 570 701 719 741 765 792 814 835 847 854 887 907 908 926 942 978 992
35 77 101 162 193 213 228 242 370 397 415 427 438 482 498 594 606 626 631 646 693 726 736 796 809 831 900 908 931
155 226 229 470 507 510 757 763 991
25 53 69 76 139 188 189 238 302 335 357 375 408 479 495 535 549 656 759 762 779 787 836 854 927 947
37 85 290 593 704 735 902
78 106 285 372 417 419 438 570 625 658 828 841 874 888 931 944
36 80 120 205 274 429 450 469 703 831 894 914
80 355
112 144 185 457 471 708 866
607 820 821 830
90 98 129 209 251 266 314 339 599 895 909 938
2 19 23 59 116 272 330 370 406 431 465 481 540 541 645 685 689 691 700 703 722 776 789 832 846 937 957 970
17 99 125 150 253 262 270 296 333 377 423 655 672 724 759 774 874 898
197 212 220 285 430 536 849
27 219 357 427 487 541 603 870 898
12 93 208 460 464 530 673 749 908 950 956
48 67 110 118 131 165 171 189 243 351 363 396 499 560 640 664 710 749 897 939 957 959 985
88 181 222 273 280 328 395 498 539 606 698 762 782 790
92 158 286 299 306 332 333 397 487 519 529 536 605 636 646 665 700 721 807 820 847 912 932 960
130 461 603
63 491 627 891
104 124 141 142 163 174 212 255 256 261 274 280 296 327 337 346 363 447 474 477 486 490 557 608 636 658 690 711 718 719 721 724 738 804 830 908 936 989
268 275 821 871 961
86 98 118 119 155 176 256 283 307 312 370 375 424 442 450 476 483 519 520 521 558 590 596 629 712 754 800 829 881 890 892 894 949 951 962 975
396
565 755 897 902
224 447 632 673 778 841
64 160 537 869 994
263 266 268 303 324 385 401 425 431 449 460 514 532 584 641 778 834 880 968 980
21 141 179 180 289 349 394 426 460 481 601 611 733 745 783 804 831 864 927 936 937 971 994
6 9 26 27 151 155 167 240 282 308 370 380 388 417 423 430 452 460 481 500 508 527 556 589 609 620 625 642 650 662 706 710 717 728 736 738 783 831 864 937 993
36 138 961
12 21 29 39 46 65 77 85 86 108 118 124 148 183 188 191 251 254 268 298 310 319 344 380 382 386 416 463 469 519 574 596 605 616 642 661 677 694 695 697 743 767 770 784 792 801 808 812 818 823 851 877 890 894 904 936 943 954 955 971 987 997
5 96 108 111 137 202 209 263 534 655 687 751 790 802 880 912
94 470 480 504 962
31 48 57 65 67 101 135 160 175 198 235 260 278 329 340 366 386 402 413 430 482 552 592 604 624 660 666 684 725 741 744 794 800 865 870 911 930 935 942 948 984
39 82 131 138 317 318 358 386 393 463 509 528 705 766 859 960
74 77 111 180 202 212 334 384 420 508 525 551 578 592 606 609 669 679 721 768 790 804 915 929 963 967
213 262 306 566 611
54 57 59 61 88 134 143 189 195 209 210 227 258 274 319 343 390 394 401 414 424 485 492 593 699 732 791 804 839 848 910 924 955 957 963 979
45 235 268 319 559 629 775 949
11 12 31 64 91 180 203 220 253 319 368 430 560 620 651 652 699 775 819 837 870 934 943 974 992
29 112 241 291 348 678 721 756 786 821 851 874 894 979
165 276 446 552 558 757 988
15 68 96 100 114 126 134 243 335 404 432 467 473 705 717 819 851 869 986
102 583 667
19 20 28 107 122 156 157 198 235 289 327 330 333 349 407 517 519 621 678 815 832 943
157 213 235 262 373 764 835
13 46 119 192 205 250 359 396 525 567 569 648 654 727 735 774 964 976 996
980 985
1 5 63 67 90 101 106 148 208 268 328 393 424 462 597 603 609 628 678 709 725 752 801 818 911 912 958
5 24 50 63 64 68 84 97 111 114 145 155 163 201 340 372 376 390 423 450 489 573 608 653 667 674 690 704 769 803 835 870 885 890 975 982
1 3 34 42 45 47 82 89 95 96 141 151 158 174 196 201 208 228 244 257 271 280 292 332 336 381 400 409 427 447 453 470 477 499 506 510 512 519 523 582 596 606 608 618 621 623 628 655 659 660 668 689 704 712 730 747 758 766 799 819 823 884 895 912 913 924 933 946 952 955 987 991
63 71 84 108 114 138 187 190 196 218 259 306 308 370 399 426 441 469 547 559 641 666 808 846 873 919 1000
382 666 715
24 112 122 129 133 158 167 274 509 536 586 603 657 686 692 712 770 857 976
20 25 53 104 111 114 119 139 155 284 388 447 449 453 464 469 479 485 494 495 555 568 618 626 635 639 663 696 705 722 724 733 753 757 760 771 773 775 797 854 875 876 890 922 941 942 965 978
107 144 151 163 229 236 308 353 491 636 913 928 939
22 36 118 130 169 191 271 321 380 423 435 442 445 477 483 527 540 556 626 646 657 664 673 692 701 703 705 754 815 871 885 918 919 986
31 218 256 350 490 616 626 781 791 898 933
11 21 25 44 59 134 225 233 235 266 333 425 439 475 537 550 640 649 682 705 724 846 858 870 880 889 983
9 26 44 84 91 93 97 115 117 200 207 240 241 274 291 292 319 338 360 378 401 414 415 419 466 473 482 491 498 544 568 591 640 641 707 713 730 805 817 830 837 849 884 885 912 954 972 975
33 70 79 101 136 178 218 237 240 250 284 286 315 351 353 372 386 469 492 531 534 548 555 559 570 587 604 629 655 659 663 672 695 712 738 773 779 794 796 809 821 835 849 882 904 957 990 993
50 111 142 194 195 254 302 402 435 593 603 618 636 640 670 797 801 831 929 950
183
1 13 14 16 20 44 50 140 152 153 157 170 171 174 180 189 194 218 227 262 271 274 282 286 407 435 499 513 515 519 534 556 585 591 620 637 645 652 668 688 699 709 712 728 753 777 808 816 829 867 899 911 912 955 994
141
59 62 114 115 141 308 318 344 481 524 538 556 616 686 757 833 881 918 936 969
72 135 439 462 549 813 921
176 399 642
2 114 238 331 394 431 491 590 683 788 860 870 925 926
59 104 184 267 305 340 367 454 468 471 479 541 553 615 619 625 631 651 654 700 761 765 774 892 916 960 978
482 646 757 813
9 201 258 287 293 377 573 667 668 742 755 769 872 916
10 47 65 134 215 222 239 253 270 294 300 325 335 381 386 435 482 515 569 573 574 587 704 753 787 800 828 887 903
273 325 337 521 609 686 846 904
65 290 377 734
3 201 414 506 540 566 589 601 636 772 890 1000
28 49 65 77 88 94 109 150 153 160 275 295 320 374 402 426 471 479 501 514 530 544 573 589 621 645 659 727 801 813 888 924 926 985 987 989
22 672
22 87 94 123 173 177 247 287 335 387 396 400 401 435 463 518 580 596 633 707 783 848 872 899 932 942 971 994
23 83 92 322 324 398 446 609 778 791
13 66 69 101 113 122 176 209 309 317 361 398 508 517 558 712 718 736 773 774 782 797 905 921 937 969 986
367 428 819 978 979
65 324 466
11 174 394 459 511 582 617 829 874 967 981
520
46 55 60 63 76 110 151 206 247 284 293 323 335 358 395 439 478 591 597 626 639 778 877 972 1000
44 81 121 136 146 164 188 191 200 217 218 257 269 275 381 412 439 510 516 598 682 688 695 715 750 762 783 814 847 884 895 903 924 956 989 997
58 207 213 253 369 469 489 506 562 614 671 694 709 712 763 945 969
851
31 58 60 141 149 183 185 227 265 331 347 422 423 430 431 466 537 610 655 658 683 828 853 868 896 948 973 977 981 985
9 43 197 264 313 424 427 442 519 531 626 734 807 810 901 962 964 989
21 72 85 150 171 187 219 274 287 365 381 390 471 480 502 518 563 575 611 655 669 691 695 725 730 742 799 848 910 925 952 998
7 53 58 88 119 133 139 196 232 290 311 326 398 419 422 434 461 485 494 500 566 592 643 662 731 737 760 782 812 837 838 843 846 865 889 896 919 946
401 437 561 578 911
6 26 41 44 72 109 146 261 309 314 341 356 392 448 556 567 631 666 844 892 928 977
153 320 908
84
120 125 128 129 144 161 178 201 208 213 214 236 239 297 314 367 379 395 466 470 475 479 480 490 515 516 519 574 575 631 638 661 685 709 712 739 761 777 779 790 811 816 846 893 895 896 899 926 944 948
6 13 84 93 95 126 150 166 174 236 241 265 289 307 309 359 363 373 398 415 441 501 521 536 555 576 617 690 727 813 826 835 852 925 940 985 988
32 94 233 319 414 476 492 548 560 613 689 691 770 800 839 862 871 878 949
6 130 154 449 502 591 614 783 794 837 977
781 807 873
108 161 186 217 237 369 422 475 550 617 638 692 702 703 762 771 780 841 877 890 901 957 997
11 38 96 138 162 275 326 403 506 611 723 725 903
16 97 138 262 404 474 529 608 729 742 801 837
24 131 148 318 377 470 497 540 814 920
117 129 207 408 546 585 912
18 19 28 37 56 59 61 94 97 98 102 132 143 145 160 203 205 212 213 249 259 280 310 318 321 329 348 352 364 369 372 394 413 424 443 449 464 470 471 472 510 512 526 537 545 562 569 575 576 611 647 672 680 681 695 696 699 702 710 759 761 771 774 786 802 821 864 917 932 938 950 983
40 540
17 209 222 281 290 323 453 510 557 794 840 877 923
146 407 538 607
11 29 136 146 160 165 174 183 192 200 207 237 238 242 251 285 291 301 316 331 370 380 458 484 543 584 591 605 631 638 640 671 679 711 720 727 732 738 757 769 811 834 835 853 857 898 922 937 941 964 996
29 43 87 104 120 132 170 200 254 269 293 326 392 406 430 446 474 480 488 518 536 568 611 625 660 700 707 724 732 751 766 792 914 936 976 979 983 997 998
45 193 280 291 322 352 370 394 465 523 541 615 680 714 726 853 861 885 900 902 918 920 966 992
153 204 419 535 606 627 729 734 742 916 997
113 229 714 731
49 55 57 63 75 126 200 292 413 420 478 562 577 655 674 675 739 779 788 820
1 48 208 209 212 241 255 274 319 344 360 362 407 437 439 607 633 695 809 829 936 948
414 632 716 839 845
59 178 296
12 75 78 151 175 203 235 248 258 270 273 416 488 494 539 540 562 624 660 662 712 772 796 822 841 843 897 958
9 10 21 26 33 35 36 106 282 297 306 343 384 398 447 464 476 503 525 531 572 585 592 616 648 755 761 851 852 882 913 927 932 953 954 978
8 13 38 39 83 90 95 99 102 109 196 213 222 243 245 261 266 286 295 301 306 321 334 338 343 348 362 366 378 387 398 412 432 437 443 453 459 479 486 487 497 499 522 528 560 584 585 596 597 628 634 638 655 662 679 709 715 728 752 767 773 780 810 826 853 883 886 888 896 906 955 989 1000
57 62 65 66 79 97 101 111 115 130 133 135 140 151 156 241 250 255 266 290 309 364 374 386 410 428 429 430 432 433 439 469 481 486 489 525 535 537 562 568 591 601 615 641 666 670 672 686 729 732 733 739 777 787 789 803 808 810 820 832 834 835 840 855 877 884 917 951 967 980
6 15 39 76 118 129 144 185 212 223 227 240 296 311 323 347 353 361 365 379 403 454 483 488 495 515 558 576 580 591 592 634 636 722 728 756 779 783 786 800 804 824 897 937 961
8 83 175 329 403 466 820 828 904 942
95 103 175 216 222 337 393 414 501 563 576 941
50 118 145 155 195 217 303 397 540 598 680 739 789 821 859 910 925 976
119 461 849
20 32 43 56 93 114 129 164 169 189 194 199 241 245 285 293 355 387 438 455 464 471 473 481 493 506 520 545 555 586 642 679 694 696 713 729 735 744 764 768 776 794 824 835 852 884 887 894 902 918 920 938 956 959 970 983 984
78 118 123 172 194 199 366 389 489 669 715 742 822 998
2 347 386 389 406 518 522 593 629 692 777
141 236 245 291 438 490 528 661 768 806 821 883 911 912 915 985
15 37 69 70 73 112 119 129 162 182 190 207 237 262 364 378 383 406 448 471 516 520 547 571 618 650 826 857 874 978
38 61 74 119 123 183 207 279 341 385 417 633 653 742 748 940 947 954
6 24 58 82 85 160 178 187 232 236 265 280 331 345 351 360 369 390 437 556 571 581 602 607 616 618 661 740 748 797 798 888 892 969
21 217 275 333 483 485 578 587
48 111 144 201 247 257 270 339 349 556 558 590 613 639 652 662 767 814 917
94 114 284 376 397 418 521 529 551 552 557 608 749 998
20 21 72 74 78 82 90 104 128 134 135 149 159 198 245 252 253 283 285 318 333 335 370 411 425 443 445 458 486 514 569 570 584 591 649 654 736 762 802 809 812 831 848 893 936 1000
179 233 311 427 572 601 706 849 999
376
42 78 190 196 266 294 305 347 379 382 398 403 404 453 484 494 532 535 542 553 555 557 611 678 708 710 794 802 812 828 841 869 915 957 988
6 115 159 166 239 276 379 413 483 491 502 536 692 750 877
13 40 140 199 235 273 290 332 357 367 435 595 661 669 673 695 751 769 814 836 841 843 933 941 975 994
13 38 113 276 325 348 403 419 437 462 496
425 448 927
1 2 6 13 16 22 37 45 55 76 120 165 184 189 191 226 242 254 256 257 270 273 277 286 290 308 315 318 339 346 347 415 424 438 445 473 475 488 494 529 543 555 558 571 591 653 664 692 707 713 717 727 739 756 760 776 786 792 802 811 847 857 884 886 902 927 941 947 952 967 978 989
37 189 225 237 296 336 423 488 879 920
8 23 24 26 30 41 57 77 108 113 117 124 160 166 184 193 201 208 213 225 232 238 252 284 290 298 311 333 353 366 369 373 374 378 406 423 431 434 436 455 500 505 508 522 532 540 553 577 589 592 598 602 609 625 626 628 637 640 643 664 666 688 689 690 691 714 732 751 782 786 788 794 811 815 836 838 847 861 891 894 904 910 925 926 947 952 967 970 988
17 37 41 55 61 87 94 137 143 166 167 175 181 267 315 316 329 372 378 411 417 431 432 477 478 488 521 556 563 645 685 701 704 706 729 736 763 780 782 803 826 846 875 913 934 936 962 968 987 999
766
55 60 66 90 132 208 228 272 359 386 388 470 525 582 627 810 875 895 918 925 927 967
4 10 40 50 98 108 109 111 118 142 167 234 255 286 372 381 385 399 402 463 478 479 481 483 500 501 503 531 534 544 585 625 642 726 735 780 816 847 849 856 896 899 913 920 923 960 991
211 333 354 413 456 568 592 631 638 708 791 879 894
146 952 988
46 57 193 266 288 417 428 455 515
26 84 89 104 121 146 154 160 195 212 234 245 284 301 308 373 407 440 494 495 525 530 532 537 595 654 690 725 757 794 839 850 851 855 907 917 945 983
8 56 108 114 126 160 200 224 271 291 311 331 359 384 463 495 583 620 697 723 739 818 852 861 871 885 917 939 943 993 995
35 238 354
6 46 49 114 118 167 286 312 341 473 607 609 618 671 842
259 334 436 637 700 881
54 58 78 94 97 110 114 132 135 147 163 213 249 256 275 289 296 382 387 389 395 400 405 410 442 457 496 504 519 540 577 583 593 608 624 625 639 667 668 679 710 775 784 790 807 821 868 887 901 902 951 959 961 969 977 990
75 78 86 125 346 445 461 621 930 947
74 87 110 133 193 301 422 425 430 520 779 781 828 842 998
29 68 129 230 254 290 304 318 381 435 444 467 603 802 879 974
328 577
15 74 89 102 130 196 210 235 253 256 286 413 418 420 446 543 575 597 602 686 748 774 879 886 897 996
133 395 584 608 791 895 900
76 156 216 330 355 481 596 613 620 753 825 905 943
28 33 163 174 191 225 235 251 286 376 382 410 520 528 589 652 675 691 735 752 824 896 937 944 955 957
43 148 402
454
51 76 125 126 176 180 281 283 292 336 372 392 396 412 447 494 514 535 560 583 587 600 634 644 699 702 709 751 778 785 868 894 928 952 962
86 159 165 170 238 248 271 344 449 593 652 672 701 705 722 773 966
6 17 36 56 77 97 145 149 207 221 225 259 270 295 317 331 442 488 517 523 573 587 659 793 833 844 850 863 923 946 964 980
19 91 100 131 157 178 185 229 276 294 306 354 411 435 491 493 496 560 565 579 584 586 616 628 692 778 810 811 870 890 926 928 938 972 999
74 429 518 550 560 754 758 856 894 983
20 25 50 56 59 525 538 884
665
3 85 115 128 132 150 290 380 464 486 495 513 540 561 658 671 824 859 906 971 983
538 544 574 896 941 960 971
17 53 65 159 170 201 218 229 328 390 419 428 432 726 826 882
217 284 364 365 543 544 608 862 883 946
498
91 107 123 161 196 227 244 269 317 449 469 500 503 508 509 521 525 528 536 551 583 613 621 670 694 723 751 779 797 855 942 959 964 995
13 56 63 93 157 192 196 200 239 250 283 321 369 423 436 445 470 521 539 544 570 616 629 694 704 714 726 788 791 868 961 972 991
197 298 303 331 647 661 715 820 842 947
305 399 747 858
19 104 184 372 560 583 589 644 747 781 930 947 957
211
114 135 234 402 419 480 680 723 743 836 873
58 60 87 131 137 143 177 255 266 268 270 283 302 307 353 376 399 401 413 416 455 488 493 525 577 605 624 667 672 699 717 731 751 758 779 787 812 832 833 856 873 896 901 925 928 998
7 11 82 115 179 202 205 470 471 594 654 661 770 813 836
416 777
467
55 64 135 156 192 204 253 269 306 363 384 386 430 434 443 529 537 569 614 789 858 867 869 928 938 949 967
1 58 113 201 332 376 553 555 646 845 889 912 917 970
21 61 119 159 168 239 306 316 361 375 378 427 501 538 546 618 730 784 801 811 885 899 978
8 48 55 180 305 350 401 471 481 560 608 863 869 877
17 22 93 161 169 175 282 403 408 468 529 572 617 624 632 719 859 914 960 970
104 323 376 721 948
1000
30 79 115 211 234 326 426 482 500 516 532 615 883 934
11 13 24 28 32 43 45 48 51 60 84 88 92 100 102 106 138 170 178 179 185 197 203 220 228 236 238 241 246 258 273 283 284 298 304 310 318 331 364 412 420 432 439 456 463 466 478 532 533 535 542 554 556 574 576 609 624 633 635 657 658 689 697 721 731 756 757 764 766 797 799 801 802 814 843 867 953 958 959 974
8 13 14 44 53 75 94 123 141 210 218 234 239 247 255 279 315 321 338 339 350 358 363 369 376 417 430 435 458 480 485 514 520 563 577 608 638 643 645 651 653 657 704 723 737 756 757 762 768 844 845 869 871 881 917 918 961 978
114 143 199 205 222 455 464 481 533 593 613 642 813 834 845 853 934 975 991
66
215 559 945 998
25 78 83 104 111 122 142 183 185 201 202 247 274 282 305 332 333 346 364 370 379 384 419 429 433 440 447 497 522 529 585 593 636 643 648 651 667 670 684 686 688 741 772 825 835 839 852 883 893 909 917 926
259 607
51 60 111 117 139 169 198 199 212 230 240 267 278 286 359 375 376 380 398 417 453 463 472 477 480 481 499 530 537 634 659 697 782 801 843 845 847 902 942 944 950 982 989 990
182 242 853 924
202 402
52 118 217 514 613 919 934 980
2 18 27 30 67 71 82 88 103 110 152 162 174 179 209 219 221 228 268 269 288 302 306 308 350 369 375 378 381 385 404 405 437 444 445 460 468 470 473 475 481 488 527 544 546 558 559 602 608 614 622 636 706 711 713 721 737 748 750 754 756 811 821 822 836 860 877 899 965 970 976
157 332 413 462 495 578 878 980
24 108 114 219 235 240 329 351 367 380 544 627 659 774 826 866 982 997
48 281 376 494 761 788 936
40 73 279 338 369 420 421 464 685 710 755 801 876 998 999
86 159 164 191 290 293 335 671 776 781 803 857 907
130 156 210 232 303 337 342 424 430 478 533 683 768 776 871 949 966
20 266 370 456 583 604 608 825 922
17 91 224 356 635 873
656 711 941
92 517
79 102 736 746
931 977
13 15 37 79 82 87 139 178 192 208 220 234 279 316 360 429 525 528 592 601 665 712 721 727 755 814 882 900 918 928 957 961 969 977 988
249 308
100 489
46 53 55 71 79 113 118 121 235 238 240 306 307 317 325 332 337 388 410 412 422 424 447 468 489 499 526 529 551 553 580 614 616 631 655 665 671 699 725 746 748 749 761 766 798 816 901 906 921 950 974
134 539 868 907 960
51 171 195 288 348 381 531 542 576 582 587 604 620 745 760 825 900 972
36 75 269 297 423 513 562 714 760 930 950 974 980
12 27 55 91 134 144 145 177 181 191 199 256 265 288 317 362 368 380 442 455 472 491 522 551 557 569 604 607 629 649 656 662 704 705 706 742 753 758 760 777 784 790 826 836 858 870 950 958 959 969 992
22 33 42 45 54 92 106 107 117 129 142 161 184 232 248 289 304 313 336 343 344 346 355 376 414 417 454 460 480 498 501 504 516 517 520 539 545 548 564 598 599 619 631 640 651 657 674 697 720 728 740 741 757 776 778 829 846 861 863 882 895 901 918 936 951 952 953 959 960 962 970 979 983 986 996
98 139 214 217 220 224 233 284 321 334 397 406 415 514 522 533 608 655 666 736 832 835 843 878 938 962
4 107 110 255 278 319 327 359 395 401 419 506 513 519 521 531 568 586 606 667 695 719 800 820 852 896 897 903 907 972 995
342 761 972
143 156 193 207 243 400 408 494 588 915 931 983
319 343 516 649 658 716 748 788 848 850 915 935
54 115 166 174 209 220 221 267 306 327 405 432 478 557 562 614 726 803 820 844 868 893 911 918 933 947 972 975
8 22 24 81 106 419 441 472 682 707 823 848 891 903 975 980
519
11 23 33 40 44 74 87 277 379 431 443 475 524 641 690 695 700 713 850 859 908 951 954 981
130 173 249 273 296 313 363 580 746 912 913 961 996
5 65 151 189 229 249 265 272 289 302 312 343 370 388 407 507 546 570 595 600 678 696 711 722 773 803 864 921 960 962 974 986 990 999
57 101 180 181 225 237 284 287 322 383 391 427 430 431 453 457 504 512 521 585 619 668 675 707 712 746 760 847 855 884 948 1000
24 35 48 51 57 68 69 91 92 100 107 152 165 169 191 203 232 262 267 275 326 332 349 359 364 389 415 441 499 548 577 616 621 641 677 698 699 729 749 750 765 792 808 825 867 871 874 899 900 907 921 930
39 49 52 54 92 165 188 205 213 272 274 292 339 346 349 403 463 477 483 503 505 545 550 585 597 612 651 661 677 678 690 721 725 787 910 911 913 926 941 954 961 972
2 91 121 281 304 319 331 345 405 591 742 832 872 882
128 702 722 726 756 774 962 979
76 101 166 210 249 377 389 422 470 480 561 567 619 626 649 705 749 758 774 782 784 870 898 979
124 143 154 181 228 281 308 443 455 465 530 690 726 728 860 870 875 876 903 905 955 960 975
27 90 168 171 189 235 240 241 383 398 433 442 444 448 463 492 511 555 596 605 667 680 681 764 776 779 782 807 883 914 927 967
184 272 299 332 362 363 405 410 440 444 465 474 567 582 585 602 699 706 799 808 901
51 59 67 68 302 329 347 361 379 386 402 411 426 829 850 868 874 897 901 920 935 951 967 985 994
148 172 341 395 408 419 466 475 491 526 541 544 576 593 606 630 662 668 682 724 792 799 819 840 841 856 862 929 996
99 195 380 441 458 530 562 672 692 956 970 989
25 72 116 172 204 252 338 486 606 610 687 694 758 808 968
5 47 66 86 117 212 242 297 306 323 595 614 710 785 870 978
37 42 51 67 84 89 112 116 150 182 202 284 314 345 406 409 415 417 424 440 449 519 521 590 610 622 647 673 675 676 698 709 732 734 784 787 790 802 825 828 872 888 904 918 925 945 960
91 199 330 940 980
3 166 191 203 344 388 451 516 561 597 634 639 674 762 774 800 817 840
130 355 367 369 374 451 541 780
151 393 402 404 755
340 635
66 75 77 157 275 695 766 811 965 991
243 368 387 427 819 851
44 57 80 122 175 189 355 387 397 407 526 529 641 651 682 854 916 939 996
361 983
135 187 214 215 338 526 589 771
65 142 266 356 756 853 873 916 928
94 539 995
3 48 309 322 371 389 394 406 464 484 519 523 643 645 718 742 769 781 892 909 969 990
379 609 994
464
378 843
35 45 58 114 145 180 218 273 296 331 426 429 481 497 608 628 662 738 750 819 854 881 913 933 935 956 959
5 25 80 96 180 230 283 298 371 391 397 417 434 499 506 539 556 617 626 661 689 711 749 814 863 881 902 934 944 978
9 14 22 86 116 135 182 251 305 361 408 525 579 628 645 653 659 706 716 728 756 759 817 953 980
13 45 56 117 160 220 221 249 284 307 332 336 339 370 381 383 386 480 497 527 528 568 594 616 629 639 646 665 669 688 787 895 933 975
35 59 96 153 185 211 223 225 253 287 297 346 347 352 370 371 379 400 520 540 550 566 574 638 709 759 847 860 863 891 927 935 957
50 158 193 349 395 647 710 745 784 808 970 981
5 22 46 82 87 104 184 199 215 292 309 314 363 365 383 409 448 465 474 485 518 536 558 566 615 633 643 644 682 683 742 744 755 764 774 828 848 875 877 900 940
75 174 370 397 419 433 507 518 519 538 684 723 779 819 820 828 846 895 924
63 106 125 148 167 173 225 228 358 381 387 398 484 514 621 793 906 957 982
28 39 61 92 93 108 116 126 152 218 222 240 277 281 288 307 318 323 421 424 455 472 499 530 610 616 632 646 682 685 727 804 825 843 902 912
27 39 49 63 76 108 134 142 191 227 258 266 308 369 394 409 414 417 429 443 457 462 467 476 525 612 614 617 645 709 710 711 715 717 722 786 795 810 819 834 846 856 863 874 885 889 897 908 917 921 922 991
147 236 257 310 374 380 409 460 485 500 511 536 563 571 822 850 887 896 913 949 956
9 14 19 32 37 41 42 51 52 54 57 59 61 66 83 86 121 132 150 153 158 164 169 213 225 232 247 252 253 262 267 269 273 282 290 292 298 312 313 324 333 336 341 360 362 388 399 417 425 440 449 468 472 474 512 519 526 528 555 574 591 614 616 628 635 639 643 651 655 656 657 666 668 670 672 675 689 697 698 699 703 741 757 760 778 794 795 805 838 858 864 870 895 906 923 928 934 936 953 966 971 984 991 997 1000
51 686 710 802 878 926 938 946 980
35 214 313 457 537 588 697 798
69 168 209 343 528 604 883
73 226 541 553 558
17 105 133 190 257 292 381 392 503 552 666 718 756 787 810 816 824 959 974 975
537
977
48 56 150 155 169 190 230 235 241 326 336 349 354 445 461 478 487 500 578 609 829 841
116 197 200 267 285 299 300 333 409 758 845 932 953
4 136 152 170 174 342 456 542 553 554 595 601 627 637 749 758 812 855 871 887 935 985
24 84 167 223 248 342 377 499 523 759 823 829 830 948
11 71 80 81 86 103 135 178 179 191 192 208 224 229 251 266 281 282 285 340 355 357 380 400 444 456 476 480 484 486 510 533 562 573 574 591 594 644 659 702 710 714 755 760 774 794 796 843 856 870 875 881 911 929 936 950 960 962 968 969 972 984
126 139 182 227 256 274 399 404 406 489 495 568 614 635 646 683 794 820 843 845 902 938 981
81 127 161 253 320 332 424 491 507 610 626 638 645 811 889 892 924 943 947 988 991
154 222 295 317 369 585 611 768 774 915 926
25 27 68 81 87 90 124 148 207 220 231 264 336 349 356 363 373 404 441 592 602 627 659 686 692 757 768 805 827 850 895 896 905 931 967
21 140 161 184 217 229 250 253 263 337 370 459 495 561 576 591 619 739 798 809 863 892 940 971
299 319 537 859
98 111 151 184 281 379 415 474 891 935 948 994
19 257 271 308 371 463 500 543 638 700 772 779 785 848 863 989
41 413 686
259 614 674 732 756 783 973
351
174 176 277 400 477 541 588 689 732 868 951
8 15 34 43 60 63 99 107 111 149 160 216 221 297 301 310 352 358 368 377 436 439 456 534 551 596 600 602 618 643 648 663 670 673 693 694 699 710 746 750 760 773 779 825 830 847 997
91 136 190 215 219 330 337 384 396 450 456 458 530 592 626 636 664 692 694 707 719 842 864 897 921 939 997
111 119 144 158 202 222 228 232 256 275 279 289 308 316 328 353 393 399 429 445 453 456 473 507 523 530 537 538 570 586 618 627 643 666 671 705 711 713 715 725 737 747 762 768 771 781 792 831 837 858 862 868 893 899 901 927 928 958 985 992 996 997 999
34 74 86 88 277 301 319 428 507 534 624 749 776 834 902
3 22 23 59 155 221 326 476 495 503 528 582 593 643 892 903 943
2 172 198 524 620 622 794 795 910
4 21 29 67 126 147 160 178 185 196 206 208 272 301 310 348 356 364 385 388 416 417 419 426 433 487 509 513 519 531 548 560 580 583 608 624 630 631 638 658 664 666 683 716 746 761 771 834 839 863 910 912 953 990
210 865
20 26 29 37 55 128 129 155 163 174 203 258 281 295 300 318 330 356 360 376 439 442 457 486 497 515 528 538 546 574 578 584 585 597 629 673 706 741 766 794 799 902 909 957 970 988
5 7 20 38 50 69 78 84 139 148 155 163 175 201 216 237 249 253 302 312 321 322 326 333 334 337 343 344 366 376 421 435 445 454 462 473 483 487 500 508 513 516 517 533 535 540 541 560 571 574 594 664 691 716 743 758 759 767 790 821 826 845 848 863 865 890 899 906 911 943 960 963 997 1000
66 190 259 295 773 831
2 13 15 32 60 80 88 90 148 227 258 266 296 298 319 335 373 377 378 380 428 433 460 492 529 539 555 560 607 610 670 695 705 735 763 774 834 835 844 850 879 887 901 910 911 938 972
761 979
2 49 96 125 160 176 185 242 259 278 352 355 546 733 964 987
83 114 140 206 315 336 381 392 398 469 484 528 579 628 698 753 767 799 803
62 77 105 119 140 148 268 318 330 344 347 577 587 604 662 663 666 670 799 850 912 982
446
24 43 51 93 110 200 224 277 304 352 374 415 440 465 492 528 537 570 580 598 601 635 656 696 737 760 767 786 815 887 926 975 980
27 75 110 118 278 367 406 429 494 631 647 726 727 738 750 771 803 848 909 984
33 71 185 225 327 342 437 443 467 594 779 796 811 857 860 863 940 941
247 404 413 422 448 615 679 844 876 896
62 63 255 325 360 389 431 451 533 596 677 678 684 709 745 756 772 775 787 791 902 929 944
63 78 131 169 193 196 256 268 325 352 391 431 461 472 520 535 542 589 634 647 666 675 684 706 809 817 823 830 872 875 913 938 955 980 982
3 28 114 118 319 330 366 431 489 490 569 581 680 697 827 845 847 878 972
61
66 68 741 809 990
743
29 84 211 255 274 391 448
19 118 121 155 193 752 768
36 75 94 105 125 266 287 304 334 340 425 427 428 532 564 568 570 599 609 653 693 796 849 882 906 924 944 946 971
50 145
93 148 193 201 228 237 250 274 284 286 291 301 341 358 392 425 441 466 474 553 564 600 654 683 703 706 729 739 859 872 885 887 905 965 972 1000
3 11 107 159 176 178 186 259 311 324 351 356 367 391 394 434 441 449 465 486 511 627 659 660 708 717 725 750 784 798 851 855 862 878 918 953 959 961 979 999
15 128 135 168 175 190 265 317 327 352 366 401 560 595 656 724 734 752 900 980
72 84 93 306 330 332 364 442 473 489 514 517 554 690 865 871 902 914
55 81 119 160 174 248 301 317 449 497 600 764 782 788 804 841 894
9 25 88 94 256 299 365 426 489 520 566 652 685 774 781 787 830 835 840 950 979
333 495 960
9 18 28 40 45 55 59 84 111 138 152 169 181 193 204 209 216 217 220 235 236 263 269 282 287 301 312 315 321 328 339 362 373 378 382 383 385 386 387 389 399 400 401 410 413 415 421 430 451 460 468 470 479 483 485 491 494 499 507 512 519 537 551 554 561 592 597 598 599 600 603 609 618 624 636 676 677 681 695 706 720 722 737 740 749 773 784 804 814 816 820 832 836 837 847 855 872 889 895 903 907 936 945 952 987 990
54 65 79 141 142 158 183 209 229 264 287 317 341 342 418 447 488 593 609 640 687 711 813 815 928
99 204 492 564
37 66 158 180 195 199 205 211 239 242 251 294 326 334 417 474 506 526 578 587 642 653 684 701 719 743 745 747 788 810 847 853 927 933 946 990
35 52 108 273 568 616 734 792 801 995
317 583 587 720 796 848
26 27 131 203 236 302 308 349 377 530 591 616 750 788 838 862 868 870 987 994
14 39 50 60 67 78 83 105 192 193 247 252 296 307 310 327 333 341 368 379 408 417 443 460 498 543 553 562 568 573 709 733 750 772 802 808 823 825 861 865 867 882 912 944 952 990
1 32 81 88 95 120 136 149 153 196 235 275 278 453 506 631 664 667 758 802 926 952 979
255 865
1 8 16 42 55 64 71 72 104 107 113 124 128 187 205 246 261 274 278 323 354 361 375 390 392 393 415 422 424 435 451 471 472 521 543 579 596 603 616 631 643 650 664 668 688 700 724 745 753 774 781 803 804 816 824 849 852 861 868 870 879 916 919
553 611
75 89 137 154 169 190 240 326 334 347 375 390 440 444 459 472 478 730 742 787 790 792 882 945
72 220 343 383 418 421 446 480 574 748 816 825 933 992
33 141 197 258 311 350 401 413 420 466 477 590 622 678 684 703 749 758 827 840 967 990 997
248 383 461 463 862
943
16 52 60 97 116 132 133 144 171 191 222 299 368 374 382 415 422 463 536 539 569 637 650 725 746 772 782 799 824 837 929 934 936 999
11 14 30 57 64 78 100 121 123 138 156 160 180 184 185 187 197 200 219 226 238 242 244 248 250 282 283 294 299 301 310 324 356 366 378 401 421 432 440 448 492 512 522 523 530 543 572 576 585 598 610 639 641 654 656 673 712 741 761 766 771 778 785 792 811 822 840 892 899 928 936 942 946 960 967 978 980 988
68 145 213 278 305 326 344 347 379 448 454 602 659 719 761 818 841 918 951 981
94 103 492
6 42 72 94 128 142 208 211 223 238 267 292 340 365 380 385 434 457 458 515 551 575 582 598 627 644 685 692 697 707 730 741 792 797 944 954 969 974 993 995
97 156 246 361 481 518 532 604 632 646 692 945 956
59 141 254 280 296 408 492 613 660 717 790 812
24 28 40 52 64 74 76 82 92 110 126 146 147 161 166 179 185 261 266 278 289 290 294 300 304 339 346 368 415 429 430 432 437 450 463 475 485 499 508 520 521 529 533 538 549 560 571 590 591 593 598 604 606 619 633 643 668 683 690 717 724 732 739 749 756 757 761 786 787 790 794 803 804 805 843 855 874 890 910 915 928 932 945 954 958 976
9 128 183 193 214 321 440 537 603 919 992
32 81 86 90 150 196 348 349 643 704 749 758 793 928 932 950 977
12 33 52 54 62 63 96 107 148 161 171 173 195 208 218 244 306 415 464 528 546 569 741 776 813 827 836 854 866 895 921
32 193 214 322 349 360 390 428 538 545 639 700 712 715 756 775 786 825 828 858 864 873 890 973
115 148 186 194 202 203 215 256 316 325 327 334 403 440 460 540 561 565 582 605 665 670 710 720 723 737 751 790 841 842 853 923 970
8 15 40 43 52 54 88 99 102 111 165 172 312 321 350 408 430 445 454 493 520 525 544 545 552 574 587 606 640 668 677 727 736 764 779 796 848 856 865 868 869 889 914 921 930 939 983 987
199 886
16 58 86 99 114 116 135 144 156 172 182 241 267 312 348 356 380 393 419 429 448 458 492 510 527 538 575 582 619 625 653 660 698 722 768 772 780 795 804 811 844 857 858 882 929 950 959 982 983 993
15 30 80 105 134 160 216 229 234 292 307 317 340 346 353 362 408 424 453 477 501 506 554 570 590 591 598 620 656 761 776 833 907 948 962 963 972
142 155 193 232 290 319 457 485 491 513 661 808 830 915 951
8 18 27 93 102 132 150 176 195 203 241 281 324 343 443 455 459 473 485 529 542 557 582 652 673 687 712 716 802 826 841 879 883 893 903 914 920 922 923 932 938
10 198 255 265 453 513 594
10 49 54 112 127 436 702 833 974
1 27 31 41 51 80 87 123 127 148 201 256 300 377 412 474 478 497 518 550 595 636 675 699 721 773 888 914 922 945 963
19 29 64 66 126 157 176 194 237 243 247 276 287 314 322 384 396 416 423 465 509 543 551 571 587 618 819 831 868 899 932 952 990
9 45 107 111 142 193 238 324 360 434 485 497 544 694 729 789 836 860 928 941 975 994
17 59 85 105 115 118 135 181 266 316 420 457 459 470 533 559 603 635 650 682 689 721 754 763 772 776 790 797 805 811 849 851 878 884 903 938 942 967 993 996
89 392 398 434 566 702 765 786 936 942
59 288 302 371 440 472 481 489 499 507 540 541 542 594 597 603 683 688 699 874 911 946 970
37 171 224 237 239 302 390 415 569 668 697 760 786 787 857 864 885 895 912 919 975
10 259 389 410 475 556 563 611 780 968
45 180 279 330 414 536 630 699 723 782 852 948 961
67 177 569 710 750 852
600 685
44 286 701 775
37 83 132 150 156 158 187 285 293 301 345 633 652 830 976
38 388
24 74 81 102 122 145 149 228 248 253 367 428 440 518 527 657 662 914 928 949
21 27 35 73 98 133 166 170 179 184 190 192 196 201 218 232 253 263 267 275 294 303 305 421 435 448 461 478 492 506 509 547 551 565 586 588 641 653 654 684 690 708 735 745 764 821 846 852 855 862 877 890 908 912 927 958 987
218 247 275
94 152 156 179 197 325 363 378 400 437 485 701 736 739 783 927 944 972
206 338 420 446 519 621 669 723
21 135 193 260 347 361 378 419 444 449 490 510 515 535 552 602 671 800 891 956 957
18 21 64 77 390 481 484 489 624 733 792 967 985
148 159 222 259 407 503 885
78 224 501 503 555 783
597
8 9 66 128 197 235 247 248 265 293 381 384 390 441 484 495 503 517 602 619 625 632 633 684 695 702 734 736 763 780 783 784 785 790 792 795 801 812 871 960 972
6 24 69 135 181 215 229 231 237 249 259 293 299 330 398 467 508 583 618 634 648 681 830 865 897 943 952 975 987 992 994
10 40 51 73 88 230 277 326 359 376 382 383 388 412 468 549 565 609 636 653 690 765 863 900 917 960 973
155 268 320 649 666 996
988
7 48 52 59 140 164 186 202 208 279 282 305 330 360 362 390 489 544 550 583 647 652 714 744 787 835 836 837 860 864 960
71 78 85 113 151 169 174 180 216 220 228 279 305 326 339 352 360 368 373 374 375 385 414 455 468 469 472 490 505 531 554 596 601 621 641 656 671 677 699 774 793 835 871 879 928 938 939 966
56 196 203 275 446 521 562 683 738 927
75 785
172 337 550 668 682 766 981
197 270 342 362 399 438 546 697 972
327 328 580 622 631
365 410 481 496 836
8 64 82 92 274 286 309 316 320 362 384 387 428 433 440 452 487 527 649 662 712 744 746 827 848 871 906
1 10 19 26 30 35 43 61 97 100 126 133 142 169 177 180 194 226 242 265 286 292 338 395 400 402 417 419 445 446 452 463 471 482 491 492 519 524 536 542 545 551 558 580 607 635 647 665 676 683 684 686 720 722 729 731 740 756 757 759 804 812 831 859 868 875 882 883 886 936 953 957 963 970 979 992
33 82 99 113 182 214 258 276 278 284 302 352 357 408 444 461 466 601 614 623 627 653 667 711 717 740 760 772 810 839 845 861 868 872 880 900 910 930 931 946 951 966 973 977 988
4 90 152 220 269 365 687 725 740 887 909 992
39 51 113 139 213 243 248 252 269 387 392 395 448 482 504 534 562 581 666 716 729 751 783 802 865 881 886 909 918 935 952 989
62 68 91 103 367 555 755
49 218
42 167 258 392 983
27 308 323 373 422 529 559 669 672 759 930 966 996
9 43 62 105 175 232 480 587 605 623 647 689 701 818 950
7 12 34 40 43 68 71 205 316 328 353 377 380 444 544 636 659 675 676 680 692 757 771 779 799 818 877 891 896 898 909 944 978 986
316 634
66 88 94 218 323 467 537 597 756 809 869
597 648 798
173 326
4 10 19 23 27 28 37 38 49 58 72 90 107 110 112 144 185 251 263 265 295 304 311 324 331 340 357 359 362 367 386 418 462 505 513 566 613 622 626 638 646 656 673 686 694 706 721 722 744 753 784 789 794 795 838 845 892 903 933 937 971 976 997
253 270 341 444 455 722 759 859 910 915 920 953
17 87 90 97 182 189 209 279 385 472 483 522 544 561 606 619 630 644 656 657 696 699 716 775 783 789 842 902 934 936 946
129 178 201 238 274 345 477 544 572 725 729 793 884 923 934 982
10 42 71 121 122 137 168 179 189 211 246 262 284 292 304 308 316 345 363 383 391 420 441 501 599 624 648 655 656 696 699 704 746 750 801 863 884 909 918 922
2 40 76 113 175 215 334 363 399 418 720 764 768 795 808 898 902 907
840
97 164 238 262 274 281 359 427 435 443 544 602 670 717 754 781 803 821 832 861 919 975
2 15 46 68 215 318 322 343 346 407 423 451 494 544 550 561 603 662 663 725 789 809 896 962 963 987
6 21 80 114 117 174 176 204 218 271 287 338 345 348 407 428 472 581 583 603 631 635 641 656 685 697 704 706 712 755 757 785 808 820 829 862 916 977 983 1000
54 112 264 334 447 486 673 705 717 759 849 851
5 32 63 90 97 100 113 119 160 201 203 204 236 237 277 280 286 313 329 342 363 376 409 418 544 547 599 607 627 635 644 645 666 706 763 786 801 851 854 886 890 906 915 942 968 991 999
94 151 199 537 628 741 827 886
129 206 408 443 459 732 789 828 944
91 193 333 397 399 524 560 757 824
85 129 594 623
6 55 91 178 195 202 214 226 248 317 318 332 351 400 401 457 464 469 508 521 535 538 611 637 656 672 679 702 707 741 772 779 791 852
26 65 201 332 408 449 549 614 707 753 976 998
392 415 816
268 386 395 935
1 67 182 271 304 417 427 546 604 625 854 870 876 925
2 25 26 44 73 148 189 198 223 232 360 371 375 376 378 431 435 471 514 528 530 566 615 708 729 751 774 862 873 912 915 935 968
60 120 275 283 284 309 529 590 623 763 771 848
2 10 106 112 131 145 151 170 185 216 252 270 281 315 327 372 395 405 409 463 475 491 502 548 577 598 635 640 643 683 685 688 725 743 751 811 851 860 931
118 124 201 304 448 459 731 813 954
11 291
46 48 126 151 204 213 222 248 259 319 328 377 396 400 403 453 458 489 492 574 608 684 749 763 805 857 873 890 891 900 909 915 944 945
18 25 34 58 83 85 123 159 187 256 268 287 362 365 376 401 469 480 507 557 587 594 601 610 669 785 792 811 818 929 943
16 39 46 57 68 105 108 116 122 124 133 138 207 247 255 286 302 312 332 336 370 407 422 424 432 487 501 511 522 534 542 590 614 621 649 654 664 677 693 735 748 767 772 833 866 886 896 911 914 950 968 972 984
404 989
24 41 49 90 105 113 120 126 167 187 201 220 221 248 306 343 373 391 428 442 450 460 477 479 488 491 504 505 522 547 549 557 569 588 596 612 627 635 664 668 678 682 722 759 761 767 780 782 784 808 811 816 818 849 851 861 869 874 879 880 912 922 950 970
195 304 349 633 663 720 915 926
180 261 337 595 955
4 30 44 47 48 72 132 146 182 187 199 246 272 278 283 327 356 384 419 456 491 496 508 513 514 543 598 651 667 678 717 762 766 777 810 825 844 896 928 962 974 975 986 991
68 154 412 455 620 624 664 876 951 991
1 19 45 79 105 147 148 160 170 177 180 203 204 216 225 265 267 271 279 290 308 315 326 337 347 373 379 387 393 444 461 562 615 632 665 691 717 740 750 777 787 792 820 825 836 890 894 919 954 964 983 984
22 74 120 153 166 468 485 700 830 836 941
17 52 190 217 254 300 324 346 441 487 488 538 717 760 786 889 951 971
174 248 273 351 641 732 792 877 905
620
8 33 37 42 156 196 238 358 371 403 405 428 468 520 561 663 753 781 811 812 825 827 867 871 998
332 889 927
18 70 110 129 131 292 392 412 473 521 550 656 657 694 698 730 755 811 821 845 863 893 897 948 962 997
40 42 51 98 106 159 277 378 395 422 437 441 464 478 519 534 627 694 719 745 748 754 772 785 818 979 982
33 118 140 160 181 211 252 253 272 291 295 312 404 421 430 439 484 533 566 591 600 616 622 753 758 778 792 807 827 846 868 884 935 949 962 976 978 982 986
24 74 88 139 145 171 287 296 351 387 476 484 518 531 532 553 603 613 740 851 861 864 871 913 967
3 6 88 92 98 236 256 263 320 355 406 421 433 493 497 506 550 595 696 711 726 758 762 806 821 860 861 920
49 132 282 390 661 685 697 767 783 817 864 883 952
367
35 60 72 140 172 225 344 396 433 468 502 560 578 580 647 693 712 718 779 785 847 855 862 879 921 936 939
76 156 208 237 429 434 474 746 893
154 167 182 300 617 687 784 822 995
34 128 146 155 177 207 372 381 459 514 523 562 638
22 32 90 94 142 187 192 202 245 302 349 374 385 396 412 421 453 495 530 551 586 599 620 693 696 741 777 901 930 932 950 955 969
193 248 274 528 937 939
112 205 255 257 258 308 325 336 364 445 505 530 557 581 613 676 677 756 848 864 921
24 60 125 140 208 219 232 292 303 316 319 340 386 425 463 512 529 591 634 659 694 708 737 747 781 849 858 880 894
21 35 67 86 96 447 515 568 627 755 779 796 826 946
3 23 24 25 26 35 44 49 52 56 61 77 84 102 103 107 118 119 120 129 130 137 168 170 210 213 215 226 229 231 238 240 248 252 258 262 270 280 283 288 291 311 317 323 328 330 331 343 350 356 358 361 365 367 378 380 381 382 393 404 406 411 417 441 447 459 462 467 496 497 501 503 504 523 525 533 543 547 549 551 552 558 569 571 573 575 581 589 596 600 625 652 663 665 708 711 714 724 726 731 739 757 773 781 783 786 796 798 806 815 830 832 836 842 843 861 863 864 872 875 880 886 887 891 905 912 924 931 941 944 945 957 958 966 967 968 986 987 993
964
244 352 485 512 821
380 533 607 651 691 717 869 988
224 665
227 603 796
29 42 45 51 53 59 73 86 132 177 189 205 216 287 290 303 318 332 397 409 434 468 496 506 530 584 600 615 626 638 646 654 655 657 678 700 750 804 817 868 912 939 977 999
36 59 77 85 95 118 193 197 208 246 251 267 302 318 341 349 354 432 507 546 583 590 694 784 806 830 834 839 849 858 938 978
73 112 139 292 325 347 483 495 530 606 643 756 775 801 806
204 367 419 582 644 870 967
17 124 130 149 302 347 434 455 496 568 577 764 802 825 852 863 892
11 14 92 167 171 206 237 258 581 700
2 16 20 30 52 68 70 94 120 198 232 314 325 345 377 385 386 403 428 458 532 534 549 563 568 578 587 591 629 647 675 725 739 750 820 918 926 935 938 956
11 60 90 204 216 246 271 278 363 368 396 424 456 494 581 590 648 680 698 729 733 747 748 765 771 824 878 889 955 990
7 87 123 178 207 256 306 325 476 493 525 643 659 709 725 758 831 852 870 936 976
32 42 53 55 59 79 117 122 197 223 237 240 250 253 271 349 367 445 495 534 557 577 588 604 606 613 645 649 673 690 778 803 839 840 842 848 893 925 939 953 984 999
13 21 35 45 48 64 66 86 104 135 174 244 288 293 298 396 418 455 478 484 535 541 592 595 666 694 728 768 769 788 807 815 840 860 889 900 970 993
43 65 87 110 137 140 198 210 233 245 280 321 373 380 402 403 481 493 505 511 529 533 599 600 621 624 664 735 760 788 884 886 907 959 960 967 985 997
192 627 837
28 48 73 75 79 96 103 114 126 129 133 146 166 172 180 193 233 258 267 282 289 337 339 396 400 446 527 542 549 559 561 571 594 608 613 645 668 696 698 712 726 767 816 819 834 889 901 902 920 928 942 946 991
39 45 197 260 262 305 327 391 401 446 495 585 603 617 791 840 877 965
44 82 177 207 213 225 239 283 288 311 380 387 402 429 515 678 705 729 743 755 778 816 830 896 943
131 228 506 601 926
4 7 36 38 43 70 95 139 147 161 162 183 191 210 211 214 255 278 307 308 313 328 329 331 336 345 388 417 446 467 512 602 630 680 689 767 769 792 824 858 866 900 913 921 939 963 969
9 12 20 48 124 137 140 171 206 260 267 281 301 303 309 343 344 365 384 401 418 436 437 443 460 525 528 546 550 559 585 620 630 663 670 692 756 764 800 804 831 855 884 894 943 997
407 948 979
947
9 108 169 217 226 457 667 927
75 137 151 166 186 217 232 313 317 353 397 422 454 489 501 552 681 682 757 785 791 806 827 857 893 898 904 917 941 945 959 983 992 994
4 49 404 407 512 614
46 75 112 134 193 220 225 278 314 384 405 558 612 628 756 761 804 880 909 928 953
6 19 25 46 96 99 129 157 159 174 178 279 291 334 361 374 376 393 420 431 451 459 543 555 556 561 567 569 591 603 607 611 628 629 642 656 664 677 680 716 731 753 768 775 783 792 801 802 832 836 847 851 860 861 865 886 941 970 977
9 41 120 550 697 701 728 804
48 153 442 542 796 892 915
464 489 628 762 858
248 289 330 440 495 631 660 705 872 931 938 961 981
53 67 75 77 91 152 163 180 184 187 200 214 250 257 258 265 271 329 347 353 355 396 415 424 507 525 528 546 559 570 577 579 623 624 625 633 644 653 666 670 704 711 715 763 802 809 840 849 880 894 920 941 942 965 968 989 997 998
25 60 89 99 110 163 201 327 391 451 516 584 613 671 696 701 838 885 905 986
1 19 84 98 137 155 197 221 240 277 357 364 461 481 558 560 561 596 606 649 653 666 672 733 748 767 776 814 850 877 889 894 917 932
1 5 29 32 52 53 54 59 62 67 72 76 78 100 104 105 112 131 148 156 157 227 244 255 259 263 294 311 312 314 316 340 350 355 369 380 408 418 439 451 452 468 475 480 484 498 500 537 550 568 593 598 616 636 650 652 708 716 738 814 815 821 836 838 858 868 882 886 903 950 953 957 966 990
8 939 970
9 16 35 58 129 134 217 257 283 329 332 346 348 376 385 388 398 455 507 533 536 574 622 782 790 829 832 858 880 901 908 928 958 977 998
6 24 31 35 66 75 126 134 183 185 210 214 230 241 268 285 291 304 309 318 326 334 338 358 396 412 414 416 425 430 437 446 452 453 457 461 474 479 481 489 500 506 509 516 568 574 587 596 604 617 641 653 656 658 660 667 672 676 714 735 755 768 771 774 796 797 799 806 835 837 847 853 858 859 866 869 884 889 893 935 943 950
11 100 110 151 155 229 261 280 316 336 346 358 360 399 418 481 500 531 597 619 714 797 806 969 980
29
178 191 212 262 343 345 479 530 553 564 582 606 638 649 719 811 819 822 891 912 933 937 973 997
108 340 727
215 577 677
125 242 256 259 260 345 392 396 444 457 481 632 721 846 922 928 984 985
13 165 363 474 524 525 840 938
22 34 42 56 94 115 116 126 138 229 241 246 248 267 363 380 382 412 424 467 480 515 528 630 652 726 792 826 876 969 981 994
191 499 581 989
392 508 558 682 906
27 74 111 127 151 337 369 382 419 423 497 527 596 598 715 843 888 912 959
12 18 60 72 104 139 143 170 187 203 262 333 431 465 519 521 633 659 663 667 702 735 793 799 844 916 996
39 50 106 139 151 169 171 191 220 279 322 325 332 334 351 374 389 393 448 454 458 500 509 531 558 605 631 632 637 640 702 731 766 768 774 808 850 924 936 937
57 229 365 369 428 442 454 918
17 46 68 99 165 168 284 351 379 381 412 434 591 628 668 699 706 769 871 939 947 992
70 75 108 139 222 319 328 369 381 408 433 486 487 532 557 604 621 714 739 740 842 862 925
279
162 312 314 450 758 800 927
400 453 662
13 48 64 89 167 180 222 225 295 325 365 485 601 839 888 909
3 198 263 435 468 473 495 628 743 865 874 907 996
34 72 103 110 174 198 207 243 283 290 299 339 353 415 441 455 477 510 553 573 574 607 617 626 636 660 690 777 789 812 833 976 988 993
86 268 289 331 359 373 500 511 585 694 795 904 922
1 24 45 58 61 62 80 94 109 122 154 164 180 206 237 239 244 248 253 254 272 275 304 308 311 330 345 364 372 386 388 401 402 430 466 471 482 483 500 540 551 592 594 598 600 605 609 612 636 641 682 790 795 830 848 853 865 874 878 888 896 904 907 908 958 993
37 327 400 868
132 201 349 407 433 463 492 493 534 590 759 786 919 937 962 968
36 37 54 130 161 315 343 380 443 506 526 622 648 739 758 855 940
123 142 180 202 256 487 505 777 780 990
8 541 608 724 971
18
2 52 74 111 218 291 306 307 426 431 575 588 631 689 712 718 898 931 973
34 81 349 368 535 710 822 868 893
1 18 46 98 114 123 137 157 191 196 207 216 231 293 322 328 350 388 506 530 562 593 631 657 666 669 678 754 770 928 938 999
6 26 51 81 124 158 175 197 201 258 279 291 293 344 345 372 417 614 622 634 709 724 739 765 813 843 872 875 891 899 915 948 963
35 61 92 203 365 576 643 698 821 834 882
15 54 98 223 248 341 371 372 407 423 534 555 590 604 614 617 624 658 719 776 832 838 893 978
442
70 271 280 334 402 540 762 908
55 198 349 394 560 708 723 816 844 860 937 975
708 863 901
40 63 83 140 255 300 359 655 710 760 877
19 37 63 98 240 269 357 362 378 571 618 640 734 737 858 867 906 962
144 182 221 368 502 671 695 698 719 849 946
67 93 118 135 241 267 279 297 333 368 454 455 506 526 626 740 757 787 791 853 877
16 102 137 148 195 202 214 259 261 344 521 727 748 854 883 920 990
76 113 134 170 191 259 284 313 324 415 437 448 451 667 839 864 895 940
29 118 186 216 242 303 317 457 476 497 499 647 700 810 834
9 11 16 27 34 46 97 137 217 226 227 254 261 276 283 296 309 313 318 319 330 353 361 363 366 369 393 397 430 440 445 449 496 499 500 509 515 520 535 557 560 567 588 594 595 599 627 644 647 656 684 686 704 708 714 719 724 725 730 737 761 763 776 780 801 807 825 832 843 847 860 873 874 876 907 935 972 979
11 383 766 899 960 981 993
161 352 491 791 808
21 145 157 306 410 452 467 515 540 558 633 751 764 781 922 985
30 454 534 580 613 757 773
20 100 101 155 184 185 208 225 272 292 307 323 375 435 450 452 456 465 514 515 534 565 569 591 613 644 648 679 681 709 728 745 748 765 769 806 849 875 925 938 943 957 967 968 969 975
232
61 174 357 365 682 764 891
525 860 962
196 311 320 370 481 518 555 823 896
155 158 160 406 441 479 587 795 846 847 919
182 271 344 556 699 703
41 496
411
43 48 50 63 79 200 215 231 267 308 396 443 452 504 515 545 586 694 772 775 786 987
139 228 584 608 738 792 902 940 997
61 93 204 477 605 657 729 755 771 787 997
285 560 657 764 890
91 110 134 147 168 212 216 270 361 507 627 838 841 842 856 897 902 932
112 168 734
5 79 93 171 204 261 295 314 362 390 435 478 546 548 640 788 790 801 847 872 913 937
199 542 598 658 808 855
88 143 289 438 496 545 622 682 723 810 916 954
2 7 19 36 55 103 157 161 162 237 272 321 378 411 486 491 502 550 589 625 627 686 741 754 860 877
61 264 296 334 422 498 515 534 581 733 753 838 924 991
135 347 423 475 529 562 572 637 860 885
63 93 136 225 239 268 271 395 418 602 605 687 731 798 828 837 850 975
9 10 26 32 64 72 79 146 148 173 208 229 238 281 287 294 324 357 362 396 466 489 503 607 608 609 629 647 682 685 686 702 723 767 768 801 832 852
103 306 790 797
27 64 72 125 151 183 260 321 341 350 384 396 449 451 459 543 574 611 641 710 729 949
45 60 231 297 367 390 535 560 572 616 749 767 809 845 865 892 894 936
141 217 337 444 519 632 657
133 156 181 229 251 342 343 436 593 612 650 651 680 711 726 757 802 839 883 957 983
124 127 153 196 228 229 290 329 340 373 392 433 447 470 516 557 613 670 691 699 712 728 743 871 875 887 915 949 983
219 335 451 829
20 54 74 108 138 172 175 184 484 507 560 594 696 711 735 756 817 872 943 997
14 80 92 149 154 177 293 332 373 428 627 694 750 902 908 978
860
158 219 257 261 301 329 437 473 521 586 620 637 671 758 825 884 987 993
885
136 229 287 336 355 402 405 536 542 631 669
24 49 100 125 137 143 149 182 192 395 428 487 503 507 683 855 876 910
142 742
86 374 395
1 5 35 52 80 112 158 174 190 211 230 255 290 315 316 334 364 370 386 391 395 462 465 511 547 562 570 582 594 626 629 637 654 664 666 682 684 720 745 774 786 832 836 843 882 897 898 905 942 951
28 57 69 101 103 120 127 154 158 182 205 303 396 402 416 425 506 537 603 671 684 695 713 729 760 822 840 856 864 893 930 977
9 26 30 38 56 92 93 135 139 201 210 222 286 287 292 329 336 355 377 396 560 578 631 660 688 749 801 803 881 917 921 947 965 972
8 23 172 198 330 345 452 611 847 924
117 137 234 268 345 394 534 536 541 636 666 770 927
29 71 104 111 112 148 274 285 322 336 350 375 386 449 494 552 553 572 593 660 717 719 722 726 762 782 784 826 893 924 933 946 974
20 274 310 569 902
17 25 97 126 170 182 217 220 240 280 325 351 355 375 424 429 447 467 497 505 512 575 578 596 625 705 733 849 899 906 937 961
4 23 71 126 128 140 184 263 297 347 369 374 525 594 690 748 761 774 854 909
24 221 267 333 380 414 418 470 652 730 797 995
14 26 28 32 57 58 61 68 113 180 239 241 244 256 276 297 301 310 321 330 347 350 377 395 407 410 440 447 461 465 502 506 512 514 523 535 562 567 570 597 605 611 645 648 700 703 707 716 724 729 736 738 746 754 761 771 773 778 792 833 837 839 846 855 887 913 945 964
9 62 65 73 88 109 176 206 305 313 334 437 438 440 485 537 588 609 613 645 674 678 729 783 967 975
12 77 80 95 167 187 224 348 385 468 524 617 952
465 581 859
13 53 66 68 82 120 129 138 144 154 186 190 234 289 304 324 326 337 343 370 406 441 452 475 532 553 554 578 587 604 620 632 706 720 791 806 840 911 921 922 929 982 988
1 2 27 31 46 48 66 82 99 120 121 125 146 150 153 170 189 216 224 228 233 235 238 263 270 273 278 280 296 297 300 312 313 324 333 347 355 358 364 378 395 400 416 428 434 458 467 486 493 494 499 511 517 519 532 539 540 541 542 543 566 622 639 650 674 684 690 691 721 732 734 738 741 770 782 786 789 797 801 803 806 811 815 820 859 864 869 905 906 942 949 959 998
59 141 195 256 512 674 716 778 860 970
27 84 85 135 203 261 274 351 378 386 395 508 513 523 525 596 597 601 657 702 748 775 807 815 978
417 675 818
258 365 410 418 433 661 815 883 885 896
112 786 964
13 68 303 324 394 426 701 872 906
17 74 113 135 175 234 241 249 263 266 279 335 339 383 442 455 568 587 588 619 628 642 753 765 808 826 844 854 855 861 871 878 885 925 934 974 981 986 995
2 6 9 19 92 110 118 167 198 213 247 264 305 351 360 366 370 377 385 392 395 427 469 538 553 587 591 593 612 648 714 738 744 845 877 900 917 936
3 53 54 86 175 204 205 206 236 239 241 254 316 392 393 402 416 431 503 528 537 553 568 585 617 641 678 687 690 732 782 838 875 977 989 993 997
9 24 56 74 82 105 120 185 211 212 220 223 231 313 318 325 337 340 376 439 442 449 456 466 485 503 507 545 555 577 598 657 659 662 683 705 720 766 781 789 794 819 899 916 933 946 965 994
546 714 778
2 15 32 33 42 46 61 82 83 96 102 104 122 133 146 154 158 183 184 185 208 211 219 221 225 235 245 250 271 274 280 314 320 337 341 348 351 358 365 389 396 400 407 419 422 429 433 449 478 481 495 499 502 503 509 541 543 545 546 560 564 567 568 570 578 588 611 619 623 624 625 661 674 718 720 729 733 748 764 766 779 804 829 833 834 838 845 867 879 932 967 975
6 136 188 311 357 494 519 631 654 760 928 958 966
65 207 277 287 344 356 483 536 546 655 752 773 863 895 973 976
18 262 518 553 740
6 37 102 140 226 265 287 288 300 343 380 383 384 425 436 463 476 510 521 533 560 561 572 604 671 674 703 737 774 780 793 808 824 829 849 860 895 930 959
385 498 664 782 813 828
38 576 772 821 867
136 228 312 420 514 589
19 256 510 750 811 823 920
182 274 855
99 105 131 159 162 221 226 239 240 306 325 375 386 398 401 439 471 508 517 535 550 583 587 597 674 719 720 835 871 917 938 986 993 998
56 93 94 118 155 163 181 214 259 277 294 352 399 401 412 417 457 502 510 527 573 594 725 767 802 830 854 891 932 984
14 158 248
2 20 71 74 101 162 194 229 298 400 403 430 457 585 605 628 652 677 702 734 746 803 991
4 69 102 115 125 190 311 396 416 492 510 536 972
165 305 522 723 872
75 110 852
71 162 164 243 253 413 496 543 709 795 866
77 93 175 209 216 393 555 650 959 987
160 361 400 450 663 958 973 996
9 18 26 33 127 168 222 241 248 260 296 318 337 349 376 385 450 483 508 547 590 643 696 715 778 808 823 824 882 888 925 958
5 66 183 230 416 434 435 466 549 568 750 786 819 884 885 890 931 955 994
784
55 60 273 592 634 690 731 760 853 984 999
7 80 112 190 288 347 371 414 645 769 828 931 941
9 92 100 112 120 153 169 199 214 227 265 268 288 305 327 362 378 380 510 575 582 665 744 754 791 817 839 845 900 909 910 917 940 953 984 986
131 138 146 166 170 312 437 459 505 513 549 573 577 757 787
153 209 221 242 271 306 360 415 475 489 517 555 601 678 725 765 892 934 968
16 20 22 48 53 60 68 86 102 122 151 206 211 219 229 244 249 251 254 257 281 312 327 338 379 405 443 453 463 466 491 496 531 556 571 577 582 590 606 624 626 627 665 669 682 687 691 700 708 716 735 748 751 767 775 800 804 805 810 814 830 853 877 879 900 901 904 933 971 972
73 101 203 489 704 873
170 199 249 306 996
7 33 46 49 83 87 169 207 209 222 225 341 342 370 431 455 466 475 520 525 563 603 609 623 653 699 722 748 765 766 780 792 835 858 872 912 914 923 937 956 960 973 979 987
431 859 990
29 86 193 226 230 254 319 321 337 340 418 424 469 479 548 563 640 667 718 746 785 848 854
48 52 57 65 67 90 91 110 113 127 129 141 152 159 175 193 194 196 208 211 212 215 221 232 240 244 245 250 274 279 285 289 325 332 335 349 351 373 374 382 405 428 436 469 487 492 493 501 521 528 529 533 536 545 549 552 560 562 568 582 584 587 601 629 634 640 643 653 663 665 678 679 688 690 714 729 732 749 759 762 789 800 809 824 825 862 874 896 908 915 918 919 925 931 938 947 951 955 971 999
33 54 67 118 185 351 549 551 585 738 754 761 781 786 861 935 957 969
92 177 253 255 916 986
24 40 76 102 170 194 217 268 278 281 374 387 402 429 479 492 544 546 610 613 648 654 670 672 678 697 716 734 745 751 798 864 927 957 977
43 63 126 158 226 240 277 305 530 608 612 645 737 803 804 868 923 937 978
862
960
75 131 150 178 188 198 207 230 290 310 358 411 415 431 499 501 555 597 614 676 717 762 806 822 899 913 975
14 95 105 183 222 235 295 338 394 429 468 472 488 500 514 537 551 569 625 645 680 706 720 741 785 793 806 813 837 845 846 863 867 869 929 936 954 981
49 53 65 74 99 112 164 235 275 343 498 675 710 722 731 771 939
80 169 689 698
58 102 115 119 132 135 142 148 178 190 224 278 289 299 356 378 406 421 424 442 446 522 556 565 607 623 624 634 678 688 692 724 819 826 833 840 853 858 882 915 919 959
97 263 440 519 708 760 795 854 891
210 277 315 361 522 581 659 664 714 742 903 956
6 12 18 48 51 77 86 91 103 114 130 133 144 154 188 190 196 203 226 227 243 285 336 337 339 372 413 418 424 443 448 462 503 519 537 538 590 610 640 683 692 701 708 711 730 787 791 849 868 876 904 914 941 962 986
44 90 149 187 247 297 344 348 403 407 458 467 523 598 711 721 745 764 807 845 929
61 64 326 366
55 69 75 83 107 154 165 166 180 183 241 246 283 333 337 356 358 375 377 415 419 426 453 462 467 477 483 518 525 530 555 571 588 594 634 635 641 643 694 725 778 801 804 809 814 842 844 847 907 976 982 994 997
55 79 102 128 211 241 253 256 329 353 356 358 361 368 450 545 550 582 606 615 680 739 798 851 874 918 987
141 148 518 623 707 901
13 84 101 140 172 243 268 273 368 422 484 597 707 786 890 905 964 968
1 10 38 73 161 175 188 225 313 317 476 564 586 649 713 746 765 846 886 901
167 282 316 481 592 784 852 861
40 50 54 72 94 95 109 113 114 151 239 308 314 323 372 467 508 510 526 561 575 586 602 635 654 656 668 676 684 716 743 780 782 799 839 854 876 890 906 921 953
6 13 23 26 70 119 158 175 283 299 347 351 358 375 393 467 474 509 577 595 611 632 638 640 651 692 721 772 849 855 915 917 958 972 988
907
145 181 206 424 428 630 676 754 811 821 887 897
2 35 69 79 113 196 203 229 233 318 333 448 476 516 536 551 589 622 688 692 702 760 766 786 873 889 890 891 962 995
723 791 903 940
55 75 138 181 330 389 450 659 907 914
161 194 245 299 310 320 330 344 361 367 383 420 429 431 447 515 555 556 687 717 836 849 900 922 931 975
69 99 225 267 269 365 437 468 475 478 489 637 666 771 782 841 914 951
57 84 193 246 427 431 440 726 735 754 802 812 836
41 160 198 380 462 522
311
10 48 65 103 124 131 140 180 208 219 230 262 269 274 310 329 360 395 417 421 434 440 449 464 575 586 647 735 737 757 772 793 804 805 940 963
22 68 170 431 436 645 652 656 783 872
918
5 77 174 468 478 546 566 673 961 1000
12 24 31 73 74 80 99 101 106 137 146 152 154 200 208 213 246 265 270 271 286 289 301 339 360 380 390 398 400 419 420 429 437 464 466 471 478 481 495 496 514 519 534 536 556 566 572 579 598 600 615 627 628 640 646 649 651 663 674 682 689 693 705 712 713 741 749 769 793 798 805 833 845 854 855 859 871 872 874 902 968 976 989 998 1000
450 516
108 149 260 275 459 486 613 641 826 829 900 942 994
38 51 84 138 152 163 215 249 259 301 310 312 388 417 484 521 530 544 545 580 623 665 759 762 777 794 796 844 866 867 869 873 875 888
144 769 804
148 184 416 639 718 793 864 880 925
14 38 47 167 248 280 389 394 506 551 657 681 728 755 772 855 877 890 911 916 924
89 171 214 215 219 232 241 269 304 320 437 461 512 517 589 630 635 647 651 687 804 810 832 883 905 923 956 964
294
9 40 65 102 129 225 237 270 422 431 514 561 853 909
24 166 190 409 636 825
82 93 244 259 324 451 468 500 515 526 548 575 802 805 823 832 838 863 876 886 942 961 967 970 987 992
119 160 202 448 478 560 620 877 896 957 990
159 333 621 637 745 783 851 949 973
14 159 187 549 616 828 924 993
43 78 139 207 218 273 285 348 375 533 607 641 758 809 810 811 834 956
994
104 107 608 859 958
16 228 292 652 783 845
200 218 240 259 267 285 293 416 433 466 480 520 530 658 686 700 717 719 767 773 783 814 870 980
34 53 129 164 209 223 227 239 294 345 412 495 501 524 650 657 719 737 770 799 823 859
7 43 44 107 122 167 175 194 199 204 220 227 289 302 307 350 359 366 391 456 505 510 511 529 555 568 575 615 620 626 649 655 685 695 710 821 844 937 948 949
123 182 241 280 459 502 509 653 664 791 880 900 918 997
189 699 990
14 22 33 74 81 95 107 143 148 168 174 263 277 320 324 329 362 411 423 432 437 451 543 568 571 587 648 649 670 685 696 726 782 791 810 849 853 869 918 942 961 994
82 238 284 342 590 596 628 665 852 897 944 982
114 325 609 739 854
11 48 70 106 181 316 378 467 596 771 862 892 899 909 917 945
94 117 133 180 431 441 462 486 680 695 741
10 136 236 241 382 506 676 749 825 838 915 932 939 958
1 10 32 39 44 53 56 58 60 66 69 70 97 98 113 116 120 126 130 143 144 145 148 160 163 175 187 203 211 214 221 229 273 285 286 299 306 314 329 332 344 371 374 378 402 423 433 439 443 444 458 472 477 509 534 553 572 582 604 624 639 648 656 661 670 674 686 692 694 695 702 704 706 713 719 735 745 748 752 794 798 806 809 811 813 827 853 868 872 898 915 929 930 934 936 940 946 970 973 986 994 999 1000
59 220 331 332
27
370 799 984
67 71 83 108 124 130 132 163 277 420 484 510 534 536 553 557 566 609 612 613 615 636 640 654 670 718 735 770 789 838 850 872 895 914 964 975
30 136 307 404 417 583 591 854 995
174 620 635 771
48 503 637 985
439 988
15 20 24 25 28 51 59 70 187 191 227 248 256 257 293 342 354 415 435 470 471 491 499 532 537 556 561 612 618 626 631 638 664 670 673 710 798 820 826 827 855 913 924 951 980
7 40 88 108 129 152 162 177 199 406 407 431 436 460 468 478 529 533 556 586 657 671 691 728 758 782 891 898 903 926 932 960 968
115 118 149 171 241 257 268 442 521 545 576 600 640 701 852 864 914 955 987 1000
2 7 43 71 154 156 192 198 199 203 223 239 242 249 254 294 313 347 358 450 481 495 537 544 554 597 615 622 659 663 672 685 719 768 787 907 940 941 989 1000
7 41 43 62 64 75 183 212 259 309 316 375 401 410 432 535 680 813 854 903 932 969
34 37 119 124 126 165 180 225 251 259 281 313 319 382 389 394 416 441 465 512 526 543 575 583 611 657 659 661 723 756 777 789 793 839 977
11 68 80 196 202 224 317 338 435 528 625 732 884
32 39 51 57 79 82 84 109 127 128 139 145 150 152 188 194 201 206 208 209 215 219 224 249 320 325 336 347 351 355 363 377 396 398 401 414 421 423 435 437 439 448 463 478 490 510 520 539 545 547 571 573 576 579 616 618 626 642 649 656 683 691 704 722 741 760 773 786 804 812 824 830 838 871 874 890 902 905 913 919 930 965 969 975 982 993
10 31 43 56 89 100 110 161 168 225 274 296 336 419 460 474 500 534 555 570 597 644 646 652 656 668 691 801 806 826 839 863 879 884 893
19 78 117 135 162 165 193 199 200 216 249 254 286 291 294 321 337 349 368 375 389 420 423 427 437 453 488 496 501 503 509 535 556 558 563 566 573 580 582 608 609 626 646 659 668 697 706 708 710 722 728 748 766 774 787 792 822 823 844 846 851 908 910 916 943 948 960 968 980 993
133 138 465 503 660 665 745 850
124 173 247 289 300 311 315 318 324 459 702 721 727 756 858 900 978 994
18 51 73 234 311 411 424 474 487 597 668 684 865 946 976 993
138 144 172 289 319 320 371 384 444 556 666 704 834 852 867 885 906 928 988
3 23 94 157 309 354 368 458 619 696 797 965
21 125 179 628 647 688 723 825 876 908 976
94 123 161 246 415 472 776 912 949 954
3 11 16 18 25 51 84 92 94 118 135 145 147 158 166 179 192 209 223 288 293 315 342 348 351 381 409 412 432 447 458 463 538 542 556 563 570 573 579 604 649 685 690 713 717 734 741 745 786 792 797 836 849 891 908 940
63 98 202 210 301 352 387 398 443 448 568 608 673 686 762 867 926 944
116 598 782 990
251 424 661
106 176 247 292 705 799 805 887 949 951 983 995
54 73 113 128 209 212 229 361 422 513 609 629 683 715 834 839 897 954 967
340 529
726 772
7 20 36 54 72 88 114 119 124 125 130 158 189 236 271 276 310 431 441 443 484 514 549 584 719 722 743 750 759 765 775 781 804 809 829 839 842 862 883 915 952 958 963 993 994
62 162 200 219 252 278 289 363 580 590 602 793 808 872 876 919 930 945 955 976
110 177 216 243 266 303 338 435 444 478 508 532 534 590 637 683 738 823 876 979
12 327 852
51 58 62 79 83 138 203 469 543 558 609 851 993
43 76 100 145 157 214 259 266 267 272 293 309 367 403 445 460 462 466 483 489 490 494 505 525 531 546 596 602 623 625 648 658 693 718 722 743 746 760 789 835 863 879 889 915 920 923 931 942 958 986 987
23 63 87 103 106 113 127 129 131 134 135 136 161 186 198 262 272 280 292 305 344 357 405 408 412 451 454 480 492 496 524 535 574 643 646 657 704 718 746 760 772 775 783 787 808 820 824 849 858 968 973 988 989 999
62 64 74 76 149 224 235 315 340 370 371 377 399 507 540 563 581 588 630 646 743 775 789 810 883 954 969
104 108 115 123 216 308 419 687 703 933
36 121 156 191 242 348 499 681 731 807
244
21 92 204 251 256 303 328 397 436 438 454 492 509 516 568 569 715 720 731 767 776 822 852 853 867 944 964 967
198 377 606 628 646 687 738 822
235
4 20 26 46 64 86 116 124 211 284 320 399 455 482 489 499 506 507 563 569 598 689 709 760 885
37 200 231 351 402 437 495 644 790
444 670 803
6 11 37 56 61 96 99 106 120 126 229 240 268 311 317 348 426 430 446 500 549 570 575 580 596 665 730 734 756 757 790 801 811 900 948 962 997 999
82 94 174 232 248 268 337 352 363 488 564 602 616 636 644 698 889 939 944
48 49 64 355
9 94 118 138 212 293 325 395 421 591 700 876
129 251 290 336 425 431 571 655 926 927
3 26 29 71 81 90 105 107 152 154 177 184 230 236 290 315 317 355 416 463 473 523 548 555 579 624 634 638 648 668 705 723 751 761 822 824 867 874 922
694 853 894 930
489 632 734 863 903
428 477
84 206 224 363 374 378 404 412 436 472 557 586 668 707
14 23 28 35 39 63 70 73 93 94 106 114 119 133 135 194 212 216 237 239 247 270 278 325 327 335 360 365 389 421 433 440 452 468 494 514 540 586 596 633 648 690 733 735 748 757 796 818 842 848 853 863 887 893 895 937 938 940 941 964 992 996 1000
662 831
511
33 77 207 225 444 471 529 733 847
863
137 785 875
927
7 32 131 172 196 211 228 280 282 341 362 394 416 482 496 521 537 600 607 616 663 705 752 800 917 998
65 82 96 126 268 327 376 384 415 491 549 585 916 999
39 123 225 392 443 574 618 708 786 875 889
2 57 225 292 337 373 381 395 397 468 482 483 514 550 553 659 663 722 813 912 918 930 954 962
83 98 117 180 201 203 208 236 245 260 328 484 538 582 619 641 743 763 781 793 795 867 944 945 972 977
1 21 59 73 74 107 115 120 137 178 197 245 247 272 341 391 449 450 460 504 606 607 608 746 767 770 838 842 865 866 869 888 900 902 907 921 966 1000
77 435 450 511 514 518 613 654 688 833 875
80 281 372 639 720 821
1 52 106 285 371 373 421 423 514 601 633 678 798 831
86 196 215 218 488
4 176 326 364
568
44 503 595 657 694 758 771 887 916
55 85 385 442 539 606 609 611 679 703 712 734 738 748 779 815 981 988
229 585 823 974
113 295 382 940
6 51 76 259 263 273 395 563 644 728 730 783 793 809 866 875 965
833
166 286 387 452 501 550 712 761 945 1000
159 191 274 303 378 397 424 448 488 489 490 566 577 607 654 845 880 890 893 931 934
9 12 63 196 256 333 385 396 448 491 493 701 748 753 814 858 971 987
35 48 59 119 127 140 143 188 201 222 244 343 404 438 453 464 466 471 521 546 669 832 882 951
132
432 902
9 209 250 451 558 581 848
583 815 940 984
182 366 399 433 455 531 885 910
618 758
12 13 23 32 90 115 135 155 160 227 244 250 272 304 332 352 382 416 471 482 524 537 549 566 588 601 607 610 613 630 649 650 652 655 661 675 718 754 764 770 878 885 895 905 909 966 988
373 523
4 11 23 37 61 70 71 75 79 111 139 172 173 183 195 202 218 219 245 270 274 276 277 284 305 306 315 354 367 371 386 412 420 437 464 467 475 477 485 492 493 499 521 526 539 540 545 551 557 563 571 573 575 581 625 660 686 716 770 772 785 809 814 820 826 836 877 884 885 894 895 993
2 63 71 128 277 351 405 622 637 710 730 808
119 127 202 230 277 369 370 609 744 855 865
44 64 176 245 260 347 378 390 541 744 811 943
65 229 258 315 469 509 551 568 698 760 830 857 876 933
20 86 89 125 180 318 350 366 407 632 726 740 912 933
20 67 109 855 906 926
58 113 177 186 202 214 219 273 277 282 576 586 635 705 715 722 726 775 805 852 907 937 981
51 59 75 82 85 125 135 184 226 285 316 349 350 403 497 569 599 657 784 870 888 999
35 264 519 564 761 763 776
3 25 199 347 460 481 495 513 617 653 695 890 911
87 475
28 46 341 349 379 395 418 524 557 662 672 677 784 797 885
91 149 226 372 778
163 359 881
29 141 165 310 333 458 469 484 549 562 646 663 693 758 776 909
53 65 90 159 356 477 556 564 795 811 847 877 882 911
185 279 348 560 579 825 853 900 904
295
53 148 164 176 193 213 250 418 510 710 731 744 830 877 882
45 328 403 470 695 889
194 402 706 758
115 149 380 400 421 428 476 676
8 43 58 64 67 219 278 346 352 485 556 669 709 748 814 831 832 846 870 874 895 960
66 102 106 128 138 170 179 180 190 201 231 245 254 260 267 278 282 283 327 332 354 385 390 414 429 449 473 488 493 507 516 531 532 579 596 603 613 667 689 692 707 710 711 722 729 732 734 740 749 766 773 790 818 825 830 850 852 881 903 912 920 933 959 960 968 974 983 998
7 100 166 191 256 289 315 457 473 550 870 995
115 230 268 717 770
151 157 260 315 430 451 496 500 522 537 556 628 854 891
70 227 268 359 374 430 445 465 560 674 713 729 739 787 853 899 985
602
59 187 211 384 572 690 817 838 856 868 910
6 39 40 64 69 74 75 82 99 182 216 220 227 235 248 257 261 282 287 301 327 333 370 381 402 439 530 676 677 703 704 711 715 769 777 806 807 809 825 829 862 883 938 953
201 415 417 515 546 631 656 689 703 969 999
11 30 40 58 79 81 147 155 160 176 210 216 218 257 279 282 299 323 346 368 397 423 431 435 459 482 492 499 500 521 542 562 621 629 680 691 705 718 735 789 804 810 817 839 856 860 861 905 920 948 961 964 965
17 197 235 294 369 502 542 671 810 928 958
18 20 32 64 71 82 94 119 122 126 155 173 211 217 227 244 278 294 296 300 301 306 308 328 329 359 380 396 409 426 438 458 480 495 510 526 532 598 625 637 646 668 696 723 728 729 736 785 817 823 827 830 835 839 847 876 881 882 885 889 893 903 917 941 946 960 981 989 996
111 159 176 549 626 664 963
82 99 142 169 247 272 276 285 288 292 304 348 354 378 401 414 483 498 621 623 662 663 667 673 759 838 847 941 959
337 412 945
21 240 321 523 567 603 787 862 863 966
84 994
667 727 827
9 43 53 72 98 101 133 147 182 194 206 232 262 263 270 302 326 327 332 349 356 363 368 401 429 431 445 461 463 469 476 490 513 528 538 552 625 626 660 681 690 734 741 751 761 778 803 820 823 841 843 886 905 957 963 982 990
4 10 54 93 125 139 145 177 181 193 213 223 312 371 419 430 463 495 503 518 555 583 597 599 602 607 681 687 718 750 796 819 845 857 872 883 944 966
77 168 369 421 556 558 939
34 38 74 96 99 101 133 159 256 668 681 693 860 922
99 102 194 208 322 370 383 384 517 552 642 842 856 953 994
16 21 28 33 40 61 68 75 76 77 83 89 93 94 96 99 110 137 150 152 157 171 176 180 185 198 200 208 212 224 226 235 240 242 255 288 292 302 304 314 318 322 323 324 336 343 347 349 350 355 364 373 383 407 408 432 436 460 461 479 486 487 499 516 522 544 554 556 563 571 586 600 603 612 615 618 629 633 640 653 655 669 670 676 683 687 698 707 711 714 718 722 723 725 727 730 735 748 749 765 766 768 772 777 794 807 808 813 820 821 839 843 845 848 877 885 888 914 919 923 938 960 962 992
615 992
807
100 146 277 280 324 438 444 497 578 601 618 667 739 843 863 953
401 563 784
48 81 98 148 183 202 306 322 344 365 429 543 551 617 752 767 818 844
14 229 286 307 340 443 500 507 594 601 686 871 976 997
18 26 37 42 51 52 94 224 256 259 296 306 326 394 402 466 473 500 503 518 530 542 572 615 629 651 671 675 693 712 762 773 779 794 803 814 833 867 873 930 938 944 963 992
4 17 74 76 80 83 139 169 258 259 268 280 293 304 305 318 431 450 482 498 518 524 535 585 592 609 699 714 728 753 767 794 831 860 901 905 907 909 929 938 966 982 985 992
169
69 179 192 265 401 417 484 556 988
37 100 138 339 340 406 435 469 479 533 651 949
10 36 63 75 92 101 106 129 153 161 169 208 217 230 304 315 316 367 374 384 392 412 434 493 494 519 541 550 553 564 580 586 597 646 687 690 718 742 779 808 821 835 881 944 970 979
11 21 23 65 74 80 83 138 187 200 242 261 271 274 292 300 308 434 440 502 512 542 552 556 569 570 640 642 672 676 686 689 691 716 737 756 757 785 787 800 801 810 811 836 892 894 901 943 954
8 24 49 80 110 166 172 206 318 397 416 462 570 706 730 832 857 879 891 910 984 995 996
136 643
1 88 101 154 158 191 207 221 233 237 251 325 333 420 424 429 439 447 489 506 513 547 574 584 590 616 624 626 627 648 697 734 797 800 854 894 975 989 995
45 65 86 94 121 172 333 353 393 407 415 446 457 506 516 549 635 641 676 762 836 912 933 964 999
82 172 245 248 325 426 435 488 545 644 717 793 807 853 881 887 996 999
58 81 129 160 162 234 424 442 490 531 533 534 575 586 643 662 741 749
175 239 433 721 742 820 968
1 15 27 34 52 77 103 107 190 195 214 224 245 255 258 261 266 269 281 294 309 329 352 355 375 376 406 420 460 470 475 504 553 568 572 612 653 678 716 811 817 840 847 857 893 896 897 906 917 925 946 951 968 988 994
378 630
6 30 38 45 57 67 88 92 101 110 115 137 146 152 158 181 200 252 261 289 295 312 315 336 385 391 403 413 414 447 450 462 482 491 498 505 519 521 530 537 567 587 601 648 658 671 674 706 715 735 746 749 751 760 787 805 807 841 846 857 870 900 906 942 966 977 979 980 989
34 134 166 307 309 387 413
8 78 228 232 296 313 390 416 438 586 626 633 665 766 790 883 916 965
598 650 823 880
180 192 339 494 599 672 738 784 954
38 62 131 142 188 198 279 440 615 622 740 804 827 841 885 963
383
2 312 336 447 515
201 257 346 369 446 512 514 526 591 851 896 908
1 4 151 199 208 217 309 357 430 477 676 681 736 763 913 932 945 954
164
176 219 272 276 375 456 598 676 699 738
140 721 910
91 123 147 163 284 326 398 655 761 800
21 60 228 289 351 372 460 494 646 784 922
37 78 83 192 833
1 32 62 87 129 205 209 213 235 270 347 367 393 451 461 463 482 506 523 524 586 591 598 714 740 746 751 759 799 808 847 855 857 893 946 948 960 979
47 85 135 191 198 206 272 278 310 321 336 494 587 594 730 732 733 764 771 775 831 980
199 567 690 703 745 756 769
76 83 147 271 490 494 534 536 584 601 609 672 682 693 711 762 804 856 896 917
126 905
23 226 229 258 357 371 448 570 581 682 798 874
3 25 36 63 67 84 111 140 208 249 298 322 332 358 359 369 398 443 469 498 508 538 549 587 601 620 635 690 715 733 743 747 820 829 847 866 907 947 950 954 959 970 995 997
50 99 117 505 778 786 981 984
39
75 85 88 101 163 287 367 375 407 409 455 501 582 704 766 848 850 918
413
30 53 77 185 330 335 437 468 857 871
119 125 147 170 187 190 282 287 368 414 428 518 525 527 540 576 703 714 756 832 995
6 23 39 67 150 152 155 201 241 263 266 311 357 370 404 448 469 527 568 571 608 669 674 715 724 740 772 777 827 883
39 126 230 252 309 370 450 454 671 700 745 814 834 876 922
87 103 128 153 235 250 274 326 347 355 372 484 506 572 694 705 708 774 876 941 942 948 978 990 999
130 147 194 221 283 381 473 538 761 871 987
9 13 76 115 150 190 224 270 301 323 366 392 418 429 458 479 509 555 577 673 716 718 788 792 805 810 903 963 986
59 70 156 218 226 245 265 304 316 335 485 498 526 610 626 631 692 803 814 901 911 923 947 973 993
8 63 124 126 135 156 166 189 190 192 211 243 264 282 369 370 371 404 420 485 521 549 563 565 620 643 648 652 655 657 669 705 761 787 802 844 869 883 991
11 34 191 194 279 435 513 634 759 879 883 890 971
12 30 39 46 58 61 106 139 153 165 170 172 180 202 205 206 212 219 259 261 263 298 317 328 333 345 354 359 379 393 435 464 471 473 495 499 532 544 555 596 606 612 615 617 619 653 707 717 724 793 811 819 837 838 930 931
83 343 537 948
234 333 544 612 665 709 740 885
1 11 28 47 61 72 84 89 167 178 185 189 195 209 213 221 224 228 238 247 260 265 276 277 289 304 307 308 318 324 330 357 367 373 404 407 408 411 412 425 433 437 466 500 535 545 558 575 591 595 618 634 636 657 685 689 709 711 720 738 765 778 806 808 816 831 843 847 851 862 887 914 933 935 939 941 954
11 45 52 58 126 130 156 163 222 265 279 343 357 366 391 395 398 405 410 438 448 474 528 530 563 627 643 681 708 716 721 740 745 749 767 813 828 876 889 910 934 937 979
13 86 111 152 316 631 653 773 800 914
68 164 185 264 265 291 329 371 385 402 404 561 578 613 757 800 804 815 949 998
571
63 205
29 244 251 403 501 533 622 793
12 79 91 101 164 238 252 277 322 361 387 454 475 485 490 537 539 586 609 622 702 709 716 733 743 747 754 822 833 839 909 934 936 941 944 958 976 980 989 1000
42 66 81 97 107 129 137 190 193 202 225 235 284 310 390 431 472 556 737 744 784 786 853 894 914 926 951 974 977
25 42 108 137 139 173 221 256 286 297 318 324 366 391 399 450 459 466 494 526 575 577 613 625 636 662 679 688 721 729 765 782 812 868 872 873 877 890 908 911 959 963 997
2 4 8 17 22 38 39 43 46 49 50 51 52 59 60 64 68 76 77 89 92 93 109 114 118 121 128 131 136 143 144 147 148 150 152 153 154 163 170 171 185 186 190 199 203 207 211 213 218 226 233 246 261 262 264 269 271 278 281 285 296 300 304 305 306 329 331 335 350 361 362 374 382 383 385 386 387 389 399 402 403 409 410 416 422 426 430 437 442 450 453 456 458 464 477 487 490 506 509 513 514 517 521 528 529 531 540 545 560 561 570 571 572 581 582 584 603 605 609 612 615 617 620 630 632 636 637 647 654 655 659 664 667 675 678 682 696 698 704 705 711 724 735 738 747 763 785 792 801 807 811 817 821 824 845 850 876 891 894 904 909 919 920 928 933 934 946 948 951 958 961 971 976 981 983 986
22 29 34 44 49 52 61 70 79 80 102 109 115 116 121 128 130 142 144 150 157 165 192 234 237 259 264 267 308 313 317 322 367 376 393 434 441 462 477 489 490 495 506 512 513 528 532 555 572 580 585 589 598 605 611 633 635 639 644 656 666 676 682 684 687 697 705 717 730 734 736 739 746 773 775 795 819 821 830 831 833 871 875 880 896 910 932 938 941 946 947 954 965 971 974 981 995
40 56 83 122 150 157 224 237 294 331 334 351 358 363 366 395 490 513 521 609 729 775 799 812 857 985 986 987
335 390 450 496 560 618 654 834
1 151 194 486 599 814 914
29 141 174 206 299 311 336 353 368 372 540 595 638 668 684 709 741 768 806 911 1000
18 23 45 127 144 201 226 240 247 275 389 398 417 424 456 483 492 509 513 519 542 553 649 692 732 778 780 817 822 905 947 985 994
127 159 255 284 357 381 675 689 716 745 808 865 910 954 965 976 984
15 20 23 95 98 150 239 289 293 366 382 445 493 554 617 648 663 665 769 782 806 807 883 897 920 968 998
33 40 52 86 116 117 126 165 171 176 204 217 236 249 257 295 324 326 358 365 372 394 475 476 502 522 535 564 687 699 727 772 780 795 809 836 844 855 863 899 942 948 960 995 996
35 94 129 152 153 162 202 210 220 224 242 295 349 386 388 436 451 459 460 478 494 506 528 586 640 674 680 693 704 769 777 834 865 886 893 900 906 943 966 967
587
12 122 152 160 293 312 368 481 542 573 594 627 631 634 646 669 752 829 855 876 904 929 973 992 994
39 209 213 300 328 356 437 537 583 647 725 850 862
5 34 92 128 187 193 276 340 342 421 588 645 671 727 826 908 970
