924
16 35 141 146 150 161 303 443 457 527 571 703 736 819 820 836
476 874
892
34 111 154 185 192 309 389 546 573 601 799 803 813 920 973
310 734
36 131 215 266 279 372 467 794
129 143 254 316 361 530 639 651 891 975 986
986
335 522 557
187 246 346 355 402 424 447 662 665 712 732 831 904 937
167 788
686 748 857
8 39 46 121 130 189 194 214 220 373 378 395 465 521 578 615 626 644 715 767 776 799 818 849 881 898 939
16 43 45 137 173 203 205 240 388 408 433 567 593 657 730 856 930 933
17 19 34 245 261 332 390 393 479 543 599 617 814 945
152 527
41 68 456 474 517 856 907
23 260 343 415 596 799 810 875 952
58 201 288 420 429 508 575 760 856 950
136 198 208 295 414 553 581 595 718 745 791 806 941
158 182 231 614 838 931 940
2 54 95 102 155 326 429 458 461 510 538 576 669 696 698 716 718 724 865 919 993
306 882
23 62 108 227 238 241 271 288 396 501 534 653 672 674 737 742 766 822 868 910 967 990
255 262 302 360 546 581 583 593 616 622 630 751
454 671 885 957 978
88 149 160 366 407 413 443 479 512 540 623 662 703 878 886 898 910 966
25 138 469 534 585 934
963
143 611
306
17 383 475 559 734
800
243 263 388 414 546 567 609 613 758 805 970
64
28 102 371 403 462 509 536 590 750 760 840 878
339 442
48 92 155 156 272 295 334 374 396 545 606 627 639 824 848 910
138 264
138 141 212 446 451 472 553 727 837
4 29 98 293 424 728
561 613 968
173 472 503 626 884
122 596 902
88 181 192 267 273 294 311 338 368 386 427 437 475 491 496 523 579 647 688 867 942 950 959
163 997
789
20
655
2 21 26 27 120 251 377 390 420 450 523 550 557 568 648 717 739 877 900 925 972
59 67 79 501
229 498
25 28 37 60 87 97 108 112 126 137 143 182 189 207 228 259 267 270 281 313 316 352 353 362 364 376 423 425 442 446 451 460 464 486 524 532 545 569 580 587 619 632 642 645 697 753 756 762 773 783 823 824 835 846 850 851 868 879 884 898 908 910 918 968 977 980 989
167 281 305 490 545 598 612 698 712 742 754 774 814 839
118 122 221 239 254 384 403 479 543 661 688 784 812 877 919
4 15 111 332 333 539 601
101 150 407 547 572 596 611 764 854
30 33 253 345 426 535 552
30 49 153 529 556 673 729 748
42 249 662 810 921
118 464 511 868
17 109 184 264 354 457 544 590 627 670 676 725 742 772 807 822 889
323 460 633 647 685 756 838 903 950
255 403 454 503
153 442 548 646 851
60 229
1 309 437 444 480 683 745 912 919 947 954 958
111 272 343 853 887 962
78 79 93 152 198 215 305 367 425 445 447 459 498 508 542 574 609 631 662 723 726 737 755 761 780 834 856
35 118 200 225 227 272 281 302 393 397 440 562 587 680 738 747 755 773 825 834 857 983
55 88 90 287 368 477 480 552 623 626 998 999
110 123 185 194 237 280 363 425 483 605 738 860 938 981
7 27 40 45 67 117 157 162 214 215 220 252 260 261 305 327 333 477 486 490 516 530 564 566 577 578 611 658 659 677 679 683 738 815 841 961 979
136 165 334 357 370 378 391 415 424 456 514 616 624 748 762 806 838 872 885
29 140 365 397 425 540 577 580 608 730 791 820 875 890 952
36 127 230 313 333 370 447 465 663 714 884 974
56 137 284 311 410 493 946
88 145 162 341 585 750 865
584
150 168 210 222 320 321 322 400 498 516 596 646 664 823 881 930
297
465 880
106 130 176 253 299 300 305 313 393 430 432 448 480 607 711 850 935 949
26 71 133 167 201 274 322 363 426 427 428 500 593 606 635 721 774 853 874 894 911 933
462 495 619
467
95 114 117 191 321 411 544 554 555 587 691
15 48 107 108 130 180 196 219 280 297 632 738 769 828 844 932
4 31 57 64 89 131 147 194 248 260 335 344 430 433 439 466 481 494 523 548 582 603 651 681 723 788 800 827 841 879 955 972
31 136 261 296 322 385 400 496 549 568 580 611 752 851
487
594
201 681 775
44 88 308 319 347 352 371 425 435 652 655 705 724 758 892 995
88 148 461 934
26 193 400 521 639 960
60 175 304 818
220
161 254 366 431 570 677 724 861 868 967
53 308 450
27 304 355 482 718 913
8 90 192 277 311 336 452 522 558 599 891 953
61 647
76 164 675 787 824
336 615
365 380 473 647 765
314 365 411 582
523 586 794
10 303 660 730
67 68 324 485 579 649 658 795
386 905
81 177 203 276 467 501 595 837 867 941
32 75 97 116 167 173 189 192 268 289 293 297 311 316 339 373 411 463 483 524 644 725 754 788 792 804 838 842 930 953 980 991
304 358 464
778
543 685 753 903 988
130 408 442 579 887
16 65 270 278 359 388 465 484 493 499 510 563 572 881 913
208 221 550 551 566 676 782 840 875 877 878 882 898
26 104 171 192 196 239 351 562 808 818
251 582
10 303 669 979
141 310 325 687 802
559
39 286 299 328 420 433 440 474 527 678 706 708 727 753 754 761 847 919 973
86 137 241 252 264 281 311 373 469 480 538 586 650 669 670 677 723 807 821 846 920 980
12 23 51 73 94 141 234 249 254 280 310 332 352 428 429 467 483 523 587 596 598 606 608 661 683 707 884 911 951 987
52 121 160 166 238 243 275 325 368 444 449 452 457 497 554 570 627 629 669 733 760 813 815 855 867
288 357 380 384 551 564 615 649 707 731 776 879 883 938 960 974 981
179 355 364 370 398 483 567 654 879
297 544 638 639 653 659
274 310 312 336 448 584 994
15 41 100 129 299 309 476 484 537 560 625 784 791 842 875 901 950 955
59 281 996
28 117 152 390 400 557 569 628 719 724 738 779 791 901
40 108 171 189 443 795 807 828 916
86 118 321 661 907 992
64 131 338 340 350 353 373 375 400 415 547 623 634 747 766 777 830 849 856 866 913 938
124 426 853 899
10 30 67 337 378 538 544 555 656 718 756 790 904 958 988
9 26 31 38 45 318 340 413 426 435 445 595 625 637 750 755 783 841 887
316 650 734
28 41 240 293 539 553 569 603 613 728 904
27 63 77 93 117 181 208 215 217 230 251 279 304 309 314 325 336 337 364 379 412 424 441 447 463 468 490 499 527 541 557 564 576 622 624 629 646 659 660 668 686 711 717 734 750 815 822 887 888 892 907 914 939 954 968
226 237 240 292 423 591 605 687 783
659 961
52 137 284 660 760 787 790 831 958
569 693
189 499 843
139 285 664 734 748 798 835 992
234 364 393 526 605 998
528
281 714
50 90 124 213 265 491 509 514 515 532 613 677 692 706 726 812 854 877 880 994
485
113 221 366 795
321 453 672 811 858 989
175 310 359 411 544 562 583 584 646 692 734 864 946 947 953 959 979 987 988
49 135 187 358 366 422 464 487 510 664 734 745 756 783 806 833 937 992
204 220 274 501 723 926 939
624 765
354 529 757
28 65 68 74 110 124 127 162 172 186 190 193 256 259 304 313 420 496 505 515 563 594 618 728 749 824 874 936 998
65 73 223 224 264 322 334 342 370 390 442 548 570 581 586 665 744 746 834 875 891 892 899 919 921 933
143 205 847 972
274 703
37 75 135 160 265 267 426 638 690 692 701 821
3 17 69 102 183 255 270 406 413 469 632 682 688 720 945
42 75 126 215 233 258 292 398 411 416 435 570 599 698 712 798 858 867 871 889 911 975
17 276 346 736 819 842 866
667
692
47 62 83 308 517 540 582 672 825
470
122 175 230 449 477 479 674 798 855 893 929 964 967 982 998
119 150 237 265 285 313 366 417 437 444 475 502 538 543 580 588 627 631 728 730 805 815 825 888 921 922 927 932
254
304 387 427 521 804
3 77 205 291 329 346 490 501 538 541 585 642 808 831 895
503
2 15 18 99 119 237 238 241 253 316 450 500 562 571 707 747 819 838 909 944 946
374 382 562 904
189 249 272 391 399 430 449 549 563 653 665 732 799 868 975
19 63 302 458 616 657 669 992
897
183 253 307 340 468 482 651 674 676 703 855 904 927
106 111 180 227 343 425 621 710 740 915
115 378 481 493 587 755
25 156 170 273 324 369 390 459 460 744 777 782 788 841 862 927
78 159 214 534 580 776 807 873 895
158 180 185 198 219 261 348 351 414 429 442 558 564 636 647 809 848 886 894 900 962 994
73 97 137 680 765 808
44 197 327 979
82 111 265 332 340 737 738 742 750 766 846 867 885 940
803 821
568 702 732 888
32 56 79 202 249 291 319 529 638 724 733 799 813 978
259 272 740
195 225 553 586 639 692 752 829
334 534
19 71 152 160 187 275 306 338 388 419 512 513 600 605 614 624 641 642 747 847 853 868 877 888 935
96 193 228 270 537
156 335 372
301 429 551
309 446 536 656 667 852 864 919 935
70 228 266 286 371 659 720 768
593 602
32 62 429 442 443 468 492 649 726 886
573 733
4 97 140 155 171 219 220 274 313 409 477 504 631 847 852 859 867 926 949 981
34 87 147 166 226 230 278 372 495 653 674 702 824
34 81 92 101 131 172 220 244 389 477 563 616 652 654 686 771 878 892 925 989 994
60 118 165 173 364 422 441 515 563 673 702 777
308 331 366 384 409 497 576 647 751 844
132 349 655 839 843
39 146 720
72 406 431 789 910
94 502 681 857
449 707 974
265 390 561 647
60 70 360 409 459 543 889 900
16 498 704 719 945
117 714 942
82 474 600 669 879 948
179 216 292 375 641 834 968 975
294 855
83 654
71 358 427 439 670 799
311 583
626
4
517 615 846
12 30 59 101 143 189 209 258 271 299 323 382 416 509 511 552 614 702 719 729 735 786 804 832 834 839 887 919 940
40 78 81 105 178 190 195 220 230 240 273 281 315 332 357 366 381 400 403 429 438 473 476 512 537 551 622 635 790 799 826 828 845 890 903 978 985
991
51 201 262 432 440 549 574 620 665 804 913
69 80 118 265 431 548 689 727 743 755 858
35 101 164 246 325 665 767 791 861 974 996
2 3 11 59 68 86 94 127 134 159 231 238 302 306 322 324 340 345 405 408 411 421 450 494 552 573 659 667 676 694 698 717 740 770 795 800 807 838 850 890 898 927 937 944
54 626
47 66 78 117 177 221 253 257 341 349 399 401 434 481 484 493 547 550 553 560 566 582 590 621 684 713 740 755 780 808 849 865 898 926 934 941 946 955 996
499
309 340 590
35 121 173 232 438 445 656 693 706 792
12 80 192 294 412 438 441 459 490 497 523 562 611 675 758 789 818 820 870 878 907 919 983
40 72 120 140 245 345 347 348 501 617 676 692 784 786 820 879 895 910
93 290 377 396 458 553 583 632 637 662 675 848 861 899 906 930 935 961
252 265 285 346 456 458 467 828 1000
270 590
80 726
91 127 133 182 203 213 247 271 283 316 436 529 551 673 737 797 798 885 896 925
22 46 64 138 164 239 320 331 341 356 394 416 428 505 516 625 677 778 823 849 851
49 73 136 141 152 153 228 243 255 263 285 294 377 404 440 629 670 748 783 788 845 872 893 981
262 389 438 514 714 722 840 917 981 993 994
67 378 380 425 576 579 605 619 658 967
193 237 260 318 345 359 381 436 490 543 600 601 610 636 654 680 790 948
159 164 904
50 124 316 330 392 448 454 464 600 607 672 864 913 936
842
74 247 304 312 795 959
65 101 218 475 932
324 357 527 578 684 799 972
294
86 107 126 150 160 209 216 221 433 485 656 754 764
99 119 724 847 895 968
520
68 84 143 390 480 588 591 682 692 995
37 766
21 277 387 927
341
712
264 500 616 663
170 296 303 457 527 783
153 805
115 203 245 270 719 758
114 464
668 703 984
11 46 69 78 80 84 139 144 181 224 262 299 306 307 335 345 373 374 379 405 407 417 493 517 523 541 546 557 570 578 588 601 605 636 656 657 700 734 757 791 799 805 840 850 858 863 867 870 921 945 998
21 38 289 354 761 792 846 882 911 983 992
78 178 737
62 137 207 226 250 278 498 682 726 747 829 884
78 186 269 308 347 430 682 700 849 852 879 925 930 952
30 42 162 181 196 207 212 225 271 294 311 328 376 381 427 466 488 506 515 542 555 587 662 669 684 690 719 759 810 825 842 854 864 888 907 938 940 949 954 963 996
248 388 622 638 670 754 777 827 856 898 913 942
94 185 251 320 383 396 631 808 826 970 991
18 98 101 113 137 166 180 194 201 231 251 441 443 497 654 700 735 757 761 769 829 834 853 945 979
29 63 101 174 187 213 243 302 305 339 373 409 418 446 477 484 500 513 610 651 705 715 773 825 904 963 986
57 100 204 222 443 576 657 743 903
54 103 127 158 166 177 250 494 560 575 686 837 847 870 871 940
20 87 101 153 164 165 166 214 255 317 325 354 418 437 444 514 540 588 673 694 745 782 838 869 934 969 999
229 981
9 56 97 98 165 244 408 488 752 858 863 872 908 937 961 962
82 237 360 771 787
560 652 752
68 127 318 954
523
28 31 138 272 293 368 525 635 711 720 866 961 982
693 854
319 373 427 536 813 969
225 360 502 514 632 767 831 837
50 161 435 621 672 804 871
372 555
29 70 111 216 237 306 311 343 435 485 550 552 723
160 202 211 244 317 333 382 411 618 655 716 770 786 835 862 886 890 998
172 478 842
63 74 117 122 147 157 158 168 178 194 216 275 290 311 312 342 382 417 452 487 491 495 511 514 563 766 775 828 885 901 914 922 970
13 217 240 413 452 586 842 860
49 53 89 111 113 124 145 157 173 215 224 245 263 271 287 294 342 345 364 403 414 444 452 474 511 553 572 576 618 662 721 732 746 800 886 902 907 982 991
33 112 318 361 376 381 401 415 418 495 556 566 636 682 727 772 806 822 875 905 972 995
86 117 159 341 343 352 439 441 459 489 500 686 810 834 867 987
59 102 176 404 435 497 545 643 647 659 666 674 706 953
5 76 108 148 200 208 229 246 388 398 547 565 601 772 782 851 863 894 956 983 994 999
29 89 326 349
136 622
124 276 351 416 479 501 728 741 788 821 875 963
842
24 252 305 458 771 788 795 912
4 12 17 19 303 727 766 782 784 830 910
5 113 127 278 459 482 519 541 605 611 682 687 799 861 880 904
469
151 201 288 303 334 500 558 602 659 699 853 913 921
731 936 997
71 86 144 197 223 285 290 325 378 430 453 489 515 527 540 589 605 644 833 840 841 850 927 948 964 986 998
303 349 400 433 469 499 531 688 825 940 986
91 203 314 320 386 416 439 477 487 500 547 573 610 648 671 709 727 732 742 770 793 829 933 971 982
14 402 618 822 1000
640
53 235 595 779
271 288 325 338 475 484 595 640 642 677 698 727 747 779 799 860 920
70 194 196 207 211 218 244 268 340 367 455 462 648 720 812 835 837 934
710 762 905 934
28
221 304 324 499 518 577 656 759 852 928
693
10 56 132 141 210 272 277 314 388 419 427 474 495 534 547 631 688 715 721 756 772 776 791 918 963 971
60 118 146 200 295 376 390 488 540 550 564 573 584 628 713 771 806 808 823 839 899 918 961
544 765 945
55 136 174 252 345 386 503 515 601 611 617 705 733 786 986 999
27 40 59 147 184 200 239 357 360 463 650 688 771 774 819 858 905 917 980 990
27 82 200 254 281 301 340 358 572 615 619 746 854 955 975
24 84 191 544 669 683 743 813 893 906
329
25 457 585
7 51 97 158 178 238 243 251 294 381 500 511 594 637 689 733 760 762 799 813 845 857 866 887 895 908 924 970 972
910
198 205 292 357 364 417 476 535 599 637 711 901 917
14 142 163 255 261 287 447 460 489 496 506 509 683 700 758 771 854 859 883 928 955
962
601
8 91 293 332 350 471 633 656
122 149 304 322 527 580 691 772
236 550 724
18 66 88 477 506 547 683 747 769 848 853 900 931
18 71 121 130 133 193 221 332 429 436 437 521 567 593 912 993
405
417 992
360 625
108 134 175 449 843
71 83 87 95 138 264 299 396 417 426 434 459 513 542 619 678 780 837 865 872 943 944 947 961 982 996
363 581 643
48 100 174 294 305 325 497 504 571 577 740 936
6 37 61 283 339 390 532 582 621 631 677 679 753 762 874 919
633
36 79 202 208 225 235 285 307 332 426 437 471 540 547 631 638 666 704 716 727 799 805 810 867 879 892 969
348 655 744 767 887 904 908 917 981
54 83 202 224 453 488 539 559 808 812 894 903 965
49 166 215 274 309 330 376 395 402 407 464 593 623 731 778 808 879 925 967 990
553 770
33 173 248 376 455 621 626 631 763 864 926 934 960 965 984
17 32 37 41 82 92 160 161 174 229 241 256 275 303 310 338 392 396 429 457 459 467 551 560 584 596 607 634 641 650 658 659 671 680 687 742 756 773 781 785 839 854 896 905 928 948 991
347
69 493 996
60 122 129 222 622 825 998
381 500 674 873
25 253 351 498 510 539 694 702 771 811
26 38 119 151 235 253 295 356 421 434 550 592 612 622 638 693 710 737 739 740 815 831 865 886 892 948 976 1000
4 61 115 203 252 283 341 377 470 502 506 594 711 770 772 786 798 852 866 884 930
395 473 562 649
664
453 926
112 226 237 376 503 527 551 625 742 785 834 897 999
748 946
5 95 101 134 135 198 273 313 349 353 382 387 452 456 476 495 522 560 617 760 782 865 891 986 999
88 321 356 470 587 695 738 868
3 95 151 175 177 261 262 277 336 383 429 482 595 697 807 830 986
108
2 21 220 276 313 411 506 510 550 565 733 763 810 935 954
150
262 418
859
92 136 137 157 684 999
314
37 134 140 156 234 344 368 374 379 478 554 567 609 615 719 846 849
83 341 674 682 729 924
78 256 450 588 597 827 967 971
175 193 210 243 563 607 842 863 979
60 79 108 155 173 188 197 214 225 262 379 457 462 494 500 553 566 639 670 719 768 789 801 827 852 869 973 986
10 82 120 259 558 645 977
460 497 531
282 584 638 687 925
93 124
40 64 116 184 556 682 720 781 879 967
126 197 307 400 526 537 908 931 988 990
157 199 242 418 696 717 934
465
174 183 274 332 349 367 435 436 467 540 549 611 629 644 672 946 966
26 522 531 553 750 934
128 748
140 260 348 350 374 388 405 466 492 494 582 647 723 785 960 1000
275
180 270 309 525 541 598 699 810 841 845 853 922 992
37 126 146 235 246 304 448 482 549 551 577 593 604 611 622 647 660 681 686 775 870 871
67 191 215 598 601 677 725 734 911 999
54 154 766 799 838 868 997
38 263 341 410 801
645 696 872 921
327 346 385 473 549 585 627 690 758 891
19 403 489 527
219 225 306 364 452 686 712 777 800 993
200 299 752 988
271 279 318 659
114 241 294 384 554 791 856 967
76 440 604 758
413 622
10 54 815 859
57 208 269 283 365 457 494 570 602 659 669 790 802 837 868 930 978 1000
171 473
511
204
23 38 58 65 79 112 192 248 299 369 429 598 627 637 687 721 766 823
581
88 153 198 209 259 275 283 303 315 322 380 413 428 549 557 585 611 628 647 650 680 729 763 854 859 862 884 955 970 976
225 592 863 914
382 801
368
98 243 285 291 295 336 401 449 481 528 561 605 742 757 775 792 804 824 883 922 952 962
211 265 314 369 570 649
382 642 810 1000
65 127 231 256 482 533 839
1000
32 112 209 216 311 639 655 734
27 29 39 56 97 292 386 438 457 486 736 785 791 839 963 975 983
511
52 131 161 382 455 575 752 858 883
56 82 223 266 313 440 489 490 550 604 607 692 863 874 933
373 615
100 123 168 255 334 395 477 714 736 801 881 923
90 203 239 301 333 345 364 381 407 408 435 518 534 596 674 679 816 822 828 927 994
130 181 653 671 872 921
10 30 136 191 208 261 315 345 375 386 519 598 661 682 691 773 790 830 957
690 699
684
467
364 386 536 850 875 876
22 117 130 187 703 786 904
12 418 797 871 957
1 222 489 657 706 883 903 947
450 980
270 727 805 823 957
66 78 194 412 416 451 479 543 582 589 606 899
214 469 860
532 533 628 779
476 664
10 12 90 110 140 143 175 270 313 529 571 588 613 640 649 659 689 723 726 732 756 767 770 820 833 853 864 887 896 913 966 975 982
354
26 317 588 639 920 953
11 12 144 164 168 235 256 280 461 539 643 648 658 780 786
2 120 137 305 369 415 738 761
218 234 301 321 338 367 520 620 634 665 919 965 994
163 305 454 619 722 847
163 246 390 441 464 705 829 914
10 154 238 241 578 751
26 63 87 105 118 122 165 180 210 216 219 289 300 334 339 377 502 576 589 677 678 775 796 955 982 987
19 93 96 107 306 385 804 978
109 206 499 638 932
196 217 232 239 535 626 718 865 967
288 645 991
8 11 23 88 98 128 136 167 180 270 320 335 403 415 439 456 502 510 531 574 633 672 688 694 785 797 879 898 907
94 109 186 198 351 380 502 516 557 647
3 96 106 123 157 183 302 364 370 426 438 471 504 523 542 547 649 672 675 684 743 856 881 920 921 973
49 440
60 168 255 875 887 950
250 282 436 464 552 623 652 796 819
106 138 335 617
1 10 73 84 87 142 195 278 290 323 378 381 399 407 454 624 642 686 774 784 809 855 861 907 938 1000
6 25 27 65 80 92 141 157 193 283 293 324 349 542 570 586 592 700 839 906 957
51 88 294 589 629 666 674 771 907 936 994
50 53 91 107 205 210 224 331 339 345 401 485 594 609 620 629 688 735 865 925
439 442 524 593 955
28 79 112 193 356 377 403 486 661 898
506
11 27 61 139 314 350 424 571 603 664 704 820 896
442
724
189 236 341 437 602 758 914
62 107 124 143 249 443 663 680 846 897
16 185 291 330 344 541 724 949
88 149 153 155 186 287 292 402 485 597 662 709 733 766 809 840 893 931
133 158 238 290 489 582 752 905
93 532 575 739 745 953
127 195 697 917 968
653 697 917 946
1 63 268 271 309 431 496 559 771 787 808 836 882 893 908 978
313 350 388 434 543 732 841
40 42 53 55 69 147 152 154 175 188 214 219 222 252 255 274 382 419 433 445 446 547 567 571 633 639 640 645 667 700 709 735 738 750 779 790 794 830 843 850 851 871 880 899 904 930 940 959 962 977 986 998
20 63 69 86 104 109 110 129 162 165 186 260 262 280 283 288 294 300 317 318 334 339 349 350 383 409 411 424 449 461 465 475 498 503 507 527 542 544 551 555 575 631 668 694 711 713 729 734 763 812 847 851 873 894 907 933 942 948 991
17 59 74 113 124 175 198 228 250 366 420 429 440 469 488 502 588 607 619 646 675 703 754 842 856 924 971 998
83 140 178 302 366 406 407 510 543 756 868 885 954
54 134 246 277 293 346 397 517 526 666 687 735 749 809 848 938
7 77 141 245 246 301 312 368 387 503 600 640 661 720 850 901
118 119 446 502 589 636 759 773 796 906
167 196 208 375 625 869
820 912
86 112 250 258 315 603 712 757 813
39 59 128 218 246 340 513 527 783 820 907
146
5 407 951 999
957
282 444 546
1 237 457 480 557 635 705 713 717 748 831 958
876 938
68 142 338 379 432 517 698 708 744 752 827 975
276
87 202 271 545 621 777 822 830 980
62 120 171 243 277 372 377 417 535 647 823 929 934 963 979
5 103 214 360 802
250 368 394 430 483 572 838 863
967
454 497 561 651 729 831
141 143 182 198 268 322 327 352 367 532 721 905
86 250 280 420 479 678 734 842 865 880
242 525 549 737 935
262 665 672
86 696
189 312 363 726
1 5 30 47 55 73 96 131 160 251 269 296 343 360 412 547 562 570 573 588 805 882 887 909 914 915 972
147 412 434 517 636 720
52 113 140 208 239 240 244 560 610 677 814 890 923
72 322 680 801
19 48 85 184 229 245 351 354 362 422 435 440 442 447 450 520 543 561 906 926
110 112 151 316 516 624 656 672 735 794 815 873 954
354 361 517 542
155 216 240 286 362 468 577 616 758 823 935 987
107 350 386 441 611 708 769 964
79 117 129 143 238 305 384 386 457 484 516 655 789 846 973
752
312 331 443 819
68 88 109 153 304 536 648 769 842 862 943
1 17 323 371 606 979 991
320
74 226 415 489 503 513 527 555 608 635 664 668 770 782 785 803 820 822 877 879 886 904 907
62 633 653 666 865 911 925
58 137 160 175 176 281 297 339 398 476 477 561 611 631 637 638 682 701 712 713 720 735 792 814 815 819 885 888 922 986 990
48 58 118 174 240 291 326 419 525 617 682 906
74 116 730 827
140 167 231 278 409 469 583 623 787 933
106 118 191 217 221 264 363 426 438 461 482 558 572 606 621 627 678 721 722 748 758 804 842 856 951 956
503 653 701 768 807 865 970
24 179 321 401 474 522 556 620 629 643 847 921 948
222 508 816 951 990
360 727
23 37 60 74 110 125 126 138 142 149 156 171 193 211 225 258 273 298 317 392 393 404 408 499 540 584 624 631 657 699 775 851 874 908 939 978 988
62
10 81 95 521 571 768 938 942 949 951
125 156 206 340 549 680 759 834 837 847 908 910 959
290 389 691 975
879
71 113 118 129 257 349 351 375 428 516 520 661 752 838
59 86 104 268 648 782 814 841 872 951
243 294
122 397 428 457 461 742 803
94 134 135 143 162 212 215 228 249 361 403 429 430 466 477 497 524 549 562 573 596 619 668 708 713 799 838 839 877 914 933 934 967 979
90 173 339 348 365 407 619 806 866
42 166 223 357 412 510 541 556 611 702 774 839 865 884
13 23 34 58 69 70 71 94 118 140 163 164 208 212 221 226 237 272 279 291 303 336 394 396 409 418 438 450 466 468 474 480 515 519 564 585 600 617 621 640 652 749 760 803 807 819 830 854 869 877 878 891 910 925 967
393 523 1000
23 237 265 383 491 585 799 869 999
117 223 313 364
35 126 242 257 658 826 856
32 51 94 136 150 156 273 305 312 320 343 348 386 419 420 424 474 488 579 745 760 771 773 888 916 987
308 896
507
175 297 339 357 436 667 844 865 890 910 912 932 933 935 945
6 96 133 292 295 312 369 447 637 791 992
124 155 190 238
21 88 243 271 274 561 606 700 706 846 864
10 145 358 653 718 942
249
39 52 151 446 450 503 930
547 571
9 192 418 443 520 549 564 618 715 780 853 964 995
27 123 193 353 458 747
453 669
709
20 51 57 63 116 119 161 203 229 246 267 316 341 469 521 572 621 662 676 943 984 998
15 52 107 112 208 340 375 381 517 611 655 695 846 881
22 194 356 359 576 675 767 867 884
63 323 347 366 797 815 961 962
14 31 49 66 96 105 151 206 237 261 385 420 469 487 512 537 584 660 682 684 740 758 773 811 848 876 924 997
208 541 563 966
77 88 110 123 175 287 305 330 372 546 560 667 736 780 904 952
41 56 99 163 242 327 397 539 644 719 749 813 880 884 927 928 951
139 150 460 814
867
2 64 74 121 151 179 188 264 334 353 376 429 467 528 542 656 694 715 767 798 803 824 826 911 981
191 449 452 790 891
995
213
285 443 514 790 965
63 133 184 357 374 481 682 779
156 184 347 390
77 171 278 359 374 463 586 685 762 794 979
33 90 102 131 333 539 638 711 792 855 878 881
152 295 402 743 780 825 951
81 214 222 380 892
156
213 247 255 441 573 639 646 787 914
71 126 187 527 637 767 903 911
219 541
23 56 202 323 603 659 745 746 896 934 995
68 73 141 202 214 246 341 681 778 930
74 762 888
132 661
149 176 292 383 435 453 587 613 621 668 686 819 944
20 64 84 117 185 301 348 424 444 500 501 605 638 655 705 724 857 870 873 970 977
110 206 229 252 337 386 501 611 854 868 911
107 219 224 502 601 687 700 766 786 794 813 825
27 156 218 456 493 518 532 551 803 820
93 215 350 534 544 569 624 904 971
590 637 737 805
36 114 166 167 184 219 241 271 284 331 358 398 422 430 488 518 529 531 616 681 707 728 732 804 829 848 858 865 867 903 959
82 210 256 634 771 793 863 977
48 57 244 352 417 431 473 487 520 598 602 619 641 722 876
979
31 36 50 310 467 507 622 691 711
207 325 529 602 662 777 996
62 108 282
85 92 509 542 692 730 758 997
199 294 358 410 649 734 795 817 937
448 453 526 560 694 722
109 113 487 558 619 643 644 685 793 798 799 823 921 968
406 994
80 110 178 405 511 621 723 724 821 832 896 924 957
85 139 162 193 196 290 359 492 548 555 571 659 760 767 838 843 935 959
218 794
56 407 559 747
628
118 191 299 461 544
173 187 189 252 259 289 365 389 470 644 660 703 806 829 856 906 947 952 954
341 940
14 58 302 308 342 368 426 564 666 675 705 802 843 846 916
43 89 132 362 724 739 808 980
84 290 428 600 639 912
32 186 342 824
44 204 285 605 895 955
56 62 86 101 175 178 203 240 262 278 320 321 405 430 492 519 680 711 778 896 906 981 985
31 159 203 602 999
444 550 643 647 763 795 822 829 966
167 210 216 671 719 853 923 953
37
626
18 29 44 65 72 77 94 123 149 176 221 235 385 388 409 460 545 561 567 579 607 613 621 633 635 663 721 728 730 818 821 835 854 863 886 906 909 914 915 925 938
95 143 347 502
123 147 283 411 598 688 880
58 608 782 809
53 237 398 471 472 517 613 746 791 866 978 982
199 752 787
247
118 419 476 610 825 933 958 965
44 54 68 389 433 593 599 753 766 788 939 977
69 83 172 415 465 470 516 518 545 548 748 860 861 927 929 986
214
676
206 208 258 278 398 572 576 603 663 942
121 225 370 562 692 699 923
16 71 287 303 313 374 394 408 434 489 550 648 657 683 774 808 951 958
181 249 554 885 920
163 252 498 669 788
19 142 211 233 256 294 311 378 394 425 569 985 990
77 88 151 294 338 371 375 454 461 490 491 656 701 722 749 768 890 937 945 969 991
638
781 846 936
40 303 400 685 757 799 877
332 665 827 903
110 172 274 417 458 636 756 885
38 333 352 400 415 470 475 504 543 638 644 654 728 867 881 893 929 937 944
26 97 173 272 288 373 402 424 453 488 507 555 633 641 710 733 773 840
121 419 510 618 711 988
637
130 175 612 679 792
288 631 700
14 52 76 159 218 283 284 326 340 361 380 399 429 470 500 519 557 579 707 735 757 821 857 889 917 957 963 989
57 138 552
6 13 70 80 92 112 114 145 157 216 225 238 291 293 439 446 479 493 539 549 572 596 607 608 610 642 654 655 656 665 702 711 717 800 828 832 844 906 915
485 907 990
936
896
785
55 220 330 458 573 679
84 113 118 121 129 150 153 172 177 267 302 335 371 422 432 446 478 563 582 654 655 663 699 750 762 771 793 812 840 896 908 913 961 969
1 12 212 288 434 521 602 650 691 747 753 771 843 877 883 922
358 366 446 821 842 941
312 330 553 613 733
7 62 107 130 180 246 332 398 434 470 477 503 516 638 689 740 777 806 814 865 883 885 889 946 971
18 31 186 239 267 272 275 289 292 337 349 355 379 455 463 472 501 508 562 616 649 692 709 715 725 738 765 770 793 798 841 855 914 919
722
310 321 659 832 876
204 332 464 660
124 405 907
51 78 98 113 138 209 288 296 415 416 432 449 514 548 587 661 709 731 747 756 864 917
62 348 539 593 599 889 975
111 206 257 271 512 796 896 953
269
61 67 91 145 156 231 257 321 363 417 423 523 528 581 601 662 665 736 740 775 779 783 802 831 856 871 883 893 914 917
144 280 285 301 314 529 549 563 709 759 821 999
88
25 256 458 477 785 958
13 51 295 407 467 474 631 634 654 683 716
31 293 977
70
3 441 793 957 983
138 260 298 361 399 479 671 676 800 920
99 176 191 329 412 430 446 507 666 693 730 865 868
16 18 20 41 52 58 75 164 207 215 250 367 402 462 497 526 646 652 692 697 715 760 777 796 812 825 837 854 860 862 930 946 1000
24 27 79 109 124 158 168 339 396 399 413 487 502 507 511 565 586 608 616 640 715 773 784 801 945 960 990
9 92 125 292 377 449 578
6 27 32 128 420 480 487 513 640 711 732 818 941 967
212 457 655 828
14 173 182 191 233 320 417 440 512 588 692 710 713 811 829 873 921 966
85 119 203 254 440 740 756 777 866 918 939
26 34 50 79 265 270 272 343 390 437 501 539 545 602 618 619 669 702 705 806 813 904 911 936 980 993 996
8 25 28 44 95 430 497 575 709 875
240 324
28 377 550 595 607 613 687 888 912 923
23 85 397
21 100 250 276 311 378 555 685 710 737 742 747 751 896
356
232 871 987 1000
1 25 107 132 183 197 294 369 381 611 761 764 870 933
42 50 64 132 220 247 298 380 382 391 417 484 540 575 598 651 667 771 888 977
332 494 539 614 723 735 737 978
132 193 232 547 905 926 949 965 990
427 464 903 935
961
3 31 106 171 294 357 365 384 405 486 543 561 615 633 668 778 881 894 950
141 164 255 510 515 521 645 745 811 997
127 137 327 490 496 564 588 801 854 926
414 907 938
23 35 102 153 163 183 192 227 249 330 380 429 500 525 569 634 803 830 833 993
213 394
295 413 643
16 104 225 391 414 464 550 801 872 885
486 805
29 82 95 197 340 402 597 718 733 755 802 815 817 883
35 66 128 130 150 185 243 261 299 317 350 356 391 426 432 596 622 671 714 779 832 931 970
175 205 344 366 387 390 396 427 448 462 495 520 597 676 684 803 894 899 971
17 70 104 111 115 117 151 162 188 194 211 234 239 277 297 298 304 313 315 318 357 409 429 431 436 447 454 492 501 550 554 564 584 641 652 660 675 733 734 767 770 778 814 834 857 859 868 870 873 898 909 936 961 975
35 48 292 307 308 702 748 811 814 870 886 930 942 994
518
517
3 11 31 79 85 106 118 161 252 253 272 397 416 463 518 527 532 537 590 618 619 624 663 669 689 707 727 760 782 864 874 875 983
318 511
19 49 79 92 146 155 200 243 250 302 391 413 648 698 754 803 862 867 880
37 79 233 241 475 649 702
314 336 674 717 763 824
759
513 752 981
41 104 110 248 387 506 734 775 925
169 199 203 290 292 314 359 396 401 428 462 556 574 754 854 875 928 967 985
15 37 141 182 245 291 321 334 549 625 655 810 813 835 958 981 994
471 504 652 752
40 152 172 207 458 643 651 668 739 797 905
115 230 359 748
145 328 340 394 474 527
169 360 410 412 502 662
301
25 31 57 96 120 146 175 243 247 280 297 385 490 502 504 673 822 866 974
984
494
326 449
656 725
118 195 224 390 669 721
195 306
51 84 110 165 260 277 315 323 342 456 473 487 537 688 712 773 793 799 922 933 999
145 175 298 390 596 926
69 76 112 126 240 248 325 406 407 419 437 447 533 617 633 695 834 836 938 940
41
171 300 384 394 481 629 632 716
52 925
65 153 177 317 631 965
47 68 168 190 250 253 292 335 374 620 628 653 690 819 898 929
33 67 97 99 114 152 256 328 351 356 425 434 438 442 447 457 533 550 595 615 633 647 656 823 914 922
253 415
81 127 195 303 330 375 379 434 470 472 572 629 698 779 826 879 913
8 81 101 214 246 265 274 293 297 307 357 430 440 455 462 501 604 609 624 632 641 715 755 852 855 873 959 974 985 994
36
322 455 570
632
981
263 368 430 464 570 806 934
43 99 175 410 604 621 963
987
720
12 119 151 180 188 197 201 305 322 365 375 537 541 543 592 595 718 719 733 802 908 957 965
53 295 550 625 721 739 757 905 931 966
80 256 321 850 985
132 158 226 290 382 415 473 649 680 822 897
1 8 9 65 104 135 144 185 325 347 348 404 466 583 630 640 671 676 801 838 853 905 963 996
4 11 29 30 64 89 149 163 254 391 430 483 557 686 690 712 722 760 776 794 810 811 821 824 860 883 893 895 966 983
9 50 99 134 148 169 194 363 412 426 449 465 500 711 800 845
170 193 315
51 55 86 103 157 183 188 206 266 282 283 303 305 325 332 389 398 449 499 515 522 541 628 648 724 764 908 970
93 156 316 813
23 176 317 402 620 887 951
23 58 93 102 108 116 130 162 173 258 315 394 398 417 437 454 512 516 555 621 684 713 755 797 871 905 1000
21 158 188 309 319 378 441 450 451 487 552 646 650 668 675 757 767 800
80 207 334 344 389 412 525 530 717 721 731 795 798 870 885 901 926 957 999
29 69 81 130 141 166 172 177 180 222 261 311 325 331 332 363 376 397 399 437 486 510 518 617 644 645 652 673 689 716 795 857 870 939 945
92 112 135 175 312 324 411 826 917 949
37 51 53 218 250 267 335 356 384 500 515 546 561 598 603 666 706 719 723 731 734 780 854 855 904 942 943 963
247
15 16 24 45 63 116 228 232 304 329 331 332 362 432 463 610 615 619 698 761 825 941
805 977
34 194 257 273 274 284 450 553 614 676 752 860 895 963 995
250 312 355 553 607 808 888 909 940
61 147 148 281 291 349 353 385 424 443 477 485 555 698 716 757 790 896 916 923 939 942 954 971
2 11 141 255 262 309 339 346 364 368 386 422 463 547 561 631 771 819 828 842 868 943 987
4 98 212 279 502 654 798
106 227 359 363 376 384 426 609 649 663 759 828
35 225 272 288 291 338 415 431 452 551 661 671 672 724 754 760 830 958
217 279 294 296 320 561 786 798 884 912 933 949
23 27 46 88 92 96 148 149 173 181 202 217 227 237 242 245 255 258 292 328 337 338 339 344 365 390 408 417 464 490 492 523 570 579 599 652 720 736 896 931
928
110 152 184 265 287 385 545 577 710 900
5 20 197 270 283 342 393 399 412 468 539 651 833 843 917 935
32 78 162 164 317 496 524 546 579 617 772 817 890 906 958
349 708
54 106 133 208 245 271 339 401 426 436 437 513 547 656 913 944
24 132 139 215 391 409 482 500 539 546 995
435
79 151 304 317 347 356 362 385 396 500 543
22 302 465 562 820
18 29 142 289 401 584 634 653 662 671 755 764 789 798 808 843 868 900
410 462 705 709 716 779
59 81 113 148 165 172 455 463 466 492 540 618 696 712 768 845 894 946 958 959 998
14 17 44 63 100 129 138 430 492 606 617 738 750 777 841 842
111 234 309 321 532 572 621 773 854 940
127 991
447 628 734 978
492 728
178 409
27 39 107 144 148 251 252 310 318 360 393 413 503 519 632 731 754 774 788 842 855 878 880 882 884 898 920 936
48 76 354 554 770 798 813
31 96 104 113 121 128 135 138 139 145 148 164 239 314 331 359 385 498 515 519 550 559 634 635 647 673 678 701 712 752 817 855 887 915 956
783
672
449 927 970
86 397 421 555 649 720 756 964
11 62 111 118 121 125 191 242 280 288 312 319 464 497 510 556 642 647 667 748 752 834 895 969 987
140 238 423
133 179 312 418 468 856 869 921 947
10 243 265 575 598 838 922
18 267 301 349 407 410 457 476 655 671 947 972
41 64 88 111 175 201 224 287 400 415 446 479 494 515 559 599 649 664 700 716 949 969 998
136 171
10 29 47 100 144 155 199 202 218 221 331 403 476 491 494 585 617 718 761 767 815 823 886 922 963 992
108 318 334 343 467 718 805
185 632 804
659 758 769 898 995
28 40 114 117 149 266 279 419 679 689 726 860 895 961
13 21 25 36 50 100 142 153 156 171 189 249 261 339 357 403 443 577 588 631 648 651 709 767 839 840 872 925 932 981
104 228 246 311 375 423 478 483 487 732 790 822 857 985 996
41 117 150 189 199 266 309 320 349 355 360 378 413 427 472 551 552 617 641 668 707 730 746 764 795 837 874 938 939 955 983
336 400 427 512 532 674 707 721 768 890 936 999
3 141 153 211 277 292 323 343 355 544 723 833 885 984
5 75 227 271 340 349 352 396 428 483 565 581 588 600 609 617 641 802 883 939 960 995
75 95 129 139 157 208 276 280 293 358 398 505 535 626 776 818 960
34
542 757 902
31 110 186 343 398 415 430 767 828 898 909
145
21 73 145 151 215 248 286 300 305 333 340 456 483 551 556 638 649 729 754 762 793 811 833 875 895 937 971 982
515
8 29 82 125 140 142 168 242 250 343 418 436 555 564 571 621 786 859
114
52 72 152 227 279 283 293 296 306 355 369 449 457 486 615 649 657 689 717 996
98 135 152 185 232 238 343 365 412 549 744 793 882
250 401 717
161 209 213 295 651 727 729 765 859 975
132 543 764
87 134 323 511 559
121 208 242 247 441 595 614 630 736 815 966
260 596 613
48 378 428 463 804
85 207 285 558 743 769 935
35 36 48 234 391 409 411 422 540 903 910
139 170 315 362 386 393 416 470 510 535 568 613 645 659 665 704 806 848
487 501 550 885 940
143 907
94 133 231 341 461 462 468 656 767 847
313
39 202 208 551 626
756
789 827 914 997
56 62 73 84 92 140 144 153 173 203 208 222 273 293 303 370 411 441 480 483 528 565 571 595 619 634 641 675 688 694 742 772 774 849 862 890 917
873
19 210 225 292 299 343 573 674 730 939 976
134 155 223 269 337 426 492 549 632 809 821 910 978
27 169 226 260 526 792
199 675
39 56 75 147 174 223 268 480 755 809 893 970
89 259 272 428 447 600 659 708 804 900 985
195
74 110 127 181 187 275 331 377 444 445 454 470 481 524 528 534 553 632 711 718 753 777 806 807 825 835 858 885
916
37 77 122 281 408 413 526 565 576 637 732 782 836
171 227 475 487 493 548 569 717 731 978
492 519
87 150 284 374 431 532 638 699 761 805 899 948 965
394 475 590 594 626 672 710 714 910
18 47 125 158 192 216 233 254 306 427 432 504 591
51 291 340 461
32 83 101 184 195 329 580 632 822 914 957
291 404 472 518 930 951 956
15 49 71 83 95 116 139 142 155 158 163 170 194 241 243 246 254 256 272 295 307 314 317 329 352 354 355 369 396 449 461 464 483 506 513 514 522 554 594 596 622 629 631 639 661 675 698 703 706 715 759 769 771 778 781 782 795 801 810 820 830 841 851 855 866 879 880 926 939 941 947 954 962 966 975 985
436 559 586 642
676
50 113 151 257 272 323 359 364 369 370 394 417 418 426 427 451 483 500 536 537 560 569 578 579 616 654 664 666 697 709 722 733 739 744 752 798 832 863 865 879 884 897 904 912 919 992
25 56 59 72 107 119 132 187 201 204 242 262 328 406 415 428 502 538 564 592 623 635 685 727 850 919 967 992
57 118 121 282 347 431 598 688 782 840 841 963
902
51 432 675 843
205 261 414 443 704 814 827 944 961
122 237 391 752 886
94 157 413 457 579 602 701 720 791 883
158 298 486
71 150 190 399 676 785
189 340 495 535 766 824
23 28 32 54 61 75 99 150 159 184 191 196 197 233 234 244 268 298 354 359 365 372 376 417 435 437 440 456 457 501 561 575 584 615 627 649 669 676 684 710 725 741 747 757 761 764 795 801 840 848 890 924 931 973
203 231
71 156 199 256 356 365 521 531 557 603 609 619 701 709 742 859 988
177 234 377 686 975 984
144 155 183 519 534 553 559 649 762 844 931 954
51 184 281 397 400 536 537 576 637 707 831 920
602 826
816
3 292
14 57 111 116 183 246 273 376 414 518 523 529 552 608 614 629 700 711 748 830 877 892 924 930
157 471 525 530 898
128 201 718
230 243 344 384 463 557 591 676 719 843 921 958
36 706
76 79 92 119 147 148 170 201 220 266 289 295 346 407 412 421 448 453 457 485 506 528 548 549 593 604 605 609 623 656 669 722 734 767 768 782 789 841 944 984
287 514 525 583 868 932 975
247 517 583 623 632 644 702 766 857 900
127 163 192 436 456 530 670 681 757
64 136 370 374 469 672 704
821
40 498 991
697
276 654
14 26 129 150 184 224 276 353 403 433 487 557 668 756 788 804 812 872 930
586
10 51 226 316 608 614 773
13 20 68 107 133 146 355 487 489 516 578 595 598 615 622 729 824 847 875 970 987 999
198 253 296 487
15 48 96 135 210 232 254 262 271 274 284 395 396 501 532 553 558 611 638 750 770 803 829 843 901 979 997
39 74 144 247 295 387 427 542 761 795 804 902 910 939 972
16 69 135 189 196 287 335 421 493 528 539 557 590 593 631 640 681 770 891 972
149 486 663
62
93 113 135 194 385 467 566 580 752 763 837 911 930 959
55 85 140 204 215 260 318 367 400 497 649 691 744 767 848 945 991
104 116 367 406 446 507 627 757 990
48 165 271 350 424 538 552 791 993
12 34 78 80 96 204 293 327 399 407 413 456 503 513 568 595 702 720 775 811 827 828 858 863 870 896 919 927 978
644 798
69 171 340 371 410 534 752 811 854 863 898 980
114 169 214 259 286 292 338 444 688 783 792
189 218 282 601 822 873 941
249
6 9 58 226 258 368 378 400 420 425 483 564 566 570 615 650 753 824 849 973
453 626
5 89 132 156 390 582 680 931 976 977 984
105 419 480 567 569 626 753
33 49 51 95 105 170 225 244 297 363 437 475 498 568 647 773 807 822 888 929 932 947
12 42 112 167 169 187 200 222 233 258 262 302 389 416 507 583 619 746 749 784 815 835 878 898 918 930 975 995
141 435 602 765 839
11 185 294 317 324 340 366 404 441 464 499 540 578 589 603 640 764 786 811 837 851 862 882 896 914 924 972
248 441 509 581 628 643 693 701 779 878 934
11 77 141 164 182 218 271 285 290 425 479 481 498 509 574 614 727 741 751 803 865 866 876 891 897 919 929 965 970
711
87 183 318 357 378 509 546 603 890 897 985
159 989
112 243 290 762
798
18 42 54 134 159 209 246 254 273 281 297 301 335 358 395 396 445 464 480 497 502 546 585 594 600 616 652 668 670 701 706 710 714 795 847 863 918 927 968 976 998
353
202
4 43 307 577 583 661 756 760
35 36 109 139 160 183 273 320 354 361 390 428 433 516 523 688 699 777 815 875 891 949 997
23 92 106 132 147 305 326 388 398 502 668 714 738 739 858 962 971
16 21 109 203 224 299 330 374 879
93 95 96 131 144 156 162 173 339 346 432 443 448 509 528 534 551 563 597 611 637 762 780 794 818 933 946 957 961
262 285 459 481 538 573 676
71 112 117 319 350 378 384 457 459 527 557 615 663 742 791 849 873 917 989 1000
90 285 915 934
127 387
206 274 389 495 525 631 666 808 857
198 725 783 921 978
201 260 658 988
597
189 616 962
10 26 45 48 51 101 162 165 211 229 261 279 301 324 326 381 436 444 475 545 555 568 569 605 624 656 697 728 761 765 791 804 807 837 846 914 990
77 530 657 758
180 335 571 705 855 901
37 154 313 506 818 832
449 753 825
97 173 185 289 366 464 500 519 635 728 770 926 959
169 322 515 790 830 832 919 941
192 282 457 622 863
132 173 275 502 585 611 641 690
652 811
385 746
986
80 148 158 226 235 238 315 359 401 408 423 633 686 697 754 805 846 867 960 980
28 480 601 883
238 257 293 369 408 453 580 729 748
48 62 154 233 368 412 489 518 543 578 607 677 691 695 753 793 803 811 829 894 951 979
2 84 100 117 155 177 178 182 196 206 253 255 263 276 291 318 345 372 378 381 405 413 415 444 498 523 526 533 546 555 578 626 632 665 669 683 777
139
187 195 221 259 304 345 393 488 575 614 696 796 890 937
46 368 391 726 832
164 176 447 480 562 598 816 911
425 814
20
38 95 181 201 206 243 257 395 506 555 673 675 903 929
148 426 565 798 926
50 148
148 983
48 381 419
686
297
39 160 378 401 425 440 887 897
17 31 189 323 414 515 533 598 608 646 692 716 735 836 905
91 322 655 826 847 881 883
69 462 663
82 377 673 709 882 920 978 999
194
23 442 825
44 118 187 234 247 456 508 515 516 524 638 720 762 843 968 973
213 377 482 819 876 943
623 660 838 861
34 238 364 615 847 958
720
17 70 216 264
284
578 827 854
78 211 241 523 707 711 894
78 227 263 297 359 423 491 520 577 652 689
113 417 665 709 941
262 296 598 903
819
29 33 252 307 489 559 839 865 881
160
250 329 519 582 602
195 204 401 406
249
34 64 105 127 143 213 294 326 519 573 667 671 681 692 727 772 791 818 833 978
16 36 50 72 119 167 182 210 232 253 270 307 443 445 489 535 556 558 560 575 629 650 688 755 760 804 811 826 837 847 858 873 879 924 968 997
36 184 222 255 432 545 574 600 671 756 765 793 814 882 896 936 973
93 114 145 200 219 252 297 347 425 511 534 611 615 690 730 825 849 879 906 915 920 936 947 996 1000
163 242 467 513 517 720 744 760 989
190 513 592 652 798 831
697 726 757 879
48 110 161 265 419 468
17 146 213 255 289 485 617 663 786
811
543
42 50 140 266 283 300 393 419 442 456 464 494 535 579 636 637 671 677 680 689 708 743 756 824 873 933 935 987
74 176 188 263 269 295 397 408 473 559 584 593 622 625 653 675 714 756 763 804 872 878 922 975
85 117 396 471 506 559 564 688 717 959
123 196 234 291 315 980
142 464 501 552
107 143 154 164 340 570 891 993
564
90 183 190 224 351 408 504 708
278 638 682
222 425 853
158 170 275 407 617 667 838 888
75 229 302 555 696 756 838 852 858 984
70 126 213 402 500 592 858 964
32 34 148 183 465 824 856
20 28 104 136 220 284 527 544 558 569 570 760 766 818 832 899 917 918
325 626 640 754
12 32 105 158 161 174 268 278 374 376 404 565 590 671 767 864 913 977 986 989
592 888
49 61 154 383 401 441 468 721 743 857
25 31 76 86 88 163 178 181 185 208 212 277 290 313 325 348 402 407 429 442 455 463 487 488 492 528 556 562 591 596 613 673 700 814 870 898 899 906 929 968 971
55 699 717
711
13 125 174 294 331 366 456 556 783 905 906
749
225 536 628 847
122 304 513
1 35 72 223 291 301 320 516 709 880
16 81 183 231 284 334 339 490 612 666 694 736 881 906 986 996 997
21 274 283 455 469 489 568 619 642 720 786 802 819 888 922
21 33 98 146 205 353 377 518 574 702 799 923 931
55 83 96 112 129 178 183 218 313 353 398 420 494 546 549 565 580 606 721 765 837 853 880 905 918 937
251 328 372 422 589 695 745 792 948 966
80 172 178 229 335 397 442 543 778 876
440 881
41 54 202 249 401 440 509 603 622 883 964 991
256 473 641
171 419 760 786 826 916
122 318 895 990
187 350 725 1000
124 127 407 581 958
487
349 449
134 305 376 506
630
697 851 875 910 971
477 557 939
8 68 188 198 317 334 355 361 549 576 646 760 962
78 185 322
79 321 802 912
39 166 169 172 821
4 37 78 88 139 225 441 504 567 633 817 909
55 847 943 965
11 15 48 80 96 111 116 134 195 286 288 302 330 373 385 455 484 498 501 502 520 543 652 654 670 707 755 761 809 818 845 857 913 927 943 944 958 961 998
425 520 698 770
273 426
8 111 167 665 678 758
346 388 475 659 752 759 775 838 843
180 189 206 265 505 518 535 658 691 731 862 895
43 181 191 459 519 685 747 799 865
318 450 614 707 908
110 128 148 165 324 378 451 510 906 951
93 222 433 556 648
7 143 260 290 353 478 753 861
141 470 684 723 755 914
42 76 98 307 357 370 459 474 476 479 490 540 563 595 606 652 653 658 680 727 729 740 757 765 819 830 877 998
31 110 184 185 696 706 787 866 992
192 418 474 557 727 965
938
263
15 16 305 436 502 554 825 853
213 375
211 657
67 100 176 261 265 325 458 459 586 639 766 834 837 870 900 928
8 347 545 698
9 223 268 278 357 502 570 660 833 865 956
398
2 80 81 104 115 283 325 443 514 591 592 630 700 818 836 865 869 889 919 940
144 612 811 958
45 46 47 114 189 191 217 298 317 372 397 430 433 549 586 651 669 702 731 758 804 916 977 997 1000
307 313 473 614 814 835
147 417
83 109 115 232 237 249 639 656 825 919
233 417 609 987
1 624 707
11 15 34 65 75 120 171 205 234 274 292 310 330 361 367 380 406 415 416 464 494 501 529 583 619 654 678 681 712 713 735 766 830 853 912 961 997
159 610 632
57 122 223 322 339 400 444 478 554 600 629 763 804 853
41 44 107 298 598 696 769 900
8 99 102 181 301 547 666 866 969
70 156 335 690
88 593
155 211 275 384 397 473 581
676
196 202 687 982
154 196 270 294 602 760 830 940 947
24 347 485 496 529 534 595 628 664 782 899
22 82 115 164 180 217 229 460 697 701 924 954 978
594
905
9 367 426 464 537 584 726 854
10 56 119 200 215 283 382 519 542 584 675 734 803 810 893 953 972
106 196 431
78
19 156 180 233 260 301 315 451 602 673 734 769 834 858 930
499
15 465 510 577 745 834 947
22
66 95 189 238 322 526 913
6 19 65 75 115 157 239 298 323 336 391 411 469 479 507 525 545 607 618 756 766 781 794 952 953 956 958
53 606 688 800 916
218 279 554 626 737 793
48 149 418 460 470 573 597 638 675 681 689 982 983
98 197 397 435 436 439 522 553 617 848 957 991
187 705 924
13 34 93 133 193 200 215 239 263 335 403 425 590 597 665 707 742 764 785 827 831 905 982 983
92 226 245 288 364 424 484 504 512 596 773 806 864 962
315 503 987
5 17 50 74 97 112 142 270 330 367 371 453 483 538 610 621 631 660 719 804 812 856 888 897
4 63 142 334 653 654 753
28 69 361 368 418
1 27 106 285 363 710 783 798 832 873 969
611
46 71 102 140 225 248 256 313 337 436 469 653 660 666 762 834 855 881 894 913 920 970
218 309 575 633 717 887
57 413
15 37 88 90 104 120 136 183 203 213 238 313 328 364 405 413 418 447 492 498 499 564 584 666 688 692 732 762 776 808 828 843 844 872 877 946 953 962 981 990 997 1000
84
28 38 358 505 678 691 764 825 993
132 172 679
50 77 85 154 186 209 275 413 454 461 595 612 675 690 777 846 861 926
10 47 143 241 243 343 395 568 592 632 796 897 911 925 928 941 963
20 55 59 61 95 121 163 179 185 318 354 374 397 430 465 517 648 664 668 673 703 732 747 788 798 842 873 966 980 990
764
1 22 25 204 301 377 515 519 524 595 681 778
47 87 239 261 266 447 490 566 750 791 802
43 66 80 148 283 284 439 589 824 943 977
477 481 727
3 28 155 177 221 932
41 82 105 260 414
268 658 725 934
75 152 369 383 667 806 834 878
31 128 155 366 601 743
915
32
257 337 386 387 879
100 622 676
82 101 278 318 407 422 482 509 600 693 768
402
77 358 519 528 562 602 616 797 832
17 77 105 366 543 573 710 757 765 846 905
47 444 558
16 82 120 292 412 417 430 506 514 618 623 638 664 800 962
97 151 181 236 354 540 625 626 682 691 731 817
56 73 114 152 213 287 581 584
49 119 266 364 624 630 771 985 999
86 91 194 201 211 215 220 229 247 249 273 297 407 432 504 535 547 556 658 734 741 752 802 864 930 935 969 998 1000
70 182 209 961
118 130 136 158 187 242 333 408 433 465 467 513 523 549 562 576 583 600 629 640 694 724 758 819 898
16 674
68 138 170 353 619 631 651 718 739 856 957 962
123 536 664 827 851 860
26 159 294 397 506
171 438 528 552 758 847
35 145 581 773
24 132 166 287 333 356 554 561 575 577 579 614 711 715 734 770 826 874
97 192 666 839
260 889
96 186 195 201 218 280 295 427 561 632 672 691 730 826 851 992
82 139 164 180 224 329 340 399 468 483 570 617 778 790 791 805 810 866 884 907 933 977 987
57 58 584 759 908
106 801
263 291 406 487 571 634 735 757 788 848
160
432
667
103 174 286 534 756 870
37 82 107 285 353 681 727 765 976
636
145 394 539 683 780
6 77 81 88 164 175 185 202 351 353 397 406 441 457 548 558 590 597 601 627 664 666 725 811 831 906 939
26 61 65 78 109 113 134 155 158 164 172 174 179 227 232 275 310 324 329 351 358 434 437 468 469 524 537 567 621 626 637 655 664 666 695 717 720 722 728 731 744 746 747 748 755 767 788 797 807 809 824 825 831 881 926
31 86 202 203 205 220 266 350 391 432 630 667
263 292 314 812 847
159
18 77 91 140 167 209 292 375 400 406 415 483 548 564 578 722 739 758 770 797 856 862 873 941
75 96 214 305 559 974
135 353 624 856
36 60 80 121 122 262 317 324 352 358 422 524 604 629 649 681 786 787 789 812 853 923 981
10 27 240 241 283 292 370 376 380 435 477 517 544 578 707 737 746 792 837 838 844 870 903 918 932 946 954 977
124 127 516 709 869 873
166 197 216 220 260 293 392 485 611 642 654 665 670 794 843 881 945 967
9 89 90 107 155 166 215 260 352 362 386 423 426 465 564 581 641 761 767 838 891 957 980 1000
90 223 254 412 444 505 602 687 732 781 976 983
15 17 21 72 143 199 225 230 247 381 394 479 576 598 653 657 743 757 831 945
5 6 18 20 52 96 100 112 124 199 238 305 330 375 390 408 449 451 585 602 611 623 693 720 738 739 751 758 762 835 865 870 938 950 958 997 999
177 489 498 751 783
350 362 478
221 316 318 325 409 505 525 601 630 664 673 699 711 728 752 762 777 783 796 878 929 970 979
85 144 146 149 243 448 553 599 703 711 740 913
142
568
963
39 100 481 694 882
37 308 362 439 451 497 640 649 826
141
10 50 85 90 103 114 122 134 149 156 188 326 440 465 467 552 583 605 608 611 628 639 646 649 664 749 751 791 846 955 957 961
174 516 921 952
18 89 198 213 669 786
48 79 98 172 227 257 344 369 387 519 527 546 692 726 820 971 984
24 65 234 279 286 290 378 467 478 483 500 501 582 633 675 676 730 733 776 784 800 832 839
94 99 154 186 196 201 317 321 359 452 457 458 500 573 599 667 741 790 814 909
93 112 300 978
171 199 576 877 946
634 949 980
11 32 66 282 309 385 430 508 581 621
96 99 153 501 571 589 718 899
554 909
221 225 338 348 429 466 478 479 860
59 96 105 124 140 237 239 263 270 298 351 416 455 468 494 702 833 839 841 873 936 981
16 75 81 110 122 151 192 293 303 314 320 327 329 420 479 538 542 607 654 755 770 782 860 879 914 925 933 968 973 986
72
28 114 706 802
481 581
8 42 74 94 112 154 166 235 246 301 375 377 382 407 423 497 542 594 605 664 665 727 798 808 817 820 830 831 841 880 910 982
807 988
30 586 887
29 302 559 936 963
252 625 651 787
76 108 133 140 172 208 349 404 419 464 475 504 597 721 806 914
89 136 144 255 351 362 363 445 452 463 466 479 640
136 248 752 965
48 81 216 237 292 377 521 544 688 914
33 253 305 316
672
244 292 493 534 675 678 681 737 848 910 913 951 990
11 98 137 200 205 206 242 304 318 329 351 425 442 451 489 525 556 573 614 704 737 740 745 786 863 905 951 998
73 81 86 208 266 406 413 424 491 517 518 524 544 553 585 586 642 698 725 741 750 794 817 825 882 888 898 901 933
83 415 455 626 675 692 804 906
67 107 120 325 553 570 625 637 711 754 850 901 999
174 631
451
64 148 222 339 422 427 438 852 975
201 272 397 431 475 638 682 693 800 855
259 338 464 589 693
111
127 426
130 214 227 335 374 379 479 592 600 713 749 940
111 132 159 269 601 867 948 972
265 289 328 489 694 1000
59 268 310 343 344 353 406 458 509 579 809 831 862 956
24 78 230 534 621 789 815 829 852
372 593 618 787 935
73 121 148 174 273 275 280 313 349 370 394 412 424 458 474 483 484 486 497 502 513 542 579 608 676 744 756 773 785 791 863 907 916 950 952 959 1000
26 71 198 334 506 514 614 631 658 713 771 852 933
78 322 481 606
249 431 625 762 947
230 278 429 522 642 846 944
2 35 38 88 265 432 461 464 588 664 695 701 713 753
549 741
302 312 536 844
54 111 376 433 436 445 462 477 581 636 683 719 786 806 808 837 899 942
55 82 178 212 298 447 577 638 934
24 89 120 181 273 434 435 449 506 536 708 855
303
8 89 107 115 139 147 163 230 354 366 367 384 444 461 475 480 488 506 585 657 671 695 696 704 713 750 788 813 824 833 840 878 896 910 937 997
55 81 135 198 214 261 284 300 311 319 331 340 357 456 519 537 611 653 679 723 744 796 802 850 873 874 936 937 948 989 990 994
13 106 115 193 275 362 379 454 472 505 535 717 753 832 987
108 111 155 194 211 260 278 296 315 361 400 405 427 564 593 613 617 648 649 704 708 709 715 723 725 755 854 879 911 975 980
641
41 68 120 221 246 467 507 577 863
9 21 169 257 282 301 341 391 393 446 449 450 507 579 600 638 648 690 701 716 735 842 846 848 858 893 903 904 909 915 942
685 767
27 268 501 581 651 857 968
96 152 212 245 289 292 375 393 429 584 615 694 726 755 843 877 887 900 913
18 22 139 153 166 283 299 331 363 373 406 413 467 511 512 565 591 595 601 620 652 764 796 800 803 904 999
712
879
132 136 146 429 481 526 596 633 700 837 838 874 936
41 227 270 441 480 495 627 637 705 753 777 956 987 991
88 679 706 723 726 979
348
272 284
147 198 276 309 401 410 416 547 585 916 965
140 399 708
94 132 239 342 389 494 532
18 39 195 381 434 437 450 494 657 691 814 869 880 981
19 566 591 851 885 979
308 391 416 419 420 476 478 479 483 630 637 671 677 731 759 769 847 866 925 936 968
59 263 464 525 797 825
443
5 86 238 360 381 429 452 499 501 551 613 699 704 732 912
62 170 306 356 383 414 420 432 754 855
36 77 144 190 302 305 350 461 535 542 747
467
35 145 242 278 325 454 498 606 907 948
26 40 161 194 226 251 319 386 408 410 485 592 662 671 770 830 967
14 320 411 482 601 761 925
371
321
70 139 172 274 275 313 330 400 404 497 522 631 633 769 813 823 842 858 884 924 928 947 999
56 245 268 270 278 404 456 471 610 848 924 937 985
11 248 313 843
307
417 432 609
54 103 193 418 424 599 655 720 817 895 950
114 221 363 443 485 577 597 632 761 776 789 828 831 881 920 993
50 93 105 189 222 233 289 314 380 440 495 496 531 625 674 783 786 941 984 992
25 55 167 201 227 283 383 458 680 693 736 768 894 914
24 34 41 131 144 146 183 220 223 228 331 403 404 419 433 448 477 503 582 588 635 658 683 746 813 835 864 884 937 956
182 773
46 85 103 155 176 183 245 310 370 413 415 426 435 460 507 616 666 734 805 895 971
356 493 613 616 783 853
498 778
203 227 234 246 429 437 726 940 949
49 68 132 252 312 329 379 382 393 395 407 408 450 496 549 632 656 706 764 807 809 895
416 533
22 67 284 326 621 715
114 151 283 591 609 621 628 736 783
30
28 362 436 493 560
235
168 897
30 88 106 134 157 208 295 413 420 444 473 539 608 622 643 664 737 750 758 805 910
709
32 53 76 279 312 428 677 855 884 989
36 425 565 579 870
374 736 865 909 957
586 954
35 113 526 545 823 892 904
113 256 341 629 811 939 982
390 586
169 376 435 609 667 779 784
14 48 56 74 187 193 231 297 406 408 414 428 440 514 555 562 638 646 654 824 917
462 879
231
65 258 305 473 561 814 818 927
42 77 543 840 940
438 772
967
54 97 227 420 427 445 507 529 683 820 996
121 471 528
78 145 165 173 189 193 241 503 731 915
29 63 108 165 193 265 269 290 318 328 332 430 435 473 535 546 576 736 739 803 806 851 922
79 146 151 188 217 427 651 740 819 843
32 500 858
545 911
256 548 861
187 189 870
386
295 470 595
925
726 753 756 953
121 256 311 387 450 469 620 725 742 743 822
66 708
366 429 441 694 721 771 869 870 952 960
55 168 278 322 368 612 741 874 951 998
175 212 359 475 628 814 850 860 917 953
34 223 336 611 890 903 994
70 81 296 401 405 462 594 667 725 819 936 942
5 166 183 221 303 306 362 420 573 575 648 711 736 744 990
311 323 434 749
290 742 860
695
100 109 160 177 248 461 470 491 508 526 544 599 742 752 884 914 918
17 26 94 103 171 253 283 309 391 562 675 741 762 776 784 799 807 817 823 905 914 918 987
91 124 127 140 227 230 264 314 348 416 426 435 442 451 468 470 476 487 498 504 512 526 536 542 550 563 578 583 608 640 652 710 717 724 766 771 780 783 815 868 876 920 960 994 999
190 430 594 808 918
171 253 290 321 428 442 449 519 545 599 657 662 859
34 236 280 282 334 335 389 406 422 477 596 708 740 832 869 913 971 996
13 21 25 54 74 77 126 177 202 276 352 400 508 617 768 866 876 893 925
27 73 91 408 435 446 616
182 941
400
78 270 312 451 553 561 567 621 734 741 805
8 93 104 272 280 331 354 357 369 371 386 401 410 473 502 511 539 546 591 613 688 811 814 845 853 866 987
130 190 269 321 357 388 447 506 612 675 705 757 810 983
66 207 225 626 647 685 690 802 985
207 229 298 375 421 463 505 540 761 763 798 910 998
342 532 553 574 582 620
58 61 72 172 234 252 298 303 325 397 438 547 572 924 930 994
13 54 66 103 134 230 263 288 373 376 398 399 415 427 476 501 508 512 523 555 571 607 643 664 722 735 773 815 828 841 855 861 885 908 930 932 956 962 996
262 299 339 978
114
191 300 880 989
27 221 290 357 468 570 790 919
299 609
6 254 334 356 406 450 570 628 698 713
61 62 86 128 154 166 194 297 352 380 386 474 636 703 713 740 795 818 826 831 862 916 942
34 199 259 289 294 393 431 839 881
708
83 190 759 850
139 552 837
287 324 703 944
71 212 231 307 549 700 834 959
85 258 297 756 891 944
69 74 100 107 225 253 357 372 419 430 480 496 522 537 568 573 619 654 676 763 764 779 783 787 816 818 821 887 940 942
135 207 273 367 378 401 438 497 584 609 668 934
7 56 81 126 197 248 291 384 472 565 631 644 838 894 897 916 973
114 148 206 303 487 691 818 871 979
123 766
75 143 145 195 246 503 628 780 798 812 905 929 991
16 38 133 347 349 461 542 668 676 921
61 81 104 121 128 143 166 254 269 319 338 372 390 399 404 517 537 551 555 574 630 665 687 710 778 803 839 852 860 861 874 890 898
46 372 508 582 984
32 256 353 368 470 527 633 689 803 818 901 914 970
90
240 567 603 954
19 79 105 169 203 227 345 559 641 672 718 723 730 747 846 848 937 952
136 262 269 459
512 602
12 82 160 187 392 398 531 661 692 918 966
254
42 57 121 175 671 680 706
21 133 137 177 186 203 360 379 401 449 465 467 515 557 593 594 599 716 774
48 50 69 79 84 93 102 133 134 139 160 166 218 222 245 346 393 419 424 449 472 474 482 489 510 532 573 617 633 647 671 673 683 689 715 719 761 781 784 816 817 858 865 869 891 932 968 976 995 1000
272 386 399 447 505 594 650 764 770 781
377
108 334 349 385 401 456 495 546 784 791 835 858 950
158 370 404 489 558 798
6 92 384 446 564 803 823 824 830 904 947
175 215 258 264 589 741
394
427 629 778
67 112 133 136 195 200 253 389 390 411 421 528 533 534 541 637 707 741 757 762 815 821 859 872 895 898 917 949 962 965
433
26 33 44 48 210 227 255 295 320 385 524 537 562 627 643 806 808 821 965 993
174 624 724 781 860 915
445
490 547 848 904 929 982 987
27 609
919
7 10 38 40 43 45 47 97 115 119 158 175 193 194 201 225 233 240 291 320 331 369 403 455 469 477 500 503 590 647 669 681 685 696 758 763 782 792 798 802 811 813 854 872 908 914 926 947 957
135
439 497 915
5 85 101 109 199 249 254 290 324 332 356 363 385 435 478 518 577 591 593 603 662 672 696 709 721 737 811 826 860 861 868 915 925 934 936 966 970 982
169 229 308 370 716
49 57 87 102 411 454 603 729 811 875 943
430 443 717 917 992
231 379 438 678 788
32 464 474 524 575 602 757 928 946
62 140 229 246 313 327 388 541 587 602 608 619 661
6 8 28 29 34 50 57 65 84 127 131 134 141 169 211 222 230 235 244 245 250 264 269 324 364 378 388 400 422 432 434 435 439 449 479 481 486 520 546 552 577 615 630 634 641 645 651 659 684 687 703 706 716 721 746 763 778 790 798 803 813 814 848 849 884 895 924 942 947 948 956 977
59 124 192 240 250 278 487 522 605 765 898
147 404 460 470 494 634 821 924 945 954
2 245 289 346 357 414 422 454 702 856 931 947
140 177 195 218 239 281 440 443 505 544 691 745 767 925 980 994
332 963
994
970
21 33 66 90 118 252 309 386 405 446 480 588 817 889 923 963
164
11 234
153 458
105 459 488
213 514 682 687 733
681 930
111 767
412
51 57 89 270 353 375 663
49 127 134 305 370 375 378 492 742 797 883 884 940
632 822
73 93 171 189 364 384 456 703 937 939
60 70 255 384 766 899
15 83 360 458 555 620 636 678 791 877 879 896 949
63 227 486 647
411 424 665 675 971
652
2 303
353 395 604 605
63 144 162 296 403 423 437 448 487 585 625 868 905 988
48 287 496 605 725
35 122 137 161 165 187 294 421 427 514 609 770 771
120 389 870
122 201 505 674 742
3 55 143 151 165 214 249 296 412 637 783 799 820 829 996
103 376 670 808
84 119 154 188 229 239 336 442 468 485 646 658 699 728 840 984
88 164 251 326 901
16 81 104 124 136 160 200 229 293 346 350 359 455 493 535 557 563 604 716 756 770 803 807 860 874 933 950 998
47 157 842
8 61 66 69 136 144 205 270 283 321 326 362 373 380 388 425 457 469 499 521 523 576 587 591 593 620 624 634 654 674 676 706 728 732 757 773 821 862 902 917 943 965 968 969 987
16 124 201 326 620 729 758 842 986
18 41 170 278 313 391 400 435 479 608 632 766 769 779 875
17 201 573 673 677 768
602
78 104 186 266 272 311 463 572 656 664 725 773 808 855 864 896 914 952 978 990
421 653 917
597 644 865
102 174 205 236 669 743 830 886
12 137 176 203 309 312 438 450 459 512 533 577 649 657 691 696 717 721 758 850 872 971
157 503 575 677 694 761 774 798 857 878 928
125 916
183 554 605 654 656 723 835
41 327 482 621 978
157 377 552 593 662 761 801 980
47 213 330 437 466 575 809
14 160 242 249 710 800 817 818 924
266
141 231 283 361 661 799 935 988
133
83 911
8 84 88 305 306 409 464 527 535 547 561 619 698 747 751 768 913 979
10 79 165 166 286 336 350 477 498 508 579 659 709 734 777 864 894 902
149 302 443 896
15 32 130 217 220 304 308 326 385 538 685 753
504
11 32 121 125 148 157 172 403 469 491 681 708 922 961
19 112 360 469 488 597 647 672 718 726 753 804 842 937
60 107 114 129 154 164 193 260 305 370 445 460 530 603 676 689 718 849 894
527
30 33 98 134 135 176 198 224 278 347 385 470 490 653 773 788 795 864 906 963
239 279 408
29 97 98 106 117 188 189 205 236 260 283 296 328 353 361 413 459 480 481 536 586 604 637 646 647 649 703 746 768 782 793 805 840 852 858 859 876 879 931 941 958 1000
357
93
110 182 196 252 282 296 308 420 453 454 513 573 657 666 691 703 730 781 813 816 875 915 922
584 686 756
43 172 413 474 491 642
14 44 56 87 89 92 258 287 360 389 423 454 465 496 514 529 535 566 683 700 792 794 807 903 914 915
72 116 133 356 393 401 540 586 609 676 799
234 242 309 457 470 476 801 802 883 921 989
13 107 479 540 689 894
127 776
242 243 295 367 439 464 640 673 693 769 814 889
793 954
123 241 392 725 796 808 919
135 214 219 589 615 619 665 739 766
64 154 162 173 435 485 578 585 629 750 957 963
72 207 236 247 316 369 370 399 424 486 557 594 609 714 747 764 781 861 954
336 606
73 79
10 144 189 200 215 573 694 818 957 970
54 105 247 432 509 815 861 884 887 890
93 276 588 600 632 863
24 44 178 249 305 324 348 363 369 426 484 523 535 536 638 753 763 788 800 823 987
4 96 599
521 561 667 777 915 929 945
157 272 295 420 421 457 539 676 931
31 295 297 324 824 904 942
207 226 252 343 352 364 495 596 672 691 779 951
404 424 732 925
32 59 172 196 223 276 290 291 327 398 431 441 464 485 496 513 717 758 790 996
96 129 356 398 422 648 657 899 988
16 131 565 598 668 859 901
12 25 33 64 126 137 144 295 345 380 466 501 677 699 737 804 984
43 83 451 666 676 691 805 811 843 891
145 775
402
595 954
9 89 116 204 313 342 389 583 755 895
272 974
6 37 44 56 103 106 129 141 144 145 197 201 209 222 229 262 281 319 352 355 361 362 377 383 405 417 418 427 440 445 485 491 515 516 524 543 564 573 575 584 588 600 606 614 621 629 634 653 722 728 729 748 751 760 775 817 830 843 847 870 881 901 918 931 969 999
123 198 246 282 447 649 671 723 919
17 38 114 168 197 261 402 443 451 456 778 959
9 18 24 145 321 550 557 792
169
18 19 92 97 135 174 214 491 497 538 567 683 716 745 892 983 999
50 56 89 154 174 195 209 221 261 296 381 532 667 761 762 826 879 912 980
190 352 597 698 862
591
171
181 221 349 367 409 666 727 822
436 946
17 324 385 392 396 500 612 711 738
117 208 259 284 341 394 410 431 463 464 508 582 603 694 791 881
571 672 891 962
9 64 165 205 249 258 299 365 508 602 667 674 709 716 785 856 897 990
768 829 888 947
13 67 123 191 264 440 514 674 748 916 932
27 148 432 471 990
26 98 378 535 637 679 804 876 996
5 104 105 183 321 330 506 532 554 555 591 622 625 676 898
19 424 621
236 352 383 443 949
979
540
150
108 218
94 291 453 501 595 771
34 77 109 433 481 523 571 752 894
34 51 66 92 94 133 217 328 355 391 421 446 502 589 610 702 704 705 907
107 169 422 552 707 729 868
352 400 414 456 719 787 861
109 292
25 79 87 90 110 193 196 222 260 315 336 496 613 671 747 766 769 780 895 943
84 243 353 362 511 542 611 647 757 797 818 985
138 260 271 275 279 386 425 597 780
233 305 360 432 474 505 550 576 652 671 678 681 695 784 790 893 909
773 962
149 157 267 341 351 366 371 404 405 440 462 515 522 710 739 745 789 798 857 871 936 967
70 125 153 264 369 562 625 720 769 808 847 876 931
634 708 930
53 149 157 214 319 404 426 462 464 564 585 662 679 725 727 760 781 952
10 35 227 260 362 581 660 661 717 734 788 816 840
29 48 456 518
17 331 569 773 916
81 211 285 292 304 365 394 418 479 565 643 923 927 973
151 281 709 865 877
216
116 197 255 290 519 670 939
26 48 84 142 151 200 218 327 419 421 434 512 535 549 559 596 628 655 687 717 720 725 726 729 734 735 743 798 865 916 973 982 986
134 348 650 974
304 828
486 821
69 79 86 99 112 119 205 310 508 664 742 779 792 868 932 940
153 922
58 564 595 610 789 981
462
12 18 36 59 63 66 80 138 231 234 254 306 319 342 362 376 384 398 417 426 470 547 548 597 626 642 645 676 690 694 703 749 805 806 808 834 842 849 863 917 922 931 982
221 270 371 420 541
116 175 715 769
582 623
49 103 128 163 257 454 587 730
163 517 642 649 683 734 819 845 908
6 999
61 164 188 308 334 371 374 409 449 471 653 681 845 852 988 990
4 114 144 149 297 299 312 591 592 707 964
577
48 277 519 521 771
78 206 402 641 674 708 735 748 898 920 961 991
978
127 128 167 175 412 429 547 585 684 685
40 78 97 99 130 169 179 228 276 329 333 388 674 691 701 743 835 841 976
865
51 133 192 285 312 360 417 514 528 773 940 968 969 970
43 73 130 132 257 453 583 635 654 696 700 733 876 884 891 895 911
596 704
62 201 248 369 401 411 476 527 540 575 639 711 716 754 780 801 811 845 846 885 896 930 937 940 964 988 992
125 301
38 185 251 686 991
43 316 348
91 350 548 739
38
72 73 160 413 426 507 529 571 575 590 604 643 651 686 708 785 840 901
26 29 32 82 84 116 181 186 209 236 255 362 445 450 498 510 536 567 580 603 668 672 695 757 787 882
124 131 133 139 166 264 273 314 339 393 406 409 418 435 516 539 632 636 640 654 661 671 718 726 780 808 818 848 915 922 924 985
139 617
527 958 974
118 645 665
404 426 497 704 806 889
133 606
91 176 313 422 439 472 482 499 523 712 714 745 748 785 871 895 996
3 47 69 100 135 183 196 229 244 252 300 318 320 394 414 421 482 484 509 523 524 542 604 655 701 729 740 747 806 852 891 892 973
336
485
45 75 90 170 280 331 352 381 397 430 590 636 675 699 784 796 818 825 850 885 944 969 994
76 222 257
8 37 123 203 406 484 613 660 769 970
599 947
189 259 304 370 378 397 405 546 596 665 738 740 807 844 903 935 944
58 122 172 200 286 346 425 450 487 530 615 622 787 809 952 992 997
20 100 767
48 121 187 210 273 334 397 499 519 558 597 677 738 747 777 869 976
80 362 443 466 764 900 949 956 987
503
846 858
8 174 354 442 499 587 818
10 48 108 157 166 173 179 312 377 381 424 468 484 510 571 669 783 789 798 855 976
1 13 67 69 153 231 235 298 428 443 513 568 587 736 813 814 917
711 741 986
55 106 162 199 232 359 490 491 507 513 528 597 623 656 752 823 865 937
126 209 356 374 522 562 579 625 722 723 725 833 863 885 913 959
130 134 251 261 274 560 868 889
802 978
765
563
108 113 184 210 216 223 357 423 435 525 623 643 647 711 720 864 880 914 949 966 968 972
31 34 50 133 201 293 320 391 437 475 487 556 571 672 736 868 887 936 955 981
23 174 268 335 361 426 655 765 868 891 917
643 707 956
20 91 103 154 249 397 608 653 668 682 781 834 876 988
7 50 323 355 483 563 572 576 633 759 874
468 679 901
223 393 671 779 811 900
38 159 160 177 220 252 254 288 322 328 333 372 491 558 582 634 659 721 856 858
17 25 39 93 101 107 136 142 148 214 215 223 228 229 275 285 296 311 317 336 341 345 347 359 365 388 425 427 430 443 456 476 488 491 493 502 510 536 541 558 603 610 612 619 622 627 634 641 650 661 692 722 739 740 760 765 789 801 849 870 895 931 940 957 969
41 288 401 521 820
822
192 331 362 364 453 773 824
164 166 519 528 985
451 589 682 834 919 940
255 450 500 568
906
22 73 86 135 158 174 191 194 198 255 261 265 280 292 296 305 311 324 329 351 355 389 410 426 456 460 501 525 550 577 578 592 594 633 700 705 721 743 767 802 806 835 839 862 865 889 898 904 919 924 968 978 980
251 587 739 870
392 798 847 871
675
50 82 99 189 206 465 524 547 557 592 729 744 801 905
198 332 410 671 682 776 792
74 77 105 108 160 164 232 273 340 354 367 383 407 414 444 481 528 618 644 741 751 792 799 807 836 876 918 963 989
833
375 460 932 964
67 768
7 28 162 299 312 322 345 362 369 370 433 476 480 490 508 514 560 599 605 647 706 708 721 723 831 861 863 975
108 118 163 253 262 301 303 323 428 517 614 648 659 697 710 717 722 742 767 790 808 874 949 998
111 130 168 200 243 369 414 830 880 914 936
135 526 971
168 194 450 554 574 658 863 875 950
16 48 185 250 351 364 390 433 557 647 827 871 994
53 63 78 309 408 440 819 937 994
15 343 510 516 770 831 908 973
377 453 629 654 702 730 736 828 938 972 986
183 294 376 855 887 970
341
964
29 147 168 231 248 271 303 356 363 411 602 638 719 740 809 832 841 895 910 925 955 957 972 980
252 264 523 587 731 843
57 189 222 320 429 500 546 582 601 642 688 690 718 790 839 867 876 903 971 979
376
492 776 963
14 44 102 124 156 158 182 194 200 222 281 312 352 396 469 490 519 546 558 563 582 600 621 632 679 686 692 737 750 775 787 799 826 859 884 917
66 82 88 284 301 461 542
593 674
409
743
345 363 673
430 499 655 925
73 119 121 210 232 290 326 424 474 749 757 849 862 927
89 251 269 426 656 849 927
33
178 248 396 546 548 731 855 946
573 936
56 524 617
1 80 84 141 163 218 325 359 369 480 481 498 519 555 580 696 714 816 846 909 920 974 979 989
231 293 340 429 441 510 516 602 643 674 726 811 841 937 951 983
755
16 26 59 61 74 85 164 242 301 307 310 322 337 411 417 490 497 668 791 876 930 959 998
58 149 217 243 516 517 529 576 855 857 880 924
116 285 295 627 684 900 969
476 481 658 683 972
21 30 34 95 149 223 259 281 401 601 682 724 741 757 798 823 832 877 916 979
55 109 256 339 642
49 55 69 326 423 461 524 564 580 681 860 865
3 9 24 70 239 291 346 383 410 470 510 565 838 895 915
566 598 961 975
18 61 93 223 228 260 282 460 648 688 694 745 820 854 912 932 938
78 135 195 479 738 973
114 225 246 273 351 492 510 529 559 588 601 702 729 748 819 890 929 970 996
478
172 649 784 849
4 58 155 165 277 366 369 431 470 482 586 625 679 776 819
174 251 259 361 440 467 534 625 760
56 58 62 69 76 203 314 430 444 630 731 896 925 996
20 67 280 480 519 520 529 546 651 801
621 667
5 135 354 411 533 764 909 974
90 231 264 301 390 451 632 806
68 109 112 125 160 218 275 352 396 417 437 494 614 631 635 648 655 664 739 755 777 942 944 981 986
7 31 83 244 246 295 347 383 404 482 529 540 555 587 661 809 827 832 848 882 887 898 926 933 941 949 999
212 567 702
241 290 436 746 863 903 926
31 90 104 131 254 283 335 343 361 391 482 508 590 661 663 684 708 767 852 901 935 947
242 342 634 635 823
555 571 833 851
33 218 228 256 515 834
116 836
115 147 307 489 493 504 545 747 751 870
666
7 38 53 56 63 76 99 135 137 153 200 205 221 225 235 255 258 279 307 375 434 446 454 463 478 481 506 512 523 528 533 561 572 573 597 631 635 698 706 725 733 742 748 760 763 767 799 812 859 868 874 916
151 262 455 471 496 500 746 868
95 211 241 385 432 460 624 704 820 931 970 975
15 33 34 204 241 291 336 384 444 449 525 658 834 928
9 318 350 461 710
931
800 890
54 86 110 189 270 298 320 401 444 486 489 540 580 622 668 677 707 814 862 886 899 997
31 133 183 226 231 424 428 432 438 450 535 552 553 570 609 753 783 803 826 836 838 960 975 977 980
519
103 209 497 558 663 702 939
18 90 371 894 988
27 85 119 129 147 221 236 293 306 307 357 365 392 466 473 553 593 596 609 721 822 858 864 873 903 932 967
193 502 598 601 901 966
21 350 371 642 716
42 67 142 151 188 244 247 304 460 514 661 795 848 907 943 952 964
157 525
619 744
105 164 176 363 529 612 617 622 691 787 881 897
138 319 812 924 925 992
10 13 21 173 252 290 299 315 329 339 431 523 591 624 746 766 785
421 635
733 759 905
10 73 252 271 272 655 818 918
122 169 284 317 386 404 491 604 639 709 920 960 967 974
314 338
32 84 287 358 364 410 445 456 573 671 725 742 814 942
362 462 557 589
373
62 70 86 102 157 220 230 256 257 316 374 379 384 439 542 569 652 659 706 712 727 792 901 913 952 982
26 78 160 199 359 517 549 572 601 605 723 732 775 788 851 897 927 991
960
115
81 857 907 935
14 53 71 78 80 92 151 177 219 269 392 472 491 505 537 564 608 699 740 754 814 845 846 887 910 920 951 953 954 987
212 277 731 894
649
105 110 227 419 476 536 548 572 805 836 850 851
105 142 337 414 570 609 685 698 766 782 839 889 915 956
456 534 718
12 124 211 424 505 646 653 804 901 931 956 972
11 188 368
79 179 184 188 286 358 495 506 511 519 601 748 756 786 788 789 795 854 912 919 928 938 941
177 274 349 429 498 505 559 580 894 954
1 38 73 84 122 264 266 611 614 644 645 689 698 708 732 803 812 881 891 906 960 980
160 420 597 861
15 81 130 155 180 187 210 243 311 316 386 392 447 471 482 653 764 774 835 871 874 880 924 939 946 947 965 987
45 221 289 342 380 388 456 476 584 940
14 25 43 54 56 120 128 152 171 219 268 270 312 328 370 399 467 471 478 485 524 527 532 570 594 600 602 608 623 731 828 832 846 878 881 944 969 981 983
317 322 367 416 469 532
24 29 53 86 105 114 116 122 139 156 239 287 307 351 391 415 429 440 450 467 524 533 549 570 589 603 639 729 748 813 825 848 867 869 870 880 889 892 921 922 933 942 969
167
106 202 309 398 414 438 550 575 691 735 767 842 848 876
6 297 580 753 871
41 170 299 330 361 420 451 527 596 960
336 741 797
556
136 193 546 559 650 748 782 845
40 89 137 144 159 165 394 476 478 546 991
6 33 42 101 120 159 173 180 191 193 196 201 248 297 300 321 366 375 425 438 458 477 480 499 501 522 524 554 579 604 618 625 637 682 792 825 874 891 897 898 903 906 935 947
6 39 74 114 142 184 234 262 274 317 349 360 401 422 434 447 484 509 525 535 560 623 631 636 643 702 709 751 781 908 965 998
211 396 409 435 514 573 719 839 870 887 969 985
332
145 225 360 471 479 658 677 686 840 939 966
491 857
6 17 24 56 60 72 73 112 113 120 138 141 151 156 181 182 193 203 215 230 231 245 259 263 265 285 287 290 304 317 328 333 339 358 359 382 404 406 412 427 436 450 464 490 495 514 517 519 526 552 562 572 582 592 595 622 636 660 667 669 676 718 751 762 790 792 849 854 864 875 883 899 903 904 937 950 962 975 981
7 76 123 150 306 322 360 501 643 699 769 867 944 970
98 217 574 654 743 764
7 21 107 109 165 202 212 223 610 629 641 658 680 716 731 760 776 812 842 904 988 996
134 216 228 482 705 725 765 969
16 33 104 110 150 513 538 540 556 608 703 711 752 803 873 877 944
757
33 143 293 298 317 349 523 606 619 642 700 795 807 827 844
74 206 302 316 444 446 496 793 794 910
90 102 104 137 232 299 351 357 375 412 436 452 460 487 498 502 597 626 679 729 736 744 771 833 857 893 901 916 961
17 95 174 183 226 280 294 392 443 474 493 558 593 734 735 787 846 870 920
658
41 100 172 196 284 403 516 571 863
4 29 42 53 97 130 175 191 225 230 252 410 516 583 623 716 769 832 887 980
20 98 126 141 151 182 202 224 243 304 317 347 369 371 402 422 536 588 663 669 670 684 693 743 939 956 968
714 988
19 123 145 166 191 216 221 281 295 300 401 504 649 696 716 730 801 858 862 868 885 901 966 970
444 592 660
45 51 82 120 414 423 435 528 536 547 649 766 832 918
253 271 276 393 458 617 647 748 844 876 919 955
515
13 14 559 616 850 879 890
53 110 197 300 443 510 596 626 665 742 872 884 922 979
137 158 444 563
77 241 378 497
445 599 826 830 835 874
67 264 344 432 533 771 889 948 961
53 104 237 523 645 647 650 654 773 849 901 909 919 957
53 63 362 377 384 407 544 715 828
365 558 779 789 876
125 316 339 753 869 912
85 177
67 356 406 462 957
151 758 776
75 340 485 528 559 568 687 704 755 762 785 808 986
715
3 38 113 251 297 307 326 372 405 488 497 559 661 669 742 779 812 884 993
18 26 229 233 263 265 272 286 287 325 360 436 502 503 505 534 566 599 610 633 645 669 678 679 680 758 775 857 858 868
535
186 575 625
25 83 85 259 349 350 484 498 529 624 642 648 680 785 823 905
221 419 470 850
230 321 779 845 974
958
43 61 228 242 264 504 781 887 903
478 765
50 99 274 343 344 427 512 600 603 620 807 827 891
3 22 79 80 129 382 537 573 605 625 657 839 964
712
150 179 257 355 374 392 393 819 955
111 125 200 219 220 260 316 414 583 606 611 748 921
147 164 195 487 765 775 813 857 957
507 539 683 686 713 714 984
44 143 234 319 364 422 544 603 671 712 745 764 827
69 534 596 623 711 828 846
78 201 261 295 302 357 392 567 666 681 771 772 813 814 833 839 930 934 938
30 298 323 409 520 608 892
153
17 200 300 357 490 726 801 862 875 950 977
47 61 107 167 192 200 224 238 274 286 294 330 366 420 438 440 447 515 541 562 578 589 590 708 731 763 781 805 840 849 860 879 883 892 912 951 986
33 98 107 147 195 209 221 338 425 433 464 510 561 638 757 772 801 951 953 962 992
112 951
129 167 238 550 702 762 768 837 843 863 868
29 137 162 194 207 264 276 287 291 298 311 316 323 333 338 339 355 389 457 478 499 633 742 777 811 821 892 983
79 129 163 324 679 919 984
383 509
84 88 134 237 254 262 391 440 452 466 471 772 848 902
200 532
69 121 129 137 348 361 370 522 606 831 951 966 995
317 892
317 393
116 343 399
228 614 637 995
627 679 753 774 903
987
61 79 149 426 657
79 117 144 196 275 333 365 417 655 672 746 907 992 996
583 976
145 193 530
19 22 23 94 124 155 159 228 244 251 255 291 309 310 345 364 368 382 428 496 560 572 625 673 786 799 802 849 963
280 344 587 697 768 774 899
33 634 745 751 854 994
77 88 94 345 491 572 592 603 683 688 739 868 924
1 32 35 55 65 81 85 91 141 146 155 171 177 284 323 348 372 379 380 454 485 490 505 538 588 598 603 607 608 619 621 637 663 664 748 755 788 840 844 873 878 925 948 983 992
9 77 116 187 243 281 285 299 317 355 425 446 481 583 694 695 749 936 997
775
116 135 228 315 326 352 396 405 505 522 549 589 644 672 883 925 980
54 281 422 463 501 562 617 832 941 967
2 124 132 186 234 306 470 476 541 641 671 679 730 735 751 854 935 952 962
104 162 210 508 578 601 658 944
233 376 389 412 497 553 703 791
275 289 515 605 738
89 163 281 439 594 784 821 866
19 67 158 175 245 260 307 512 513 613 823 912
14 60 65 144 189 195 198 205 219 250 287 295 358 367 409 434 557 579 633 634 742 751 756 762 774 787 789 823 836 874 882 887 895 928 933 939 949 972 995 997
22 23 29 194 217 476 491 497 523 546 835 849 887 889 911 921 943
95 426 507 572 838
476
212
890
76
12 86 153 210 248 267 567 644 741
5 57 78 128 203 236 237 308 562 806 970 976
254 383 744 853
198 203 341 378 538 659 664 706 948 950
155 347 403 537 562 608 628 750 758 760 779 989 997
661
55 232 304 401 438 607
263 639 726 871 884
385 638 867 928
81 164
174 353 494 516 694 767 919
239
279 516 517 753 898
14 42 54 62 93 104 228 265 306 419 513 517 587 610 658 693 697 757 765 849 933 939 953 956
43 83 270 314 315 375 592 603 609 640 654 662 695 760 762 800 850 853 854 922 981
69 214 259 402 468 740 974
12 280 463
272 376 505 611 721
12 110 182 329 389 401 433 497 549 668 681 748 793 800 823 894
799
20 26 117 123 170 186 270 288 373 404 466 474 493 554 615 884 931
216 343 449 561 900
145 189 197 304 326 392 448 481 519 664 679 703 903 924 967 978
857
37 58 129 294 356 423 492 542 566 622 684 804 874 959
74 238
170 276 304 769
112 114 159 183 185 218 252 296 303 414 429 447 451 459 462 466 486 490 496 550 567 568 579 618 624 714 731 761 824 889 932 938 970
76 108 208 227 266 530 726 773 967 983
340 593 602
135 237 341 385 525 532 666 936
93 234 539 649 671 790 975
63 408 719
44 87 100 111 127 144 203 204 238 245 251 254 258 277 289 292 308 340 352 353 357 365 372 378 403 426 442 515 542 601 622 626 649 653 701 732 780 782 787 801 805 847 859 865 876 887 915 923 932 940 978 997 999
563 728
235 532 901 944
106 186 309 310 861 892 913 925 931
252 575 586 597 617 743 746 883 953
626
93 548 629
105 127 267 286 299 378 429 554 604 647 650 782 797 956
241 640 706
117 661
264 283 347 582 656 664 676 678 726 738 775 778 873 885
52 89 122 125 255 321 323 332 355 369 390 444 461 463 487 503 535 538 565 570 630 637 665 729 757 769 802 810 815 850 962 993
46 149 237 297 377 459 506 588 706 743 776 786 796 919 955 965 971
46 222 569 944
119 121 189 368 384 558 606 832 910
171 178 393 477 753 825 931
50 91 101 122 164 237 762 943
32 188 472 528 843 871
81 265
36 162 241 282 286 298 362 413 438 512 574 617 786 864 995
794
60 288 346 504 548 680
78
201 350 416 493 565 643 758 777 806 995
26 45 85 101 114 119 125 126 231 239 243 323 338 371 394 398 419 426 489 497 498 505 519 550 592 600 640 662 687 719 729 758 780 970 990 998
12 52 76 94 151 180 259 331 394 398 445 475 533 538 542 543 558 630 676 690 703 783 909 994
3 442 591 966
525 659
72 191 396 501 521 624 641 970
280 307 319 367 407 525 688 689 698 710 783 857 908
136 166 350 484 534 677 907 969
966
29 65 70 85 125 181 233 276 302 427 446 610 635 649 734 752 759 800 825
15 26 92 102 140 142 148 170 181 192 238 249 272 274 277 293 305 322 381 384 442 457 471 483 499 505 507 533 537 547 552 568 591 602 626 634 693 694 696 722 736 743 756 776 782 786 794 820 823 851 882 897 922 992
116 166 188 248 283 333 421 506 625 803 929
319 569 706 821 931
157 283 285 363 405 413 451 583 584 609 626 628 672 743 766 877 916 970
210 307 331 419 489 645 699 709 890 929
132
42 44 58 65 89 125 161 241 270 331 360 381 399 402 432 448 508 631 652 671 699 731 736 790 825 836 917 922 926 935 938
382 592 611
50 57 87 175 278 312 323 336 409 426 450 479 540 564 676 697 800 860 942 947 948
521
33 34 67 101 187 206 235 257 264 306 316 323 342 384 392 469 484 582 664 706 736 816 870 874 899 904
61 246 291 314 479 800 887
785 958
448 549 550 712 886
130 136 188 190 224 225 233 300 539 682 736 902 925 926 938 996
46 81 641 669 791 874 971
104 161 163 172 196 312 330 375 399 417 569 586 656 830 906 968
106 107 378 443 635 664 766 803 871
68 178 201 202 330 455 466 469 531 583 619 672 703 817 883 885 894 920 931 984
127 208 428 759 809 866
51 153 276 378 392 451 635 649 750 760 813 847
256 331 343 415 438 440 686 700 723 759 775 941 976
39 123 190 236 537 670 706 797 851 860 994
74 169 232 864 888
19 86 116 177 244 251 291 300 376 394 502 541 556 609 673 726 732 759 804 811 814 863
3 155 160 286 439 514 772
18 59 97 113 164 226 257 289 308 336 361 389 407 425 481 489 522 538 554 555 579 720 781 819 859 904 920 932 967
10 111 122 129 136 153 159 252 267 274 365 378 471 631 644 725 771 810 811 815 900 911 942
62 106 127 303 346 538 624 689 941 955 988
642
6 17 33 121 124 148 196 205 384 462 471 488 514 583 623 647 731 761 762 777 851 870 873
37 95 147 203 222 224 350 387 391 444 445 517 522 549 567 786 808 929 968 996
490 577 686 800
2 26 177 257 341 668 783 825 993
377 448 523 975
28 112 130 173 187 234 274 306 522 547 702 711 720 726 740 753 777 790
775
71 135 138 148 164 287 467 548 602 619 804
176 254 285 294 360 370 399 414 437 456 460 466 472 500 509 564 569 584 585 588 664 675 697 753 789 816 856 859 861 863 930 931
81 146 188 194 195 241 248 252 353 461 565 570 620 675 678 739 926 985 1000
66 67 203 279
12 141 345 598 633 800 928 954
354
50 60 62 79 104 124 154 165 193 204 232 256 301 318 420 424 446 491 500 507 525 547 732 789 797 878 890 911
64 102 121 177 188 211 325 508 570 609 794 821 829 943 956 989 999
9 109 433 684 926
13 38 72 89 151 157 270 291 338 447 501 582 644 660 716 759 773 785 858 925 945
10 12 22 40 92 112 136 168 218 248 262 264 305 313 329 364 413 428 435 439 492 520 523 531 570 596 617 646 672 674 761 776 778 785 800 803 808 818 883 886 917 920
70 130 143 176 269 368 389 462 717 768 847 857 914
50 361 701 888 896
132 509
683
465 803
101 312
168 194 335 538 640 655 733 736 757 839 841
17 33 99 106 155 221 272 282 305 480 540 558 600 673 781 814 884
80 102 141 582 638 692 760 889 919 956
34 92 94 99 172 174 271 302 332 348 378 465 521 630 700 856 967 996
37 138 139 285 336 464 557 600 604 674 753 762 774 775 777 786 806 814 820 835 858
329 713
75 89 192 225 229 241 243 282 313 332 343 408 418 420 440 514 531 618 632 704 708 719 777 800 821 850 861 885 959 968 971 975 977 989
6 554 813
74 77 257 408 419 633 733 815 957 987
548
693
248 253 444 586 631 831 935
44 73 126 163 233 261 271 297 314 334 388 399 459 482 484 530 537 566 577 599 728 761 862 863 897 932 981
57 78 383 438 647 790
467
12 59 81 154 283 285 304 401 424 447 492 645 683 732 734 749 750 926 970 995
8 64 76 477 496 516 749
117 453 593 777 985
28 58 65 126 131 144 145 170 189 194 215 230 287 288 360 422 442 461 462 478 481 490 559 730 737 803 853 860 874 887 904 934
312 485 510 773
428 562
81 112 153 279 316 366 453 469 510 640 709 742 802 832 875 883 927 947 982
384 555
45 153 169 263 655 770 780 831 838 912 966
334 380 406 589 660 718 787 977
106 521 568 745 888 923 934 953
556
206 275 881 937
50 100 314 321 610 656
79 85 198 297 309 362 397 437 534 702 715 731 859 897 933 941
31 74 81 158 202 235 251 300 487 553 640 695 743
42 312 467 661
425
91 103 158 219 368 514 529 552 560 619 658 692 726 787 811 826 866 905
72 150
48 170 207 258 438 461 493 581 624 720 774
185 235 249 335 379 502 524 574 578 588 693 714 855
25 34 35 65 297 300 399 413 498 505 675 717 814 915 966
201 275 660 689 690
143 199 209 243 256 325 383 408 496 648 838
887 968
607 677 685 837 976
405 491 532 536
50 102 114 161 314 351 424 442 649 825 833 867 977 997
1 15 17 64 66 129 135 149 386 498 509 513 558 571 661 894 898 918 928 989
19 56 68 155 189 195 228 254 298 331 334 393 448 461 477 496 537 559 583 590 611 637 675 680 689 725 770 797 803 810 825 842 873 903 908
281 300 305 323 413 445 492 506 606 767
434 457
31 81 244 269 425 427 640 810 819 827 831 867 917
23 282 552
250 815 996
4 118 217 280 307 444 519 563 829
135 275 637
37 89 115 272 319 392 416 456 463 505 521 523 536 538 550 590 647 667 679 701 717 732 784 817 856 865 989 996
102 190 198 394 401 412 640 778
582
225 415 537
122 172 205 224 237 243 288 415 457 512 617 721 795 805 855 897
29 168 270 284 496 581 599 622 690 745 789 800 908
798 821 894
56 531
261 311 382 392 493 535 552 586 684 896
4 16 71 145 183 185 201 277 289 308 315 328 358 361 402 415 441 496 512 588 614 683 700 740 744 748 753 810 821 824 826 859 868 878 879 910 913 981
409
944
206 234 236 406 452 475 815 847
34 191 271 272 282 288 520 569 656 722 775 778 795 843 901 905 908 984
126 467 725 734 746 771 787 844 862 895 937
149 197 280 442 472 507 558 721
36 169 231 321 349 503 526 564 609 815 907
96
251
178 222 295 305 340 436 438 523 549 572 591 597 627 637 689 719 720 732 748 774 791 799 872 909 924 947
928 952 982
11 123 153
98 181 182 233 339 364 399 479 546 552 555 601 604 698 711 736 746 753 776 913 948 967 988 999
30 36 58 95 108 112 142 148 150 187 193 213 247 266 299 300 314 392 406 419 420 423 458 464 476 521 570 583 622 627 635 638 665 669 690 697 698 720 750 801 809 817 825 846 860 922 949 952 989 991
219 885 976
148 216 468 721
2 6 31 78 111 231 239 316 509 548 586 657 786 795 802 827 865 964
95 492 722 820 828 844 905
12 32 91 170 207 220 255 470 471 495 515 516 553 725 767 770 815 837 850 856 872 873 949 951 959
365
319 356 517 543 612 818 882 901
56 72 73 109 168 184 238 240 250 269 309 349 399 483 513 536 594 597 720 751 796 804 810 928 983 999
296
687 847 867
99
73 204 224 233 268 301 387 422 587 611 612 614 678 701 702 777 816
106 729
18 23 73 79 153 163 175 192 221 222 234 267 293 299 318 335 347 348 391 398 457 461 504 512 571 574 586 628 629 667 691 705 726 733 736 746 755 812 834 835 863 885 904 920 921 988 992
17 47 56 130 133 305 309 381 398 414 429 462 542 623 638 645 857 879 900 947
36 52 150 161 325 354 434 440 472 616 644 666 683 742 959
11 156 942
290 316 540 636 748 962
24 31 98 229 233 238 319 334 347 421 479 581 845
154 236 252 413 608 650 661 679 814
727
108 226 472 563 623 740 758 880
28 63 100 159 168 212 241 261 330 365 399 424 428 439 510 574 607 693 701 735 785 947 968
89 361 427 494 570
341
416
146 243 754 962
46 52 129 261 266 537 562 714 781 854
13 61 128 441 560 908
406 847
51 133 167 232 317 332 352 369 419 482 491 509 539 587 705 827 880 890 898 917 994
362
93 420 445 536 555 695 735 799 816 881 883 955 960
45 137 415 628 630 681
50 64 114 251 446 457 511 548 591 634 637 656
73 280 304 365 411 427 428 510 543 739
87 109 205 305 402 698 896
224 281 289 516 709 774 803 877 906 907 926
109 268 635 678 735
383
2 73 90 192 261 480 613 664 722 818 827 868 906 958 974
25 28 112 131 138 139 283 334 344 574 606 755 844 907 930 993
75 115 186 216 303 304 314 332 341 497 577 578 603 661 699 820 829
57 70 80 294 339 351 519 612 626 659 698 717 776 912 935 977
416
41 62 493 499 581 671 702 717 723 841
85 583 637
122 130 159 211 270 334 398 404 428 457 497 677 788 873 874 906 919 921 936 945 971 981
867
467 592 960 971 981
793 938
287 553 748 891
7 33 43 44 63 130 210 281 356 394 395 420 529 564 635 655 694 699 716 734 878 967
90 247 542
118
379 508 533 547 732 740 919 922
10 44 161 193 300 335 481 593 631 667 678 737 747 804 813 825 891 976
460
132 390 471 624 642 696 917 987
6 7 16 85 123 148 157 184 208 224 230 324 336 368 428 441 545 602 664 727 730 760 777 779 973 982 994
13 23 55 61 66 92 93 228 230 255 318 319 338 425 442 485 530 539 548 550 663 726 738 783 794 991
43 71 181 230 242 258 297 365 370 386 393 428 457 501 534 549 574 579 584 602 641 678 734 742 817 902 925 939 956
50 130 139 181 210 302 407 462 513 515 553 565 638 681 786 842 875 917 946 981 982
166 645 844 957
411 749 764
129 335 353 622 827 945
37 82 195 385 438 541 767 963
121 547 638 715 841 876
50 87 90 150 228 229 231 269 281 308 455 550 559 578 585 587 706 751 767 770 793 805 872 878 889 922 951
43 160 179 267 529 547 557 565 578 588 612 665 699 738 831 888 896 897
161 231 286 376 452 459 495 856 932
11 22 48 68 145 193 195 259 293 362 397 412 478 689 715 724 782 818 911
21 116 117 124 134 161 404 610 627 752 762 830 879 916 932 941 942 977 985
154 526 611 792 891
53 297
5 7 324 401 425 547 686 957
521 781 823
36 40 113 357 389 404 490 556 730 837 873
168 234 293 708 862 933
12 92 117 357 623
18 29 205 297 320 373 433 514 523 720 746 762 788 881 933 984
442
2 39 91 96 155 230 239 261 324 488 562 574 583 613 662 732 795 905 943 953
71 339 341 343 775 956 960
476 885 934
25 52 102 224 419 581 896 915
17 27 224 367 470 480 664 765 904 915 930
166 173 181 230 246 292 358 400 410 417 465 483 546 582 602 681 852 874 926 985
475 506 640 821 857
21 28 140 152 240 255 448 569 604 668 670 824 834 897 903 931 965 967 979 996
35 45 289 319 346 443 478 540 552 789 883 962
136 363 365 378 429 451 585 743 880 906 934 968 975
14 91 99 100 128 155 165 272 275 305 307 551 567 574 610 615 727 879 909 954 984
894
343 439 457 981
843
92 93 255 445 703 967
158 577 595 697 938
37 563 626 685
28 45 57 126 294 311 446 570 852 1000
249 269 480 959
130 225 917
98 101 226 255 276 306 307 368 677 736 791 824 836 865 909 935
185
114 166 223 231 352 355 359 380 411 462 557 580 691 745 755 784 796
5 23 35 80 84 85 109 168 182 193 224 242 304 310 380 446 472 678 708 720 765 808 889 923 947
142 155 156 192 213 217 258 276 301 366 375 394 399 401 456 486 563 572 604 650 664 668 679 681 763 801 816 881 883 888 935 991
73 219 652
83 185 556 557 560 682
209 346 377 611 612 652 829 927
45 63 77 84 112 114 143 150 199 237 243 256 278 337 397 411 415 437 453 465 486 497 525 542 547 584 612 654 741 797 800 864 870 892 942 978
7 11 74 141 198 256 296 413 759
218 306 674 726 963
180 281 309 449 479 546
377
56
397 402 514 643 844
59 79 279
9 64 68 327 336 351 480 497 547 649 909
6 132 156 207 289 592 696 758 760 886 889 916 938 973
120
907
34 47 56 65 87 96 180 189 194 249 280 282 298 315 318 319 329 338 344 353 374 377 395 400 403 406 417 443 447 488 525 531 539 540 634 672 714 715 744 752 763 782 791 795 799 836 841 854 862 879 887 906 959 976 977 1000
314
127 624
16 121 240 412 745 751 766
827
218 420 629 835
38 175 227 362 393 394 489 491 499 539 548 622 713 721 747 819 899 925 942
411 413
9
22 111 322 323 416 418 545 585 726 746 750 757 771 850 895 922 963
102 132 204 205 246 323 341 377 462 495 576 639 681 687 909 997
40 554
17 26 56 105 189 213 225 255 319 380 563 564 647 660 683 699 703 721 898 931 939 941
40 84 130 303 317 376 486 526 543 565 630 643 684 722 743 849 861 897 915 916 934
705
55 538 609 789
226 435
187 210 636 891
636
24 816
850 933
58 73 157 229 389 420 451 525 542 622 641 886 892
154 354 373 459 708 818 904
33 104 190 255 260 621 655 753 795 886
288 424 646
111 237 353 629 848
108 524 546 594 720 785 954
1 20 130 196 204 252 268 386 421 517 738 798 935
29 31 117 242 284 307 324 392 591 613 756 877 879 888 924 931 973 982
330
93 751 998
15 53 371 411 416 417 418 529 568 598 858 870 881 895 992
16 68 89 102 156 217 446 573 603 757 875 886
157 165 173 403 817 898
107 238 240 347 428 488 618 650 724 748 855
322 679 923
286
187 361 379 799 966
55 91 99 151 192 236 260 262 280 332 338 341 373 403 481 503 552 606 688 733 742 766 919 966 988 995 998
145 221 270 307 358 381 401 463 493 706 721 744 985
871
18 104 152 178 240 484 493
41 139 381 469 808 868
23 152 514 898 924
106 357 606 690 725 923 947 967
3 10 18 263 296 303 435 436 442 474 495 502 516 576 578 607 632 647 737 796 871 956 965
553 973
3 95 100 170 219 419 445 503 835 845 936
872
40 76 94 262 304 365 375 400 407 467 507 671 707 766 870 948 968
786 830
62 216 220 638 742 784 785
378 421 725 749 905
21 117 227 247 280 321 368 387 424 483 506 568 572 653 706 768 800 821 864 935 963 965 966 972
849
68 83 583 721 730 938
251 294 509 596
132 149 154 160 174 247 365 374 388 475 483 502 532 542 569 717 771 802 831 855 937 959 960 995
368 578 654 694 799 844 934 956 970 976
93 127 147 151 196 392 409 605 642 666 774 842 900 971
227 265 280 552 657 1000
134 544 814 953
427 712 729 995
442 736 935 936 968
250 315 352 372 415 417 508 681 788
46 142 169 377 425 637 661 668 687 724 790
31 71 137 171 184 186 188 194 211 289 438 484 510 540 545 557 576 600 614 705 732 870 894 957 992
23 135 338 459 651 759 780
275 406 497 796 903
35 37 39 44 49 52 72 94 100 105 114 126 135 144 157 182 184 225 230 240 247 265 274 294 310 321 350 377 403 419 434 463 513 524 537 540 551 552 561 568 575 585 607 608 644 658 660 665 669 672 701 706 708 745 767 770 793 839 863 873 882 883 895 952 980 987 990
2 30 60 74 113 114 115 157 183 187 205 209 210 219 252 253 291 297 305 338 382 387 390 399 412 414 430 451 456 577 584 586 599 601 640 645 646 655 659 692 710 741 747 753 766 767 779 805 831 832 868 903 908 923 933 958 962 965
47 975
66 158 168 212 228 274 297 298 345 425 439 449 717 846 922 933
55 156 288 422 643 646 669 715 734 802 826 841
138 426 613 660
309 503
29 123 422 447 467 541 578 698 831 859 893 999
321 559 773 816 870
73 464 537 540 692 777 861 906
135 142 792
27 137 153 202 212 224 252 285 333 363 438 462 486 552 602 637 672 762 765 779 823 888 932
74 223 246 292 305 315 337 341 355 553 573 615 619 680 695 786 795 858 925 965
36 193 294 309 362 374 423 459 466 472 590 619 662 683 754 791 860 887 900 902
134 142 311 383 393 499 663 728 982
5 56 74 142 155 289 382 485 663 670 680 708 774 828 853 855 881 895 922 947
270 320 380 407 460 462 503 560 626 832
93 100 260 275 325 472 512 584 618 644 686 808 871 950 953 954
326 341 362 719 787 884 930
13 39 45 46 50 54 77 98 123 127 141 157 159 160 167 193 207 211 223 225 244 245 255 262 263 269 274 288 290 306 309 325 353 390 396 406 416 426 434 456 465 479 491 523 538 582 611 614 617 628 630 633 653 661 672 680 691 693 711 729 763 783 784 813 830 838 844 846 864 869 875 888 904 933 943 944 952 977 997
938
13 72 388 490 585 598 646 722 790 835 997
60 78 116 129 143 146 168 194 208 220 230 256 280 293 334 362 434 455 528 612 627 648 650 684 705 823 834 840 850 852 857 869 877 900 939 999
74 93 206 352 372 398 427 511 604 697 817 833 938
136 305 321 658
148 163 597 731 892 939
4 294 456 468 533 568 629 710 712 733 764 765 975 989
39 46 67 135 270 301 308 316 326 330 397 486 522 567 577 580 664 831 863 873 922 940
177 382 573 620 674 740 798
125 468 643 887
197 283 727 755
106 245 327 345 383 398 698 711 721 792 794 980
74 87
119 337
158 187 203 236 274 287 296 320 368 394 411 461 479 510 562 577 663 723 807 832 845 907 978 987
93 108 184 187 267 639 682 706 763
137 747
293 564 877
23 44 105 137 174 209 224 286 290 303 397 406 408 482 561 629 710 717 729 746 800 801 870 873 912 917
106 116 129 255 277 316 375 384 401 420 456 468 494 526 541 544 564 637 651 707 716 717 841 875 879 959 984
58 258 420 439 447
38 186 188 192 224 393 405 579 597 631 637 652 667 823 877 924 953
539
5 111 350 457 532 582 803 878
461 991
378 610 949
123 396 462 477 811
283 431 459 474 757 780
37 57 157 230 283 351 465 473 501 533 547 660 777 863 909 936 982
27 29 67 68 126 141 228 319 346 357 364 394 430 449 460 470 540 562 580 588 599 625 694 731 766 782 863 968
179
79 299 817
18 161 302 479 654 822
253 324 325 373 434 437 530 577 624 699 715 720 765 800 884 890 964 998
747
808
9 40 57 71 106 216 316 342 419 423 708 709 713
4 34 118 322 325 348 394 410 411 446 514 560 610 657 720 809 888 940
18 43 62 145 193 235 295 303 372 399 499 597 607 626 721 742 770 773 809 813 840 855 865 876 949 990
143 508 520 639 901
114 116 147 266 347 427 528 553 825
46 52 111 113 199 382 414 490 663 717 799 803 851 869 878 920
129 235 373 460 494 558 913
287 301 714 788 793
22 36 57 68 375 469 470 512 539 608 627 741 775
54 69 73 102 162 168 200 362 505 521 627 711 729 757 842 845 929 982
310 340 343 418 588
98 415 496 497 826 861
379 444 566 743
37 224 340 656 884 972
43 61 87 236 377 382 577 612 666 769 846 921
23 99 615 651 918
531
65 180 240 348 371 438 448 583 627 690 775 854 988
169 183 229 314 347 407 810 838 864 933 938
414 448 583 858
207 893
71 198 296 422 463 610 637 780 790 917
115 135 196 207 324 422 432 601 679 783 804 981 989 1000
366 512 549 680 900
34 266 347 396 551 574 618 657 756 780
26
11 27 172 229 374 436 463 498 588 695 765 897 959
64 191 495 496 723
55 105 359 503 655 893
293 319 375
223 348 906
42 520 661
37 74 87 96 105 209 326 341 459 503 553 558 575 643 678 693 728 758 767 789 803 831 963
29 53 98 138 171 176 274 281 296 309 312 362 379 504 516 567 574 584 594 611 615 626 627 647 650 653 669 692 705 725 729 731 742 792 794 795 818 867 868 931 991
66 231 344 371 440 535 547 651 718 749 757 773 838 844
123
67 72 279 294 356 493 524 541 688 721 746 825 838 842 989
38 41 133 330 342 406 466 543 614 753 798 832 834 862 952 959 982
45 62 68 165 209 291 300 548 756 792 820 859 930 953 973 998
38 137 140 280 307 322 345 357 370 482 618 734 848 872 998
53 165 364 790 862 905 931
70 141 278 296 311 442 470 572 594 613 945
736
49 97 102 174 264 285 303 372 392 405 569 750 795 804 952
72 433 440 531 556 558 573 587 599 655 893 957 991
24 68 174 186 193 258 281 366 437 521 542 570 576 619 624 628 679 706 713 719 751 805 862 866 896 906 936 953 955 963
32 60 106 216 651 925
356 894
465
260 325 339 478 627 674 809
75 269 400 619 634 738 906 935
248
74
28 110 325 360 406 470 557 615 654 752 847 851 939
213
795
81 91 196 302 378 444 465
9 59 64 110 132 152 200 224 266 285 290 303 318 338 411 424 425 454 488 507 517 553 629 638 657 669 690 704 790 818 823 840 897 925 960 974 1000
51 73 83 87 101 120 138 189 212 238 266 289 294 302 309 367 369 378 385 402 420 424 492 504 512 542 555 559 563 614 620 628 636 639 659 673 675 817 822 845 862 876 878 904 919 954
400 513 703 743
54 98 146 372 482 584 711 761
178 245 319 456 459 623 649
135 178 334 426 873 925
385 697
38 245 630 742 745 898
5 27 197 211 248 395 448 490 516 572 743 792 803 850 883
585 794
151 171 431 441 502 552 609 662 875 948
700
81 280 489 557 973
235 480 545 549 656 660 777 825 873 997
47 153 215 222 288 347 559 770 779 971
204 208
474 487 688 821 964
53 72 103 352 599 610 739 908 955
85 153
345 535
46 84 123 232 467 602 661 683 739 758 926 931
174 347 381 413 437 449 552 662 732 763 777 834 860 861 922 928
94 209 250 263 334 561 570 574 674 716 725 797 847 988
35 48 53 62 100 116 159 172 188 274 306 383 389 398 418 445 512 523 550 559 581 588 635 654 661 695 704 724 730 738 755 771 775 795 804 811 829 837 857 868 894 905 934 943 944 984
10 63 112 449 777 851
553 733
435 852
261 378
2 56 70 79 148 152 191 192 194 204 206 213 239 278 341 366 401 430 435 459 474 483 534 579 630 638 651 666 742 766 783 792 795 825 831 838 859 949
19 602 653 757 824 969
38 93 129 179 196 245 273 321 330 378 454 468 582 607 633 635 663 756 767 794 863 864 890 911 922 928 935 983
76 176 471
147 325 383 493 494 502 536 784 811 825 894
364 473 491 930 988 998
15 316 361 386 399 640 679 731 859 943 978
236 261 352 470 589 629 708 990
81 94 534 691
203 312
136 382
36
207
26 43 84 142 156 204 207 372 383 416 544 595 612 735 822 844 875 932 938 949
57 274 587 655
732
621 736 873
21 67 77 108 365 373 403 432 439 466 511 544 553 595 645 658 667 692 707 769 782 807 828 931 965
112 172 220 257 280 293 484 486 666 691 714 760 808 863
4 79 98 127 132 139 220 223 241 252 307 471 481 490 533 619 728 892 904 921 992
24 177 238 356 417 424 454 821 845
60 319 885 912 960
105 155 171 196 279 317 321 373 381 488 507 513 552 599 604 674 729 735 810 817 828 869 966
20 80 516 539 552 589 828
121 195 227 234 245 663 718 795 899 963
526 530 766 990
215 219 276 337 348 359 410 424 469 572 694 699 701 729 887 953
47 191 268 272 308 452 617 639 678 757 941
780
12 33 50 243 350 391 495 703 883 954 965 983
33 211 226 243 257 311 329 335 416 420 489 530 602 719 817 827 911 920 924 961 965
71 118 214 259 272 385 541 543 577 656 657 719 732 749 893 928 977
26 32 53 189 223 264 283 318 343 389 459 511 534 556 628 675 838 867 881 897 935 972
155 169 334 513 785
250 384 540 703
8 326 397 412 422 525 596 667 752 756 830 904
269 298 435 591 621 657 748 949
197 377
417 481 667
397
10 18 47 72 122 194 195 236 272 289 401 404 427 457 471 626 678 776 855 882 890 988
174 203 222 227 233
4 68 509 611 806 858
2 16 54 97 98 129 221 222 249 259 313 329 364 425 482 500 557 565 600 620 674 833 841 988
95 284 447 494 692 784 974
74 132 341 438 773
35 121 154 376 522 538 601 716 746 803 804
423 698 973
491 831
478 528
137 847
186 664
217 955
81 528 614 644 984
680
107 121 122 200 239 337 344 484 672 734 777 872 902 989
22 130 175 226 313 723 776 882 912
5 108 152 267 327 407 572 686 924
24 86 100 161 166 206 329 339 523 540 627 668 752 897 968
107 402 511
749
10 200 207 245 431 514 536
84 419 580
65 125
791
18 26 57 69 155 181 196 206 207 221 322 327 440 454 491 526 527 545 631 655 667 677 705 708 723 753 774 815 913 949 994
65 394 456 470 514 715 744 819
188 346 419 528 604 741 762 848 863 865 950
93 138
114 154 259 260 301 306 345 351 418 419 527 545 558 587 633 833 907 926 972 997
101 377 447 518 638 744 769 926
117 195 226 256 383 520 611 621 623 677 697 738 769 865 896 913 970
408
7 28 80 100 213 270 349 367 408 523 536 569 781 787 853 875
118 243 257 396 637 682 857 909
109 147 246 508 567 662 759 780 808 830 844 864 927 951 955
673
936
16 54 144 165 169 559 723 746 913
159 225 262 301 376 474 599 639 751 802 825 923
804
331 333 763 840
592 596
4 8 88 107 157 287 347 370 404 563 578 612 633 724 783 898 918 938 951 972
97 125 239 344 375 411 538 594 690 697 792 823 984
119 159 191 290 799 977
20 30 51 105 116 152 168 175 185 301 355 367 374 411 426 633 702 709 744 796 843 850 858 872 877 879 901 914 945
141 576
442
32 44 101 105 145 155 212 214 240 267 283 284 299 343 369 426 529 572 588 675 684 695 718 738 877 881 884 897 945 957 966 995 999
184 211 247 307 365 507 545 639 715 877 966
28 497 695
45 111 138 249 262 271 275 308 321 352 408 561 738 963
6 18 37 48 105 153 194 212 341 344 359 405 439 484 499 525 623 639 657 678 735 774 778 883 930 937 948 960 968 983 984
905
61 69 110 183 227 253 268 373 423 463 497 589 674 682 695 700 747 807 848 875 893 967
538
62 73 103 122 178 180 206 220 232 377 416 583 596 608 721 762 769 775 826 865 867 877 886 900 957 983
203
892
95 328
130 373 854
161 213 530
231 251 369 394 710 759 892 920
206 376 421 431 502 597 689 762 780
338 402 477 701
53 99 131 177 188 222 240 301 303 315 321 409 559 566 649 811 875 932 948 990
50 91 129 186 212 216 237 240 267 314 356 387 393 447 459 474 529 551 560 628 907 913 942 968 983 999
7 68 142 241 469 536 587 595 844 861 997
19 88 91 93 174 175 200 206 230 264 411 427 441 485 522 586 682 683 690 732 828 829 892 900 992
510 769 869
125 185 209 230 448 517 642 667 748
463
158 179 198 227 260 504 536 607 729 770 954
192 232 311 351 511
178 230 247 343 366 447 503 556 602 719 733 758 856 862
14 121 189 354 367 469 583 587 644 741 869 958
107 199 352 686 810 854 972 980
57 498 764
913
429 649
400 535 677 775
390 529 868
44 46 116 190 302 521 619 649 714 782 855 860 934
109 219 282 452 604 788
10 114 264 562 569 776 959
18 122 227 238 304 558 594 681 880 927
183 443 444 501 552 625 636 653 794 804 824 919 947
910
431
93 239 349
175 563 605 823 880 935
123 376 733 825
27 68 174 266 295 316 512 637 983
162 187 200 386 411 484 804 814 886 983
16 24 28 42 73 95 108 153 180 193 195 201 204 220 241 246 247 275 300 306 317 341 356 363 369 371 386 402 424 425 450 455 463 478 480 502 524 533 539 544 566 567 593 617 634 641 646 689 777 813 820 856 861 880 884 891 902 925 932 952 953 960 969
240 252 324 343 379 528 683 732 822 841 850
132 286 308 539 604 606
179 456
90 153 168 204 358 413 459 562 610 741 772 779 821
21 47 68 81 122 156 190 204 236 289 295 336 351 395 401 403 467 482 623 691 715 729 735 776 811 854 860 875 931 940 946 956
56 93 160 539 613 637 774 900 959 974 997
117 122 123 147 245 268 303 372 373 406 462 526 532 560 579 595 604 607 651 655 674 693 713 718 744 746 755 811 842 872 928 948 956 959 985 999
235 236 237 244 263 268 316 361 409 486 492 593 600 769 885 902 905
3 43 45 58 64 174 205 256 265 387 400 409 413 420 456 462 476 486 516 547 621 684 698 710 716 812 873 892 920 973 999
14 40 296 442 517 786
41 78 116 121 169 197 200 248 249 322 330 344 350 377 405 474 513 519 530 540 560 597 613 655 670 681 684 688 726 729 751 802 832 853 898 924 999
48 293 522 558 577 613 622 720 743 804
38 42 130 253 281 313 429 492 566 569 597 857 870 966
38 138 148 174 291 393 485 487 612 728 730 834 848 855 875 893 899 912 969
260 274 421 443 452 674 749 830 855
309 509 564
102 114 174 452 498 557 615 627 683 697 708 836 978
99 137 249 519 659
88 112 117 127 211 213 330 589 764 982
483 901
166 434 668 801 818
262 931
101 192 201 389 589 634 806 826 836 936 951
29 127 130 151 254 298 306 404 409 420 477 569 581 601 696 715 734 832 888 991
552
84 178 364 440 581 660 726 732 933 993
66 85 89 161 182 185 308 367 388 404 407 491 563 600 620 632 680 698 749 763 824 833 876 940 972
80 150 179 194 210 228 289 360 444 483 512 600 624 684 762 778 847 885 895 947
15 156 201 722 940
119 376 459 667 861 971 979
212 761
75 974
334 558 620
84 183 211 233 239 397 456 475 486 500 611 615 633 720 778 784 809 827 965 987
19 69 135 143 177 183 204 205 292 381 422 471 478 502 563 570 700 748 797 919 948
13 93 160 170 300 329 430 508 551 555 556 588 591 613 671 755 816 852
52 315 508 631
94 135 140 144 170 327 394 425 450 456 485 513 520 598 672 762 777 896 898 953 971
551 764
25 27 91 201 507 521 528 661 671 692 826 852 918 990
18 54 59 125 209 307 314 324 336 371 378 389 390 515 536 690 705 722 744 754 816 937
977
225 258 275 473 541 553 626 651 825 857 964 998
515 896
955
12 35 122 348 402 472 480 729 791 859 876 891 998
4 7 16 82 87 92 148 244 291 309 315 348 373 417 504 575 881 953 959 983
380 775
85 201 432 708 777
731
154 505 543
127 136 160 244 280 499 501 659 662 682 709 723 769 956 971 986
15 818
442 466 774 823
243 412
132 308 540 946
61 195 541 547 583 842 884
3 707 719 756 928 938
132 157 653
575
368 458 554
568 658 764
167 284 351 358 506 640 641 836
895
455 460 515
266 561 649 824 896 938
173 345 750
8 69 192 214 243 305 459 465 508 510 538 569 654 683 780 789 828 909 949
337
42 325 494 792
304 360 474 583 676
856 973
372 752 820
319 441 464
45 99 274 337 347 393 558 625 668 899 910 931
189 353 416 539 808 855 878 905 966
26 38 43 153 327 559 577 588 762 795
32 192 762
2 270 369 465 728 917
114 321 433 480 518 780 948
80 189 217 267 278 290 294 332 347 355 391 446 455 515 642 657 662 685 717 730 748 749 751 769 821 834 837 932 960
280 307 466 850 971
17 23 57 72 135 137 159 171 207 248 249 263 290 320 381 387 392 426 442 495 517 531 574 577 585 619 648 663 684 695 733 738 771 786 813 822 830 862 873 882 893 947
70 73 143 370 375 379 500 908
106 361 532
6 924
32 42 43 45 48 50 52 60 63 72 82 84 89 120 139 162 164 175 177 183 184 192 233 244 246 251 257 284 295 311 325 343 344 351 358 360 371 390 394 397 411 424 431 432 435 442 446 451 455 466 494 501 504 511 523 526 537 538 544 550 553 566 575 625 632 639 656 674 680 712 728 741 746 748 752 757 768 775 783 784 796 802 807 812 844 855 877 895 918 919 954 956 971 982 986 997
96 124 125 161 239 248 273 360 407 484 494 611 612 690 729 758 856 907 908
837
104 114 193 232 254 506 511 557 874 964
41 855
261
464 588 613
104 870 980
486
189 257 272 353 399 806
165 510 623 702 895
60 413 421 694 786 938
18 30 88 112 210 244 283 296 322 326 461 549 582 671 687 744 754 808 821
72 91 178 295 337 339 379 391 409 475 565 569 633 718 722 742 749 783 796
26 73 104 126 277 875 923
44 143 187 262 317 330 420 512 517 519 558 645 732 750 801 908 949
521 949
232 557 712 747
37 73 94 104 137 219 260 261 383 490 496 559 587 613 699 714 755 816 818 821 878 952 977
196 603
383 901
57 77 147 214 283 547 588 653 854 907 956 957
564 750
28 39 50 65 92 104 149 152 184 222 232 262 278 294 337 346 390 410 411 428 462 490 501 506 533 539 543 567 571 613 615 618 626 647 650 654 693 697 705 714 725 728 730 787 842 871 895 907 920 942 952 974
54 543 557 628 675 939 946
118 200 297 421 457 528
53 94 220 451 464 518 639 756 770 888 901
256 782 803 935
35 320 388 391 412 438 461 521 733 762 912 920 951 961 972
23 565 968
55 87 206 259 288 326 343 390 702 711 719
579
25 89 357 466 598 646 695 921
6 21 299 349 408 440 490 547 581 624 632 700 751 764 873 885 925
7 20 84 101 261 269 274 280 313 317 325 336 395 415 420 437 467 496 506 600 614 655 686 697 754 804 826 832 878 907 910 926
27 29 47 49 71 84 250 365 368 370 445 522 564 575 597 601 602 685 689 691 940 952 999
182
717
188 198 724
172 459 972
63 65 68 69 160 176 233 275 324 334 343 346 348 391 404 511 521 533 583 599 610 634 661 663 698 704 713 719 733 739 766 787 788 800 819 851 998
212 274 508 598 629 910
218 324 330 565 623 691 735 766 811 949
5 25 135 140 144 158 215 281 320 331 341 530 561 596 618 624 697 701 751 772 774 778 829 927 941 956 995 999
244
45 74 96 216 227 238 704 809 811 819
18 39 56 132 223 234 290 448 571 659 792 815 912 964
61 193 637 960
42 52 158 296 315 498 517 542 615 816 894 909
460 468 548 562 593 604 671 715 724 814 876 918 919 933
341 1000
273 274 374 467 535 603 615 761 808 943
904
167 443 568
348
29 44 58 96 101 113 123 145 171 198 199 206 220 224 229 283 288 289 316 339 360 386 405 406 412 478 499 560 684 691 694 701 743 808 830 857 869 877 881 886 902 918 931 936
556
387
18 145 170 270 284 286 290 306 316 339 358 417 488 491 621 622 629 664 665 687 736 750 786 820 823 825 839 842 881 957 982
268
106 983
922
821
188
521 797
8 12 61 206 292 294 385 638 665 789 894 945 955 988
184 393 488
83
162 317 521 851
7 24 25 29 163 166 174 198 243 339 375 512 517 575 594 598 650 789 818 824 853 859 993
201 290 312 352 413 485 502 605 692 696 743 769 803 845 927 931 940 947 965 980 1000
636
7 14 21 52 55 160 226 299 356 543 631 677 704 765 864 926
185 354 510 830
53 170 308 406 409 474 492 509 616 654 714 717 954 966
6 36 60 68 77 83 86 161 173 249 299 338 344 350 361 512 516 522 531 534 605 632 666 696 727 731 771 938 956 966 984
165 173 299 352 431 533 630 644 741 757 781 818 868 891 917
34 138 228 318 357 367 439 526 597 605 626 717 820 835 897 983
98 154 258 537 694
140 219 478 520 571 660 688 801 841 872 873 938 944
165 229 270 297 350 394 413 474 627 661 698 746 762 811 828 886 936
106 431 457 896
103 145 212 217 300 318 350 408 416 455 579 649 717 769 771 909 1000
437 531 822
48 77 101 109 116 129 133 168 175 189 194 262 264 285 300 449 516 599 665 679 695 710 913 916 926 965 991
570
135 212 955
493 581 592 914 989
101 222 228 230 260 266 313 358 366 371 453 550 553 579 589 602 612 644 703 781 906 913 984
8 27 36 102 168 199 231 237 270 281 301 356 430 445 588 639 732 817 873 968 976
57 164 327 485 549 574 691 711 741 746 818 923 962 987 991
37 159 174 250 387 412 413 525 588 788 825 846 861 932 953
37 107 122 603 805 853
21 892
366 676 749 772
25 583 663 707 708 710 762 777 903
88 132 217 285 349 363 595 740 915
3 6 54 55 59 71 104 108 124 134 142 150 156 190 203 208 212 233 248 255 264 266 273 275 333 354 369 398 412 420 439 453 471 487 497 540 583 606 642 677 678 682 697 706 714 790 795 796 846 860 871 955 961 970 985 995 996 998
10 24 34 63 233 263 277 331 355 361 392 401 402 423 437 472 548 549 596 614 628 661 672 762 763 772 781 828 884 925 945 969
32 36 208 256 287 349 383 424 534 581 597 703 749 866
252 369 474 554 631 720 888 897 952
271 463 729 749 881 949
290
14 195 206 362 381 398 480 582 647 842
47 374
429
45 96 199 232 262 298 445 656 682
867
284
2 52 136 213 288 379 400 421 496 588 684 701 804 846
385 449 479 492 514 526 625 630 773 791 832 853 897 908 954 979
61 77 485 700 755
364
78 334 902 997
22 35 107 229 232 254 285 350 385 415 430 493 497 547 615 729 905 930
76 78 103 183 286 475 770 868
46 184 513 613 679 988
95 171 198 312 518 561 628 631 778 850 904 925 965
733 858
15 77 132 183 248 570 823 856 878 898 940
68 102 186 377 606 612 639 644 686 731 733 799 847 879 974
48 107 134 238 380 514 525 657 688 832 874 918 950
78 753
136 186 196 221 223 514 524 578 630 665 723 763 775 828 949
4 648 661 823
68 81 82 92 119 234 280 312 351 423 445 478 489 526 552 553 562 595 640 728 781 833 867 952
55 76 133 170 176 183 211 213 226 232 245 277 296 297 348 351 362 406 407 436 454 464 494 511 514 553 559 599 619 622 659 666 671 682 684 702 703 712 735 767 780 805 817 823 828 839 849 894 910 915 917 922 930 932 934 951 973 997
179 626 957
61 292 445 625 940
292
139 198 234 461 554 639 812
84 276 423 559 646 915
5 17 23 47 66 80 103 140 212 232 241 323 334 338 423 587 610 615 642 659 685 695 718 786 819 920 978
264 298 567 632 735 767 914 943
36 135 644 706 795 822 844
81 107 126 157 160 163 354 360 457 471 541 628 676 680 751 815 919 930
356 430 608 773 999
319 345 380 713 799 859
28 36 45 142 201 223 242 308 367 405 442 454 519 590 697 750 790 806 824 841 842 844 880 920 945 960
757 972
14 48 78 107 195 245 283 284 303 313 336 338 346 494 500 529 531 566 572 580 597 636 638 651 659 696 726 765 789 799 800 840 861 919 951 984
90 208 466 520
15 181 187 342 366 396 404 443 610 628 674 686 726 727 746 759 783 803 915 916 931
140 142 162 303 331 352 399 615 651 680 704 717 848 912 920
32 57 92 99 120 128 142 172 174 176 183 187 202 205 255 282 297 301 357 368 386 391 433 452 461 537 619 663 691 739 757 888 900 948 974 993 995
75 105 192 285
36 430 987
34 64 141 238 386 490 676 691 860 904 932
8 86 114 255 309 316 318 364 423 456 467 477 575 589 633 722 731 860 875 894 969
40 164 180 271 367 417 675 688 709 744 756 783 796 798 843
42 344 527 560 712 874
7 244 550 919 964 973
4 47 105 118 119 151 210 211 260 269 280 292 311 364 425 470 492 499 533 547 551 572 642 727 773 790 794 829 881 916
385 744 809 968
198 968
51 173 250 311 410 496 588
239
83 163 293 333 343 370 390 537 622 625 638 664 747 840 886 974 975 996
471 505 562
19 119 222 274 304 313 433 577 583 584 674 703 710 714 770 815 873 887 892 900 923 931 954 955 957
28 91 107 233 341 558
27 62 84 236 238 268 338 467 477 493 513 635 685 722 744 802 819 833 898 962
138 159 170 177 216 225 334 387 462 485 520 546 615 689 696 725 728 749 773 797 799 847 918 931 971
359 779 927 940 943
314 445 549 642 701 790 956
143 144 230 268 317 341 372 556 586 607 646 800 828 897 992
50 99 247 345 416 450 514 886 943
22 70 381 392 424 503 656 749 795 896 960
485
15 52 55 101 113 148 173 232 238 260 363 365 406 409 413 509 575 654 710 774 891 893 904 961 965 979
60 97 183 209 214 256 258 274 286 370 521 587 631 695 881
5 20 30 41 116 145 174 214 215 242 260 289 298 366 394 404 441 463 506 532 559 560 575 606 612 613 662 704 705 715 736 738 763 780 823 840 841 858 888 892 926 928 949 986 995
152
56 58 102 135 195 241 560 657
67 137 224 313 329 336 460 578 583 686
861 952
3 14 34 83 139 162 183 199 368 392 414 428 470 485 544 546 548 600 605 619 777 882 964 991
369
275 544 629 991 997
63 226 507 625 694 728 846 892 931 977 989
10 115 267 274 304 557 635 676 816 891 916 947
8 220 425 706 943
120 206 207 296 366 433 455 508 578 647 659 701 726 862 923
36 51 84 126 185 239 247 338 345 421 446 505 522 547 568 623 718 751 792 873 934 971 974
39 40 52 175 321 361 463 819
111 120 333 521 632
614
28 83 205 287 525 551 574 858 965 972
647 967
84 200 254 267 313 325 329 425 500 540 565 626 629 770 805 887 941
255 738 806
123 161 252 351 435
315
132 198 209 343 378 539 562 625 687 872 884 935 975
166 615 633 675 743 748 790 956 988
74 372 400 426 637 702
803
28 91 98 114 145 167 270 335 342 470 485 511 532 535 541 588 638 672 684 686 750 829 831 852 875 932 936 959
20 58 358 414 544 993
568
408 432
82 255 371 386 442 461 473 651 897 919
334 990
222 241 307 761 872 891
188 372 410 416 427 431 474 718 846 947 952
6 49 76 212 221 320 366 398 410 421 429 467 529 546 580 637 686 762 807 845 861 864 963
153 210 251 330 635 657 869
69 106 149 152 182 229 367 380 415 483 495 523 627 664 773 811 850 887 986 994
801 820 923 950
39 642 655
321 436 443 586
1 19 26 33 35 42 54 92 96 105 106 110 132 138 166 181 191 192 206 209 233 262 308 325 334 339 369 396 409 414 438 498 514 541 550 557 563 564 570 576 579 581 722 754 797 854 929 940 961 978
17 173 184 218 311 314 345 358 380 448 466 476 485 496 567 570 590 595 624 667 681 714 751 830 854 876 890 965
26 208 210 501 544 833 867 873
25 47 50 79 111 114 153 164 284 287 350 372 396 491 518 530 570 629 671 684 750 810 903
31 47 55 70 130 149 165 190 223 227 336 347 374 391 397 494 513 561 589 648 669 740 786 897 930 937 973
171 300 960
963
235 271 362 456 584 727 736 851 906
10 13 24 125 155 161 190 192 245 313 316 364 411 412 413 536 591 595 611 666 712 804 829 851 881 996
33 137 184 201 217 290 506 510 528 553 583 622 663 696 783 833 945 955 975
6 42 63 73 139 313 330 445 466 537 592 670 700 741 766 883 942 988
135 362 447 550 894
163 209 276 339 361 674 704 735 908 932
92 223 303 305 358 361 412 581 658 969 1000
594 613
191 334 423 530 700 780
747 963
104 193 353 354 444 589 613 640 743 746 781
105 144 433 935
9 41 224 226 233 237 289 317 320 340 433 502 544 579 662 714 726 730 775 859 874 902 929 941 948
550
95 323 388 447 658
619 776 954
798 810
100 244 292 439 569 695 710 895
103 299 463 680 879
425 546
242 534 563 807
60 646 692 729 730 862
23 24 56 58 62 138 178 182 186 189 243 252 267 270 277 319 337 347 370 389 424 433 437 445 460 522 539 542 545 547 550 551 591 620 669 678 724 737 785 801 811 850 866 872 957 983 987 999
124 202 216 467 513 657 789 858 958
356 770 882
68 72 113 157 202 281 295 306 361 368 388 389 438 457 508 535 630 636 654 669 680 707 718 721 746 773 825 840 859 864 908 927 930 975 992 994
72 227 363 372 462 483 549 698 721 734 739 817 970
24 89 92 131 139 153 194 245 306 347 417 468 521 534 545 551 766 989 1000
5 205 374 391 524 562 589 638 757 814 955 968
64 216 274 467 532 578 602 623 761 912 944 950
35 41 44 87 99 200 219 256 320 338 366 378 420 425 458 468 471 512 532 541 571 576 592 599 625 635 639 708 714 741 779 811 830 852 853 895 918 943 961 965 986
9 62 71 246 289 518 577 733 777 876 884
230 269 354 706 734 758 818 828 839
445
14 82 254 297 323 558 662 992
44 133 164 196 200 323 385 405 572 683 765 790 792 822 875 923 924 927 961
18 120 181 192 225 260 398 423 563 604 883
6 16 29 45 50 95 105 144 224 227 259 277 295 370 375 397 543 597 671 688 724 728 778 780 848 883 915 940 951 995 1000
13 49 64 112 166 222 240 285 297 487 529 543 617 653 717
340 426 458 736 844 957
578
24 83 236 257 329 429 435 478 504 638 881 955 965 968
327 517 551 850 871 972
111 210 296 362 517 554 600 622 687 760 764 785 893 897 955 969
79 154
26 243 313 342 610 702 915 961
16 30 41 47 71 137 158 170 183 200 274 293 486 533 544 556 562 615 778 794 848 850 954 975
135 249 622 700 998
204 267 275 749
203 694 805
156 340 361 593 732 733 834 873 905 967
250
47 232 539 551 684 860 922 935
147 152 182 396 529 550 651 668 785 881 952
564
187 217 234 296 313 409 412 431 468 476 594 671 686 708 805 901 902 929 936 942
18 644 724
72 112 113 191 230 318 350 353 647 651 684 705 738 784 854 913 935
62 95 102 127 150 180 387 444 493 570 621 639 665 705 716 732 844 969
9 21 202 221 559 641 664 745
32 41 58 92 131 220 317 461 517 649 672 791 808 900 922
166 220 242 259 264 287 305 411 483 581 672 716 732 837 868 901 926
65 197 644 700 970
31 893 975
30 245 255 349 391 634 707 743
257 324 394 401 643 860 966
55 274 327 334 405 516 661 764 888 890 952
56 151 172 238 348 366 369 399 415 440 446 522 599 692 760 769 888 984
21 27 29 79 112 217 227 576 601 717 746 803 847 986
65 176 249 320 707 759
124 212 215 219 287 289 390 422 479 511 517 621 625 651 756 783 798 855 901 912 997
64 111 225 424 617 711 892 922 940 963
54 62 82 84 105 133 138 139 201 268 404 529 552 615 617 712 784 806 864 891 937 985 996
207 320 487 646 667 877 902
126 567
241 253 489 531 929
16 52 54 93 113 123 185 235 315 336 343 351 459 468 548 607 663 694 783 796 797 848 850 859 907
81 84 140 172 182 243 260 297 333 358 386 458 490 530 534 617 642 652 680 749 754 815 820 827 830 867 881 953
40 457 517 622 970
16 27 68 89 115 257 319 339 396 427 471 488 489 550 598 605 622 661 683 733 800 864 983
212 441 525 692 721 979
525 765 929
37 92 326 874
49 216 219 331 379 463 508
11 69 179 249 268 343 490 621 750 766 805 894 908
366
256
267 285 331 370 371 404 423 495 530 631 824 850
117 128 267 366 513 599 730 795 869 902
41 322 474
2 80 161 228 356 362 365 423 485 488 498 508 539 557 606 662 667 673 675 678 685 720 775 778 838 875 952 956 994
192 292 446 677 877
167
9 67 108 188 381 429 517 527 566 590 627 642 837 936 988
907
20 180 432 480 668 764 964
288 316 521 741 976 986
60 80 103 149 174 218 240 287 315 379 424 448 503 508 512 543 546 603 626 689 873 930 932 946 994
2 123 338 580 631 645 672 729 991
369 519 581 990
580 824 828 978
20 235 347 515 996
187 561 597 625 754 791 829 996
196 302 372 436 854 955
84 117 323 543 549 656 742 817
131 344 467 637 864
243 452
31 65 148 172 190 227 248 256 258 278 352 359 439 450 511 535 544 589 599 616 702 789 792 818 833 913 920 950 968 1000
38 81 225 387 441 455 477 627 629 944 962
100 135 312 325 429 474 637 766 908 934 976 984
151 311 567
63 674 725 775 809 897 955
26 303 608 865 866 955
63 267 408 583 718 766 803 859 925 933
561
428
103 477 513 565 594 787
4 112 192 334 669 671 694 751 900 904 929
173 567
161 213
75 169 325 641 645 746 860 896 942
246 271 334 391 464 597 627 637 695 781 836 840 854 870 871 933 957
382
4 52 118 126 172 228 245 272 313 330 394 413 422 453 603 607 657 669 710 746 759 766 844 944 992
61 63 289 395 671
91
25 43 83 393 490 616 735 895 938 974
131 540 602 678
6 257 376 566 657 677 830 999
17 27 145 236 441 455 688 696 723 943 967
20
137 279 393 520 809 833 967
43 93 133 139 262 316 317 352 373 522 648 670 674 911 921 958
21 46 55 529 622 644 740 779 794 806 835
203 284 356 402 476
663
99 298 348 365 392 408 604 605 672 771 807 882 888 891 961 994
32
41 507 744
143 151 176 292 388 427 461 703 847 849 883 986 990
474 500 659
352
77 200 247 302 348 461 502 552 588 599 606 618 662 737 758 961 977 980
85 128 138 195 226 227 375 426 449 508 606 677 820 918
47
119 483 878
362 382 410 452 611 661 676 729 740 912
61 149 314 317 328 335 344 346 358 548 586 690 826 862 887
217 722
127 581
886
47 55 147 423 471 717 820
72 287 449 827 829 849 882 963
602
54 153 288 441 550 695 803
293 311 540 960
232 265 612 679
132
15 54 79 130 190 236 276 297 311 405 441 523 600 651 655 677 707 769 786 805 862 883 922 957
10 101 188 350 631 632 650 894 987
230 278 457 686 765 774 840 870 907 945
66 221 389 505
440
189 328 421 530 577 969 984
428 493
28 140 338 744
24 638 926
76 320 495 523 615 836 946
91 174 456 481 491 497 500 512 545 566 623 758 913 919
33 63 162 200 223 230 372 423 501 549 637 871
6 92 108 114 282 301 321 323 455 498 500 600 621 778 811 869 967 999
570 896 915 938
731
138 308 769
958
97 102 232 263 344 359 482 567 616 629 640 644 677 723 744 765 806 837 845 936 941
169 262
817 868
128 347 439 505 691 749 755 766 901
9 41 57 130 171 192 259 266 274 304 357 418 507 510 586 688 708 777 918 949 973
219 684 922 925
16 100 151 161 325 412 453 455 471 478 514 524 532 552 738 893 905
30 89 118 134 146 192 220 221 241 306 332 392 432 473 515 548 612 776 796 822 824 854 883 913 961
24 41 59 86 137 180 215 219 237 242 246 248 315 380 382 394 397 400 412 418 457 511 524 567 639 666 702 721 943
51 68 112 812 822
1 72 162 163 197 207 361 395 440 571 572 642 643 692 844 883 976
114 238 275 550 617 781 807 864
137 298 353 424 471 531 618 688 689 768 770 923
175 460 497 634 771 834 836 858
33 194 235 287 306 376 422 437 488 549 553 605 634 992
22 60 63 107 137 219 257 280 360 389 406 408 411 414 433 461 475 506 536 610 617 633 647 682 719 724 742 756 793 848 940 946
90 200 370 413 429 540 621 678 799 884
20
23 29 62 73 141 208 242 284 319 362 556 618 625 672 695 801 839 930
70 72 151 157 171 226 282 307 319 348 352 369 433 435 595 655 709 785 808 842 851 875 951 996
42 59 70 94 111 189 247 248 377 728 770 795
264 732 811 850
74 155 196 300 322 365 643 686 735 809 847 908 947
48 67 250 264 356 381 580 587 621 871 886
1 14 43 47 68 86 88 96 111 183 190 194 280 292 331 390 417 440 446 474 570 604 608 641 661 750 757 848 868 871 873 877 882 896 913 971
49 292 380 782 919
85 166 191 274 297 352 483 588 598 613 705 928
5 44 695 731 841 961 989
60 118 152 294 450 517 580 618 690 902 972
194 210 340 353 479 521 612 805 922 927 975 996
108 110 263 265 313 374 411 455 575 634 789 800 823 844 874
78 499 623 701 784 943
163 195 410 458 513 798
244
17 121 124 395 677 722 777
128 244 260 341 521
12 81 107 203 274 276 410 508 532 537 676 721 777 842 924 967 981 983
80 168 207 279 428 489 767 779 787 862 949
363 477 637 694 883 994
186 909
33 41 85 94 123 124 137 153 177 215 228 258 259 260 276 277 278 282 290 309 328 337 414 447 449 475 548 597 628 670 675 698 723 730 746 753 766 769 786 796 803 848 852 862 865 870 908 931 936 954 963 974 991 994 995 998
457 724 805
227 365 704
336 463 563 808
41 856 921 967
214 225 354 505 507 555 609 731 928 975
706
1 75 98 108 152 217 223 251 262 296 387 409 429 520 772 780 784 940 948 969
295 384 769 994
145 275 287 295 639 874
5
102 281 496
333 517 690 726 770 786 961
173
28 51 79 231 345 346 383 424 489 558 590 592 662 672 690 785 861 890 907 990 994
54 64 270 325 331 352 401 512 517 540 543 559 629 694 763 800 828
56 170 257 305 365 391 564 634 654 722 777
562
104 391 429 505 517 594 798 817 874 890 932
60 124 356 487 602 767 776 850 947
279 292
9 173 857 913 914 931 954 979
764 846
118 316 572 729 746 768 774 899 959
27 51 95 108 145 159 177 192 227 307 309 388 423 521 565 574 578 593 653 719 754 764 783 816 819 892 899 920 989
335 419 428 508 569 723
514 597 656 700 839
167 431
156 265 353 355 535 561 740 748 815 862 938
17 21 237 258 362 411 452 498 670 695 749 835 990
145 166 256 395 679 746 786 878 884 918 925
203
19 41 79 96 131 151 200 222 247 259 276 288 298 327 344 361 392 587 625 626 646 650 658 678 720 734 736 749 756 775 786 787 793 805 900 923 942 981 995
18 126 172 330 467 509 747 794
672
162 183 336 427 486 712
514 764 958
832
188 419 660
4 387 465
23 241 412 618 925
651
240 564 966 967
29 46 65 81 156 175 187 291 309 367 397 430 447 457 460 469 487 507 552 597 607 644 650 677 695 715 718 756 785 797 855 864 922 933 985
360 686
274 639 761
119 163 305 420 555 812 871 956 957
477 881 927
245 761
932
297 373 433 446 666 858 920 976
118 146 258 366 577 625 627 629 684 702 740 824
68 182 266 403 468 599 619 660 723 957 962
183 272 536 966
157 485 659 885
35 40 157 197 226 269 324 329 373 397 453 482 505 607 628 653 666 701 710 726 817 831 900 909
13 43 49 73 78 145 224 251 319 321 324 329 336 343 353 373 377 492 494 561 583 598 606 655 659 711 761 880 900 911 914 921 929 932 938 1000
321 475 603 937
578
242 266 346 468 469 546 581 583 639 742 780 804 869 918 928
43 106 135 141 439 461 471 486 518 540 555 573 585 613 640 669 700 766 923
32 105 416 466 551 757 950 965
291 630 761 791 842 845 848 936 980
280
268 536 592
41 160 233 456 493
825 997
18 228 234 273 368 520 648 951 984
109 228 452 584 637 808 953
31 48 919 969
35 44 62 65 429 485 486 605 946
288 289 454 526 537 612 667 766 995
9 292
115 267 516 561
71 416 479 529 628 761 802
264
238 753 767 816
592
28 105 111 154 179 224 259 267 274 299 526 547 706 886 919 967
420 525
138 414 760 828
31 127 153 186 202 257 306 625 664 785 851 931
11
249 276 546 557 576 930 951 993
75 108 133 309 328 582 807 874 950
110 225 412 475 770
190 499 588 672
59 83 111 159 232 254 326 358 390 469 489 491 521 563 591 613 620 632 633 708 766 767 774 775 832 867 931 945 991
94 102 212 397 499 535 649 780 877
38 176 185 215 353 356 389 391 415 467 581 592 613 714 727 735 793 857 920 986
28 58 81 88 90 94 110 127 132 133 148 166 203 220 221 229 241 258 275 285 300 391 409 420 436 460 469 482 535 584 709 739 776 804 806 808 815 828 848 909 938 962 993
38 56 75 89 142 145 177 219 250 255 451 504 549 571 606 644 670 743 763 776 783 785 792 794 825 979 997
848
175 342 435 776
148 199 543 602 674 726 892 980
25
3 342 525 605 790 810 860
10 391 476 563 611 664 802 815 947 973
81 95 105 305 800 900 914 934
737 824 909
971
30 213 235 621 678 725
891 985
58 338
436 485 553 719
35 184 596 734 777
12 277 502 763 801
97 762 789 914
10 46 90 155 234 248 281 356 379 392 421 452 459 482 514 570 651 683 688 705 800 818 833 909 936
645
515
9
13 45 55 90 206 244 267 293 327 353 385 404 455 485 497 511 565 605 686 688 699 716 739 826 831 879 894 913 924 928 976 1000
43 441 484 884
74 95 129 151 177 179 193 382 413 426 471 476 488 540 608 668 704 716 722 724 838 927 980
30 373 523
5 79 88 192 269 549 667 800 912 989
57 104 152 426 474 583 743
22 55 56 103 363 623 669
253 323 411 548 638 803 867 964
46 543 852 946
184 226 318 558 883
102 134 195 203 282 292 375 578 673 739 790 907 979
56 61 104 502 669
226 447 582 730 801
118 413 769 819 877 896 952
68 265 340 379 429 501 880
115 469 542 614 776
225
164 661 723 728 896 953
409 494 685 735 900 965
578
414 587
42 193 455 464 527 541 559 576 701
138 185 280
817 859
102 130 239 411 437 512 548 651 922 956
118 147 184 211 325 581 683 991
74 203 401 649 671 720
25 55 173 309 539 554 743 794 876
587
21 143 270 327 352 367 490 708 916 953
29 283 312 469 495 555 624 690 928 977
455
261 266 366 371 450 454 540 614 721 734 769 857 894 1000
201 312 412 632 792
363 519
50 235 292 487 511 701 787 880 938
50 80 84 85 91 96 128 152 231 251 279 320 355 529 541 780 853 928
2 154 177 290 343 399 594 666 667 979
157 331 405 631 751 858 995
10 29 85 114 148 164 235 267 296 389 428 529 558 577 580 600 629 654 684 768 784 839 859 875 896 910 913 971 990 995
10 22 57 60 101 122 127 129 139 140 186 207 209 234 295 314 333 360 365 433 509 556 587 594 640 651 679 699 704 711 737 759 764 772 802 804 825 826 835 854 933
32 260 548 564 580 613 708 717 761 834 854 899 914 919
110 117 305 320 747 805 936
57 103 124 181 190 253 292 357 502 539 589 731 745 794 799 816 892 927 971 973 977
269 286 388 523 664 769 793 954
17 21 59 65 77 109 133 178 224 259 265 280 346 358 384 434 465 487 538 576 641 650 656 679 692 739 765 774 833 837 847 854 932 984
994
609 773
15 101 162 199 211 290 368 386 439 446 469 540 566 598 668 704 707 736 751 791 792 930 964 978 1000
325 491 562
312 347 359 404 418 435 518 541 686 697 775 932 961 963
43 88 121 138 279 328 362 444 457 479 538 545 576 593 598 687 755 784 826 856 871 891 898 948 971
180 456
489 522 689 776 795
135 160 236 569 589 601 625 966
101 123 224 249 320 347 496 517 538 558 626 653 675 732 741 814 838 861 875 917
112 515 516
947
59 81 120 134 195 234 276 400 595 636 703 787 854 908
6 34 501 561
543
299 752
220 242 656 756
222 269 282 328 330 424 958
237 439 727 989
81 93 105 157 190 306 645 713 733 740 824 962 983
161 541 559 647 779 784 842 871 936 991 992
453
146 153 276 502 698 872
25 115 160 237 268 286 399 414 639 880 990
18 34 141 154 331 376 460 474 503 511 628 651 688 755 759 804 898 931
8 56 132 167 190 206 256 286 367 370 387 389 398 424 428 482 504 553 559 570 602 610 619 621 636 678 726 798 816 896 923 975 987
100 102 183 972
17 42 86 104 135 165 170 190 261 312 333 339 380 381 576 644 713 736 763 807 832 872 890 892 896 972
64 106 145 269 518 659 688 798 980
80 84 122 252 316 522 670 722 906
132 147 150 267 964 997
214
77 258 277 300 324 366 532 842 866 913
3 47 89 143 202 252 349 367 393 542 652 682 684 738 755 787 790 819 826 910
21 100 348 446 487 611 852
64 369 385 398 446 489 570 583 661 670 756 920 945
504
458 800
17 72 74 85 154 196 214 341 355 370 400 410 413 448 479 545 591 592 602 622 633 655 698 710 733 735 868 927 948 982 1000
60 136 179 186 190 203 272 277 299 327 434 676 704 746 778 784 835 852 865 994
354 476 521 959 988
535 560 630 689 729 993
909
20 22 71 126 178 198 217 224 295 321 355 359 491 698 768 846 910 929 934 962 975
125 265 279 281 285 551 570 747 792 894 903 940 980
108 202 241 245 354 377 451 684 795 856 863 869
189 241 574 891
867
40 61 320 337 353 530 736 872 917 968 973
69 112 142 173 307 360 373 437 531 612 739 815 816 822 933 940 991
4 357
90 97 418 514 905
858
56 239 370 381 633
119 125 148 149 179 292 322 397 528 625 741 774 796
253 381 627
291 437 692
830
122 185 188 289 292 386 441 483 535 576 780 819 916 972
14 137 140 290 306 359 416 463 532 533 627 654 775 808 813 816 889 891 972 992
21 181 231 574 729 809 945 949 950
201 985
19 65 72 100 115 122 124 131 254 273 311 317 577 701 756 772 823 828 851
62 288 370 392 467 592 618 843 934 967
382 534 854
16 76 108 112 190 250 265 301 360 376 390 566 593 598 796 851 882 939
40 63 101 245 340 595 632 911
538 930
25 40 77 101 118 184 221 277 310 335 345 450 460 478 485 524 536 560 601 616 621 633 670 707 768 791 833 845 855 875 899 943 976 991 992
32 188 310 586 619 807 967
22 151 263 270 693 707 847
31 97 207 300 328 348 672 737 773 791 867 961 990
111 232 371 480 784
12 23 67 265 368 442 612 677 713 809 930 984
274 499 511 540 681
6 7 47 88 138 160 185 232 237 346 371 374 434 543 588 627 686 713 863 898 930 975 985 991 992
565
91 101 182 219 339 345 465 568 581 663 665 811 858 881 890 942
16 29 90 109 159 200 224 330 365 399 406 429 456 469 481 515 519 537 545 622 661 736 742 778 806 822 831 850 874 981 996
19 35 389 443 527 571 679 964 969 992
635 937
493 953
104 137 189 208 226 343 367 392 428 456 517 522 523 534 706 739 749 777 811 876 883 900 946
206 228 237 283 349 410 414 461 510 595 617 834 878 916 969
13 384 453 461 565 647 704
372 378 401 474 525 884 919 934 986
67 93 271 275 504 538 701 805 884 936 943
38 106 225 311 312 473 564 588 699 799 849
111
326 334 657 862
392 907 925
17 35 54 72 102 110 151 165 170 244 269 325 405 622 655 727 919 971 984 985
31 348 573 938
1 7 41 50 81 146 169 172 182 218 230 241 249 266 330 395 402 412 438 455 460 461 468 489 573 597 617 631 649 679 692 704 746 753 781 824 834 863 872 880 905 912 941 962 990
130 179 713 826 927
13
154 639
13 50 69 79 130 132 207 269 323 336 341 378 465 500 597 794 806 812 823 911 926 937 974
48 87 177 193 219 223 295 320 421 480 819
179 693 925
27 164 171 188 278 314 331 430 439 700 734 829 846 970 987
809
172 205 210 303 382 610 657 833
217 255 341 877 993 1000
2 10 97 206 371 512 534 545 554 594 654 665 683 711 812 814 830 846 915 933 934 970 987
9 66 70 81 106 133 158 161 173 177 196 254 290 323 341 387 503 715 809 822 867
38 119 219 223 238 300 310 317 331 356 358 382 390 398 410 522 527 553 602 614 639 649 658 667 684 744 790 804 821 830 844 960 981
42 101 243 914
224
506
99 454 528 642 676 840 884
183 199 475 507
116
80 314 412 427 503 568 693 786 940
22 117 118 314 396 485 522 580 589 600 696 724 792 892 943 993
163 310 547 548 604 622 643
243
587 975 980
77 83 87 90 120 180 215 444 519 537 570 656 673 680 743 744 767 860 895 905 911
59 76 79 113 173 264 298 327 391 448 612 623 739 790 840 877 972
185 217 325 632 812 829 920
181 342 549 566 973
59 158 344 496 574 583 587 816 994
267 873
56 370 426
9 440
140 513 645 833 875
95 172 213 512 563 645
157 185 314 340 364 497 553 576 640 692 711 896 976 991
5 36 54 78 82 91 96 98 117 118 123 158 198 257 273 332 367 411 428 443 478 490 502 515 568 581 584 596 643 644 647 653 672 687 707 723 736 743 754 844 847 863 871 953 955 983
128 137 335
33 470 721 815 845
231 796
8 11 34 48 83 111 138 174 185 188 204 295 302 353 365 379 385 407 436 463 477 480 490 496 520 530 579 597 605 606 633 636 640 654 703 731 768 776 783 800 804 812 838 845 850 851 871 911 947 949 953 985 997
2 19 50 55 58 63 81 99 107 124 131 174 196 218 249 287 293 299 335 349 380 389 413 438 477 482 494 497 541 551 573 589 605 635 649 660 693 706 709 714 754 760 785 788 789 810 812 818 857 881 890 923 937 947 971 999
948
131 291 295 311 538 578 593 652
77 178 232 236 258 361 511 525 580 586 695 722 758 842 960
11 33 34 59 60 112 122 264 269 344 491 546 553 578 670 698 700 739 855 878 908 934 944
105 197 262 340 392 491 541 566 766 883
12 120 148 241 263 324 370 390 407 408 421 457 483 531 570 614 738 922 981
182 207 694 818
82 245 264 337 564 573 678 731 735 842
148 608 809 909
6 40 144 190 304 552 991
30 90 94 223 421 481 483 574 741 796 817 886 939
27 91 172 313 500 668 836 846 905
935 978
2 99 136 224 228 254 409 459 684 686 729 809 942 974 981
115 406 592 789 916
25 80 122 131 225 229 236 237 238 346 405 439 448 462 534 577 589 647 662 674 715 719 750 753 824 835 840 864 883 999
50 111 132 184 235 238 257 270 281 371 379 385 392 522 565 589 602 630 662 671 674 697 735 756 853 854 875 888 893 911 935 955 972
144 798 882 987
321 562
176
102 428 530 779 862 962
148 427 632 798 989
171
47 101 145 226 233 249 282 292 313 315 370 374 387 406 459 465 472 498 556 573 591 602 727 728 765 770 798 802 864 877 885 900 975
344 681 757
121 158 162 182 233 344 410 462 471 777 821 852 906 920 955 988
745
36 220 379 710 753 784
236 475 485 538 844
455 719 832
601
56 880
1 28 33 36 60 190 311 416 421 626 811 825 847 925 943 945 983
374 534 674 746 852 903
25 240 278 317 505 536 556 575 619 646 687 713 744 747 760 868 878 991 996
167 237 367 595 636 665 701 723 757
33 72 158 177 248 295 346 353 370 513 527 567 584 595 602 617 622 681 710 764 854 878 894
170 664 669
11 943
709 743
62 150 267 335 466 586 635 670 774 891
963
185 209 247 310 365 400 429 495 672 737 824 830 911 921
71
179 279 643 884
70 113 184 210 216 512 568 760 858 970 974
6 196 229 311 352 466 527 535 541 655 668 710 845 938
933
451 724 758 931
22 448 542 764 802
72 89 359 672 848 904
428 634 649 684 828 884 909 923 961
9 74 83 103 105 120 142 149 188 201 219 228 251 274 278 318 348 369 391 399 411 421 444 551 581 583 604 634 642 665 670 694 706 744 766 774 788 812 840 860 875 958 968 970 974 980 985 1000
138 197 255 370 415 488 503 719 786
37 73 107 118 145 166 167 195 296 338 405 478 504 538 602 631 648 671 714 979
2 12 190 269 291 361 459 519 546 607 660 729 739 747 764 769 864 885 935 973 988
185 244 718 803 976 998
212 348 584
49 79 147 152 204 252 298 400 430 432 493 640 700 706 718 719 804 815 983
11 40 170 486 772 834
5 100 121 128 135 139 313 355 362 613 617 637 719 806 835 888 906 998
186 473 509 601 622 666 910
25 188 258 284 362 426 446 461 521 524 555 586 672 686 706 778 809 814 848 913 932 1000
389
16 65 84 123 150 184 189 303 511 521 710 784 807 815 974 994
908
8 76 149 152 155 265 274 303 394 469 473 669 703 758 805 899 925
163 246 266 630 723 749
485 559 633
58 329 539 552 570 705 745
14 91 168 180 183 221 237 353 426 450 480 499 568 590 600 629 735 771 799 827 876
290
36 40 52 77 79 87 89 154 163 164 189 279 339 404 455 500 619 775 808 845 869 879 883 923 927 961 964 969
598 781 862 941
12 49 80 98 126 257 490 529 643 699 757 779 788 947
29 31 67 72 87 156 172 183 206 231 244 250 277 300 305 306 310 373 374 401 417 422 464 502 542 548 572 575 612 621 645 649 669 677 697 723 735 794 801 802 816 875 912 919 929 952 968 971
290
629 962 969
989
937
308
382 433 632
2 60 65 94 178 249 258 320 368 371 451 474 512 553 606 673 707 739 784 913 919 948
126 227 538 935
181 392 639 710 885 894
948
25 46 111 351 623 717 746
513 533 562 638 931
13 104 119 169 431 448 570 649 686 694 796 886
6
84 285 296 317 368 458 472 547 595 627 722 757 904 935
54
15 66 87 98 110 330 357 649 664 690 716 739 774 806 866 973
33
22 126 178 262 285 436 451 478 488 499 510 530 670 690 707 800 815 883 892 897 976
600 934
40 42 76 79 95 180 320 371 422 423 500 543 656 705 706 837 984
76 579 765
41 211 229 232 236 275 383 530 544 856 977
14 61 82 92 116 222 305 325 328 366 431 559 617 657 668 693 702 741 743 798 839 845 911 920 967 972
345 428 622 626 721 837
155 231
192 209 304 310 356 723 948 967
279 335 412 732 830 847
1 36 109 252 273 295 305 316 370 401 440 450 472 534 640 671 696 698 715 798 806 862 870 880 882 958 983
289 606 919
9 64 96 102 109 132 165 207 306 392 393 773 905 934 956 978
239 368 714
93 441
804 838
31 36 41 75 692 824 922
249 272 276 450 904
17 43 60 70 78 88 98 111 116 118 126 135 141 153 156 165 166 185 193 210 223 236 251 285 298 307 317 319 344 348 355 365 374 405 413 419 420 427 444 452 464 472 488 495 537 562 563 568 584 586 588 602 605 612 654 659 674 677 688 690 692 698 727 749 757 762 789 798 804 832 835 874 879 880 885 903 906 942 954 968 979 983 987 991
424
152 176 274 425 582 729
255 269 289 325 363 667 747 882
217 363 564 586 705 833 846 867 890 982
567 724 983
11 33 77 80 126 202 407 408 611 659 739 815 829
22 178 418 424 690
227 304 596
272
112 147 221 249 304 312 348 350 392 473 509 574 689 754 787 792 815 831 859 874
162
130 415 575 902
42 60 133 227 249 402 425 467 589
564 692 789 930 965
134 333 334 402 539 617 755 769 837 961
587 995
91 93 137 183 222 267 297 319 331 340 392 426 451 452 455 468 469 548 559 563 627 663 672 713 764 803 827 869 942 964
128 205 606 678 726 848 932
213 242 742 771 873 900
26 55 106 529 536 581 629 638 660 707 843 856 867 868 929 948
71 223 297 318 446 547 564 592 632 683 731 992
14 45 170 320 325 351 357 363 376 395 437 452 489 495 527 532 546 595 606 658 685 784 808 846 848 857 940 959 973
706 978
190 604 810
96 296 393 823
8 206 214 285 396 398 408 761 846
231 299 628 899
75 313 413 464
542
32 76 357 751 753 804 809 852
546 672
313 646 707
18 36 108 194 234 260 340 370 428 644 714 716 796 971
4 19 37 51 82 162 230 290 317 318 391 454 488 528 555 576 596 699 715 740 752 776 830 865 893 898 915 921 926 929 956
132 421 478 619 931
1 46 56 65 107 108 170 199 217 229 230 282 302 359 394 435 511 533 553 596 659 669 674 762 835 871 921 924 999
175 194 256 260 324 439 465 578 692 738 895 945 987 994
137 271 893 929 963
60 71 284 461 971
67 214 495 623
10 192 566 581 876
579
98 621 729 986
826
541 642
1 132 362 383 387 440 525 554 590 607 621 653 737 790 814 846 874 887 911 916 973 984
6 149 394 481 544 554 665 680 689 821 847 911 994
118 447 689 746 899
106 142 488 682 809
35 133 149 302 435 512 776 930 994 995
9 47 293 510 949
22 35 227 258 281 293 439 473 503 528 608 676 726 795 812 937 957 963
192 269 283 473 655 775 845
58 78 98 181 208 344 422 782 835 909 988
26 85 205 307 420 525 577 672 776 810 836 986
139 229 231 312 377 403 541 625 650 811 873 991
14 16 144 162 164 185 235 241 307 345 356 376 378 406 418 431 488 530 548 559 586 669 713 723 777 833 896
82 523 613
239 726
34 98 140 453 541 635 767
39 97 218 254 326 330 504 513 516 549 615 632 695 740 778 794 805 905
65 78 93 99 107 113 133 221 244 269 318 329 376 397 408 413 507 513 525 576 589 600 622 642 679 746 854 891 914 929 935 955 986 988 992
170 489 769 787
213
251 311 353 354 755 1000
10 44 45 121 196 219 295 404 502 520 522 685 686 696 865 866 928 937
383 568 593
59 95 193 210 241 330 413 436 439 475 518 629 876 910
401 480 483 666 756 815
130 238 455
94
280 712 800
325
988
37 43 68 100 109 202 274 459 494 515 731 955
4 150 254 399 412 729 788 796 845 861 863
40 403 459 490 608 809
12 48 460 536 581 639 643 936 964 995
108 164 170 181 190 193 194 245 351 372 383 564 587 687 748 778 850 901 928
44 49 122 257 658 704 860
158 167 243 251 327 489 655 703 718 726 727 814 951
678 888
868
207
72 123 158 169 180 199 228 267 316 513 574 592 607 609 749 928 966 995
16 27 57 111 118 181 367 381 385 427 436 451 747 752 803 877 884 971 980 989
104 247 705 725 916 926 956
7 42 166 169 171 219 248 269 283 576 802 808 835 881 891 950
121 229 342 347 373 388 505 630 631 704 879 996
339 619 620 641 742 773 987
166 173 362 596 618 658 787 801 808 830 896 981
2 11 33 96 253 261 356 399 522 560 592 604 699 792 957 962 998
222 523 537 630 750 879 887
37 53 60 133 166 236 335 338 441 526 549 661 766 798 841 867
185 258 395 866
60 406 849 931 946
619
3 19 196 306 700 743 896
816
106
217 552 691
5 410 529 841
339 394 527 717
17 24 160 164 179 243 290 374 479 565 623 674 800 854 929 999
79 94 181 424 425 515 520 734 827 845 991
41 167 177 310 371 697 699 757 771 825 878 969
148 563 640
1 65 210 214 218 221 230 253 268 328 351 379 391 405 410 454 487 512 549 570 581 593 600 637 638 641 661 676 685 695 722 739 746 760 797 897 945 978 991
366 656 671 770
365 461 567 714 877 896
76 91 105 146 246 303 359 410 422 451 545 550 660 881 905
50
15 30 497 636 804
43 414
4 23 34 110 166 203 333 353 454 504 508 670 692 738 835 868 909 914
382
153 164 185 265 319 425 528 580 593 676 699 767 845 931 959 976
225
225 234 339 341 374 438 585 710 714 798
24 43 367 557 650 841
45 102 727 775 850 859 952 964 968
419 458 498 691 696
19 62 170 219 311 467 531 581 608 699 706 733 788 800 814 841 862 964 966 990
65 80 171 255 494 596 745 767 888
110 418
108 145 163 388 556 659 800
29 109 119 148 190 304 372 384 388 408 409 422 517 518 530 634 647 671 675 694 765 788 819 821 846 909 962 970
226 281 318 479 611 615 675 728 894 919 986
619
10 325 378 444 446 480 537 546 576 625
132 611
259 407 629 685 882
18 32 98 142 170 396 487 534 547 643 748 782 841 848 867 935 940 997
159 163 202 243 421 468 490 984
102 108 119 139 244 433 440 573 656 822 852
321 894
16 61 82 118 122 126 170 185 207 242 261 264 297 351 388 391 446 449 469 550 556 573 579 621 629 631 636 654 658 675 682 687 695 733 842 880 896 900 968 978
23 119 165 167 310 315 438 538 551 731 768 820 906 956
189 313 340
469 639 794
18 125 133 225 363 381 413 458 672 673 754 768 850 908
308
92 131 145 151 156 315 401 417 462 477 515 581 635 712 761 850 880 961
134 171 392 477 927
12 14 40 41 62 141 161 168 202 210 236 278 280 308 330 355 377 391 399 405 412 415 459 465 493 788 803 805 834 879 880 935 940 943 961
21 79 90 101 102 110 189 228 244 318 445 543 548 553 703 764 825
74 228 255 261 277 333 384 392 498 514 543 603 664 698 770 881 896 902 935 960
40 51 86 116 144 158 191 227 377 486 591 648 686 695 699 724 815 838 893 955
81 286 545 588 602 727 770
156 216 253 298 372 646 716 875
90 225 233 239 266 386 548 560 628 641
370 423
153 289 798
28 65 91 209 342 376 506 560 584 650 840 924
77 262 828 844 857
200 235 413 590 591 649 767 797 852 927 928
56 72 226 279 282 513 597 784 790 870 946 978
42 323 449
6 42 56 163 175 183 330 357 406 595 694 707 800 896 903 939 969 976
152 733 851
156 161 163
729
26
4 71 78 304 321 602 610 622 624 690 701 703 803 897 951 983 986
302
284 290 291 536 902 952
50
67 807
183 378 516 545 580 651 779 783 836 844 916 921 930
722
10 39 89 176 215 309 338 390 400 413 420 462 472 510 541 592 613 677 716 733 829 849 883 922 986
398 485
15 152 207 210 426 518 581 781
16 470 791
32 580 683
44 95 128 412 485 539 739 781 843 846 865 899
119 124 274 367 391 497 583 590 903
71 98 114 182 353 522 570 650 660 661 689 798 917 959 976
47 199 207 329 428 589 761 910
21 79 193 202 229 315 328 373 649 660 804 859 933
64 577 931
195 433 742
46 51 445 494 585 600 661 822 862 865 870 922
575 725
19 304 389 588 828 938 999
287 371 614
47 171 177 228 315 374 436 723 732
85 822 887 974 976
13 129 138 236 246 519 528 609 617 712 758 786 798 970
106 254 367 638 954 997
57
65 74 878
28 128 145 280 413 473 613 988
202 284 573 697 755 787 821 829 846
460
129 245 256 746 861
17 50 51 108 198 256 277 421 467 667
96 141 312 391 409 516 560
634 654
7 65 92 148 150 157 174 192 286 476 479 490 539 563 566 570 591 594 685 721 755 767 773 842 854 903 925
43 103
33 50 56 114 240 285 293 341 407 432 746 759
59 96 188 221 358 443 701 886
41 44 62 72 117 123 149 150 177 179 230 245 261 265 267 336 341 343 353 362 367 405 410 421 446 465 507 515 529 543 623 691 827 904 946
18 68 326 649 717 914
855
39 52 79 113 139 331 354 365 396 435 642 646 771 817 858 868 937 976
968
779
39 152 201 338 349 515 528 659 771 914 959
13 19 59 74 78 79 86 87 93 126 139 234 254 273 282 283 294 314 332 334 368 401 410 414 415 427 433 529 547 549 580 607 620 644 661 666 668 682 717 741 750 821 892 930 980
71 171 239 259 267 309 340 530 775
435 506 827
108 113 128 162 202 285 295 334 353 363 387 397 596 618 619 666 669 709 811 833 846 864 904 914 932 997
570 574 956
14 43 50 61 73 101 106 118 132 145 182 189 192 227 278 344 350 377 395 492 531 545 581 649 691 783 792 812 826 852 900 925 1000
90 162 341 687 859 899
24 118 204 246 394 497 527 551 556 655 781 945 982
71
9 91 298 324 352 394 412 514 633 651 699 745 768 769 968
783
344 390
512
62 645
227 343 540 774
29 31 131 151 180 274 297 333 369 372 397 416 445 494 589 761 825 865 891 899 926 946 956
34 157 221 226 260 298 355 371 496 502 512 524 531 539 581 646 683 694 712 740 787 838 881 891 906
320 412 787
12 57 71 84 89 112 119 128 132 140 193 262 305 364 373 383 552 558 610 628 639 660 733 764 774 798 806 824 827 845 866 870 957 959
216 401 407 880 940
482
83 340 342 795
88 141
287
491 945
191 304 328 378 453 529 550 585 631 653 736 742 760 780
147 172 238 279 480 526 534 768 786 824 826 845 850 988
109 145 161 208 498 560 588
932
7 117 145 148 157 273 422 477 529 555 656 732 781 943 952 961 964
4
47 777 825
39 124 128 138 140 145 201 202 245 263 268 326 346 380 445 466 510 512 518 542 571 576 717 795 831 852 909 945 983
2 6 9 16 47 56 66 84 95 115 122 133 166 175 327 423 424 447 468 472 517 736 756 767 804 879 900 917 919 931 986
674
292 618 691
26 106 171 493 603 640 647 822 864 963 969
32 53 61 106 224 321 344 400 447 454 494 529 558 669 679 694 754 776 784 827 947
188 789
13 20 122 135 176 273 321 361 382 414 597 702 941 969
221 307 560 665 791 802 827 834 967
24 46 54 62 74 135 457 506 530 781 835 942
180 197 372 442 472 491 495 591 594 622 629 686 795 955 999
807
195 217 340 387 552 645 670 768 792 824
105 113 163 216 400 482 927
166 238 269 433 520 643 711 753 761 920 971
63 147 443 483 612 695 763 818 836
25 40 83 146 188 199 335 356 395 467 530 575 727 830 832 943 984
50 94 182 242 275 276 344 457 555 657 676 746 787 810 824 909 910
14 38 64 94 139 186 236 262 283 314 360 389 444 607 623 832 891 950 999
45 51 60 106 127 136 195 201 354 392 450 532 659 689 798 839
20 38 56 69 127 132 168 191 192 213 230 270 299 306 309 333 418 434 447 471 564 586 654 667 682 775 814 905 906 936 941
2 77 88 89 117 118 128 218 279 292 304 325 337 339 361 362 372 386 393 490 521 544 601 606 623 637 696 760 788 824 840 876 887 946 950 979
235 296 302 333 932
121
29 247 258 286 327 488 534 566 712
28 143 150 223 293 310 396 484 562 579 787 865 936 969
447
304
200 276 300 313 363 497 642 679 700 845 954
62 459 462 485 684 716 919 980
143 196 455 821 868 901 989
271 560 807 810
2 33 137 244 385 405 543 683 687 688 717 889 982 996
90 147 160 189 231 255 356 605 741 786 880
227 244 257 322 360 371 510 576 610 661 688 706 761 786 857 878 891 938
140 151 178 198 203 277 288 297 310 358 392 404 442 459 472 516 561 686 698 701 719 813 840 852 877 902 950 963 966
89 289 425 435 558 860 861 886 915
39 66 87 101 180 217 269 294 331 354 357 364 368 491 496 521 552 554 674 715 751 819 980 994 1000
186
474
571
155 182 221 366 386 406 454 648 734 839
10 21 107 310 355 582 952 993
615
24 328 374 384 420 640 707 845 981
126 324 534 689 839 904
62 106 257 359 462 469 512 514 696 850 928
69 132 220 389 395 405 548 704 829 839
218 327 337 545 714 832 865 925
54 192 261 469 619 977
554 624 879
730
300 720
8 27 64 102 293 295 311 355 410 454 620 637 685 717 735 787 796 884 954
38 47 57 81 86 178 209 288 317 319 338 339 341 350 467 562 579 621 623 674 768 775 792 872 897
83 358 394 432 732 742 769
35 43 51 140 163 363 431 439 505 531 562 567 704 751 779 839 953
107 117 147 177 180 211 216 240 281 314 332 463 469 532 592 611 631 638 662 699 709 714 737 801 830 835 864 970 976
118 172 843 856
34 43 108 218 248 267 353 369 375 386 450 468 521 552 575 658 679 718 779 788 912 923 937 944 995
88 105 158 191 224 237 275 276 319 322 467 530 627 657 663 671 676 682 698 717 770 774 775 811 887
77 141 418 515 624 848 920
3
29 36 42 102 135 294 410 533 579 613 658 727 748 750 914 997
106 152 205 357 411 440 562 613 913 965
107 120 148 273 291 299 439 445 624 640 816 928
6 38 72 74 136 162 196 197 271 283 342 416 478 505 549 550 624 626 633 641 705 726 760 761 783 794 820 826 875 886 893 951 968 988 991
41 128 320 385 445 464 593 633 774 779 839 947
738
101 167 239 266 346 397 491 526 720 806 912 961 971 1000
17 50 51 112 199 251 280 281 311 312 317 376 388 393 435 465 525 530 540 566 635 705 782 800 940 958 999
384 437 544 814 893
4 29 263 294 370 427 600 621 637 641 666 792
750
7 385 441 447 461 596 648 723 734 789 832 897
379 389 407 671
17 28 262 583 613 754 813
83 142 185 285 389 394 547 586 722 789 803 947 988
144 297 425 437 471 605 720 724 926
479 518 641 717 752 967
320 437 440 536 803 866
201 667
18 29 123 271 433 524 762 882 891 992
55 73 403 620 794
404 827
32 40 162 166 244 270 276 347 378 380 515 584 671 743 758 787 864 964
454
61 71 73 86 134 182 274 293 294 306 346 434 452 483 501 522 598 625 786 884 908 947 961 986
652
140 219 285 475 820
145 516 734 886 905 940
148 500 644 727 954
4 15 551 648 884 893 984
119 384 810 824 869
279 839
39 100 162 178 198 225 230 308 344 413 457 509 567 592 614 851 853 888 895 955 965
51 105 210 213 239 264 279 401 482 615 756 823 881 899 950
398 969 993
108 113 293 669 684 894 938
38 155 200 355 388 398 405 422 447 497 556 635 702 738 994
32 73 169 213 699 718 771 829 904 934 944 950
660
201 202 345 361 399 454 475 554 641 737 801 918 951
149 244 480 703 913
10 63 137 182 227 285 298 412 496 556 706 737 768 786 798 830 882 883 944
27 34 53 93 101 114 149 190 212 246 349 375 398 410 413 423 501 515 520 526 537 649 666 702 710 714 726 793 803 908 914 963 972 989 997
275 666 791 822
398 506 737 770 785 815 840
178 813
538
3 11 62 81 92 153 158 163 168 214 218 233 234 248 262 266 268 400 408 450 460 462 477 479 506 534 537 550 567 624 710 720 726 781 826 862 949 976 991
277 539 566 574 709 819 849 888
1 29 51 195 196 297 672 735 756 800 999
50 146
246 249 301 501 585 658 716
55 107 130 133 375 545 565 597 816 936
64
45 74 83 110 226 247 304 463 569 614 667 669 674 802 918 996
45 149 568
199 397 430 575 763
51 149 309 409 450 468 563 641 734 772 790 892 913 955
109 199 324 466 523 978
106 500 518 557 564 592 601 700 909 921 925 987 991
83 98 107 145 225 248 277 283 336 364 366 424 459 508 539 562 585 648 665 720 724 731 771 795 828 831 900 925
25 27 79 142 169 176 224 276 294 344 350 355 360 449 453 456 489 559 645 671 701 709 756 757 804 852 860 923 927 967
67 609 701
330
547 570 671 706 762
504 545 597
303 477 509 623 714 822 908
305 829 974
2 65 281 437 678 850 927
16 28 93 158 249 343 375 454 613 666 831
165 208 285 370 457 460 487 496 500 562 623 640 822 845 897 917 920 994
50 115 161 339 422 790 810 830
66 376 551 610 680 713 719 774
31 193 452 496 654 907 908
106 318 430 857
94 175 303 347 397 490 494 743 813 846
103 155 220 268 308 317 387 409 605
23 194 242 287 322 390 656 734 742
36 40 156 202 789
93 283 290 293 452 507 600 622 694 878
771
143 203 279 917
40 90 176 183 265 384 430 624 659 835 850 946
85 122 533 703
365 369 474 572 845 989
393
2 23 288 306 530 947
18 488
279 313 734 942
217 224 289 516 555 610 676 783 788 917 925 965
56 170 229 306 339 391 445 644 846 878 900
103 403 588 992
393 964
743
310 776
34 149 243 366 525 526 658 696 781 851 883 888
58 143 154 166 312 343 398 462 472 579 702 715 785 831 847 864 884 906 929 944
93 222 359 427 510 561 592 667 865 898 903 927 980 986
936
19 27 30 33 50 55 86 119 244 278 375 387 426 576 642 683 693 706 893
666 871
16 134 402 941
16 281 376 415 557 592 709 723 841 890
4 40 51 473 682 713 832
42 79 227 305 354 399 491 536 556 607 800 861 912 954
467 474 593 942
74 120 155 182 397 453 702 903 909
190 773 887
127 368 444 511 737 808 874
10 49 51 116 125 194 220 233 248 262 365 373 412 421 481 518 532 556 561 584 761 772 811 839
182 291 461 470 501 663 701 742 972
239 485 580 818 834 949 964
86 493 681 867
117 460 799
53 283 311 753
340 540 563
212 276 793
178 388 794
27 117 434 688
126 334 610
35 243 252 355 379 457 596 663 691 759 865 987
22 71 89 414 499 777
242 358 773 829 849 860 937 953
56 136 176 202 420 467 525 817
24 232 247 344 353 452 609 709 726 967
99 141 181 256 286 467 996
168 337 572 651
239 932
208
544 594
58 111 121 156 181 184 267 376 402 426 771 858 876 917 947 965 981
110 176 220 222 230 308 315 448 469 487 511 642 862 879 970
20 27 115 170 288 350 393 395 462 473 557 608 613 623 636 639 672 717 740 765 768 821 905 908 912 927 928
856
73 573 602 966
43 246 247 510 578 609 655 792 912 946
170 460 465 876
641
209 530 761 816 1000
105 299 346 350 351 358 376 449 503 530 597 725 904
579 952
90
236 359 544 600 638 653 662 694 732 774 809 879
62 74 115 142 157 158 161 405 419 434 512 525 548 580 609 646 668 677 693 760 845 859 932 938 951 973 998
5 38 50 114 238 515 541 649 721 738 740
28
850
20 53 136 145 174 263 335 392 469 560 566 672 702 743 787 808 867 917 921 930
362
6 93 94 171 186 204 213 214 218 237 259 299 363 381 427 476 559 568 602 687 743 763 781 820 860 909 915 916
323 354 452 521 614 650 737 932 942
177 789 802 817
28 37 111 125 202 260 350 367 402 431 453 463 531 577 599 609 636 720 799 864 901 912 927 967 987
464 705 870
16 52 147 291 475 788 812 909 941 976
329 523 664
93
8 25 87 153 325 435 656 821 865 972
179 799
303 333 522 748 844 946
3 8 20 90 105 192 204 211 214 230 247 327 334 355 377 379 508 530 585 620 662 705 717 727 735 758 797 820 828 854 981
23 267
553 632 673 795 845 855
36 282 310 431 449
98 107 114 161 218 269 286 299 305 387 401 407 410 425 456 462 514 522 536 561 582 611 616 670 673 674 699 732 780 820 897 924 926 929 962
230 769 838
24 75 87 247 254 264 281 304 327 333 351 382 436 491 493 529 593 618 634 653 681 715 723 759 783 822 845 922 927 944
75 367 637
175 236 393 662 937
128 292 410 411 469 475 524 656 657 742 856 978 980
349 479
657
15 16 75 97 108 176 203 204 250 257 259 264 401 505 543 595 608 625 649 662 677 695 703 707 773 789 792 807 862 864 873 893 921 997
577 613 806
2 14 26 42 46 58 130 153 175 187 199 205 221 229 262 266 288 318 334 351 368 402 404 440 457 468 471 541 557 659 662 664 680 700 732 738 741 745 747 779 783 787 795 801 811 831 850 899 909 931 944 948 963
40 185 243 614 683 859
18 30 50 63 68 76 121 158 180 207 218 313 341 358 368 411 456 465 497 517 567 602 686 710 711 762 782 786 813 845 847 915 939 959 979 980
710
243 256 266 381 872
8 95 166 276 610 641 655 811 847 914
319 599 842
979
420 754 792
82 113 162 211 214 268 283 285 315 317 334 372 375 378 390 403 447 522 596 644 721 733 754 771 911 923 929 948
109
401 599 621 736 766 779 862 897 926
20 37 66 147 170 196 208 256 411 422 478 523 578 608 612 686 746 819 896 995
124 269 377 518 603 646 768 836 890 989
21 78 87 114 297 304 349 363 583 622 676 728 823 861 868 876 886 957 969
859
27 40 177 190 341 386 402 419 524 538 612 688 749 850 910
34 355 552 706 765
38 232 438 493 494 817 986
44 96 216 329 368 525 552 676 924
5 199 207 287 318 324 465 470 488 490 757 776 788 948 981 992
75 115 238 326 361 414 534 601 702 939 984 997
232 595 706
37 293 308 448 484 654 684 789 798 870 955 960
81 130 142 210 230 287 299 373 452 457 501 503 507 572 590 622 664 685 875
202 422 713 783 935
118 378 646 743 867
86 217 247 566 709 757 847 959
234 333 626 942
28 203 207 332 347 390 474 547 607 624 645 742 790 857 891 908 942 991 998
50 190 459 470 472 515 968
25 63 89 178 189 241 285 287 295 316 322 323 348 401 476 531 558 574 603 612 625 629 630 635 683 696 748 766 812 814 887 902
796 811 913
16 32 214 258 260 293 306 331 544 554 569 588 614 621 637 658 671 750 770 798 867 905 971 973
176 695
37 48 61 77 87 91 96 103 108 144 148 251 257 299 310 358 368 406 415 423 442 529 537 595 611 655 698 727 733 734 759 761 772 777 786 835 874 882 890 925 964 989
308 404 504
29 104 222 320 544 630 663 709 781 800 873
13 95 131 159 172 176 346 375 400 414 435 465 477 508 606 659 707 902 994
43 50 97 101 116 127 160 307 358 379 428 554 573 575 581 671 716 751 784 934 966 968
600 893
21 29 81 87 142 208 220 270 309 355 361 363 387 397 408 415 431 444 471 553 560 653 692 722 751 784 844 855 876 886 912 914 954 957 980 998
58 87 97 184 201 247 277 323 388 427 494 531 569 613 620 670 705 708 791 819 931 951
17 129 194 402 438 599 620 656 697 919
29 48 65 120 440 486
135 218 579 627 631 637 846 850
15 27 60 65 111 113 135 157 160 165 203 216 219 229 263 379 432 443 479 539 575 615 630 633 671 677 689 723 726 740 741 743 872 910 948 957 966
314
88 144 315 508 626 814 846
68 136 156 207 289 337 777
74 257 360
40 53 996
11 43 86 101 133 290 291 305 326 344 358 363 505 549 570 643 695 965 987
277 279 294 356 449 478
54 111 175 371 393 426 465 491 525 530 552 622 639 694 787 818 866 922
930
93 106 210 379 449 542 719 878 918 978
74 165 173 174 203 218 351 358 365 444 457 501 528 618 645 654 704 958 975
131 148 168 182 189 206 265 274 292 430 558 624 629 645 656 667 750 798 832 968
585 999
440 954
148 160 204 208 237 264 428 678 682 685 757
14 180 207 210 236 287 295 327 345 460 578 613 637 659 715 724 732 735 794 839
294 417 678
339 414 516 526 667 693 752
171 240 280 327 428 454 475 511 523 528 606 611 621 624 684 812 867 958
234 252 309 476 535 670 738 852 906
29 736
3 112 160 395 607 608 625 673 848 849 872 985 999
418 957 959 977
30 155 203 306 464 465 715 763 808 849
44 169 290 310 316 433 586 760 776
29 57 78 151 223 383 403 434 573 730 769 795 828 916 962 996
32 60 63 132 135 145 180 205 267 337 355 404 441 486 496 499 524 588 600 622 626 643 671 674 692 781 857 863 904 920 932 938 993
466 756 761 892 985
93 655 863
401 722
331
26 69 132 323 462 483 495 554 692 793 811 877 1000
236 424 525 708 765 814 842 926
154 313 317 706 819
700
143 191 229 253 333 353 366 454 473 481 521 643 766 855 966
77 235 770 901
543 848
325 343 533 588 603 691 733 776 797 882
862
223 537 559 717
393 517 641 759 858 964
16 60 103 112 124 135 196 320 329 347 372 420 440 463 464 490 500 585 632 638 678 691 709 771 808 864 906 909 936 939 945 967 985 995
82 126 162 213 366 419 500 520 592 642 670 828 838 845 936
488 633
53 124 155 197 256 303 405 438 549 716 739 749 785 860 872 892 905 977
16 502 516
130 230 270 569 637
174 192 278 281 296 297 306 313 321 344 378 379 394 446 466 490 514 527 568 606 626 641 680 684 751 786 947 988 996
922
26
895 953
426 494 558 643
306 337 601 946
448 997
254 372 386 535 632 704 769 845 898 969
575 628 904
18 34 59 153 192 233 240 513 603 605 715 716 799 822 848 880 910 990
20 78 99 310 428 610 637 656 695 853 947 958
57 307 406 517 716 745 776 916
3 29 51 69 72 77 81 84 145 150 159 171 186 188 200 218 250 262 264 340 371 375 423 430 448 479 502 520 526 612 636 666 716 745 747 765 850 862 894 901 935 968 996 999
266 833
82 352 371 375 392 570 782 880 896
249 250 331 345 455 605 627 660 725 743 775 909 912
305 760
3 31 57 92 100 108 150 188 227 276 303 315 398 411 491 512 526 534 546 700 710 866 900
4 9 57 67 290 338 384 503 581 608 667 690 698 764 929
155
44 144 283 323 364 441 576 670 744 784 815 907
2 3 48 107 222 314 331 332 346 406 434 483 489 553 562 640 655 669 676 791 824 908 982
84
816
360 365 470 645 728 865
20 25 69 85 122 203 261 343 392 445 491 514 526 542 544 578 621 622 635 648 660 667 709 710 743 754 755 855 868 898 950
52 109 171 205 375 555 765 769 840 899
245 290 433 464 471 481 492 553 702 836 872 909 939
103 231 273 289 296 377 409 425 497 500 523 598 713 743 803 912 937 966
55 92 133 324 365 380 434 437 466 502 537 632 633 705 706 854 885 953
80 571 650 677 714 733 799 983
86 893
53 169 470 613 618 650 731 748 888 897
134 190 238 271 327 354 357 367 379 574 585 627 857
189 614 866
572 647
233 638 741
33 62 94 136 273 287 306 323 529 894
468
502
616
608 709 751
34 54 273 626 842
84 841
169 195 269 278 305 610 749 895 970 985
28
77 266 810 946 953
258 325 359 520 656 724 866
337 576 795 952
35 74 275 318 450 554 556 577 652 802 837 843 849 854 867
66 84 138 234 244 267 292 327 356 399 400 431 459 464 539 573 602 641 646 678 714 726 806 963 970
54 274
134 279 375 506 525 597 623 707 827 833 876 936
7 13 15 49 68 106 176 180 211 229 323 381 508 509 524 540 604 676 719 744 833 866
296 534 622
20 145 314 324 352 530 735
42 427 432 738 865
162 383 391 602 637 764 940
13 160 181 205 243 321 690 731 736 940
19 103 110 156 225 236 290 312 337 344 355 358 360 367 377 403 435 502 553 579 584 610 655 674 707 716 719 785 861 876 941
77 359 371 432 732 736 746 915
67 105 330 618
18 495 653 690 712
767
254 643 956 986
111 325 517 564 843 904 995
55 75 92 98 111 134 156 225 243 255 293 320 359 419 423 494 520 522 553 611 617 648 677 686 687 691 706 718 768 804 818 855 974 976
194 363 579 887 923
67 89 185 225 275 295 371 405 414 456 465 468 524 684 728 745 751 765 776 796 920 970 983 992
22 52 73 346 383 473 476 480 489 543 677 692 790 903 969 976
155 178 256 289 341 360 423 591 644 672 679 696 756 802 804 827 874 892
211 760
192
114 250 526 548 599 867 874
220 285 363 497 580
318 357 571 712 800
298 634
13 24 83 169 268 522 765 947
7 105 742 838
5 397 503 926 967
21 58 263 276 293 305 348 361 596 599 625 714 834
256 311 525 577
4 43 54 163 176 230 298 320 376 459 472 541 586 600 705 731 763 771 776 855 933
365 415 812 912
117 594 658 712 933 949
31 265 344 976
47 62 130 172 185 212 297 305 319 368 416 473 491 502 517 527 671 688 711 718 727 754 801 841 894 921 938
264
155 316 433 562 657 696 861 875 977
522
89 314 870 944
27 46 61 116 126 188 211 217 219 275 276 314 464 494 495 518 520 594 596 626 798 821 823 872 931 987
884 976
47 106 243 349 353 378 468 547 569 838 959
563 627 725
792 937
71 220 252 482
4 8 42 60 66 103 157 189 245 256 268 282 331 353 376 448 479 489 509 562 599 615 632 676 683 684 709 749 767 792 875 972 990
139 156 250 275 296 393 406 453 527 557 813 939
102 301 311 317 338 409 419 456 498 500 635 670 704 740 853 868 880 958 961 963
367 394 464 524 573 808 902 940
528
635 675 917
473
39 68 116 296 371 402 507 508 576 632 640 642 654 706 808 831 855 907 923
19 32 322 431 561 969
610
10 126 138 373 433 578 643 644 742 829 893
43 127 307
520
11 40 51 77 124 319 387 469 480 744 913 986
81 218 228 325 338 343 532 574 728 775 859 960
14 60 103 114 121 131 178 239 344 363 407 472 636 655 704 762 793 803 851 857 858 883 918 935
16 187 463
480
46 53 80 106 110 114 131 133 146 156 172 267 273 283 295 305 317 325 327 408 424 447 456 458 469 472 499 504 514 537 603 643 677 684 704 716 727 756 767 782 795 838 878 889 920 937 964 998
910
207 541 651 864
787
163 448 581
379
51 497 512
52 476 657 822
174 177 220 361 711
20 29 56 117 123 150 236 268 294 300 359 369 372 380 400 401 405 454 490 515 533 550 579 590 599 615 621 659 662 712 715 718 738 753 806 837 844 888 891 898 919 923 959 993
94 103 333 371 378 438 448 461 472 561 570 576 631 718 727 765 801 860 929 941 999
16 80 225 288 358 645 660
192 262 288 402 810
29 53 71 75 83 112 113 115 132 155 158 187 199 225 324 331 339 341 355 385 394 423 425 429 467 488 493 557 570 572 575 621 649 669 673 677 681 688 764 791 828 836 848 853 859 884 908 925 926 954 964 967 977 985 1000
183 282 368 394 482 541 561 586 636 742 798 958 965
91 211 462 476 491 524 561 619 701 724 865 890 980 1000
622
232 280 399 470 712 893
1 117 452 547 613 678 704 748 813 916
48 516 561 614
520 673 758 889
231 266 316 399 448 451 940
805
33 36 108 187 257 281 393 407 574 725 773 798 806 841 846 849 855 896 939
9 257 798 943
3 24 31 78 170 190 194 225 227 256 264 277 290 294 327 368 375 391 394 400 420 433 494 501 532 542 560 565 575 603 613 619 631 648 662 678 680 782 822 829 830 833 921
15 106 398 488 819 867 868
53 69 79 117 134 249 362 431 490 585 623 654 663 677 747 779 856 884
10 36 48 52 145 166 195 197 207 225 260 267 301 320 350 367 378 381 432 459 490 495 525 541 579 594 642 652 738 743 769 795 796 890 892 930 955 960 966 972
121 126 363 397 454 559 609 645 655 665 808 858 978
295 484 660 873 958
11 77 85 122 149 193 243 333 343 355 361 362 374 382 385 396 401 430 460 555 564 573 579 706 712 729 742 815 885 893 966 968 982
55 392 631 688 757
231 255 294 417 554 581 665
188 214 228 385 390 504 733 741 750 849 989
659 943
36 135 217 308 395 404 416 520 555 607 710 752 776 801 808 818 912 947 952 956
37 643 768 815
420 716 756
176 517 528 618 681
263 463 646 697 712 928 949
36 234 345 705 736 988
135 198 212
227 255 284 314 440 558 562 568 712 749
258
145 264 365 490 777
81 172 216 309 336 407 663 693 887 935 981
43 111 184 244 257 313 473 511 518 567 586 610 737 743 751 771 849 873 912 956 988
774
69 216 246 254 288 365 421 443 876
19 100 213 460 670 800 929
48 67 114 121 202 208 213 232 284 345 350 426 446 538 579 595 609 729 854 857
228 313 318 889
83 171 191 355 403 804 968 971
608
39 122 143 152 160 175 185 240 343 447 458 465 477 720 736 817 874 910
155
358 722 825
5 33 104 108 119 120 157 194 199 237 246 259 270 346 387 401 447 448 491 502 593 616 632 699 702 705 739 782 852 920 946 965
122 333 954
52 111 476 730 852
409 656 669 701 749 773 977 996
284
324 461
16 119 136 208 216 264 392 477 713 858 868 912
221 360 508 538 625 670 990 996
112 189 237 392 454 472 819 932 933 947
8 24 37 97 214 222 231 277 294 358 363 429 518 551 656 669 727 736 738 741 769 778 860 901 940 949 962
7 47 50 72 89 219 248 267 294 308 377 389 397 412 443 444 491 521 565 737 744 790 856 924
33 293 562 606 652 687 828
87 95 208 550 556 642 647 733 754 773 870 920 979 995
260 467 631 739 838 866 961
91 139 357 786 961
40 150 159 161 182 274 293 474 535 548 683 711 734 823 828 892 952 970 985
5 23 90 101 128 149 272 317 380 385 448 555 563 653 736 769 859 895 910 939
113 300 366 427 481 489 558 734 805 892 912 1000
133 470 934 960
567 587
749 789
416 669 712 744 784 986
139 359 376 538 718 908 942
43 81 96 205 212 253 266 271 393 577 656 751 842 852 886 912
36 83 134 196 207 305 368 403 475 527 608 661 698 723 753 797 836 840 854 858 953
469 692
556 849
49 439 755 955
199 447
808
86 173 174 214 305 504 514 529 545 547 638 662 710 729 836 847 865 932
503 608 619 638 788 832 839 903
47 217 366 797
186 440 590 953
566
82 115 149 380 828 863
308
29 85 104 130 132 227 247 254 267 286 288 341 371 386 390 415 466 474 511 533 576 685 720 732 739 770 778 783 793 880 916 977
349 803 832
3 15 33 184 196 282 422 461 515 550 779 788 844 858 914
18 405
89 136 167 334 378 474 504 530 614 641 686 787 793 795 821 843
91 726 774 793
83 316 360 367 409 457 528 563 658 661 662 753 818 926 974 997
21 46 140 155 162 239 342 428 431 491 558 619 666 679 726 831 995
72 74 76 109 194 362 494 523 831 845
654 756
171 204 222 224 249 317 431 487 497 543 654 754 781 816 838 976
138 350 374 527 677 737 971
515 541
292 487 594 671 767 849 872
122 152 280 343 499 537 577 582 636 656 865 907 920 980
358 362 898
201 228 305 625 654 737 852
261 293 444 616 853
8 63 123 166 181 218 244 522 536 548 593 684
1 22 115 130 216 217 243 249 290 298 349 459 461 565 579 584 711 772
216 300 759
906
250 334 359 440 443 622 687
81 115 119 237 342 488 626 659 720 846 885 925
98 321 739 784 818
331 532 623 905
774
402 688 708 896
122 188 209 224 290 296 321 328 336 352 362 477 614 619 675 731 836 860 864 921 974
215 262 424 484 510 685 712
56 142 276 485 501 792 859 895 956
34 212 220 346 519 566 697 762 936
194 364
13 54 99 452 533 545 674 752 795 798 972 975
189 259 269 290 323 426 438 793 849 895 940
118 172 854 939 996
21 70 108 160 314 349 400 439 520 590 591 605 627 648 657 700 731 761 801 830 896
49 105 158 162 172 191 230 236 250 254 277 320 360 385 400 449 504 506 553 555 587 636 650 653 682 690 695 706 796 799 822 829 836 901 936 954 965 998
7 311 335 722
87 116 648 752
36 137 258 357 582
854
205
16 56 71 102 137 317 440 453 830
49 110 215 422
309 528 636 680 772 832
530
28 158 166 320 346 350 366 399 440 570 578 630 651 683 710 735 870 884 886 927
65 117 199 383 405 432 545 555 580 586 595 602 725 858 873 911 933 979
115 580 642 718 953
33 85 91 112 141 160 221 222 254 264 288 318 319 326 340 402 423 479 490 509 548 588 615 638 667 805 842 844
13 711 791 835
31 182 186 334 397 594 891
17 164 185 187 254 296 316 393 395 397 537 796 852 887 906 976
59 240 423 562 753 791 902 944
65 178 631
51 53 160 207 208 224 230 282 365 414 488 674 720 786 814 862 863 886 922 992
12 131 196 254 276 480 491 604 914 968
71 136 173 197 201 287 504 707 766 840 846 856 913
324 834 883
76 300 368 414 438 545 961 983
276
25 40 82 129 169 266 347 354 395 400 401 407 438 504 519 534 540 541 619 650 732 733 788 849 882 887 902 923 944 945
20 108 206 276 369 372 481 718 839 931
135 731
22 356 515 681 904
308 329 348 407 597 657 973
240 558 648 675
331
177 286 312 426 451 581 589 691 699 894
849
1 29 39 41 43 68 80 86 108 152 168 194 234 235 254 305 342 359 377 380 394 399 411 417 434 526 527 532 548 563 564 568 597 605 608 671 695 731 732 751 752 802 828 831 838 890 907 910 924 930 942 996 999
224
138 177 278 441 783
86 320 363 530 556 584 605 606 704 794
10 14 47 146 171 191 254 277 302 353 361 527 630 758 795 836 940 945
183 376 465 745 956
246
1 62 66 97 104 109 141 152 187 242 249 255 266 270 290 295 357 552 594 639 660 671 676 708 717 777 787 809 888 971
173 302 328 350 545 559 606 633 709 775 982
67 362 376 386 391 477 489 593 649 796 955 961
76 305 310 315 341 573 629 737 913
74 316 901
31 800
39 63 67 76 127 321 428 516 553 617 667 673 682 797 940 992 997
143 214 254 292 311 399 466 475 492 532 537 564 682 778 948 985
72 194 208 848
74 562
3 147 150 159 175 181 186 207 273 281 353 394 398 441 560 583 594 699 791 897 912 968 970
145 522 701 875
59 277 334 494
47 108 163 832 838
24 108 152 177 182 569 662 925
14 76 150 152 444 453 547 559 586 623 792
271
590 846
9 60 139 140 229 348 498 510 522 562 586 656 717 734 844 867 879 992 993
13 140 159 234 422 632 741
58 183 194 200 277 366 407 416 421 451 513 518 578 591 596 601 619 621 658 673 692 696 845 889 932 969 973
420
605
10 165 246 389 409 459 675 903
200 666 876 924
19 85 104 137 187 189 206 226 243 294 314 327 333 345 356 381 397 418 450 456 474 608 779 838 865 912 926
319 461 672 846 963
59 78 109 113 158 256 325 343 373 455 458 466 470 538 546 567 586 634 703 716 783 851 866 904 906 923 949
627 839 895
907
357
31 181 237 446 448 733 928 955 988 991
213
110 842 859
25 74 102 267 310 374 375 463 590 780 833 849 877
505 674 780 851
78 88 141 166 182 184 571 580 589 725 930
5 9 18 23 26 170 212 236 279 291 299 321 324 411 415 421 437 483 570 581 593 628 636 758 819 954 955
11
136 191 192 333 358 416 466 518 786 901
49 198 391 522 597
53 125 425 521 532 755
728
207 405 455
71 360 460 748
15 21 105 128 211 224 227 309 440 493 544 550 563 630 670 673 716 725 749 811 922 965 994
103 139 256 369 461 563 577
63 293 715
8 94 326 327 463 503 536 662 688 689 789 794 916
65 135 344 423 436 474 512 520 607 701 706 711 725 937
107 114 194 270 393 448 712 774 809 852
43 50 300 457 514 553 606 952 970
866
438 958
3 170 218 558
25 52 168 175 220 312 337 543 626 991
239 249 579
145 206 225 268 285 325 350 433 491 531 596 672 701 815 907 951 959 989
353 513 521
180 384
467
106 126 207 341 456 532 636 700 742 822 847 890 895 947 965
167 447 781
168 196 226 257 306 337 407 560 993
83 93 96 106 136 216 246 465 570 575 710 847 933
201 359
972
65 102 201 290 428 474 518 753 763 780 914 950
30 74 179 195 317 358 386 457 458 478 541 599 716 751 791 813 831 959 967 974
88 239 369 471 531 533 635 643 676 682 730 762 880 1000
959
43 132 227 271 310 339 459 626 737 786 796 901 946 997
269 948
27 96 131 144 275 294 359 593
24 771
68 240 260 276 351 378 463 526 535 628 672 715 736 741 775 806 866 910 970
164 275 348 580 586 643 646 670 748 829 916 938
28 77 147 249 376 399 433 449
334 350 456 843 905
456
128
4 109 129 138 310 372 447 610 646 707 758 759 787 800 873 958 965 966
26 161 164 211 217 273 284 303 321 326 358 364 373 392 443 465 495 522 541 587 618 634 637 646 673 728 746 747 867 875 908 931 983
241 342 499 569 924
121 209 722 757 779 787 818 928 988
10 83 140 288 500
92 305 369 436 601 668 979 982
23 43 71 144 158 177 282 286 317 319 387 408 432 520 586 707 848 934
16 202 256 337 338 358 369 445 524 537 587 675 707 737 769 781 833 933 978 993
427
128 456 493 506 560 945
5 57 645 664 792 800 886 912 937 996
469 664 743 792
61 82 110 139 377 386 389 410 448 465 572 661 667 713 754 834 882 883 980
6 39 41 102 112 249 288 411 441 699 755 799 871 893 996
12 115 235 258 302 320 370 397 569 586 771 831 855 926
55 268 334 391 507 523 889 972
61 476
316 392 467 626 638 914
35 57 62 68 133 192 260 266 291 343 389 404 440 461 585 616 660 726 728 987
66 67 74 108 109 119 187 188 198 209 245 315 371 410 427 456 514 515 568 576 622 644 651 693 742 792 800 828 849 928 930 949 954 964 975 987 988 996
21 175 202 266 270 325 447 529 535 554 648 694 766 782 822 828 857 873 946 965
679 783
683 857 861
69 118 304 325 344 364 532 677 698 700 756 776 790 984
345 418 496 538 635 653 754 767 824 963
34 61 100 179 194 201 314 318 326 360 370 430 431 510 514 565 586 639 706 745 761 774 785 788 854 917 923 965 973 993 998
33 67 96 123 145 204 207 313 321 324 331 455 495 557 593 635 717 721 826 919
45 59 67 113 130 228 231 238 464 547 563 720 795 891 898
166 470 510 822
55 60 484 599 614 743 836 970
146 200 204 378 383 489 697 702 750 774 836 944 947
106
31 34 51 53 55 94 97 100 130 140 143 150 189 193 195 239 302 306 338 345 370 461 526 574 582 596 608 620 630 633 643 678 682 713 760 778 795 804 830 838 902 940 942
81 99 118
121 141 143 159 253 291 330 415 449 495 531 544 578 723 812 859 900
334 829
11 109 155 183 203 227 248 275 294 331 334 400 438 488 586 621 680 861 899 929 967
534 664 756 874
542 826
18 26 199 231 281 304 350 351 357 376 386 424 430 432 460 474 481 482 504 516 553 636 654 709 720 736 882 933 946 947 985
966
114 291 719 880
68 84 321 337 746 791 894 942
128 205 547 663
236 287 336 343 356 377 418 493 576 785 902 913 919 928 947 951 985
45 85 95 258 352 411 503 508 554 625 646 688 696 806 829 926 981
18 58 85 155 541 732 778
61 85 191 256 265 390 415 426 474 516 569 574 606 683
7 21 26 132 191 223 228 246 260 264 363 469 489 553 564 584 660 683 703 789 827 929
254 568 580 621 626 727 809 873 945
510 703
922
389
538
56 143 217 221 323 439 586 598 700 710 950
240
4 106 151 215 258 292 325 327 344 355 373 385 409 492 499 515 555 594 630 643 671 677 726 825 906 908 932 935 964 965
248 926
142 216 370 395 408 433 548 609 653 718 831 940
214 751
33 225 547 833 977
128 180 281 301 332 380 406 410 469 536 801 918
396 917
4 27 32 33 82 126 134 185 197 227 277 284 287 308 409 419 421 446 449 450 475 502 519 527 533 534 550 605 607 612 620 677 679 681 684 703 741 778 793 814 859 880 944 947 965
106 137 144 202 436 537 599 615 687 848
63 65 79 157 199 302 309 415 502 507 528 568 804 813 829 831 877 910 930 939 985
116 470 719
2 24 37 181 191 204 237 245 280 378 384 391 454 483 511 532 600 602 611 628 779 782 873 917 929
142
43 70 98 137 204 207 226 256 273 309 318 331 339 351 379 383 427 446 495 586 605 694 902 904 983
386 530
74 156 198 329 349 537 666 674 691 914
728
92 110 129 217 434 457 538 584 876 894
289 363 408 440 522 735
222 228 359 360 361 396 553 797 809 842 882 969 975
9 626 808 818
22 45 77 127 213 238 243 300 307 314 408 410 414 415 499 588 726 768 772 808 824 829 860 933 989
22 376 478 500 537 542 576 623 843 946
323 599 696 715
12 34 43 52 66 69 80 150 255 261 284 286 295 305 320 336 342 386 393 395 429 557 617 638 649 694 699 729 800 811 818 821 855 887 905 937 942 944 964 966 970
17 24 48 100 215 255 601 649 729 774 855 876
933
126 209 789 802
323 639 771 799
109 157 166 182 247 259 511 537 546 644 697 810 837 932 935
539
416 600 709 910 949
14 45 67 133 134 147 196 239 290 304 316 346 359 439 542 590 607 631 657 665 679 682 708 710 718 768 810 833 834 902 910 911 926 936 990 994
77 163 745
258 318 428 504 507 644 678 735 745 808
74 177 453 470 495 619 745 760 818 882
199 310 336 368 471 517 522 635 637 675 721 807 810 913 958
154 423 439 547 604 655 773 910 958
685 730
50 802 825 992
228 431 630 769 770 808 966
33 79 147 174 252 284 341 389 429 446 461 525 660 713 806 824 825 918 945 954 964 997
23 55 168 186 204 274 285 300 315 463 472 591 593 807 822 865 892 929
2 4 82 123 153 218 315 325 357 551 578 633 700 735 741 755 761 805 815 827 952 991
2 100 192 222 288 344 493 717 756 873 933
257 317 573 694 857 991
21 57 60 64 85 156 210 222 282 370 410 624 695 712 765 846 867 999
515
54 115 147 210 519 648 832 852
10 53 89 163 179 195 247 327 360 399 450 451 465 632 719 813 820 842
58 112 573 856
142 156 164 194 390 427 514 534 721
3 73 80 103 148 176 266 269 428 476 478 515 659 735 747 777
530
22 475 508 524 846 924
1 8 128 134 223 263 302 305 319 325 361 433 456 471 591 604 616 627 639 682 688 723 826 841 868 908 925 936 967
17 29 48 71 84 156 184 199 208 237 246 255 281 285 290 292 345 368 373 406 449 505 508 510 516 526 568 575 579 600 621 676 693 730 734 736 747 766 861 863 891 910 911 913 939 942 945 953 962 975 978 979
5 31 44 76 93 101 182 189 221 222 244 259 285 291 355 380 448 548 635 647 723 739 748 790 924 925 948 953 959
450 585 673
106 487 598 651 706 945 998
674 926
22 146 396 505 543 589 659 723 754 822 930 976
78 129 202 319 646 667 756 769 865 915 988
95 159 242 348 649 784 823 891 921 923
213
38 114 152 154 264 308 329 335 383 387 398 425 480 515 530 555 605 709 766 775 785 791 807 876 911 933 977 986 1000
69 109 133 164 181 186 391 549 661 717 733 789 883 915 930
58 60 61 342 381 435 483 530 608 724 833 980
124 147 172 207 335 361 452 585 592 791 859 908 920
66 138 187 207 252 260 276 292 319 334 335 353 398 427 496 533 550 561 571 595 598 606 631 659 706 713 728 787 851 861 885 898 961
76 123 283 370 371 389 409 467 506 519 639 824 882 884 890 975
30 102 114 160 167 202 566 597 710 818 965 978
119 139 289 497 880
208 232 249 365 466 497 529 713 717 736 911
355
13 38 266 806
66 128 138 176 204 266 289 314 333 360 476 538 560 575 601 608 664 703 768 789 846 850 855 914 933
20 141 144 258 261 316 329 340 361 410 454 461 490 519 554 592 600 613 635 809 820 829 838 844 878 892 898 906 1000
596
72 123 279 304 317 396 474 532 611 659 712 716
228 546 728
55 111 139 154 225 230 270 277 384 496 539 571 689 768 803 830 837 882 934 977 999
444 933
3 22 26 46 68 145 150 157 180 219 267 347 358 414 598 668 678 791 990
21 85 108 181 228 268 296 308 316 395 399 465 481 517 519 554 559 565 568 592 612 658 690 743 763 766 777 801 812 813 815 842 843 868 873 947
100
70 120 380 462 651 661
180 241 436 489 520 537 717 848 854 870
85 184 239 255 256 269 403 469 472 535 726 827 855 880 891 895 896 964
26 138 185 491 651 762 909
239
436
64 84 186 223 356 508 532 541 577 600 788
17 41 243 340 364 384 409 411 412 424 441 549 563 642 723 869 925 936 987
380
33 174 221 303 401 981
72 626
51 92 221 278 350 357 378 446 491 552 613 693 746
25 450 599 792 872 974
3 74 133 187 251 254 302 377 413 535 550 562 596 601 602 608 947
79 150 248 411 422 467 477 516 519 648 649 729 734 742 934 943 949 956
130 636
32 47 121 368 415 555 716 794 818 872 887 910 946
418
270 553 900
658 667
89 93 167 301 380 647 658 662 693 912 921
88 135 208 247 267 294 352 360 387 418 431 465 539 556 688 943 953 980 998
354 609
28 41 56 58 68 142 143 163 164 189 205 215 244 255 295 310 312 378 382 425 428 492 513 557 617 672 689 700 706 808 817 871 899 902 917 938 953 955 963 965
7 182 193 243 412 423 477 493 496 561 630 645 662 670 797 907
209 413 584
9 349 625 991
109 381 597
61 458 533 635 663 969
28 63 101 289 334 369 524 575 600 639 642 660 677 744 776 964
177 513
157 322 396 517
261
94 438 884 892
35 846
357 546
541
21 29 53 115 134 150 176 224 231 253 323 448 461 506 617 654 659 771 785 826 828 836 859 951 976
157 160 291 344 445 960
48 58 335 731 750 774 870 904 911
384 680 843 992
419 625
383 430 439 629 712 720 785 824
4 25 63 72 121 130 155 170 200 209 243 259 281 346 377 446 614 681 683 717 726 738 798 852 911 965
155 170 176 191 293 491 497 512 515 525 556 612 699 763 860 980
293 439 691 703 733 866
42 78 186 224 325 403 476 508 509 671
66 200 277 361 385 407 607 824
106 146 220 282 519 597 598 670 709 724 748 782 969
74 465 542 953
139 223 237 254 534 906 910
451
42 254 285 338 354 403 445 570 730 747
688
34 170 615 737 782 943
138 194 207 246 452 606 835
125 227 390
6 43 69 166 171 187 194 299 433 488 511 546 682 697 747 911 929 970 974 991
832
76 126 212 252 398 642 813 897
23 169 235 352 445 470 485 612 706 843
525
501 667 756
15 940
27 59 65 95 141 165 175 190 243 337 407 486 612 617 627 723 897 948
898
63 92 209 243 369 385 423 490 531 600 620 684 700 721 762 823 984
34 182 276 308 382 400 424 453 482 495 557 563 577 609 617 674 706 707 811 835 858 893 894 907 946
99 185 247 384 636
232 247 433 636 891 947
11 176 177 226 367 474 783 843 951 962 973
194 308 342 505
201
8 21 65 143 167 182 364 416 431 556 607 660 664 666 714 948
74 80 170 182 229 238 253 297 375 431 506 513 555 590 650 666 788 937 942
35 165 417 549 852
10 47 137 150 161 205 289 323 369 379 486 501 534 565 617 692 716 733 768 827 892 939 943 963
145 238 527 594 747 765
43 101 117 147 153 259 260 340 468 606 659 663 676 691 705 746 771 844 881 886 948
9 16 104 107 109 129 150 171 344 403 447 514 554 701 730 749 761 785 868
386 407 453 810 896
30 37 103 170 184 224 230 232 538 585 626 630 742 827 828 938 947 975 986
20 48 56 75 128 210 263 328 337 392 506 597 611 634 644 690 700 711 735 738 748 782 936 958 968
82 209 291 942
509 654
66 312 352 411 445 491 517 717 742 761 794 824 888 961 963 994 997
6 162 193 260 265 293 297 334 393 444 620 634 645 680 724 882 976 984 997
58 384 405 487
45 98 109 163 377 385 469 487 537 555 610 679 815 876 939
13 45 67 101 112 138 211 256 281 327 351 355 388 405 497 520 561 743 761 829 832 887 987
188 375 816 928 992
138 157 236 295 311 338 415 457 514 563
227 697 791 950 959
275 659
6 28 42 72 73 80 132 152 196 204 224 256 268 289 291 292 301 304 313 352 357 360 366 369 373 390 391 404 413 439 442 483 530 538 565 579 587 593 599 611 655 674 683 706 743 760 812 827 847 855 861 921 944 973 983 985 995 997
42 112 120 152 181 801 887
9 10 56 170 204 347 402 549 600 648 712 868 881 898 938
91 150 196 215 223 250 260 290 339 360 396 450 509 533 601 605 723 778 859 955
221 694
66 79 107 156 676
1 38 77 83 95 101 130 146 281 407 488 525 541 611 648 672 798 815 827 859 869 873 881 999
217 327 368 416 617 698 704 739 743 749 899 921 936
60 70 294 469 652 779 899
26 467 799
5 15 79 92 125 220 230 297 328 364 367 371 379 431 432 500 653 677 690 692 712 794 892 954 996
1 3 157 249 452 548 589 801 936 965
628
248 712 865 907
652 864
214 336 686 850 900
3 239 261 391
639
156
24 33 165 184 187 190 280 333 349 386 428 877 983
8 16 30 121 169 260 317 348 414 438 498 509 614 661 712 778 921
79 250 531 634 729 876
4 11 52 211 230 375 418 506 583 820
69 84 387 467 546 581 671 828 874 982
61 288 719 852
20 280 292 336 399 406 653 683 700 865 953
231
261 428 541 571 829 855 930
14 145 307 453 753
242 511 562 590
420 585 709 928 958
56 213 224 323 354 496 803
6 207 461 561 648 650
100 374
673
425
139 159 286 373 524 665 852 891
20 63 85 306 388 500 622 750 828 849 857 961
65 95 204 320 597 794
7 50 58 105 182 203 217 270 314 344 400 467 487 490 502 578 585 660 734 807 810 832 851 991
19 54 67
42 167 217 359 440 456 466 478 508 546 608 678 695 746 826 827 828 855 957 976
177
559 834 851
46 56 79 98 130 183 193 290 405 418 462 482 487 544 563 602 633 636 829 845 916 941 967 974
211 580 626 703 723 724 868 915 944
1 6 9 15 53 58 60 67 77 82 172 181 207 212 245 254 294 298 335 347 350 369 405 494 496 508 590 591 613 614 647 676 747 749 787 816 880 949 953 958 973 983 985
146 154 194 210 390 636 690 697 879
115 363 408 442 469 505 569 602 619 657 687 716 754 758 922 929 958
10 61 64 69 76 132 140 196 198 298 335 363 392 413 433 467 495 499 584 591 601 623 659 675 678 699 722 746 799 820 821 861 911 943 957 979
815 969
277 323 381 565 691 701 855
22 82 284 416 520 589 617 716 771 777 881
99 154 172 335 365 387 451 530 731 903 963
79 587 620 944
271 522 596 632 967
528 613 632
66 150 153 373 390 469 646 652 829 903
40 88 97 182 302 399 582 609 648 693 933
49 113 293 299 320 439 464 514 640 648 675 796
141 275 334 386 433 479 518 683 808 910 966
8 154 175 194 219 387 413 509 515 576 616 631 632 644 695 745 839 899 949 956 966 974
375
85 114 123 131 134 165 167 191 200 233 245 284 296 301 344 363 393 455 513 533 548 562 567 579 588 633 727 769 786 849 855 930 946 962 964 972
204 249 391 470 477 711 894 996
192 359 435 521 626 932
255 398 458 549 562 617
50 453 640 704 906
176 326 722 744
1 195 376 424 580 829
112 141 160 223 420 421 423 429 520 532 590 613 653 800 818 833 850 976
755
58 319 336 368 385 449 497
15 33 80 145 180 391 496 529 790
10 235 312 539 552 922 964 1000
934
173 238 244 262 263 379 458 481 490 491 492 596 722 726 758 762 777 784 792 842 938 946
2 10 13 74 96 164 191 349 453 517 831 862 904 913
18 36 242 378 390 410 460 466 665 747 763 786 848 959
457 937
454 498
117 136 239 328 337 341 495 527 550 586 602 716 728 815 824 852 881 905 934 943 967
611 616 889 916
245 280 289 334 403 431 572 577 590 763 805 840 855 878 978
95 484 585
488 618 805
22 39 107 110 198 219 225 258 271 295 380 513 538 637 670 686 712 795 994
162 299 751 940
51 54 241 269 344 367 478 570 606 646 693 718 841 868 903 913
101 170 234 281 330 363 470
284
40 115 135 158 321 341 443 538 597 605 820 896
21 44 54 111 223 358 395 440 463 471 522 530 565 567 600 643 751 784 797 928
105 255 288 296 475 965
34 52 101 116 226 294 404 411 590 628 765 851 913 915
66 233 265
331 505 742
10 486 530 564 623 781 849 896
29 49 78 182 395 474 551 766 773 805 953
62 429 676 750 789 899
10 34 49 202 276 436 469 668 863 884
163 297 306 575 722 723 791 943
32 114 140 181 257 468 504 684 721 799 873
498 781 819
25 35 93 148 192 208 226 311 319 440 456 538 539 543 570 593 652 664 679 681 740 758 822 826 836 850 889 890 914 980
13 31 51 329 366 408 873 960 998
388 875
9 76 404 756 952
548
201 280 329 599 724 800
213 379 447 640
57 61 66 83 138 143 165 199 243 296 383 435 524 609 641 720 760 788 965
33 48 108 193 413 476 502 645 708 783 889 938 971 992
770
206 300 307 320 330 373 526 670 688 700 738 754 755 758 902 994
37 340
545 924 963
133 203 407 498 722 782 795 984 990
213 305 581 754 919 935 985
11 99 171 266 410 517 707 861 954 974
15 146 603 717 771
442 632 939
83 85 110 167 211 252 262 303 335 434 499 540 548 598 614 627 661 701 719 739 762 821 823 835 852 878 964
11 46 82 116 140 164 190 217 222 234 243 272 295 314 359 392 489 499 525 545 564 588 632 728 731 762 773 799 826 876 889 893 896 899 935
332 359 599 637 847
449 603
391 439 482 576 625 681 744 747 787 789
75 150 226 237 269 299 408 440 500 544 741 780 823 853 978
131 140 150 276 351 490 579 624 687 725 747 877 912
30 41 77 178 286 347 439 470 484 513 529 631 635 852 890
137 163 261 343 558 584 590 804
125 630 825 896
239 436 459 461 528 603 774 877 951 954 991
110 116 137 199 202 243 359 398 411 415 501 562 588 633 774 818 841 850 867 888 892 918 926 933 958 965 972 974 984
34 495 618 647 765 919
66 70 253 376 401 468 476 479 531 607 672 831 871 897
280 287 363 496 535 768 959
143 163 299 303 515 857
115 164 225 315 353 376 396 554 711 912 914 989
6 60 662 810
200
80 115 244 545 627
12 73 108 130 191 499 529 552 777
67 191 269 454 532 573 735 762 827
30 76 193 265 266 342 869 875 928
37 98 117 332 342 393 398 458 513
17 64 77 303 603 774 780 968
145 773 889
163 223 517 556 728 909 917 995
244
990
68 70 149 180 244 322 374 418 451 784 829 924 952
822
146 241 390 649 748 822 946
205 322 365 750 796 852
649 808
324 535 673 811
488 587
15 130 197 220 328 449 589 696 847 951
74 90 321 526 603 653 824 862
210 224 313 397 408 571 693 741 749 882 900 923 924
573 616 782
10 83 112 298 389 527 530 577 722 739 791 797 819 838 963
117 578 727 821
3 63 139 142 165 193 252 293 316 366 429 434 453 457 465 497 504 590 601 629 812 841 881 893 955 987 993
444 673 817
563 894
130 286 356 509 510 694 761 903 991
95 113 186 257 363 409 463 667 675 759 786 935
26 87 116 127 157 173 218 226 231 236 304 349 355 363 366 429 433 536 550 561 562 683 772 773 819 858 881 965
431 576 770 933
106 119 181 196 370 711 712 737 881 897 899 902 927 937
133
322 394 432 508 520 766
127 215 267 287 391 403 407 432 466 546 560 611 664 754 900 941 990 994 998
205 296 615
2 91 102 136 297 401 412 421 460 742 788 874 910 919
49 540 587 645 783
165 738
35
257 614 776 802
2 3 10 59 85 102 187 188 260 287 315 368 397 494 501 630 659 737 739 794 813 884 975
401 405 674 700 900
667 763
25 213 287 443 569 630 683 734 813 887 889
207
482 691 697 767
118 234 313 403 782 834 845 848 983
42 58 75 216 250 257 278 317 344 391 433 439 671 855 860 911 961 979
26 30 41 266 301 334 408 863 868
156 163 181 218 219 238 241 416 489 612 685 689 755 784 802 812 983
107 241 431 530 538 539 616 820 852 934 962
47 210 214 233 363 364 492 503 535 565 618 640 642 647 670 732 734 736 746 767 776 799 807 832 896 946 994
144 186 801 862
46 262 298 366 438 462 739 851
477 495 504 575 641 667 698 744 781 991
14 19 40 128 264 328 533 549 570 575 698 718 724 729 834 931 986 987
83 171 331 346 424 457 487 545 619 672
39 192 260 283 292 362 390 392 398 536 601 661 663 832 904
26 44 61 84 113 136 137 189 217 219 269 274 278 286 336 342 395 443 452 483 536 541 549 624 697 709 748 771 806 838 857 865 902 908 928 1000
101 585 596 733 819
25 71 129 177 188 197 198 288 411 418 430 483 517 544 614 651 736 795 876 896
87 574 675 842 854 928 977
393
73 300 303 307 441 453 725 782 797
45 163 214 812 848
132
138 315 513 595 681 939
434
44 312 344 434 597 649 670 709 858 877 916 926
34 120 126 155 173 242 276 298 312 345 374 389 396 429 475 480 484 512 520 537 548 550 584 586 654 678 680 730 743 795 844 910 946 959
419 664 831 966
135 737
390 921 990
46 68 209 259 275 350 379 497 503 536 549 644 659 706 789 795 821 837 848 851 891
210 901 922
11 106 128 140 142 175 218 310 324 402 487 500 589 631 702 766 815
169 643 662
119 159 177 312 422 468 487 545 650 705 771 789 824 880
60 237 252 379 428 450 474 571 814 866
103 108 274 277 423 477 496 523 534 656 772 809 941 978
4 22 62 124 127 165 182 189 490 491 557 586 615 625 637 695 752 788 837 867 962 972 974 977
2 11 49 89 233 240 283 308 310 414 519 604 800
755
281 287 328 446 461 475 476 485 568 570 666 758 761 837 866 918 953 984
93 122 173 179 311 383 395 534 606 767 829 980
68 94 316 578
320 473 929
159 167 818
909
174
137 146 562 564 704
149 231 478 536 537 622 754 852 876 914
232 294 369 411 421 639 754 759 782 785 829 928 1000
460 855
174
51 227 691
22 217 318 418 670 782 879 886 896 903
35 64 112 122 132 194 204 229 241 349 406 426 452 468 469 480 536 570 604 649 659 743 747 798 835 838 911 969 981
701 981
687 747 919
84 158 190 226 264 304 359 407 426 472 487 539 569 791 892 914
411
141 142 194 197 247 260 298 435 511 545 547 806 952
36 152 257 347 437
72 85 292 463 835 973
898
222 225 380 551
31 53 102 152 348 416 423 575 821 888
347 458 626 758 786 797 807 875
351 362 666 810 975
4 12 54 175 377 506 517 569 601 725 732 785 807 819
8 251 288 294 534 565 568 573 760 768 789 806 918
73 77 124 125 214 247 342 355 378 384 388 404 419 433 514 532 536 579 583 608 627
18 41 81 261 270 370 393 541 698 775 854 865 934 954
33 35 58 162 342 492 619 880 893 936
18 91 191 469 517 747 778 806 871
215 296 393 452 466 505 654 695 966
12 104 105 159 176 303 321 401 467 501 588 973
141 144 308 345 369 391 417 524 642 788 806 818 831 848 885
44 222 338 414 636 739 794 906 993
51 441 662 724 958
13 27 93 101 166 213 229 271 463 590 616 626 663 777 839 865 916 918 930
15 79 118 177 301 313 402 411 449 621 642 670 706 729 767 775 813 817 923 933 964 973
353 532 542 549 647 677 932 993
21 44 62 299 321 508 520 526 829 851
45 93 167 254 312 361 495 643 724 797 850 884 999
433 690
4 23 41 105 108 127 187 204 251 480 491 558 579 783 834 837 859 904
888
50 222 574 674
28 123 184 875
317 898
123 238 479 990
21 24 25 61 89 120 190 196 199 233 236 279 312 321 347 373 382 389 397 398 413 438 440 471 530 556 585 591 627 647 662 686 725 751 754 764 781 825 864 907 919 929 957 964
38 176 179 337 369 403 433 493 637 776 841 950 998
148 160 223 240 687 839 921
23 38 105 177 198 203 285 331 333 449 455 460 585 600 605 635 688 701 742 772 782 907 918 920 952 954 981 985 996
416
25 79 190 393 588 658 732 876 965 978
20 618 922 980
164 326 404 887 919 991
65 324 342 354 371 508 562 594 709 726 751 927
7 101 135 905 937
21 30 107 143 145 148 202 306 335 363 405 560 597 635 796 797 810 835 915 925 955 968 987 988
12 52 156 175 220 226 235 271 294 333 351 361 382 416 444 504 597 630 677 705 713 747 767 780 846 852 983 986 999
415
512 821
357 484 525 594
21 85 110 117 219 242 393 478 644 651 663 732 744 844 869 897 910 970
247 291 581 670 860 887
3 11 191 258 297 363 392 432 625 749 814 948 956
697
696
26 186 252 255 563 648 793 872 955 963 987
51 170 284 297 353 355 389 506 611 702 822
22 28 130 218 294 439 590 836 852 947 952
500
93 247 861
42 44 241 273 276 282 520 842 876 925
65 379 456 462 570 634 640 909 948
24
8 58 527 545 568 602 612 737 758 817 878 944 949
6 51 110 140 182 222 261 263 331 426 533 534 567 568 648 695 748 820 828 863 901 908 975 978
16 35 101 143 150 160 199 271 324 350 384 391 392 404 441 455 476 478 504 526 533 596 598 620 634 635 644 650 707 708 784 814 815 832 836 874 890 963 996
596
38 93 255 275 735 842 876 966
298 368 758 952
22 98 124 139 163 307 355 395 466 514 570 586 686 712 734 749 758 777 786 805 825 915
38 75 80 90 132 202 210 263 316 353 436 460 468 483 507 523 537 542 561 625 651 742 758 874 912 922
9 14 29 53 90 139 231 237 239 251 269 298 325 351 356 381 383 460 489 528 577 681 751 770 835 859 862 928 933
24 178 196 385 465 483 528 533 617 659 739 803
670
563
1
6 31 37 106 140 156 165 201 280 316 366 370 379 406 425 435 509 533 551 560 565 566 642 700 710 727 765 771 798 805 810 837 851 918 967 977 988
108 116 144 273 314 456
269 983
477
15 184 208 265 300 375 413 436 472 641 746 863 929 991 992
98 105 601 644 699 790 812 949
20 27 115 139 287 425 630 718 763 795 830 999
42 44 90 202 214 289 412 561 797 911 923
147 186 364 369 486 618 637 671 725 768 932 956
115 134 194 199 219 231 254 350 423 462 505 512 579 622 648 759 766 862 942
97 128 170 488 573 592 743 794 881 892 928 933 971 986
277 397 530
156 210 304 493 511 622 717 739 740 885 982
19 292 383 558 585 608 724 753 969
68 84 111 274 337 352 399 579 614 805 923 975
619 653 840
152 226 230 255 260 270 294 320 356 445 502 586 608 689 793 824 847 878 957 974
74 102 121 132 166 174 179 219 280 356 365 418 444 543 569 573 601 623 644 666 800 850
184 442 484 994
33 120 194 201 441 450 510 522 626 655 722 816 895
456 467 621 849
7 17 51 71 92 171 182 251 266 272 290 312 354 385 407 412 436 437 501 559 571 584 636 652 711 735 837 842 895 904 917 935 965
41 185 218 250 358 378 529 569 611 707 889
808
18 193 244 464 511 711
622
23 29 42 104 105 115 168 172 189 268 281 300 319 337 343 502 517 553 571 618 636 676 694 713 716 767 808 845 878 976
573 892
14 38 122 127 227 255 358 459 520 540 567 607 925
3 129 209 247 367 452 460 510 548 599 609 623 700 778 787 788
41 62 84 175 206 456 542 586 606 633 659 661 692 704 934
44 155 219 230 248 253 299 343 344 357 377 386 398 410 500 507 546 659 680 690 695 744 796 797 806 808 811 842 909 945
180
412
497 663 737 895
8 262 708 803 914 921 929
10 78 107 312 316 451 512 591 617 649 654 667 712 754 858 874 882 891 908 940
6 31 206 241 317 342 486 564 651 668 753 869 919
89 175 529 661
150
5 74 121 189 238 290 366 384 448 660 704 741 777 861 945
415 637
11 43 125 261 298 333 409 516 550 552 626 696 705 711 720 750 816 966
900
442
234
2 125 430 522 645 663 884 917 982
17 43 357 367 383 453 655 743 858
101 134 147 166 257 267 277 279 285 360 374 430 433 461 464 495 928
437 441 452
51 107 158 226 270 298 356 519 557 576 583 601 603 661 707 713 721 883 952
74 189 190 228 414 514 640 909 924 965
45 106 153 189 431 437 537 579
112 372 555 633 956
38 261 307 509 636
121 249 284 361 393 434 442 500 535 658 691 704 734 752 776 987
160 220 296 389 400 433 574
630
108 526 796
108 155 202 267 393 423 472 514 770 789 830 864 935 945 977
15 127 202 408 433 478 557 609 612 677 801 838 998
43 127 137 343 365 430 549 688 755 788 853 972 1000
39 63 108 111 195 211 224 239 245 268 328 355 392 448 456 462 519 536 635 673 724 760 796 831 904 922 948 989
74 211 662 725 809
9 57 184 296 315 341 547 556 669 896
17 69 72 126 241 305 323 343 412 436 454 466 474 489 493 516 526 588 599 600 757 788 816 854 884 920 924 962
133 155 935
78 178 321 330 577 756 912
8 13 159 194 226 263 274 361 532 601 741 753 808
402 987
1 19 20 80 279 299 301 325 358 598 604 627 766 787 847 938 992 995
64 849 946
53 196 294
48 101 120 246 252 388 693 758 910 957 979 1000
104 178 183 246 289 294 378 402 422 638 701 709 720 727 832 883 937
11 139 148 229 241 246 305 306 333 384 393 450 480 492 554 573 581 615 621 656 680 687 689 704 718 808 834 861 867 877 886 930 966 968
57 99 168 397 403 416 423 464 578 623 647 667 758 872 958 961
979
145 614 740 756
4 5 58 176 255 403 409 434 459 466 530 621 627 731 764 785 873 885 894 900 929 965
519 652 751 810
109 398 988
360 739 885 986 993
328 474 666 897 914
135 143 200 233 275 440 485 505 538 594 759 834 911 951 953 972
46 76 108 197 265 382 387 391 432 545 569 591 994
182 546 871
87 107 127 353 368 405 555 839
3 40 59 82 253 359 421 441 485 513 577 585 700 714 771 810 857 944 950
162 177 236 254 366 379 406 411 413 455 529 697 699
69 322 432 462 491 560 943
363
50 65 144 166 238 256 260 301 364 376 400 431 454 563 609 619 650 817 891 957 970
51 320 321 432 451 496 677 929 979
686
381 449 655 801 894
20 131 179 199 291 648 716 751 944
308 519 543
30 35 50 224 309 332 450 476 484 509 618 748 847 880 959 972
406 708
122 177 255 516 580 820 858 903 973
93
717
1 17 33 41 188 355 424 431 443 479 657 678 734 754
43 94 158 191 198 287 348 453 470 568 587 598 680 718 821 906 915 924 970
45 52 97 295 469 516 548 654 766 838
619
88 94 282 403 465 474 557 609 933 984
81 141 699 844 939
4 90 108 138 195 287 299 471 474 524 533 574 589 613 623 662 752 883 923 965
6 264 303 438 590 612 832 971 998
474 893 976
25 42 109 141 166 204 226 234 287 294 456 467 485 538 584 591 602 622 757 863 985
278 338 353 494 495 530 557 581 664 669 862 863 865 963
294 684
343 592 659
93 160 780 796
246 307 461 527 641 860
22 106 158 407 408 444 679 711
87 112 202 209 351 471 973 984
509 511 675 944 962
830
396 580
180 268 626 815
1 60 113 179 181 193 438 580 626 644 668 856 880 951 999
32 48 308 403 446 486 684 721 879 901
82 87 341 461 519 545 608 631 667 706 752 824 851 862 876 957 963 972 996
144 268 273 409 760 794 809 818 844 909 932
12 70 121 177 185 238 751 983
12 107 177 192 242 292 295 329 345 355 459 498 505 560 566 568 692 720 763 918 934 984
32 401 607 900 947 1000
281
741
36 370 438 483
84 116 208 269 289 350 524 542 873
133 232 246 432 507 509 519 549 601 736 737 778 790 925
37 76 215 252 404 460 555 557 693 754 949
60 371 517 984
81 113 164 183 246 268 270 311 333 345 347 362 516 518 531 555 648
105 210 312 400 510 512 518 529 562 594 618 670 745 765 787 806 832 855 882 901 939
310 399 929 999
6 10 24 32 35 50 61 62 99 116 122 130 182 203 240 271 288 289 296 301 304 340 342 366 375 400 409 414 436 452 464 473 479 492 503 521 540 544 565 574 611 616 619 635 639 646 651 657 700 703 713 746 779 808 809 819 831 846 849 851 863 891 934 942 951
661
5 46 133 139 263 295 383 440 462 478 483 551 700 759 837 912 925 926
6 25 43 44 204 368 383 501 554 579 594 613 783 796 864 886 912 973
548
191 226 254 255 362 386 491 542 620 636 770 798 811 855
101 242 355 370 450 534 552 566 744 813 837 866
8 251 982 987
6 25 105 126 132 159 170 174 257 260 261 307 314 399 414 427 431 447 465 535 557 564 594 612 717 727 801 929 954 999
402 556 603 918 942
20 677
86 116 198 272 277 351 410 412 463 483 520 540 562 582 647 699 710 773 908 928 969
255
78 175 183 262 327 374 550 702 837 865 902
251 370 403 418 653 711 725 771
510
926
1 202 220 243 269 360 365 405 426 489 511 529 597 609 706 707 710 791 808 884 975 978
166 432 759
39 174 227 347 912
44 45 55 81 256 291 297 301 316 382 458 900 922
440 566 797
29 51 73 77 95 154 184 186 234 306 342 364 405 462 470 501 519 571 597 669 670 727 775 863 908 912 948 976 992
370 473 837 849
25 302 753 935 941
18 24 72 270 316 416 450 524 559 718 748 768 785 807 825 835 839 900 910 923 930
553 726 756
9 155 168 291 474 566 673 732
222 227 312 351 474 819
354 446
286
885 973
32 68 184 433 448 500 565 578 613 664 670 742 752 769 786 846 888 893
231
266 294 298 313 376 383 410 489 556 655 681 719 790 884
513 713 841 932 1000
24 102 144 156 200 361 372 427 515 523 533 545 611 616 626 741 773 806 853 922
354 557 768
304 338
87 144 227 269 301 302 351 385 458 478 541 547 616 649 689 706 721 789 876 935 985
22 32 38 64 111 115 168 250 333 352 364 373 378 415 417 432 440 464 466 479 513 528 538 545 547 561 570 599 602 623 626 692 695 698 724 750 790 796 809 833 913 967 970 974 976 978 989 999
666 670 841 928
255 305 953
111
8 54 78 81 93 116 122 143 160 177 191 243 252 255 271 288 334 372 426 495 504 509 515 516 527 532 575 578 663 681 690 703 722 739 747 756 758 768 816 836 936 969 978 997
465 638 953
857
8 26 32 41 62 89 103 175 203 456 488 518 523 547 599 615 696 704 725 770 778 785 791 828 841 937 946 966
676
160 166 171 196 238 367 387 398 487 578 590 681 687 744 777 849 864 877
300 480 717 847 882 975
28 35 126 180 212 372 418 552 718 888 967
361 402 761 878
34 240 950
123 205 220 274 305 667 678
47 51 68 112 117 255 293 506 532 584 608 688 724 767 944 946 984
98 114 127 157 269 288 295 303 390 391 501 594 808 853 871 954
35 143 266 867
68 205 244 284 314 356 372 387 415 495 542 543 605 653 660 677 682 701 729 931 935 998
2 190 277 481 604 657 753 884 915 981
817
125 323 388 583 676 756 889 986
57 168 533 574 743 885
113 173 300 307 377 574 576 665 815 819 848 890 928 999
82 589 627 771 902
50
117
50 85 166 181 190 214 277 309 381 401 580 624 652 678 701 707 726 749 754 764 788 838 905
38 94 560 565
54 177 283 756 872 899 965
216
32 62 273 377 386 416 630 798 842 863
333
78 87 124 126 132 349 464 514 572 597 603 611 722 943
48 65 103 126 164 194 202 287 302 435 469 570 708 732 748 769 964
68 194 206 254 341 517 532
57 85 276 294 341 566 593 681 827 935
151 346 361 457 639 670 759 767 784
16 52 73 91 242 278 325 398 425 516 551 601 680 736 799 812 817 855 869 947 956 972
332
8 114 197 259 265 356 406 504 512 599 602 675 738 744 873 941 974
171 195 357 684 880 909
88 124 382 653 871
125 797 973
14 217 274 280 344 349 388 403 457 488 658 838 881 894 959
119 230 380 684 789 888 959
183 284 483 511 605
836
146 235 273 390 545 553 577 824
224 574
97 325 585 724
25 288 428 549 960
7 11 72 96 135 160 172 185 218 269 291 371 493 537 692 858 903 996
858 993
101 179 207 239 295 357 445 500 564 614 623 672 685
247 340 524 735 842
808
100 110 129 132 141 158 220 294 297 327 337 344 400 418 452 469 502 509 521 530 540 583 617 647 671 679 698 701 705 714 717 792 811 831 854 860 932 963 967
205 247 351
34 128 200 300 560 635 729
204 547 626 747 760 811 876 890 977
225 299 429 481 586 756 866 871 916 953
428
418
72 107 153 238 300 468 534 619 813 859 934
117 192
237 279 372 715 748 961 973
24 644 645 726 737
444 656 949
108 599
614
3 114 470 517 519 815 938
255 836
56 389
231 244 307 424 539 587 686 750 850 912 958 971
114 191 198 248 332 530 642 668 713 717 944 984
20 108 114 183 259 329 382 388 475 574 608 699 828 866 934
246 583
438
50 170 198 253 778
50 266 458 502 568 704 892 1000
4 62 79 86 87 95 128 257 362 422 454 533 644 704 885 890 899 983 987
702
110 158 294 537 761 773 909
705
48 101 191 197 215 279 411 413 418 494 655 676 691 943
190
84 506 714 880
72 94 242 250 694 702 881 901 974
12 36 66 97 204 243 245 248 268 341 373 461 507 634 697 739 742 814 936
111 450
8 100 228 256 433 511 535 663 726 768 794 928
342
176 178 292 366 369 379 397 452 455 459 475 533 563 642 716 720 760 847 895 909 959 977 995
145 147 262 388 437 472 763 930
50 88 91 120 144 205 283 326 452 569 679 759 917 937 942 964
79 321 351 393 396 508 653 720 743 926 948
367 403 473 526 838
109 308 324 369 515 562 745 959 966
267 278 397 447 612 968
122 136 144 318 536 577 681 766 799 829 835 884 887 979 996
255 319 323 460 550 563
190 283 405 409 946
137 202 275 559 647 735 765
11 26 136 141 180 268 355 394 543 551 556 642 970
410 854
157 188 336 358 371 418 506 670 743 764 773 900
249 286
12 226 261 305 903 997
327 392 502 785
46 49 53 72 100 116 120 137 184 191 216 226 239 310 368 471 483 548 626 673 677 682 691 742 776 833 894 899 915 922 928 931 986
9 72 85 187 239 260 376 411 437 454 602 665 682 692 720 732 755 855 889 909 914 916 918 966
21 68 173 228 265 327 340 347 361 472 549 562 569 612 628 651 727 734 748 794 803 858 863 943 969
2 72 73 150 156 217 292 470 539 582 602 663 745 785 887 893 925 961
9 118 196 210 211 832 935
52 377 423 451 902 927
444
49 50 257 427 452 460 563
60 97 108 114 155 156 170 210 270 272 275 296 403 449 670 684 743 785 796 871 883 954
64 69 76 79 103 111 113 134 140 254 276 284 316 324 354 356 358 359 376 377 380 464 494 496 521 522 543 551 571 574 591 603 702 714 756 769 775 792 835 881 882 886 931 968 980
121 478 548 865 955
735 971
63 147 170 209 216 261 306 359 420 625 739 742 810 899 941 966 995
27 312 984 985
132 197 314 463 518 770 807 858 898 975
50 215 448 480 567 695 808
6 19 61 79 383 414 468 471 614 758 797 804 966
91 308 345 373 505 812 846
5 24 30 49 62 87 93 99 157 165 173 174 196 204 338 391 462 464 483 519 573 595 694 700 703 805 811 921 939 941 947 970
8 902
307 527
156 240 295 672
222 258 274 398
23 24 41 97 104 114 117 178 236 343 414 460 480 638 717 718 723 726 739 864 969
744
108 592 841
209 245 327 382 502 547 845 866 962 970
640
592 810
117 180 273 294 586 633 668 784 898
54 103 145 235 261 355 500 633 669 705 730 790 995
197 199 231 263 270 296 594
17 38 58 83 107 113 131 137 159 258 283 363 365 409 462 463 468 501 510 539 546 552 572 582 597 642 689 713 736 737 775 782 790 794 821 837 854 885 891 892 898 911 916 925 928 946 966 987 991
264 457
54 137 321 706 776
116 344 583 694 753 933
42 119 122 152 173 182 191 195 210 212 224 295 391 526 544 547 696 781 829 842 893 914 938 961 962 988
19 108 158 171 194 220 275 407 411 462 495 501 567 656 660 694 737 768 816 828 829 910 964 971
20 433 454 468 931
200 219 314 316 450 582 623 957
38 180 207 245 269 325 357 401 461 464 469 666 873 985
116 180 281 335 608 830 878 970
379 441
261
11 276 307 422 535 612 727
275
528 673 783 976
11 47 145 262 272 352 470 489 525 553 595 619 766 804 914
25 51 102 132 222 383 545 645 687 755 761 936
227 300 449 628 704
404 558 836 991 997
163 180 189 262 276 334 363 457 470 706 765
28 106 394 427 504 539 569 643 748 783 983
290 393 596 659 713 857 876 984
14 71 77 143 204 305 429 463 494 505 614 733 807 872
62 63 120 164 193 344 407 425 747 819
9 309 610
383 401 526
18 34 94 105 124 205 232 233 284 301 322 361 571 604 623 684 721 793 795 836 903 951 978
87 148 235 501 557 589 633 827 851 861 988
17 102 121 473 657 685 938 940
70 83 108 161 169 230 490 511 531 596 658 681 749 818 834 857 880 985
103 207 339 431 580 972
22 130 159 237 247 293 371 509 599 634 645 744 815 846 854 900 984
12 140 172 332 411 473 488 536 654 752 765 780 901 932
244 304 838
64 132 141 161 202 295 399 466 539 552 618 650 674 683 685 771 848 898 922 993
71 115 127 241 279 281 327 376 459 506 533 534 548 554 610 661 668 688 755 847 863 870 875 938
244 997
108 111 119 162 223 425 495 523 659 664 784 959
626 685 784
424
118 154 298 363 384 398 555 882 911 914 927
11 120 176 187 232 251 258 261 423 821 849
362
39 82 161 205 332 387 472 539 557 571 594 648 675 792 857 939 957
388 823
1 98 127 215 270 286 338 366 391 400 436 437 478 731
823
372 906 991
227 439 822
85 568 586 644 702 721 801 917 958
402
16 380 658 794
167 523 551
158 456 592 662 898
545
1 153 186 187 318 379 425 510 566 576 580 621 788 908 919 930
36 56 135 192 201 221 226 257 416 504 512 578 646 724 736 796 905 960
47 241 303 488 519 536 601 629 922
50 237 354 433 678 781 807 921
73 163 358 573 807 983
150 217 234 367 428 447 556 951 984
521 558 650 692 717 749 847 973
27 67 114 119 133 146 205 228 236 328 455 492 542 603 656 666 690 708 714 721 757 868 884 929 963
179 223 301 642 712 740 938 942 976
107 118 488 492 917 928 991
59 68 119 124 132 135 149 150 183 190 249 543 555 705 846 887 910
32 46 87 98 109 120 143 165 179 188 195 200 216 231 234 242 270 272 303 304 313 314 324 325 375 390 429 457 464 477 503 544 588 625 632 637 664 680 685 721 732 746 769 785 791 828 870 978
55 178 564
43 403 600 776
55 76 97 146 162 194 203 357 402 429 481 529 557 564 589 765 832 844 845 930 983
51 65 133 145 261 337 583 605 752
128 159 179 517
288 343 473 640 811 825 834 873 968
523 694 911
8 32 52 126 130 203 218 226 252 302 363 373 445 451 452 480 504 522 530 540 570 605 611 640 660 722 743 772 800 926 968
40 137 166 230 269 330 376 445 506 520 631 647 707 709 757 826 871 916 966
34 88 115 198 208 213 274 299 400 401 410 478 499 517 541 791 844
529
3 144 324 547 583 595 736 888
20 98 237 309 460 762 829 848 859
186 214 974
14 71 875 973
13 93 359 656 767
213 470 506 639 665 700 968
565 725 783
24 44 60 68 241 294 298 333 420 440 451 517 529 536 585 794 802 843 875 888 909 943 993
111 129 139 224 233 246 264 330 344 408 607 680 691 709 739 749 878 913
139 147 166 173 256 295 312 478 574 682 691 790 792 819 949 972
531
57 178 207 213 216 222 259 533 663 840
168 187 264 322 436 898 993
155 156 273 294 298 411 436 500 590 601 717 737
36 250
480 517
153
337
90
363 394 475 485 510
1 280 283 319 337 387 430 448 535 618 675 683 737 796 819 913 930 964
73 609 848 950
221 273 499 746 867 885 935
14 40 64 70 89 149 150 245 291 335 361 443 449 493 509 510 536 542 587 592 602 603 610 629 667 673 734 739 805 819 864 972 977
119 161 199 217 263 365 402 421 457 471 497 660 667 793 832 835 885 934
509 771
82 386 459 684 856 913 924 938 952
28 68 80 117 144 153 187 210 248 308 322 384 399 468 477 554 635 688 763 786 789 889 954 963 991
377
184 854
10 76 168 237 451 515 561 563 655 676 699 707 738 795 875 920
43
11 165 174 280 295 339 585 607 708 800
75 99 135 188 236 240 279 397 409 443 458 472 501 506 518 519 520 586 625 652 657 734 744 800 812 844 865 901 909 979 989
392 583 944
164 279 308 523 664
43 150 747 772
140 154 197 243 430 474 503 717 890 898
50 70 113 206 207 258 864
22 113 239 329 344 359 375 395 449 576 784 868
115 225 299 375 399 415 433 467 564 591 694 873
49 309 321
67
188 310 543 677
7 710 793
436 473 582
131 955
2 13 36 125 216 245 335 476 781 823 886
258
619 701 786 838 958
39 106 203 445 466 636 657 744 764 867 890 907
82 474 890
4 19 63 129 172 198 210 270 275 365 435 547 554 636 639 668 715 900 914 927 970 991
173 235 246 281 380 415 426 432 710
172 253 632 638 994
569 874 932
38 42 45 75 184 221 357 463 470 553 659 791 944 988
37 155 160 232 429 489 546 626 639 874
428 658
628
121
924
48 244 357 529 544 781 927
73 187 254 273 291 307 325 352 521 815 851 870 888 901 947 982
2 37 39 88 106 108 120 128 138 151 174 233 287 307 325 369 410 420 496 498 517 520 522 523 531 539 557 561 562 563 587 607 617 658 662 664 673 711 732 755 830 867 925 943
92 353 536 589 647 730
128 481 585 684
324 361 387 530 984
88 233 318 710 783 901
87 130 691 997
466
2 65 108 142 143 157 163 175 218 221 239 242 264 411 510 517 534 571 619 622 643 691 708 709 710 713 733 736 750 883 902 904
245 671 951
180 301 510 628 643 733
329 360 364 379 381 491 872
142 563 711 784
302
48 55 434 497 621 652 887 973
74 139 229 270 564 568 641 712 770 992 1000
40 53 115 142 217 263 291 358 430 470 565 571 572 597 619 625 630 679 689 706 713 745 795 796 909 929 932
580 610 899
266 531 646
654 692
85 291 530 672 714
158 271 306 371 449 509 552 559 560 567 595 605 623 708 820 906 933 952
920 996
221 444 445 787 896
13 21 880
10 86 446 563
9 161 301 639 663 815 876
113 215 233 287 435 447 500 596 659 673 706 732 785 880 939 988
33 108 597 796
8 49 86 92 114 137 141 150 219 257 260 264 377 427 477 508 532 580 586 637 762 766 845 846 848 928 999
98 109 277 438 781 838 886 902
4 93 116 251 349 493 505 621 641 654 695 745 790 904
65 655 888
49 237 252 328 403 647 746 757 765 881 967
305
29 149 165 245 400 548 550 590 871
23 56 111 481 528 574 634 640 646 816
284 507 911 927
244 289 573 741 753 826 943
64 70 78 88 222 226 234 237 242 247 273 287 304 313 375 400 411 417 419 451 462 491 508 527 577 583 597 615 630 642 644 687 705 904
45 54 187 269 298 320 321 362 432 445 513 570 592 654 671 832 867 936
299 384 533 794
86 90 156 168 227 245 249 381 401 417 455 478 487 584 613 679 804 863 892 957 997
158 185 374 376 573 940
33 51 94 182 333 415 582 774 867 986 999
91 333 379 396 411 474 548 588 637 718 783 899 907 914 954 991
74 146 159 342 346 556 586 594 671 769 803 920 976
50 149 155 178 271 358 428 453 508 612 618 665 783 833 933
67 128 349 361 379 530 536 593 598 617 690 701 721 772 871 881 896 963
4 5 19 24 45 48 50 61 80 86 92 98 113 140 153 179 183 201 210 235 236 240 353 357 383 410 442 463 483 485 509 510 560 568 585 601 607 609 610 631 644 671 697 704 781 793 834 877 886 893 926 953 962 963 974 979 997
3 11 15 58 159 214 229 322 392 462 490 515 647 658 798 820 822 866 991
48 484
139 158 245 257 329 340 491 656 743 817 846 856 920 996
739
89 185 224 593 812 823 854
110 157 360 520 598 770
55 107 171 224 237 242 261 267 280 290 325 358 396 403 404 416 492 511 531 545 552 560 645 649 654 697 700 760 763 766 792 805 821 829 868 883 890 921 923
19 135 216 328 698
28 208 268 299 439 449 509 555 594 655 677 725 736 779 864
381 987
148 352 566
172 386 506 511 602 614 623
250 294 346 424 431 612 630 641 727 765 887
66 92 102 129 138 140 153 193 246 257 286 292 309 338 341 468 507 536 538 542 612 636 670 686 727 774 777 780 847 856 860 906 913 919 939 979
13 75 111 150 335 349 422 481 503 546 656 716 750 760 788 888 890 895 981
58 70 109 310 522 582 729 944
951
9 16 45 130 552 602 646 782 901 1000
50 70 119 138 210 326 491 585 732 755 791 826 969
88 164 655
326
11 31 447 521 699 835 996
152 232 260 284 315 736
265 969
81 639 711 767 913 920
31 543 603
107 237 560 930 980
158 291 359 413 495 574 594 654 706 871
113 161 479 690 819
403 459 481 575 730 840
76 119 159 162 250 258 292 318 326 567 867 912 917 972
254
13 112 154 173 310 379 438 459 476 482 506 512 515 569 577 604 605 656 697 740 758 770 805 866 905 943
336 354 409 476 518 675 684 941 973
248 286 307 436 440 495 640 691 705 811 908 959
31 81 144 155 165 231 268 312 375 388 456 459 471 523 533 539 584 608 667 679 694 777 795 843 852 858 897 990
47 85 131 147 190 271 276 338 407 416 420 471 477 520 589 606 621 668 669 682 695 701 733 740 810 816 894 906 974
303 660 668 816
998
2 101 292 464 511 562 792 987
210 459 566 720 729
45 50 119 218 240 262 266 270 395 461 854
940
68
90
132 367 417 579 820 872
195 523 581 677 921 922
182
27 55 195 279 463 483 521 522 557 647 674 743 813 885 923 958
72 163 170 216 242 260 329 570 725
19 467 988
24 222 967
29 67 149 172 214 287 421 490 493 494 521 655 656 671 673 676 688 741 793 802 857 886 911 970 997
184 189 812
163 250 852 893 1000
44 295 363 514 536 912
399 521
40 101 301 720 742 749
17 29 33 37 38 64 72 73 81 85 88 96 111 127 129 137 149 153 160 170 172 185 187 191 200 220 235 251 265 266 270 281 314 381 384 388 397 411 413 425 430 431 435 451 453 460 468 490 495 508 516 521 536 537 538 552 568 571 574 578 587 605 621 624 632 644 692 762 778 781 783 793 801 804 808 835 836 859 873 883 897 898 908 917 922 930 940 947 960 962 977
244 321 455
961
16 53 75 86 112 117 119 120 132 138 141 156 168 193 213 217 225 259 271 296 298 299 345 388 403 431 463 563 609 616 621 636 652 674 678 710 738 889 963 976 1000
34 444 538 634 738 779 839
23 87 415 467 507 590 617 646 743 804 859 946
429
139 424 515 644 691 749 777
35 144 209 232 304 325 452 628 735 753 796 822 826 849 873 912 951 974 999
115 839
682
391 494 705 737 956 986
236 264 624 672 676 885
104 111 643 678 720 911 966
563 601 817
17 69 73 85 150 153 205 277 458 470 549 587 600 719 795 886 907
260
190 577 586 701 884
332 379 624 634
36 63 71 166 189 232 237 266 314 347 354 370 390 421 427 456 459 468 480 483 510 535 542 573 600 644 675 691 696 704 735 775 785 858 901 932 974 980
20 31 194 244 518 567 842 965
68 86 362 789 937 955
138 201 462 571 957
94 106 474 544 606 629 630 657 743 800
961
209 625 850
294 360
25 65 133 240 420 524 614 725 799 885 954
417 458 731 841 983
84 184 250 265 286 556 606 962
769
12 70 238 290 292 333 372 461 469 627 658 660 707 719 720 750 754 810 926 990
531
40 90 140 201 253 285 347 402 403 489 568 614 623 756 942 975 992
148 174 411 846 981
14 82 97 183 191 199 213 220 221 226 246 248 286 293 305 331 356 359 364 369 402 410 423 424 468 498 507 537 547 563 571 580 581 623 644 664 675 707 739 843 851 865 866 919 944 960
236 403 616 774 798 823 830
68 155
14 81 101 107 109 126 132 137 285 329 334 380 399 416 498 542 554 611 645 673 674 728 733 776 785 786 800 819 871 876 912 913 999 1000
33 213 239 249 315 347 370 378 456 543 556 574 580 633 676 796 801 869
136 144 208 240 280 310 311 318 326 355 363 492 553 620 625 633 743 757 804 809 823 842 901 925 995 1000
325 467 608 866
22 231 253 290 392 467 484 486 709 732 781 807 886 998
7 64 108 184 226 257 361 450 459 465 473 565 648 727 866
3 4 22 67 91 272 771 817 882 964
9 113 388 420 468 494 513 517 580 623 729 730 849 924
16 159 177 266 320 322 673 797 808 851 892
115 130 191 221 277 293 435 498 550 580 742 909
844
131 193 204 223 239 247 256 337 388 413 538 550 567 634 761 820 946
207 394 551 584 714 967 999
171 218 699 718
544
63 66 110 139 144 166 175 213 217 234 282 312 329 457 473 476 498 510 515 532 540 560 580 643 656 662 664 665 724 738 749 750 756 765 784 860 881 883 906 920 939 950 971 987
122 144 181 226 244 338 433 489 824 887 888 932
46 88 161 182 278 322 419 421 448 501 516 518 587 637 642 672 683 701 735 779 809 864 872 900 903
150 172 254 294 304 390 513 687 777 832 952
833
46 107 208 249 261 265 280 356 459 519 576 579 816 855 870 930 960 988
341 554 565 664 690 728 820
43 93 132 184 207 265 269 464 498 559 560 566 582 670 768 881
414 452 521 557 592
99 161 346 533 631 637 668 685 835
40 218 235 250 287 293 591 593 724 779 847
116 159 219 335 348 354 399 473 480 525 536 665 732 759 847 871 958
345 844 880
167 340 346 438 636 693 824 851 856 909
113 178 258 266 347 372 679 750 801 841 895
45 46 63 67 82 84 179 208 241 359 391 413 415 505 514 544 610 612 628 662 710 791 976
211 307 342 436 451
55 130 249 328 389 450 711 785 961 965
224
9 26 51 67 124 152 240 266 299 424 442 600 604 687 713 728 740 747 795 820 840 934 952
52 221 348 559 653 695 891 905 961
10 88 237 523 816 884 988
568 750
134 393 966
38 70 71 89 107 124 173 185 215 217 232 262 289 297 302 317 323 350 373 389 405 414 418 436 455 464 465 497 519 540 543 553 554 598 601 620 623 627 632 665 726 753 757 761 764 801 810 831 847 853 867 913 915 928 979
296 349 519 769 826
234 476 505 525 575 603 783 841 893
81 168 257 341 397 400 436 462 464 531 586 656 657 684 722 741 853 952 976 991
121 178 198 264 439 518 951
199 285 329 341 435 500 557 593 725 886 932 955
65 431 569 792
988
175 288
9 40 50 97 112 153 322 390 469 557 864 911 926 960 983
353 381 458 633 634 669 912
13 384 449 451 620 673 870 878 905 964 996
357
326 388 583 796 810
65 80 126 199 261 360 518 785 849 856 967 980 985
15 129 180 198 232 343 392 423 433 480 481 491 498 502 507 590 631 633 691 727 730 743 862 955
736 894 901 929
94 207 226 760 830 897
158 322 354 366 383 387 505 645 700 736 746 833 902 948 987
417 462 548 750 778 882
3 109 246 317 352 388 405 410 461 492 512 612 627 720 727 756 809 863 896 937 972 976 989 996
185 497 544 569 583 728 745 974
9 85 164 253 405 523 809 819 865 979
15 726
29 118 244 485 493 527 652 802 859 923
839
780
31 107 237 305 314 409 630 721 798 949
16 130 173 221 982
19 54 76 134 210 212 229 307 394 413 462 574 586 645 837 924 942
127 195 277
34 83 127 193 197 251 254 379 392 406 415 441 451 495 525 546 569 641 735 745 808 854 870 873 915 921 941 965 989
417 531 555 824 935 963
3 27 65 80 127 147 151 193 244 362 367 427 469 480 485 489 549 585 591 626 656 687 787 789 808 880 935 948 961 977
26 59 149 295 367 409 450 549 571 628 686 760 798 910 960
151 289 315 441 644 697 795 888
76
37 55 59 105 151 200 222 232 283 305 335 496 502 530 597 599 610 852
9 575 798
172 232 257 359 668 713 743 760 769 782 821 946
12 113 133 162 231 238 239 333 368 410 451 476 498 668 684 804 939
123 161 247 258 263 283 339 375 424 530 550 574 593 607 632 644 697 698 711 805 815 842 846 899 939 997
189 916
243 591 714 878
34 66 195 226 234 244 293 355 388 428 434 572 735 918 922
3 80 116 136 223 305 317 355 421 484 501 537 808 813 861 986
713
42 54 212 784 891 974
58 270 274 292 348 571 703 756 795
512
96 285 293 528 611 614 908
134 305 949
554
463
41 148 173 191 396 451 472 490 526 530 565 569 570 621 698 720 802 831
65 252
43
99 346 676 749 899
34 554 987
439 451 481 684 787 876
134 188 205 227 476 497 663 675 726
30 37 186 197 323 501 725
558 885
13 53 63 85 167 188 228 251 267 321 374 454 534 553 555 621 649 659 665 733 738 799 873 905 972
129 195 214 226 234 322 442 462 552 642 750 785 802 807 852 913 938 962 980 994
71 105 106 166 237 272 300 415 471 476 634 640 646 716 775 830 924 960 964 973
139 149
258 306 362 377 637 809 810 860 866 898
246 288 354 440 451 699 879
127 174 175 179 204 270 302 327 379 448 501 591 674 721 748 768 799 827 947 987
859
347
104 915
810 817 852
369 456 457 481 506 724
3 154 288 326 582 607 874 897
122 228 287 291 300 322 349 351 463 510 525 541 624 626 716 723 742 840 851 940 947 969 991
112 283 412 451 614 814 917 970
294 306 567 803
14 21 88 130 175 240 248 408 532 536 634 687 794 836 881
136 283 515 603 939
108 147 784
61 281 326 337 498 542 626 919 935
318 356 380 392 439 498 715 762 780 800 830 859 867 905
112 158 189 215 277 325 343 347 355 455 466 524 550 639 657 762 839 910 983
326 344 669 867 920
7 191 206 292 416 601 692 701 758 819 905 973
392 673 791 985
45 339 786 799 833 847 858
38 820 893 996
554
60 69 84 108 172 204 206 245 250 252 262 285 286 295 308 312 320 331 368 396 414 427 428 461 466 468 473 480 481 484 495 533 542 545 610 618 623 632 698 718 726 738 754 782 787 807 904 931
26 54 58 477 499 557 606
62 385 468 502 663 766 908 988
281 295 313 327 460 477 542 749 762 784 858 953
206
454
23 136 254 314 922
54 543 963
75 139 514 980
42 52 177 203 248 263 280 285 292 343 536 577 609 624 644 671 780 814 842 849 917 932 948 969
87 94 98 203 252 460 470 537 597 604 673 693 785 810 972
81 83 129 149 184 197 234 269 344 390 407 423 439 473 494 550 567 636 640 703 709 816 843 850
743
21 22 105 138 264 296 326 328 341 411 489 532 674 736 755 818 847
36 73 87 122 214 366 422 547 557 621 693 776 785 886 908 913 918 985
188 564 762 977
105 185 489 567 655
20 43 346 407 417 513 568 647 699 734 750 879 960
500
95 122 275 288 296 632 920 922
126 399 409 584 895 953
150 228 263 305 313 350 449 468 482 604 630 743 790 797 842 949 962 983
98 116 188 203 217 242 264 272 295 421 440 518 555 569 635 643 658 661 713 723 749 753 784 852 878 980
96 112 143 147 295 298 330 333 393 394 414 538 608 646 685 735 744 771 801 824 833 846 878 880 884 961 977
52
106 436 712
226 439 496
5 13 69 107 127 206 274 289 318 319 377 390 533 583 614 647 705 791 880 896 930 961 963 969
507
250 371 677 862
50 348 468 524 553 603 618 655 663 676 688 694 697 707 763 828
154 491 928
822 975
130 248 277 412 620 774 788 796 969
14 244 373 545 818 820 847 855 908 935
12 27 197 271 315 367 391 446 494 628 664 731 839 981
170 193 363 428 450 636 658 721 740 918
45 48 76 135 192 217 265 314 343 376 403 448 494 590 698 757 786 799 935 943
247 346 878
25 347 393 447 495 641 872 950
227 277 890
234 519 526 911
18 80 177 261 395 857 933 973
16 22 43 72 124 135 154 265 433 434 519 551 567 589 598 605 620 701 749 764 794 847 855 858 975
577
55 150 257 396 439 504 660 729 747 761 866 913 919
3 35 108 116 123 147 154 167 230 280 283 333 338 348 361 382 417 463 648 656 686 759 824 829 889 908 957
178 707 879
602
87 845
32 760 892 953 975
86 164 174 193 267 340 350 406 535 548 553 567 689 720 816 821 855 903
3 28 199 295 460 503 569 719 859 941
175 258 343 389 397 680 773 786
61 970
109 118 189 226 240 366 440 511 684 757 762 766 917 935 989
127 348 456 522 681
18 146 228 254 325 334 351 627 638 642 763 851
607
654
51 183 712 725 759
2 294 462 659 726 735
630
13 28 41 62 180 263 325 390 564 647 665 810 870 905 983
549
167 240 848
7 82 117 156 329 336 474 503 638 641 673 731 754 832 927 940 963
63 68 72 77 218 323 633 668 685 753 900 991
758
21 113 132 211 253 298 309 342 347 381 415 422 450 601 643 679 690 712 726 776 785 846 879 924
23 154 377 378 383 390 461 508 625 694 765 830 869 876 952 999
162 866
29 60 78 118 174 200 201 206 214 292 339 750
83 202 249 264 340 393 413 497 534 553 606 632 709 770 771 877 888 932
16 48 107 141 254 281 315 394 397 428 436 442 477 563 574 619 645 646 661 697 699 748 771 791 837 959
211 644 804
55 69 96 284 302 423 431 451 676 696 740 870 962
9 29 31 142 149 164 200 248 272 296 310 324 343 392 581 636 655 696 772 815 931 965
476 492 987
51 280 313 643 656 815 847 914 919 970
98 105 164 196 400 464 584 619 670 707 766 882 897 906 934
519
2 25 169 191 356 593 673 728 825 859 881 906 916
143 157 487 545 645 651 693 735 909 993
32 90 91 185 211 296 315 476 505 532 613 734 752 806 853 894
200 223 399 609 694 728 735 785 917
79 97 100 128 201 250 257 284 360 413 474 485 515 670 682 691 733 804 865 891 962
24 26 163 183 248 448 455 552 559 791 798 846 872 947
572 798 924 973
42 188 324 366 400 493 546 774 993
84 142 199 201 725
40 67 86 90 132 142 183 253 316 332 335 349 365 402 410 449 453 454 506 524 533 543 584 663 679 691 725 745 747 828 870 902 928 940 977
148 497 523 671 768 866 887 904
223 400 1000
65 66 229 231 257 346 530 586 863 927 959
54 271 480 551 553 656 705 783 806 820 950
221 452 747 794
87 149 520 572 895 963
641
548
35 77 114 121 131 198 224 284 324 329 346 381 659 693 750 811 843 858 878 893 944 973
137 517 602 751 921
16 18 24 37 57 74 108 115 158 197 231 235 250 276 301 320 342 368 373 385 415 437 439 440 455 490 512 545 556 574 578 609 631 644 654 699 717 720 738 787 794 796 809 827 867 934 935 960 993
50 303 545 592 696 862 909
63 80 125 178 186 282 308 363 482 549 584 594 635 638 738 898 917
40 158 181 234 338 460 803 934
16 107 226 292 317 322 338 352 361 373 381 407 452 454 555 634 682 727 765 778 804 809 860 875 893 903 909 917 938 979 988 997
110 534 832 909 976
31 616 684 838
176 535 641 663
115 135 165 178 207 255 270 339 560 606 648 666 680 693 719 782 788 839 844 881
65 191 202 248 700 840 844 853 857 937 953
108 205 496 588 609 698 813 985
677 918
154 162 228 245 265 273 391 667 744 766 818 874
3 242 257 395 478 886
296 319 836 974
408
218 389 744 759 912 921
226 444 525 545 631 756 761 873 883 965
67 177 434
69 134 703 910 981
135 301 316 910 962
6 597 779
207 252 443 478 637 648 905 936
629 698 845 958 967
104 222 466 491 565 585 637 736 910
325 342 370 404 476 684 850 978
66 213 338 501 549 680
20 40 69 118 267 274 350 368 375 423 461 467 490 494 526 581 601 626 642 648 665 775 779 832 859 877 887 900 960 970 979
302
737 858 916
14 21 34 37 45 46 66 91 155 246 257 271 297 331 583 631 755 789 793 805 816 838 855 872 988 991
116 142 148 361 437 499 621 679 855 961
82 139 298 611 746 748 876 911
35 162 183 252 286 354 429 603 626 712 751 812 879 917 960 964 970
98 104 179 348 367 505 510 535 609 646 679 731 850 869 935
294 533 847 872 911
12 171 318 386
291 953
138 214 384 469 502 560 622 761
231 422 559 884
448 788 984
63 91 347 760
967
79 94 153 207 250 299 483 732 783 943 972 983
12 28 67 159 182 230 235 237 245 307 395 509 522 535 552 587 597 629 829 844 860 925 952
118
31 121 380 426 660 662 956
282 317 332
105 640
162 224 291 406 474 609 903 916
564
147 504
80 189 409 447 536 554 924 992
295 573
73 112 115 123 136 328 390 423 496 543 549
160 398 482 907 954
399 884
672
104 130 141 219 242 283 499 532 596 614 634 691 808 818 823 844 848 874 905 907 956 993
206 240 459 493 543 581 584 699 843 863 995
293 770
5 11 27 61 70 110 163 175 186 191 203 206 245 255 272 281 296 343 387 393 434 452 475 481 526 556 577 608 663 746 763 808 823 855 856 859 873 930 950 953
51 73 81 119 120 219 236 290 332 385 411 545 562 605 616 671 720 796 903 940 964 972 991
84 856
80 132 212 230 323 402 426 478 510 551 587 634 661 788 868 991 995
241 604 626 710 895 940 952
10 317 368 517 626 668 794 864 986
598 613 803 916
129 268 354 631 663 889 899 925 943 944 953
13 94 254 263 394 501 512 572 724 818 841
77 206 277 410 501 563 633 641 908 999
142 281 287 397 410 446 470 475 503 525 663 699 740 765 919 930 979
1 565
230 347
47 129 133 144 146 248 268 360 416 440 456 489 554 643 657 659 696 711 745 748 763 771 791 807 890 900 901 970 995 998
49 81 473 501 583 695 699 791 989
18 42 96 114 186 313 378 390 443 465 533 560 606 643 668 689 701 702 731 819 890 955
86 108 169 214 231 286 289 308 332 499 525 535 586 611 627 649 758 935
8 397 476 980 996
41 46 119 164 277 322 335 445 461 575 746 785 863 871 894 953 986
22 74 86 121 175 215 253 282 414 518 530 597 646 651 705 712 715 755 759 771 777 901 982 996
724 837 922
818
13 14 28 66 303 353 411 532 548 587 705 720 760 863 883 932 960
162 349 499 602 729
422 714 782 911
11 67 177 192 266 284 289 342 361 503 523 552 561 562 619 636 690 695 710 717 726 753 811 823 868 886 892 944 953 994
378 848 968
58 149 597 627 787
18 42 45 54 69 104 128 266 305 317 359 361 382 433 455 537 548 558 587 615 628 662 675 688 690 712 714 770 785 832 833 876 878 885 924 985
112 237 305 316 506 540 638 858 875 960 998
34 210 224 300 356 357 450 486 545 660 744 783 816 826 903 926 938
539 623 653
30 90 100 236 272 281 291 409 470 584 623 645 656 752 891 899 933 945 961 963 966
20 79 370 399 441 511 517 612 728 781 820 834 974
55 94 393 520
20 88 123 129 189 237 259 312 341 356 364 384 437 466 600 639 726 739 884 926 939 972
290 437
607 709
23 205 214 241 600 729 810
646 749 886
18 69 127 130 155 157 179 180 334 386 393 416 450 455 469 497 524 525 555 580 590 603 618 626 678 681 700 735 742 792 806 844 935
97 293 442
36 468 787
3 59 166 229 254 286 305 348 375 377 386 394 422 424 433 442 464 480 487 506 543 567 583 650 655 669 674 704 706 711 763 806 816 827 828 851 873 874 895 902 905 941 963 997
717 967
119 124 321 372 561 629
126 249 265 460 871 955 971
6 100 116 117 251 365 439 508 554 598 657 672 802 897 912
880
142 486 634 808
81 129 215 377 418 631 823 865 952 982
57 60 140 325 339 721 779
2 9 40 82 127 130 145 148 165 259 295 303 318 326 344 385 425 511 562 594 624 634 649 669 670 689 704 722 802 815 833 880 922 958
36 59 78 109 112 126 170 191 211 222 243 261 270 280 309 315 328 329 340 355 358 397 401 408 427 429 434 466 486 501 505 536 544 549 551 567 576 589 611 629 652 676 685 688 698 701 711 727 749 771 775 792 826 842 906 935 949 973
181 244 249 341 554 557 592 749 751 806 834
69 296 431 576 613 698
285 396 468 474 773
9 23 151 175 177 250 310 360 397 418 480 498 574 630 631 661 681 698 701 721 725 741 747 844 867
11 107 206 289 294 588 730
162 180 335 410 443 503 512 558 618 658 722 727 779 783 808 845 910 916 950
122 339 434 450 529
257 324
476 623 725
484
12 41 47 68 111 115 174 175 178 179 196 239 367 389 409 413 426 429 430 434 468 532 541 555 619 623 660 669 702 763 786 856 883 899 945
519 531 944
84 280 310 341 358 466 517 624 689 853 924 1000
775
264 922
1 61 89 185 194 294 428 448 594 610 623 633 658 667 902
186 595 779
144
122 434
83 326
804
946
122 207 787
1 7 74 87 103 119 145 147 257 325 368 378 417 445 532 542 546 747 763 769 831 895 911 961
111 162 261 274 342 402 468 511 515 564 719 813
117 186 750 804 806
17 74 99 202 206 268 290 350 496 696 733 773 885 887 956
13 195 258 305 322 539 654 703 805 877 913 917
152 224 288 373 395 432
162 206 318 517 596 888 927
17 30 169 210 240 367 513 558 688 919
44 60 155 165 214 243 263 265 333 340 374 392 585 657 663 667 682 736 782 811 880 913
17 129 208 243 343 441 443 471 550 646 654 668 766 820 847 896 904
177 246 291 293 309 383 478 514 598 667 795 863 870 930 979
22 154 257 293 424 458 480 653 867 869
49 153 258 307 432 449 567 621 636 699 712 745 750 848 870 876 895 912 917 948 962
103 516 734
27 149 251 258 260 484 497 516 591 636 740 777 815 871 874
290 556 773 843 902 931 985
10 24 30 113 165 167 336 346 362 381 415 456 643 782 849 883 909 938 974 976
32 84 133 142 186 189 201 315 322 337 363 400 456 587 594 628 649 674 687 776 969 970 974 982
11 33 59 135 155 203 366 428 533 536 594 705 725 733 758 816 821
23 234 238 278 307 356 625 644 657 734
61 90 116 145 230 252 288 310 463 590 611 648 684 703 720 748 770 851 873 937 946 962
289 404
56 68 73 102 103 106 117 122 132 176 197 223 315 333 356 391 396 431 527 550 558 561 640 688 691 775 836 872 882 913 915 944 975 993
118
65 102 150 171 240 296 412 536 648 711 720 777 851 975
12 71 122 175 241 332 386 432 524 561 601 634 682 756 788 855
141 252 307 978 992
8 9 56 86 417 536 580
90
17 37 134 166 193 207 213 278 333 442 447 466 471 484 489 568 608 733 736 742 788 806 863 913 933 993
105 459 466
126 157 180 202 318 822 928 966
87 490
1 300 415 570 692 870 922 961 980 984
369 406 874 979
773
784
152 157 227 258 438 779 840 895
337 365 441 536 655
4 21 32 40 56 105 130 202 206 213 304 346 521 534 563 584 602 661 676 753 761 762 822 842 877 910 973 981
6 68 142 171 236 251 275 286 327 344 347 368 421 437 445 496 556 630 657 686 756 758 797 810 814 816 825 839 855 927 948 967
154 259 444 491 559 624 642 659 676 678 690 703 813 842 905
123 273 400 479 500 565 643 728 919 989
28 150 257 327 343 363 372 397 450 472 513 518 537 640 676 752 780 786 813 913 926 932 982
65 87 103 111 236 283 306 361 455 467 849 857 959
67 138 581 714 840
104 128 269 339 394 464 577 599 875 927 991
9 72 91 213 284 657 856 857 940 971
56 346 349 841
49 131 230 233 394 482 638 674 785 819 914 975
1 628 781 791
39 99 114 139 197 212 250 277 375 388 416 456 535 579 671 730 750 752 767 796 867 957
145
122 137 252 425 450 517 543 644 707 729 762 813 907 911
187 305 473 505 517
186 237 548 699 730 739 963
11 141 369 380 397 401 424 442 497 540 557 559 637 697 837 1000
978
47 84 329 393 398 470 600 913
153
7 33 65 125 232 776 804 820
86 192 345 364 507 518 613 636 786 885
2 13 89 93 102 116 190 203 204 206 215 323 345 375 379 431 477 511 537 545 550 578 582 591 624 687 695 706 720 731 767 836 923 969 985
205 475 714
109
113 238 488 801 892
86 210 393 576 672 683 801
4 165 493 705 720 722 834
12 285 353
3 171 211 212 308 581 666 695 731 732 775
177 282 453 867
59 743 897 917
20 203 220 437 446 748 810
167 238 290 406 485 960
18 94 225 284 297 298 529 531 540 569 618 762 763 798 817 825 839
9 47 63 175 298 334 382 482 492 566 699 747 791 857 973
201
124 478 771 857 877
107 218 363 391 432 433 439 601 607 616 887 985 989 992
246 746
73 114 232 244 299 556 791
375 597 787 829
22 76 151 225 366 397 456 460 476 565 567 587 659 703 819 871 915 996 999
180 223 445 770 987
181 212 277 602
275 397 513 658
15 79 120 152 174 186 216 359 365 370 375 414 605 633 634 642 725 730 802 827 861 866 885 908 974
2 11 13 41 62 68 93 103 116 117 125 179 196 199 272 289 331 417 433 442 443 463 467 493 548 567 570 578 581 588 601 602 605 640 762 783 811 820 832 840 844 850 864 875 878 892 988 992 994 998
222 289 303 650 655 691 729 769 834 877 901 903 916 942
10 77 182 234 243 321 337 397 429 453 571 604 622 660 695 722 808 818 849 863 867 930 970 980
127 190 490 727 790
7 232 255 297 647 774 817 1000
24 49 130 131 239 295 454 476 519 595 645 695 740 788 794 817 839 848 928 933 963 980
284 383 683
382
203 937
302 357 398 542 639 753 849
62 146 149 217 253 267 298 348 371 388 434 440 450 516 529 530 563 588 592 658 691 695 701 767 790 869 870 879 892 951 997
98 138 540 817 957
19 48 76 78 124 141 178 197 207 213 215 241 251 276 295 314 322 325 360 362 372 408 409 427 448 485 503 574 592 633 664 689 712 741 802 877 902 955 961 979
194 291 309 394 398 573 688 694 709 746 918
399 617 706
1 74 144 148 184 192 242 303 483 668 694 769 848 892 912
61 157 202 286 295 315 401 462 479 500 658 775 792 809 848 939
181 244 535 688
38 270 638 862
71 208 268 390 408 593 606 905
130
156 215 284 421 577 761 892
12 56 59 280 368 611 767 829 989
15 21 23 44 55 80 136 180 268 298 312 351 396 409 410 419 451 482 494 542 592 685 740 782 783 800 802 811 909 925 928 954 999
132 284 490 586 610 763 980
223 893
719
32 242 558
250 480 493 744 856 897
101 147 280 365 385 476 478 497 556 647 651 770 798 826 851 945 991
471 548 567 763 879
17 136 264 286 588 988 1000
107 196 257 320 324 453 559 684 784 799 843
71 132 452 628 636 768 831 876 941
19 89 105 131 150 206 209 248 326 408 478 620 714 825 879 952
7 150 295 353 354 421 521 603 741 747 797 808 880 986
31 38 49 58 89 124 137 139 173 205 227 261 291 345 402 407 435 449 462 519 533 658 683 690 698 714 756 760 768 803 817 823 842 853 976 981
24 227 262 342 488 546 912
93 117 149 237 411 432 444 536 606 614 649 690 692 702 706 845 944 950
383 428 467 473 833 859 938 999
73 277 350 598 692 829 919 931 946 998
169 180 224 289 314 342 422 445 485 495 509 522 566 713 728 733 759 803 812 882 891 907 925 927 942
8 319 416 612 684 994
100 338 421 590 631 650 953
38 410
43 74 161 229 253 300 600 868
130 590 756 771 780
128 134 144 161 211 216 250 289 298 332 389 397 415 450 458 473 490 530 548 562 577 603 642 644 691 747 775 781 802 850 880 891 913
36 45 52 83 258 426 721 789 808 822
73 568 667 909 993 999
128 204 426 631 677 815
22 111 212 330 379 506 508 555 666 730 744 794 821 874 896 913 930 975
18 25 30 56 96 178 189 200 213 228 230 277 278 429 496 514 524 528 537 567 628 673 900
8 38 124 189 384 442 476 621 674 818 898
93 239 690 944 993
198 557
260 287 987
59 92 751
745
8 10 14 107 121 151 199 266 280 339 458 465 584 770 940
13 18 93 101 109 147 154 165 192 196 230 243 300 321 330 375 428 470 504 512 550 561 596 644 652 663 672 686 694 726 788 821 860 883 932 937 942 944 999
49 171 312 385 428 452 518
72 202 215 274 285 286 322 323 418 484 571
509
22 120 147 256 323 419 580 597 797 844
99
486 570 576 670 712 742
42 164 611 879
266 271 387 479 739 821 927
144 271 294 350 491 574 728 879 889 903 921 928
7 154 698 853
255 547
796
489
98 757 908
437 609 663
75 162 163 237 269 315 317 429 464 566 593 625 679 818 848 891 910 992
8 52 88 207 333 377 423 633 671 720 739 770 778 870 934 953 989
165 228 249 254 291 375 394 413 428 485 537 734 741 742 771 847 918 921 950 954 962
26 27 51 82 92 98 100 154 161 196 278 341 350 359 419 425 446 478 542 578 583 599 618 686 704 713 714 786 797 893 900 910 964 966 967
72 499
71 356 491 559 566 705 729 766 818 856 981
320 425 523 588 611 624 724
362
91 106 124 132 135 177 219 265 453 490 761
56 475 694 837 927
129 171 217 243 332 440 490 538 562 634 643 655 699 761 792 801 814 819 870 897 914 954 980
20 141 454 484 630 652 743 929 964 997
3 55 264 577 610 711 913
248
21 40 154 169 171 197 272 281 367 486 487 495 517 560 593 628 638 643 656 713 750 766 790 795 806 896 913 918 934 956 978
172 220 268 314 325 359 369 434 509 595 614 634 639 651 712 751 816 887 930 931 970
552
212
9 63 212 246 247 251 278 290 318 500 566 617 746 756 761 791 842 867 952
60 67 222 228 239 246 265 270 286 298 352 364 391 397 407 470 516 548 591 620 631 657 727 768 926 928 980
45 52 98 120 125 194 195 196 345 428 437 485 575 651 742 951
114 216 224 242 357 520 521 665 674 796 979
889
201 435 560 591 714 766 837 989
47 75 360 665 874
656
30 38 39 47 61 72 100 151 157 168 188 206 260 265 299 305 313 355 358 387 441 452 464 490 542 577 607 666 677 727 738 760 762 783 814 815 861 871 898 908 921 938 975
137 370 406 465
14 204 297 540 598 672 879
5 74 102 259 266 271 293 642 702 799
13 28 45 47 70 73 96 115 126 150 184 198 212 236 255 258 262 263 299 305 331 375 379 398 432 476 498 517 518 524 533 557 573 602 622 646 705 715 779 800 847 862 864 883 886 901 912 943 955 971
12 17 29 31 83 96 105 155 222 230 239 240 283 295 296 309 316 347 365 388 437 471 474 478 492 495 549 557 560 563 572 577 595 596 597 622 636 651 682 689 711 718 740 772 783 819 855 895 896 904 909 920 932
863
28 80 116 326 373 610 689
5 24 30 62 81 82 87 153 171 197 207 223 240 279 321 345 355 476 653 685 690 704 735 771 788 866 870 923
243 410 451 480 538 602 607 941
4 138 157 557 688
76 316 779 834
17 38 57 85 87 124 127 128 130 154 157 166 179 180 218 231 249 255 277 286 315 347 354 360 371 416 495 504 516 559 585 605 608 613 626 631 655 665 693 715 747 761 770 774 837 856 857 890 904 951 961 979 988
327 492 508 774 805 838 866 869
64 178 186 292 533 736 740 769 891
267 549 807 935
141 203 248 353 507 513 786 851
900
847
14 34 52 140 175 207 325 412 443 492 519 522 528 534 544 555 574 621 623 626 692 718 730 743 772 795 811 856 864 890 927 942 945 985
83 96 146 301 328 373 410 465 658 663 669 735 818 819 834 851 864 883 924 940
788
85 315 331 338 459 529 677 696 730 826 940
206 220 289 440 501 515 546 889
19 249 337 445 483 520 662 670 707 757 768 800 874 875
84 100 211 413 916 990
6 234 442 753
124 171 176 184 195 235 270 385 513 527 602 617 652 923 939 972 979
1 37 58 157 337 461 484 552 734 910 938 978 979
398 522 583 917 974
609
71 102 113 263 291 407 409 463 481 482 570 605 623 662 683 724 732 818 888 909 955 966
161 530 561 768
813
1 23 39 214 216 311 320 353 364 365 499 514 523 540 623 702 793 798 856 904 916
3 117 188 264 266 284 301 316 357 433 443 487 626 647 747 776 836 928 937 944
66 76 117 165 177 190 210 390 534 630 695 707 731 735 740 758 780 881 911 925
586
2 22 209 298 302 318 323 352 359 416 420 438 511 554 609 662 704 721 734 751 828 868 938 965 966
1 54 57 346 445 580 581 616 829 912 951
13 41 52 112 139 222 284 568 574 635 639 702 843 967
33 54 63 75 98 126 166 526 615 648 673 963
2 82 451
17 21 152 229 273 324 332 336 351 414 555 560 709 714 728 810 813 877 900 925 935 938 979
34 180 407 562 934
102 158 194 222 314 392 456 459 494 544 563 573 643 847 854 861
7 28 106 149 164 180 228 237 250 252 254 268 309 323 386 389 395 398 405 413 414 424 463 477 488 494 557 569 624 630 640 648 656 672 706 708 718 738 808 816 821 838 851 871 882 888 909 944 964
2 13 69 72 76 166 220 285 292 337 363 374 395 408 484 537 662 704 721 756 766 770 885 942 948 957 992
56 226 429 472 499 647 692 728 885 899
363 828 973
488 599 682 758 853
88 536
583
961
32 50 99 111 164 211 252 451 486 492 526 529 538 591 687 689 711 725 779 806 816 845 858 903 954 966
79 220
127
244 521
72 237 850 989
2
27 49 107 165 182 186 223 226 275 302 308 312 335 406 414 434 441 453 484 533 544 553 588 607 639 678 710 763 841 852 856 912 954 969 994 999
1 884
55 428 788 862 967
36 94 465 637 686 770 836 848
14 27 31 33 36 124 227 249 260 283 296 301 317 321 323 337 349 374 383 432 474 488 555 607 611 616 644 752 759 762 785 801 803 827 832 843 868 917 938 978 994 997
65 162 609 721
229 390 440 599 611 642 679 760 851 885
197
688
136 738
236 245 374 540 956
170 365 498 597 605 629 654 663
54 55 165 196 198 230 291 334 361 394 644 770 993
81 895 993
44 251
275 710 895 913
475 622 712 741 935
29 44 124 139 194 224 246 304 338 570 661 710 971 973 993
64 112 207 360 406 477 501 534 579 637 767 788 826 845 850 921
455
73 150 265 325 355 368 392 468 525 542 632 646 890 991
43 815
26 50 94 112 113 159 179 221 308 312 378 383 390 451 492 535 552 734 893 913 983
85 491
9 228 254 272 369 398 448 500 549 676 705 827
10 33 243 256 344 492 556 636 752 933
7 15 36 56 127 163 243 244 312 328 356 427 449 492 498 506 530 561 666 691 719 790 846 879
20 89 399 469 508 558 684 832 995
89 251 269 378 704
18 90 173 186 198 216 233 266 297 327 440 452 458 490 542 567 604 755 762 950 969
54 63 115 221 399 580 594 706 718 788 989
332 714 868
3 13 16 44 87 123 212 235 272 278 282 318 326 338 348 412 414 434 462 470 479 484 514 516 519 553 564 587 589 601 622 644 674 694 728 748 753 811 854 928 936 947 984 994
118 282 745
349 859
30 102 571
138 156 187 266 285 299 319 384 426 513 646 717 777 858 876
592
1 126 302 341 345 353 401 449 510 582 628 636 679 713 765 777 856 873 883
92 144 362 413 474 521 553 563 583 596 600 609 658 743 774 824 860 874 890 933
17 66 83 119 190 348 471 499 506 596 598 607 663 676 761 770 779 846
17 77 153 156 191 232 245 346 393 397 648 672 735 869 894 924 973 996
25 57 158 164 188 205 302 308 383 400 410 417 500 529 544 663 814 832 873
31 74 94 97 106 121 132 134 135 146 180 186 259 289 290 328 390 438 445 470 517 521 561 614 618 637 657 658 694 719 790 823 828 831 843 903 904 919 928 964
100 155 225 340 365 430 447 474 759 943 946
11 35 36 37 61 68 84 98 100 140 241 266 279 332 334 452 465 535 567 577 597 636 649 662 671 679 681 706 735 749 755 813 841 902 938
252 401
818
87 106 168 212 480 558 753 789 946
8 21 31 42 74 122 161 173 178 204 208 224 242 298 300 335 338 395 413 422 485 597 636 638 647 682 689 710 754 783 799 896 932 955 981 988
122 125 282 348 498 615 637 766 888 912
284
10 94 95 109 132 257 316 342 415 509 524 620 622 685 701 717 777 852 854 978
49 72 87 122 139 222 260 282 306 315 357 375 549 550 568 580 595 618 638 656 702 707 777 778 784 804 810 821 861 870 883 906 978 996 1000
41 312 406 462 522 531 665 730
18 27 28 79 91 93 96 104 112 125 202 216 229 231 260 276 278 303 386 399 406 415 435 447 449 458 482 506 513 544 552 565 585 599 695 715 743 748 754 786 824 836 872 881 892 911 914 931 971 981
55 78 237 287 289 297 414 422 485 574 587 682 790 893
106 133 142 219 400 824 941 950
29 150 172 204 482
58 115 179 183 205 261 415 571 666 705 841
12 66 240 300 356 455 661 744 835 975 999
209 300 469 609 615 749 992
20 77 153 166 183 249 265 280 339 358 366 397 406 514 591 664 711 925 940 953
112 360 551
43 71 72 158 201 270 394 435 519 601 718 983
190
1 97 133 166 180 199 225 269 305 320 360 405 446 447 495 498 569 571 601 690 714 773 779 793 853 857 892 912
1 98 162 191 219 232 244 258 263 296 431 433 512 522 530 536 538 546 593 603 683 804 846 869 933 947 989
254 296 304 577
152 229 337 788 875
85 97 156 189 197 238 337 359 377 402 556 609 670 736 761 825 831 834 860 866 898 976 977 988
66 145 317 399 435 541 635 852 888 919
20 184 498 877 998
22 30 63 97 156 179 204 209 210 274 288 324 386 446 484 489 503 552 591 597 606 627 642 707 727 738 911 938 972
93 141 431 490 692 712 912
70 137 159 321 388 637 741 746 878 908 994
12 37 88 113 129 143 154 169 200 238 300 306 307 316 323 334 353 356 393 417 438 478 489 531 537 548 593 640 647 657 660 663 669 704 780 802 830 844 873 878 885 890 893 907 921 959 969
49 162 168 179 201 318 351 406 429 477 536 546 576 598 647 689 844 939 987
147 386
722
198 310 901
43 96 108 233 256 260 261 395 441 465 504 677 761 908 909 951
220 295 674 733 818
194
148 195 429 452 535 608 721 747 761
18 163 299 364 522 524 556 666 719 746 948
349 705 871
275 561 621 661 873
83 180 195 227 294 394 400 471 508 522 526 553 621 649 767 823 839 870 880 906 913 937 941 982
279
864 943
40 60 196 229 289 335 375 503 607 710 843 885 920
548
393
141 185 191 198 335 361 364 512 541 604 638 655 804 854 880 941 950 978
188 196 371
131 317 404 405 489 940 997
52 117 248 311 815 914
6 56 122 216 296 317 327 366 375 436 457 490 523 603 617 631 722 733 744 764 808 850 855 879 993
171 305 308 376 841
14 203 289 328 428 535 536 580 597 760 801 952
515 581 673 754 815
41 78 272 407 430 635 811 968
60 128 159 231 252 275 295 547 661 682 746 878 887 973
78 111 130 145 304 396 433 488 512 525 572 612 635 654 797 849 892 930 967
77 170 596 633 856
61 151 295 495 710 750 951
401 465 615 898
70 589 712 854
41 95 272 366 522 552 579 681 708 765 976
24 39 57 145 251 404 414 679 968
66 128 174 185 188 232 244 249 355 437 483 500 529 565 576 592 618 838 867 922 949 950 975
33 72 75 92 103 120 141 160 162 179 193 194 199 230 249 255 263 302 335 387 435 467 468 485 506 514 536 556 602 622 685 686 687 806 851 869 957 989
185 355 401 668 719 756 863
225 405 423 477 554 716 894 948 998
373 439 814 954
94 159 177 508 861
67 114 186 277 284 291 336 362 376 377 411 439 495 502 515 565 616 669 718 731 752 876 890 899 928 978 999
128 154 186 195 275 311 331 345 438 469 486 519 600 790 921
60
488
169 178 812
9 17 19 22 31 90 91 111 119 123 136 143 209 215 224 253 279 283 288 315 318 365 377 393 425 431 444 457 462 463 468 523 530 540 554 568 593 604 615 660 664 684 705 716 720 728 759 763 765 783 787 809 831 841 851 861
11 292 440 511 551 793 917
40 59 128 188 348 591 631 704 766 843
54 93 94 225 246 285 343 357 387 400 401 502 519 528 600 699 717 751 757 840 942 961 970 978
906
394
336 526 561 565 658 694 728 796 887 994
147 536 714
151 397 752 879
357 470 837 951
6 97 124 415 416 625
125 146 167 234 396 444 514 701 869 895
380 445 510
189 193 809 951
553
1 63 89 106 115 123 129 257 322 343 360 450 483 510 542 592 600 626 652 685 691 715 723 745 771 819 887 899 916 922 972
274
15 189 483 526 536 721 766 792
98 114 329 335 383 392 399 407 481 498 517 661 727 834 863 931 935 962
578 902
149 913
376 461 937
44 107 159 481 486 570 645 672 740
40 273 278 332 370 461 484 588 629 714 776 825 980
182 294 306 327 388 408 506 543 555 582 615 623 738 773 775 782 789 792 849 886 896 905 917 955
5 28 32 34 181 192 207 222 224 249 280 306 334 366 392 407 435 461 474 477 490 515 556 591 604 616 623 627 660 683 708 715 722 762 791 805 813 852 871 877 880 942 982
7 39 161 224 397 466 541 576 600 648 782 875 918
131 137 168 222 308 363 426 516 730 795 855 915 949
525 863 882
15 80 141 170 173 213 373 374 379 395 435 519 639 956
508 696 905
501 699 910
182 229 434 834
473
22 74 84 90 123 199 353 426 573 720 753 781 911 958 981 996
345 580 835
53 67 85 87 102 107 108 128 141 167 172 176 178 188 190 220 235 262 268 278 301 333 362 372 378 380 383 406 436 473 549 567 672 677 680 700 714 720 780 783 814 842 846 864 938 962 963 983
18 89 159 473 796
238
102 141 161 230 316 375 545 580 603 655 762 763 828 846 851 874 890 923 969
33 74 118 129 146 147 185 191 245 254 312 386 404 434 474 493 505 549 569 648 674 729 751 768 787 835 845 873 899 917 969 977 997
196 330 367 467 607 609 617 786 801 837 950 974
22 27 44 390 415 530 564 586 633 661 682 722 788 924 930
370 501
158 323 664 745 959 975
33 192 215 790 985 1000
694 720
161 400 474 525 822 886
48 130 419 457 558
38 45 142 221 333 342 386 452 645 672 873 916 917 957
83 127 207 238 266 494 534 552 640 649 771 785 788 940
40 148 156 214 274 280 318 331 340 347 356 379 385 418 436 460 535 553 595 601 611 632 633 716 723 739 756 758 797 841 882 899 933 949 977 985 1000
60 118 172
27 37 97 349 362 532 610 653 897
125 174 177 182 219 324 346 372 454 499 531 540 649 695 727 786 965
2 4 11 16 107 131 185 202 207 228 284 309 311 329 331 369 388 390 398 424 426 453 464 481 495 506 555 576 594 596 633 666 669 692 723 763 782 828 852 863 891 931 936 968 1000
927 997
9 95 111 175 327 393 414 662 734 818 947 970 977
48 491 539 669 750 813 841 903
184 207 228 271 297 302 400 407 450 659 768 786 958 976 983
18 20 47 63 91 125 210 261 395 621 623 631 809 920 965
150 177 378 404 433 538 578 622 722 933 942 960 999
905
256 553 996 999
132 201 237 526 543 748 849 989
2 221 222 356 499 513 633
78 150 215 340 351 379 409 508 597 796 814
25 46 78 146 148 156 179 191 240 272 312 352 386 430 431 443 493 510 523 524 554 576 583 588 598 610 632 637 641 663 692 720 756 761 810 861 878 913 916 987
152
319 468
80 82 253 285 395 474 485 710 726 841 926 988 997
116 124 241 311 370 371 456 674 683 776 783 826 875 936 939 956 965 984
561 894
19 126 192 228 299 531 575 614 683 692 910
142 288 383 392 478 692 750 799 820 852
52 130 132 175 225 249 260 277 281 338 360 417 536 590 623 624 654 685 726 790 795 809 811 840
6 7 9 57 154 248 343 379 400 413 431 463 604 616 672 690 765 804 828 886 963 972 979
295 467 621 964
41 42 119 169 286 395 397 508 757 912 914 943 951 1000
48 176 315 332 407 517 527 528 567 662 763 907 984 994
143 269 710 733 747 785
222 382 998
191 253 293 785 791
174 339 880
300 344 484 571 628 679 686 822
55 71 234 253 300 334 355 453 478 576 610 661 665 690 696 755 781 812 829 838 905 924
15 61 100 125 197 198 304 533 551 568 680 729 803 815
47 52 59 207 359 531 534 580 627 634 692 937
8 203 318 394 502
99 289
127 146 196 236 320 374 415 718 756 758
11 43 108 234 279 338 429 431 433 479 514 577 641 707 720 749 862
5 19 104 114 185 229 291 299 347 388 395 458 480 536 553 556 621 671 683 696 699 705 721 722 775 806 828 832 846 850 885 905 931 988 992
148 464 626
271 844
44 161 165 177 223 229 240 291 341 378 384 419 490 495 520 591 597 609 666 772 896 979
91 280 297 340 500 516 639 669 884 945 970 997
186 552 658 948
100 206 227 254 297 429 450 468 471 490 565 568 806 847 908 963
254
66 86 108 203 204 301 373 567 583 616 661 792 890
56 88 92 153 160 206 280 325 391 411 554 594 641 685 777 902 939 963
209 478 574 578 858 927
234 347 755
236 412 628 700
75 593 707 711 719 870
221
98 509
14 23 47 67 104 124 185 193 214 222 314 465 477 513 529 596 606 636 668 669 689 691 704 759 816 830 840 855 874 902 941 959 976
124 521 539 630 671 746 813 912
220 227 269 354 391 414 530 733 767
460 598 964
273 458 787
21 75 94 98 114 117 119 132 141 146 167 168 171 173 183 201 231 233 262 287 293 332 344 356 358 359 371 374 407 411 417 420 445 459 467 476 555 565 603 615 780 802 813 834 842 972
351 476 551 641 678 695 774 862
103 115 156 199 213 234 293 307 440 449 536 708 766 815 857
201 250 424 432 436 484 564 648 660 702 709 742 793 832
109 533 713 897
301 373 821
15 18 91 182 269 319 325 351 374 422 434 484 524 631 667 733 904 914 963 981
10 123 422 558 814
374 404
157 304 315 346 414 423 494 520 556 593 625 643 677 691 705 737 744 814 822 926 983
7 29 85 160 347 579 631 712 717 725
65 415 583 631 712 813 827 830
760 780
7 13 306 536 773 783
22 31 40 101 107 117 139 141 192 211 214 240 245 250 260 283 309 402 419 432 464 476 507 512 521 524 543 546 579 584 646 700 701 712 714 745 785 801 820 882 916 921 978 990 999
77 414 504 561 611 921 922 931
159 166
240 581 614
21 40 54 75 122 175 177 316 340 426 447 493 547 548 592 635 770 861 874 890 940 945 969
732
123 218
20 37 218 229 232 239 260 284 302 315 404 418 495 519 520 564 575 607 609 617 636 647 687 737 804 807 808 830 840 847 882 899 905 920 928 944 1000
4 73 92 253 286 505 510 579 689 766 783 802
11 207 430 636 664
87 183 211 238 690 818 853 891
33 102 163 171 322 402 498 514 573 639 744 793 840 951 964
508
500
171 368 405 604 726 884 890 935
25 809
58 612 624 683
714
49 261 284 316 443 508 695 910 972 981 991
217
16 136 207 221 224 316 489 646 651 698 709 712 734 760
562
11 204 339 939
60 87 105 280 303 338 364 422 509 565 577 615 665 857 909
367 466 762
79 104 105 132 147 201 216 254 274 290 379 469 491 499 532 565 571 574 592 604 615 643 650 708 763 830 939
3 16 17 33 35 59 60 80 101 108 133 142 160 182 223 224 236 263 349 404 405 438 500 508 514 523 535 604 618 649 710 766 769 824 832 840 847 848 916 935
104 267 307 314 325 392 469 603 716 763 769 813 871 876 903 924 989
41 46 254
312 317 753 790 839 929 966 987
254
210
226 270 273 470
12 68 130 199 219 236 249 285 307 308 309 327 509 579 615 636 705 707 716 776 778 866 966 967 997
11 78 107 307 408 549
781
90 96 256 280 401 637 652 671 897
17 64 77 213 260 267 282 339 389 393 433 436 507 607 614 616 624 656 695 712 767 809 847 882 883 887 908 952 976
229 367 387 492 622 837
975
895 958
516
247 288 307 446 738 890 913
141 176 535
83
93
4 13 19 24 28 93 110 177 190 194 202 203 207 235 237 242 243 266 292 324 328 345 412 419 432 457 498 525 535 548 578 597 676 677 723 763 771 772 785 805 824 885 901 915 939 940 941
161 228 631 793 800 896
202 450 559 644 729 799
25 82 141 379 478 576 606 749
41 46 95 245 325 356 377 705 706 754 755 785 800 906 947 998
333 376 428 621 703 764
70 104 168 237 241 253 355 357 360 368 413 419 422 428 522 583 708 710 769 795 805 857 902 907 918 925 929 934
113 153 562 647 707 923 972
24 30 97 146 153 162 186 195 239 330 352 354 400 401 428 492 517 521 641 653 690 739 789 805 827 924 928 965 974
95 262 335 378 469 808 977
174 241 472 549 571 572 605 772 853
18 26 53 136 148 151 172 189 199 200 318 332 342 354 387 397 464 567 573 605 648 703 726 773 886 900 908 970
39 66 142 233 237 340 374 456 490 564 567 624 671 738 786 879 881 906
11 161 451
3 6 13 24 64 124 165 184 189 196 208 216 327 343 520 531 567 580 601 652 710 713 730 767 771 809 818 865 877 933 993 1000
25 86 156 234 494 524 813 834 891
60 396 741
17 121 124 131 144 173 244 311 315 361 436 485 885 947 969 988
784 885 962
280
973
113 131 241 370 499 581 775
147 200 408 533 555 699 705 981
61 62 110 140 295 349 350 414 422 426 473 564 628 646 890 932 934 938
109 162 388 474 576 674 866
707
4 43 81 86 166 167 201 212 233 242 268 319 321 336 364 395 423 429 540 548 576 623 653 699 712 722 729 766 800 836 843 864 888 920 942 956 975 980
1 2 7 16 45 87 97 105 136 179 180 181 184 190 207 208 223 249 250 260 277 282 283 305 313 314 315 336 357 362 367 432 449 456 464 507 516 557 573 578 601 635 667 680 685 693 722 758 778 800 838 844 859 861 864 880 903 926 930 936 939 993
443
693 888
7 29 40 54 78 80 103 105 114 130 141 144 154 169 177 214 221 226 232 239 260 268 270 273 277 294 299 317 332 333 358 367 378 397 427 450 475 496 507 514 548 570 572 587 609 619 620 635 657 661 667 670 707 725 744 754 791 804 815 838 839 869 902 941 976 997
662
238 437 439 455 543 567 573 718 746 866 892
10 94 167 256 262 306 408 409 434 554 583 639 655 698 735 736 748 798 979
39 94 408 410 455 525 548 565 584 646 699 720 725 735 840 923
160
103
19 49 140 200 230 241 285 322 400 485 512 547 559 627 895 925 940
36 64 97 117 166 175 283 343 345 426 542 571 597 643 688 701 730 753 807 808 811 814 861 954
114 225 272 450 556 568 598 628 666 760 797 942 980
48 128 139 259 272 360 363 369 389 481 496 532 540 742 796 813 908 979
596
83 164 232 365 380 389 397 414 531 561 796 836 837 951
469 989
92 266 476 502 603 607 717 839 867 994
19 25 37 86 196 388 416 523 526 572 605 687 704 731 765 766 825 880 931 974
13 46 47 50 67 72 144 149 214 246 327 385 404 526 605 634 637 639 895 922 961
261 802 965
82 160 482 510
142 200 218 258 627 740 748
31 239 647 699 818 918
23 129 145 171 250 376 396 453 502 622 672 689 727 729 786 875 937
144 165 175 325 384 477 568 611 650 709
235 268 485 727
73 195 239 278 578 610 707 725 743 839 872 909 959 982
97 194 208 283 324 353 429 509 533 680 743 754 814 815 825 947
3 9 15 23 54 58 77 113 132 142 150 156 163 165 179 195 198 221 237 243 273 288 294 302 304 337 339 347 350 360 392 394 403 407 420 431 434 441 442 448 452 464 471 490 497 502 508 517 545 555 559 599 600 609 629 638 648 659 689 711 714 716 720 724 770 780 789 821 830 836 839 852 867 878 889 892 937 970 994
126 195 470
664
164 243 357 630 828 930 947
399 604
41 163 273 291 300 303 380 416 480 556 585 617 620 787 914 943
169
50 179 253 737 766 831 850 883 894 980
67 135 249 340
130 290 651 738 870 995
34 60 176 240 335 477 480 551 564 638 850 854 891 911 953 975
323 491 632 675 713 942
28 69 88 102 154 162 166 273 336 362 463 495 557 594 609 632 704 795 807 810 828 850
859
91 119 143 229 231 257 311 326 370 509 616 651 652 990
185 190 339 638 927
96 692 700
391 392 503 746 801 901
303 534 676 759 966
164 428 438 572
185 925
7 32 41 83 91 113 166 199 218 301 313 332 358 368 373 382 395 424 461 465 470 471 493 499 500 568 597 606 633 652 727 746 760 781 783 814 842 847 849 923 939 999
52 157 214 259 266 451 464 515 570 644 735 748 759 763 775 842 854 935
710
45
762
585
20 31 94 153 176 208 254 380 560 671 688 858 860 906
3 59 119 154 250 271 278 329 364 456 485 503 870 968
6 46 91 286 374 574 757 796 815 834 895
1 17 63 137 170 266 420 431 497 573 636 675 677 705 721 737 749 829 906 969 971 988 995 1000
25 219 270 356 372 403 422 529 556 631 756 856 944 950 958 996
138 481 509 593 622
17 72 127 217 230 262 309 356 364 483 591 592 705 784 864
10 30 196 322 435 693 715 737 741 769 784 814 922 989
70 71 246 319 467 741 779 873 882
48 65 230 458 493 543 582 600 626 646 829 831 953
141 190 234 250 255 290 298 331 353 456 533 577 602 676 710 712 762 886 918 921 966
121 540 578 669 802 817
841
321 670 767 915
150 292 521 964
12 48 228 285 392 439 445 456 502 516 543 552 703 718 939 967
9 21 82 142 180 187 243 274 275 421 456 468 511 518 646 680 695 703 708 902 957 995
168 179 365 505 538 556 620 871 890 896 909 914 926 991
122 291 327 466 771
68 144 511 593 686 805
39 94 114 207 293 395 471 475 482 496 536 553 663 722 798 910 931
36 300 352 530 760 834 881
143 255 312
40 154 173 177 240 444 447 498 679 690 700 860 865
467 543 565 664 747 799 936
243 256 283 477 600 625 641 659 816 827 911 932 950 975
140 519
698
230
118 125 262 300 346 357 631 710 716 767 892 928 1000
22 25 78 94 108 111 130 167 193 224 283 312 373 426 662 785 897
14 116 373 412 650 745
1 89 249 326 336 372 387 447 505 535 539 545 581 582 592 603 655 726 772 833 930
27 161 244 296 349 473 812 867 882 951
283 961
153 261 371 630 639 650 742 780 816 886 935 990
201 373 411 492 600 646 851 984
1 43 49 117 307 344 401 418 458 485 519 703 748 824 857 934 953
33 271 277 330 355 403 452 534 537 674 703 761 790 805 848
19 168 457 830
25 77 86 104 132 198 231 271 272 294 298 376 466 502 549 583 594 689 746 749 784 830 978
232 867 926
284 851
3 6 24 46 84 100 101 124 136 169 180 181 213 216 239 243 253 259 288 315 360 374 385 408 411 417 429 433 434 437 442 459 488 500 548 569 585 595 710 743 756 802 829 866 877 913 921
137 149 172 186 235 314 444 485 562 637 690 706 852 948
448 532 619 731
533
25 137 182 312 345 400 439 466 590 732 768 883
259 275 527 904
47 138 190 197 221 294 303 325 343 350 353 396 434 540 611 693 804 821 856 895
16 23 34 35 159 163 240 254 282 286 360 390 393 415 419 429 512 515 578 584 714 720 809 831 839 893 920 953 971
59 113 137 186 243 287 647 672 733 803 870 907 937
89 149 180 199 205 256 274 277 292 348 373 418 422 430 467 571 593 630 637 677 691 865 917 918 923 990
107 274 781 854
203 224 477 519 857 873
100 607 624 700 720 749
84 101 155 204 266 416 424 469 485 534 540 642 686 690 765 802 844 983
19 129 174 279 445 485 493 656 686 706 729 762 805 906
22 295 515 577 779 812 835
32 37 89 126 185 244 283 284 444 454 470 485 493 504 551 618 649 655 660 675 731 770 902 923 997
106 174 237 397 453 560 564 676 711 968
417 838
900
1 26 127 169 192 209 230 285 310 366 463 532 553 596 726 744 750 789 808
279 294 394 470 687
15 269 565 589 648 829
338 478 634
51 190 202 599 664 702 816 827 840 844 851 989
8 25 96 124 142 152 219 236 251 291 305 351 357 414 517 531 559 625 632 680 703 708 723 767 771 784 808 868
539
374
39 75 170 218 228 255 264 346 492 563 861 936 946 977
1 121 140 166 218 308 382 434 564 616 646 675 786 788 851 887
58 60 62 76 84 91 150 159 197 230 238 248 311 346 399 474 502 519 523 537 573 583 599 720 741 780 784 791 813 821 894 934 947 958
259 834
61
355
125 268 337 407 466 741 745 787 803
389
501
461 521 530 660 894 916
313 350 481 576 598 609 775 831 857 876 940 970
231 304 327 338 353 397 760 926 931
38 54 86 171 264 294 315 326 344 346 371 412 486 493 549 667 710 718 794 806 852 872 925
48 64 100 107 129 149 166 182 190 198 219 220 229 262 284 291 320 336 361 364 379 396 408 414 424 452 471 473 475 487 491 501 504 509 528 544 550 552 554 574 592 612 635 650 719 731 749 785 873 883 915 938 950 963 982 991
84 86 118 124 338 353 368 444 462 478 550 661 806
131 138 372 506 551 583
144 237
194 270 741
6 55 74 91 138 144 146 155 160 191 213 251 401 477 505 520 556 613 627 670 675 703 715 763 896 940
181 218 338 360 446 512 666 678 899
182 283 310 480 519 570 593 945
4 263 389 875 974
133 155 166 237 272 274 369 455 466 563 613 682 745 758 947
197 221 270 317 338 369 405 431 446 513 539 577 596 610 794 899 971
279 652 739 749 966
27 60 87 148 218 263 520 570 636 669 727 945 983
8 13 33 142 182 201 321 353 356 365 462 505 625 649 704 718 784 807 856 923
640
24 269 378 514 525 606 650 999
17 24 44 286 311 316 342 362 372 435 485 496 558 631 635 666 689 783 804 830 997
38
50 58 113 280 377 525 576 725 761 789 833
470
597 782
19 240 250 307 435 456 472 590 608 647 713 819 869 904 906 930 971 983 990
397
158 463 620 621 782 979
847
757
24 111 181 257 402 504 549 579 761 767 864 890 979
804 904
626 676 748 819
34 70 77 117 163 253 275 287 327 338 389 395 482 549 612 622 638 688 690 717 775 817 851
9 58 231 427 516 619 651 688 804
382 395 713
40 72 86 229 235 292 301 469 519 610 852
255
173 285 367 510 514 592 803 943 961
284 330 376 445 457 493 576 866
100 233 461 545 816 851
693
283 339 357 447 783 999
23 70 143 230 396 654 812
9 180 199 276 326 437 604 742 752 759 847 891 899 900
106 115 122 183 328 439 524 542 753 845 974
129 200 217 529 831
119 745
83 330 648 848
19 190 271 322 329 368 376 497 539 571 573 584 621 673 704 744 931
706 716
53 156 182 244 255 301 345 409 483 486 832 837 885 954
52 221 275 313 453 496 883 998
45 92 125 198 204 220 250 316 337 479 501 507 606 649 674 695 770 823 874 993
6 31 45 113 118 150 156 225 265 363 378 406 464 550 594 640 674 739 871 888 901 922
2 22 90 235 287 357 521 585 717 735 760 778 821 829 861 985 993
43 180 241 654 789 892 981 996
19 32 54 64 100 115 118 137 172 215 237 239 252 303 314 345 375 390 415 423 454 468 482 527 548 574 575 605 609 615 638 674 694 707 757 766 832 843 862 884 898 915 936 957 961 985
26 54 70 115 166 172 186 210 220 223 355 398 408 540 551 556 750 764 922 963 982
280 283 422 623 637 669 691 890 917 943
357 375 381 382 655 656 663 862
96
577 637 921
845
31 43 139 199 211 308 321 341 370 374 441 446 604 611 666 804 820 824 835 950
8 18 22 27 84 93 107 171 196 233 267 285 286 291 303 310 456 492 545 596 664 670 729 737 834 879 887 926 928 929 939 948 978 996
338
168 513 749 802 823 919
20 610 690 796 935
826
295 488
19 114 233 337 376 769 859
14 551 585 683 745 966
32 173 176 232 441 449 450 568 692 732 738 896 916 979
39 118 228 296 305 353 604 637 724 753 776 800 906 964
351 471 604 730 792 959 979 999
224 428
107 122 213 407 460 574 587 605 632 636 794 807 911 945
46 78 94 163 172 188 273 279 312 341 350 354 369 415 420 422 466 471 488 505 508 547 593 597 603 615 637 650 661 680 688 731 805 820 845 894 933 966 997
879 949
339 442
168 390
61 168 171 178 272 293 294 307 334 347 370 423 428 473 476 533 547 587 740 764 769 800 818 830 847 851 862 879 890
12 22 36 46 56 75 80 116 135 138 163 200 278 314 363 553 724 727 753 762 799 807 825 864 908 935
364 444 662 697 859 961
13 17 40 43 59 78 92 97 132 166 193 227 229 246 285 311 319 335 337 361 365 383 409 422 467 483 527 549 569 593 595 600 628 637 641 693 700 706 709 712 799 807 810 847 851 853 868 882 900 951
51 52 85 109 119 137 146 157 194 279 304 313 338 360 398 451 490 501 524 593 623 625 634 640 654 656 669 683 748 767 774 788 819 820 877 937 987
996
1 678
5 35 62 121 140 231 236 247 255 299 325 372 394 405 421 425 518 586 595 604 611 644 645 707 755 855 920 1000
77 155 189 279 556 630 783 901 914 976 987
96 219 227 556 596 634 636 688 762 820 906 908 969
184 185 212 897
25 59 135 157 255 268 319 465 502 514 533 700 846 874 885 901 986
58 127 152 200 211 217 223 281 390 439 478 481 497 546 552 584 626 636 695 708 750 820 839 970 990
121 431 439 559 882
19 20 65 303 428 440 549 653 700 840 849 871 886 926 968 996
4 205 395 425 554 657 769 871 936 984 986
25 49 237 400 536 566 752 929
309 430 677
35 75 97 107 155 244 250 288 316 407 410 444 488 537 581 634 660 693 736 752
303
193 468 509 580 636
71 73 136 165 197 329 387 430 492 642 724 844 866 871 885 912
51 72 246 312 353 597 992
65 157 305 469 535 644 659 768 807 978 993
7 248 279 291 391 479 514 670 717 737 747 819 822 899 970 972
22 108 116 128 136 218 248 275 298 341 352 424 497 516 521 548 619 693 791 827 876
65 189 269 355 358 369 641 677 719 900
71 90 122 307 462 637 836
261 281 305 508 559 560 640 695 737 795 818 897 997
82 121 209 273 400 511 515 557 568 865 900 913
7 103 140 264 288 293 313 322 334 400 659 707 727 773 796 818 854 898 916 952
38 232 348 464 629 772 912 956
65 68 151 172 228 266 346 489 507 541 550 555 579 606 632 652 677 736 874
6 60 151 154 251 285 302 431 532 603 995
145 368 385 471 712 933
42 233 243 277 372 749 772 964
20 27 28 29 38 44 59 76 109 111 128 187 189 211 218 235 254 256 277 310 324 337 347 361 409 416 429 434 460 487 495 575 589 609 633 699 705 736 739 798 801 805 823 828 834 841 849 879 889 905 925 949 950 975 987 988
4 22 343 686 723 869 908
57 134 164 186 238 243 255 286 314 332 521 543 555 589 708 717 816 843 889 899
237 813 915
800
320 553 669 689 883
687 752 779
31 65 103 342 487 521 549 597 625 629 638 712 795 859 961
239 252
26 59 402 489 520 625 627 650 782 823 930 962
11 143 144 220 221 257 286 425 486 693 707 798 979
13 839 994
562 770 925
39 158 172 205 322 670 762
74 221 268 329 410 412 415 421 530 538 788 813
253
286 916
63 173 176 245 367 503 523 542 744 840 875 907
145 628
270 715
13 113 132 187 211 296 346 350 459 489 606 635 769 919
9 241 392 546 556 634 661 772 799 806 808 926 943 956
204 475 478 688
102 138 858 896
1 57 188 214 256 284 309 326 382 515 600 781 997
16 112 195 385 503 590 596 630 712 755 785 789 810 832 925 949 994
117 235 552 802
99 210 286 302 407 429 571 600 697 796 816 827 843 872 880 985
806 835 993
3 12 47 164 269 284 367 430 548 568 607 646 752 824 858 913 950 964 994
504
189 278 306 408 497 852
137 265 290 323 525 533 555 611 634 643 666 757 868 998 1000
390 426 495
7 30 102 146 285 376 454 498 549 585 608 643 701 718 767 787 805 812 877 980
401 410 521 600 766 894
635
113 117
28 245 257 262 373 417 428 702 847 992 994
70 507 852
129 205 245 298 344 378 511 565 568 739
13 36 41 102 162 182 213 225 445 497 585 642 644 697 700 801 890 934 961 991
104 132 189 206 374 468 595 662 666 854
91
44 87 91 269 546 873
278
282 527 546 632 636 760 963
22 124 179 205 296 333 457 574 576 716 754 891 906 948
225 268 333 400 509 556 650 796 824 887 958 992
200 724 763
174 195 292 326 538 608 750 891 939
626
84 415 499 536 592
184 194 378 390
156 367 378 650 697 861 954
99 342 487 501 637 893 925
170 433 649 786 983
121 957
257 610 678 952
36 83 152 339 377 955
247 382 411 462 539 587 708 726 888 935 941
5 8 99 190 719 834 930
13 54 99 112 122 187 237 302 343 445 455 530 542 568 600 642 654 676 749 778 796 802 828 830 844 863 911 992 998
12 59 78 108 385 425 524 688 852 863 905
33 150 154 353 437 840
504
409 834
254 265 269 661 842
110 189 700 805 813 828 889 908
449 803 980
341 897
36 210 493 762
12 158 281 447 460 755 845 883 957 976
10 12 41 60 86 177 187 197 209 291 292 298 399 434 441 453 565 584 650 739 815 901 922 929 959 969 983
391
21 30 123 147 184 269 340 364 462 513 774 810 854 859 907
190
36 101 320 495 543 604 609 626 630 746 755 813 817 857 884 942 973
84 97 100 116 126 136 155 173 179 183 237 246 259 265 272 284 312 354 362 494 558 599 608 624 645 648 656 698 740 816 825 827 840 956 958 987
108 122 242 248 282 290 303 311 322 388 408 419 429 449 536 685 687 711 729 794 802 871 925 933 945 986
252
334 519 624 655 974
96 329 349 387 461 544 557 623 712 718 857 923
492 578
25 191 215 221 315 375 416 442 511 514 693 793 800 852 865 912 915 932 948 952
83 305 782
394 438
591 601 629 715 719 782 865 877 947
43 62 98 99 113 124 131 150 173 191 208 220 223 227 228 237 306 309 317 320 331 332 340 411 470 551 558 573 612 631 665 668 687 695 697 768 815 844 921 923
141 164 647 828
274 404 433 549 929
41 63 98 105 144 153 449 458 493 552 575 849 914
169 450
151
107 187 247 401 436 750 795 812
305 426 647 679 777 886 892 949
301 324 375 448 458 599 675 711 831 876 968
43 116 171 233 270 286 590 629 926 961
16 213 306 362 369 371 501 537 612 746 769 960 965 982
23 178 293 415 522 816 827 908 968 998
171 229 322 392 493 572 792 954
29
31 64 116 157 214 346 498 731 785 789 819 825 830 885 912 919
70 186 211 235 256 344 346 418 527 546 611 690 731 964 979
230 339 365 393 661
36 109 228 519 863 882 887 890 933
212
125 181 201 216 230 233 239 327 374 418 419 496 508 512 590 594 639 653 764 779 879 932
24 81 83 216 248 372 375 614 638 767 786 819 873 891 899
49 105 157 218 228 231 269 302 313 338 424 537 539 619 662 758 829 845 974 999
150
110 162 247 357 362 422 564 698 714 794 874 896
264 368 384 450 464 528 533 620 657 767 793
106 145 183 218 222 224 462 477 554 663 671 686 753 762 788 795 848
31 98 167 237 335 376 394 549 766 807 942 950 971
102 168 599 659 855
281 384 771
52 220 222 281 593 682 742 777
362 770 793 943
109 132 139 220 240 278 291 321 349 396 415 459 549 632 743 856 894
46 80 102 361 428 519 635 715 893
53 415 432 591 733 741 803 910 967
203
424 644 733
171 182
63 424
116 216 235 581 674 745 845 866
162 536 764
16 39 60 61 65 71 78 90 184 208 221 228 232 270 285 300 301 307 333 336 339 340 349 355 375 378 379 390 421 456 468 472 478 494 495 500 524 557 595 628 653 678 713 759 786 842 896 908 948 960
458 618 699
850
42 77 164 184 287 318 344 357 463 482 594 612 670 672 694 774 792 831 853 897 911 953
91 214 305 335 373 438 504 533 596 601 634 641 731 815 820 912 935
15 59 75 173 537 672
369
25 104 434 481 660 700 869 894 901 964
15 58 59 62 116 146 204 228 254 368 413 433 499 528 626 715 726 752 780 871 877 916 945 982
76 539
110 309 350 355 462 490 524 534 592 618 623 671 746 825 854 855
289 485 499 554 576 602 635 702 770 964
88 212 245 253 256 280 304 435 447 595 672 750 758 776 809 815 877 956
912 929
507
31 217 297 300 415 423 496 741
30 86 111 328 354 549 655 731 753 951 953 971 975
24 42 291 372 627 694 740 853 884
385
91 148 218 236 256 411 519 542 728 753 865
5 32 38 62 108 124 135 149 184 191 210 251 282 400 559 591 599 682 693 710 719 732 760 761 770 779 832 844 855 884 903 986
15 21 25 35 167 177 207 318 350 467 640 683 688 744 764 773 854 883 888 924 946
48 63 172 176 240 277 328 377 495 541 548 565 633 645 714 716 735 745 798 816 831 846 944 945
41 56 94 101 128 135 138 147 151 169 202 205 233 258 360 374 397 433 444 455 468 534 648 662 684 715 721 739 750 766 813 814 841 848 883 916 936 953 960 961 996
68 140 172 241 337 341 491 500 538 593 600 680 710 718 771 813
153 192 262 314 328 341 371 455 476 507 574 581 589 613 628 655 681 685 706 783 836 934 937 990
36 74 76 188 627 979
105 155 342 379 529 581 591 735 787
61 204 232 242 331 368 414 502 602 607 688 928 968
36 67 183 249 250 271 472 603 622 843
16 91 108 141 169 180 210 303 304 385 396 403 415 467 499 583 601 613 626 638 656 701 774 808 815 832 868 889 916 933 940 987 993
4 22 71 73 93 143 189 195 316 377 389 417 422 450 459 466 485 486 496 517 519 550 552 625 650 694 735 736 772 779 797 800 848 864 894
102 111 141 189 220 235 328 332 348 372 451 463 532 536 545 583 787 828 967 977
213 304 879
35 74 101 138 159 192 219 372 665 684 815 882 909
231
257 583 601
80 222 320 391 565 568 572 615 740 757 762
66 84 103 133 142 165 210 216 247 317 433 497 516 591 628 643 654 666 686 687 693 738 743 825 830 910 911 919
38 61 68 228 255 492 572 588 622
411 841
2 99 191 250 264 312 325 374 451 468 474 566 586 602 609 678 716 773 904 916 953
151 164 229 291 404 416 462 557 579 667 713 748 818 853 860 916
115 510 651
23 36 66 102 112 114 132 187 203 208 215 231 233 269 274 300 331 343 345 358 379 418 419 423 439 460 475 539 550 560 588 597 628 692 705 706 742 780 814 822 846 867 871 900 915 922 931 989
75 107 144 162 259 314 344 347 416 502 518 560 633 719 821 826
22 57 63 92 94 96 112 114 150 192 208 212 230 239 284 293 324 332 354 358 371 383 414 429 446 505 513 607 617 647 667 678 704 706 714 732 742 763 766 767 783 784 799 802 804 816 818 819 893 959 998
11 24 322 482 600 639 660 743 878 945
10 20 70 134 192 219 223 242 288 317 407 417 458 477 514 568 605 652 662 712 767 780 790 821 843 854 862 915 954 976
41 158 385 510 601 620 721 814 997
38 145 552 574 633
26 91 210 225 271 388 433 434 559 704 707 778 863 867 931 944
170 300 311 372 383 397 408 480 508 530 546 608 665 726 781 790 819 831 859 865 928 940 951 954 978
108 173 174 216 312 315 319 388 403 493 518 544 548 597 616 637 674 676 694 703 729 752 755 765 779 813 839 857 915 933 937 997
458 460 481 554 819
109 333 366 842 868 905
53 93 137 301 430 439 453 514 515 566 590 622 718 774 937 985 991
85 724 738
615 762 860
242 630 765 895 920
32 74 76 146 192 316 357 725 875 901 937
42 308 442
479
287 290 325 367 371 381 442 485 520 540 612 633 693 704 770 776 872 910
93 178 207 264 278 306 443 516 517 529 568 578 895
561 727 934 982
465 751 771 798
83 116 228 271 272 295 297 381 453 523 574 745 803 823 838 865 900 967 983
613 844
864
23 162 256 368 610 704 775
60 110 248 327 388 895
3 88 100 156 215 233 237 250 273 287 327 361 372 380 381 386 455 491 503 509 565 579 598 616 621 643 649 699 700 712 757 778 859 867 944 946 989
255
102 256 762 837
15 26 74 114 153 246 289 297 316 329 453 496 518 530 533 540 613 635 636 677 694 697 735 748 768 771 777 779 806 852 951 959 975 995 999
289 290 337 347 417 444 601 721 947 968 982
597
22 44 358 427 725
27 43 63 72 122 204 214 349 664 683 728 864 877
234 273 276 540 680 847
148 497 557 772 936
20 35 66 74 277 295 353 363 368 487 646 671 695 718 783 797 919
22
162 441 455 519 892 932 939
161 262 285 386 518 724 766 992
65 539 905
151 280 458 641 771 799 868 956
143 213 467
116 197 204 285 452 502 608 622 721 920 923
114 275 820 921 925 959
380 383
240 390 404 639 678 703 858 883 989
170 348 360 401 420 516 542 571 577 585 680 781 856 909
156 263 469 538 980 989
279 318 884 968
209 319 321 405 581 612 838 946
90 104 193 360 484 917
159 582 666 711 858 884
155 375 379 556 602 652 684 747 765 859
989
89 157 246 442 522 658 680 994
35 38 115 237 394 498 611 955
103 192 282 329 388 679 693 773 779 861 907 966
15 99 321 631 916
25 78 504 548 566 643 646 710 748 846 861
80 226 309 325 350 427 469 476 560 763 785 808 902
137 613 658 682 857
457
8 19 51 199 235 362 367 370 374 383 391 398 497 504 552 558 640 688 761 886 889 933
192 278 310 393 676 710 884
31 77 500 684 902
18 48 204 213 332 371 406 514 585 600 993
93 137 145 212 278 386 484 505 632 644 843 867 910
40 65 208 228 370 421 512 550 669 823 862 942 958
58 69 113 143 225 237 238 262 270 307 340 391 412 425 446 486 576 592 596 711 740 820 878 913
195 214 265 286 287 355 357 402 412 509 515 604 619 717 738 798 829 837 873 892 963
66 82 136 144 189 294 359 374 398 466 516 536 563 615 626 668 770 886 909 942 993
27 466 656
109 627
62 260 289 356 519 527 967
181 770
25 64 214 441 444 673 843 870
181 252 272 301 337 383 487 606 662 684 818 914 945
42 270 297 457 614 621 623 636 639 718 899
90 125 209 268 330 379 400 439 467 562 724 844 916
77 122 137 204 221 243 257 296 351 477 503 506 599 614 737 754 827
87 96 115 138 306 651 723 832
532
45 205 361 390 401 436 553 675
29 66 175 391 508 705 850
70 234 332 382 483 510 561 911 932
94 124 262 383 611 768 888 901
43 160 245 250 271 344 394 439 484 487 500 516 527 566 567 594 612 621 794 796
38 200 290 333 503 526 844 874
321 602 663 810 936
110 516 700 888
94 390 540 608 679 688 880 928 937 993
956
490 653
69 175 181 513
53 142 626
34 100 110 163 203 215 360 361 416 498 538 545 554 602 624 664 710 908 914 956 963 975
479 522 952
26 144 146 230 906
134 200 324 336 383 413 626 643 828 855 869
28 168 495 821 856 963
173 192 196 264 383 393 584 587 633 645 661 899
66 194 231 490 647 720 779 849 897 917 985
22 51 597 667 772 794 833 909 927 973
258 298 338 411 440 591 612 614 645 669 823 869 925
16 72 147 172 186 194 212 234 240 289 291 303 320 362 393 397 437 443 448 485 487 490 491 512 513 520 551 601 650 683 685 694 699 704 720 762 789 791 813 821 828 848 910 913 983 985 987
876
120 121 204 210 977 994 995
86 290 319
73 435 453
128 478 930
154 659 953
37 152 213 233 307 395 524 756 837 850 866 895 914 926
54 102 168 175 179 191 327 344 371 376 379 389 406 514 536 604 674 693 694 883
9 187 305 413 432 474 576 639 672 731 893 904 968
1 2 28 29 43 54 135 138 162 167 205 231 340 348 355 365 389 440 463 474 518 540 568 586 658 672 689 700 708 731 775 791 860 882 892 908 951 993
916
446 511 682 693 766 846
8 153 165 198 608 625 684
59 178 205 298 505 541 570 611 901 953
278 321 375 385 451 900 985
165 439 513 612 629 634 671 891 940
13 585 858
227 281 393 568 584 685 754 769 814 952
71 148 343 523 552 779 915
90 755
154 934
43 64 191 200 250 256 344 478 527 566 614 750 807 986 987 992
298 352 390 523 617 837 848
262 893 910
104 263 345 357 605
268 372 581 859 860 884 918 976
362 769 879 885
25 91 130 135 239 368 445 504 522 586 659 677 707 730 764 777 823 857 877 880 889 977
85 158 199 215 658
22 100 381 392 590 595 621 861 945 959
150 243 269 292 305 406 446 467 530 630 775
457 897
629
615
52 262 432 610 962 971
103 136 235 321 341 372 380 424 492 540 600 609 787 896 925 939
8 118 119 192 216 242 278 284 297 451 468 511 542 547 572 651 677 684 735 869 891 913 953 972 1000
237
13 39 47 78 141 145 268 334 443 458 522 553 570 585 597 611 623 655 785 798 872 980
44 75
68 70 119 169 273 401 422 668 716 750 779 842 928 968
731 763
11 47 113 993
80 139 368 467 470 490 664 883 884 898 900
245 369 444 454 553 556 629 915 948
6 94 123 132 192 228 239 313 323 372 394 457 506 518 531 560 582 595 627 667 703 794 802 974 980
223 689
17 40 47 97 218 267 271 371 405 411 452 464 586 592 597 659 717 769 824
382 416
172 283 638 904
729
27 89 151 614 828 832 862
9 138 443 577
495
358 375 428 461 642 690 846
580 993
184 190 728 910
65 150 453 774 874 910 941
532 631 686 707 724 963
794
22 133 172 442 536 922
16 440 478 845 867 982
24 57 68 81 110 137 152 229 232 235 268 305 353 406 416 477 500 577 599 613 647 677 700 712 733 738 776 785 787 848 863 932
45 729
416 441 892
61 116 202 221 380 398 411 489 580 588 717 741 746 930 971
23 66 200 227 335 339 342 406 516 533 617 653 681 690 693 697 737 762 766 768 769 808 860 890 894 900 905 940 950 967 980
80 306 420 606 632 700 837
20 125 152 232 236 271 306 431 488 633 708
55 289 316 979
7 9 49 62 160 186 198 206 243 252 269 287 289 302 310 327 353 359 362 390 402 446 459 471 487 496 506 509 540 544 550 568 572 592 615 623 639 645 690 691 736 760 764 786 797 881 889 895 910 913 941 942
153
278 423 592 672
138 430 677
12 111 323 439 574 638
183 205 243 375 488 511 529 574 599 650 736 786 790 799 815 885 952
370 542
13 60 90 114 131 154 155 163 172 175 193 252 287 322 323 344 373 387 472 539 615 636 646 688 740 757 784 796 812 820 828 846 854 856 864 911 923 959
140 169 173 198 415 657 689 763 810 903
7 34 60 101 109 137 222 307 413 602 636 675 745 747 798 806 826 840 844 880 954
606 686 834
194 287 294 335 407 454 476 484 567 640 666 674 801 815 996 997
179 914
227 241 400 413 533 725 822
89 119 320 356 405 503 659 717 720 732 774 816 818 925
278 319 366 476 882
242 246 254 434 890 940 983
65 215 268 421 630 747
30 253 325 373 461 590 616
132 425 614
14 23 117 134 174 192 197 213 222 231 290 446 541 568 637 670 697 714 764 784 867 886 893 906 933 958 979
13 57 79 83 106 120 127 438 494 505 537 620 634 768 811 838 939
33 63 74 238 276 293 386 387 400 454 473 575 815 830 989
354 430 914 945
60 110 136 157 172 191 225 275 326 351 353 354 394 409 438 474 514 534 546 589 607 624 642 658 677 687 729 753 759 772 817 818 844 857 870 902 915 940
66 87 107 121 171 270 334 404 418 498 501 561 829 892 948 951 960
37 145 333 458 707 845
79 86 99 122 207 228 239 283 329 345 351 377 500 579 607 668 741 851 858 860 934 980
4 33 62 155 218 261 263 324 337 373 392 415 461 469 478 535 536 608 653 708 712 721 730 747 767 846 941 945 973 985
515
544 806
145 156 336 481 681 915
410 581 787 872
53 259 588 678 685 721 814 961
343 443 574 693 709 820 858 940
214 549
407 574 601 888 931 962
537 702 887
190 234 256 285 318 424 473 487 526 557 572 583 706 749 794 834 960 964
8 21 67 95 98 102 112 185 199 205 225 244 281 299 333 337 350 365 402 475 514 527 554 589 596 606 650 659 675 698 714 718 722 760 775 804 885
36
112 122 148 152 422 449 645 746 825 936 964 991
102 423 575
97 157 160 285 344 577 612 659 694 774 803 817
49 69 79 127 137 181 183 191 219 289 304 315 354 359 367 368 424 429 434 448 479 505 520 541 547 569 589 595 612 627 641 687 694 716 732 752 754 756 797 825 829 869 879 882 906 935 947 985
36 692 913
145 718
281 504 997
33 370
607 797 892
139 196 239 346 475 694 774 868 998
37 74 122 331 377 503 543 567 601 624 688 729 780 817 860
27 204 214 228 256 290 306 344 354 432 676 728 765 827 880
31 197 220 320 324 332 347 377 449 549 568 585 589 599 600 613 644 713 763 766 803 849 897 941 990
76 109 137 213 289 400 549 556 565 654 738 755 797 831 861 902 972
85 118 253 435 469 561 682 690 724 767 882 893
28 36 303 341 630 848 860 904
16 550 589 634 887
113 201
182 345 368 378 404 405 428 638 704 723 760 797 798 932 944
219
215 661
254 357 367 411 429 540 598 727 807 819
777 867 977
930
29 67 200 228 390 429 438 542 788
9 35 61 102 206 237 329 344 351 383 446 489 523 591 684 742 771 868 899
802 933
548
3 639 719 782 943
57 91 225 279 323 385 401 409 566 628 747 754 966
395
92 308 394 419 548 761 848
36 41 92 101 156 177 182 210 250 276 279 307 323 349 357 390 431 448 455 582 590 600 602 613 654 673 679 822 888 916 919 934 943 973 974
32
76 105 231 430 527 817 921
13 117 507 713 783
998
48 62 324 435 666 896 919
28 381 539 577 579 596 792 857 887 935 961
40 917
391
452 550 551
15 60 210 647 655
19 33 150 433 544 869 902
210 341 955
5 11 56 61 142 181 257 356 409 421 578 817 991
54
21 34 153
60 234 299 328 343 421 461 505 651 670 799 840 887 898
176 181 184 288 315 351 355 396 503 830
235 243 353 384 479 637 794 889 983
94 326 388 400 438 480 555 607 712 907
465 615 648 728 733
81 181 294 336 420 549 564 573 575 629 658 684 696 723 773 788 806 852 967 984
126 831 944
185 254 383 409 495 500
212
28 69 143 224 455 938
640 673
10 39 87 177 204 216 232 253 331 351 414 470 504 529 544 550 578 592 593 628 706 724 742 749 751 758 798 835 947 963 985
289 480 713
305
46 132 255 319 444 556 764
121 267 295 305 334 451 497 610 707 764 832
42 262 386 571 678 712 792 870 998
400 460 537 656 787 899
177 246 259 696 715
132 179 263 269 435 517 521 835 959 982
74 96 632 712 932
413 709
27 77 129 334 393 428 431 516 600 643 936
168 827
414 813 831 983
10 84 136 452 558 626 775 799 926
376 620
388 572 725 753 978
84 933
82 781 789
198 425
47 120 146 155 440 811 880
37 101 194 211 259 260 273 330 340 350 357 362 366 373 408 426 437 458 485 500 506 579 588 614 637 655 765 834 863 866 867
133
7 74 212 269 285 364 508 543 648 752 762 778 779
308 769 910
18 344 352 382 394 509 525 617 676 677 684 852 997
58 64 153 248 352 360 442 528 604 695
12 33 108 121 122 148 171 211 217 391 430 465 541 679 734 869 887 959
41 237 284 321 386 529 612 740 751 908
71
96 165 169 189 190 304 325 415 603 698 738 776 777 882
302
110 123 192 199 228 363 379 564 593 614 636 771 871 888
37 180 522 558 680
2 21 100 258 295 322 513 640
534
10 93 251 294 387 407 517 634 636 647 668 702 714 727 996
7 8 22 23 161 206 260 274 299 352 416 441 503 511 540 560 632 694 914
159 185 242 325 392 398 572 774 798 901
24 59 126 231 270 298 335 376 404 521 533 552 608 694 697 786 841 880 963
26 29 88 123 131 186 213 225 343 431 520 580 627 629 738 752 940 950
78 187 563 610 675 927
54 191 413 833 924 943
105 173 257 467 548 581 587 593 707 798 809 942
17 94 128 190 204 214 257 266 344 419 435 527 539 592 595 663 690 710 776 851 868 905 948
80 393 758 800
1 278
24 245 317 515 560 597 729 770 816 878 882 897 927 961 998
309
33 230 232 265 324 504 532 638 670 689 900
11 265 266 479 600 689 847
5 218 324 654 759 816
17 60 77 100 126 137 162 214 260 262 267 309 332 346 373 378 441 442 465 532 571 689 721 824 852 872 884 947 954 974 975
413 630
64 211 264 338 343 359 424 434 536 547 560 567 611 747 835 904 931 978
205 324 351 705 845
214
113 640 741 758 797
425
48 63 104 168 214 247 285 344 424 532 725 814 893
836
442 608
338 511 582
890 947
124 440 947
388 997
11 37 84 107 175 188 211 241 249 290 348 354 425 447 469 543 612 623 635 642 644 648 659 701 733 781 871 969
154 534 846
325 605 672 849 875
62 208 234 590
21 57 282 333 354 387 427 428 473 535 562 775 851 903
987
88 463 808
50 74 252 324 338 577 642 780 817 820 926 942 966
34 36 65 94 223 239 292 360 541 585 656 667 753
309 635
13 34 112 516 855
153 174 201 386 396 401 402 527 542 553 571 733 855 859 907 986
887
116 188 338 362 449 477 575 654 693 738 777 782 796 802 884
133 140 186 315 462 510 597
391
571
3 72 78 120 163 314 321 348 350 351 371 403 474 487 500 646 828 882 917 968 978 983
86 245 373 381 534 538 644 741 906
141 327 459 517 948 951 976
97 100 231 500 510 567 615 852 949 999
47 48 74 143 297 311 405 420 448 486 597 690 713 764 784 851
17 78 211 278 348 351 712 863
83 361
70 101 219 255 258 306 355 419 485 493 598 648 675 907 928 996
122 425 601 811
415 575 720 821 907 966
161 299 998
73 85 128 162 169 453 757 774 876 881 896 936 939 979
156 270 401 441 566 697 856
11 34 215 249 253 303 312 374 400 407 416 471 523 580 662 699 762 823 839 841 847 868 903 979
803
12 29 215 342 425 467 635 802 966
201 328 330 411 456 555 641 670 786 812 882 914 936 955 967
43 74 78 124 148 166 215 311 363 439 491 521 529 589 595 616 646 665 708 745 778 790 892 933 938 979
12 17 194 200 284 312 434 472 548 624 664 780 817 828 862 976
139 224 303 452 663 721 788 895
3 82 112 162 198 208 249 331 374 464 466 490 537 544 602 622 640 671 675 741 795 904 907 923
138 189 274 568 825 876 924
10 46 101 108 204 276 279 499 542 628 650 747 752 754 789 932 971
1 86 256 535 715 745
215 428 603 792
532 585 648 810 821 876 984
118 174 182 250 407 462 547 562 665 764 871
34 43 154 188 207 209 291 334 377 432 496 524 586 700 728 737 750 783 820
43 91 170 175 212 231 313 337 361 564 565 604 642 670 686 728
316
142 166 172 395 538 588 838 856 913
786
445 476
383 409 487 661 675 713 741 836
239
66 94 120 232 368 513 558 587 615 649 686 726 729 752 789 830 840 848 860 865 918 930
2 45 448 603 946
72 256 363 444 456 612 751 768 859 877 920
413 676 935
44 388 442 787 974
116 408 745
266 723
77 720 929
89 98 106 148 193 203 220 298 304 314 334 340 360 377 471 534 573 649 693 753 868 894 929 930 984
83 316 694 973
947
229
347 576 608 763
7 267 405 542 978 996
26 40 47 76 144 242 254 278 293 294 303 330 376 410 466 483 513 522 631 646 696 701 749 757 799 945 972
524 641 845
19 112 117 145 205 280 512 514 537 623 722 777 812 841 851 949
23 71 213 220 279 315 326 535 620 790 944 985
113 789 909 964
354 453 725
14 16 47 66 91 96 117 122 136 145 211 220 224 248 265 274 288 341 368 396 414 453 478 481 490 521 577 631 642 643 701 716 723 727 735 769 779 788 798 801 828 834 881 887 926 941 947 990
20 109 274 294 383 392 435 529 548 680 860
391 597
83 93 120 128 294 420 697 708 715 737 781 891 922 979
211 832
15 89 297 311 378 412 441 519 570 618 748 987
141 150 331 433 477 659
74 152 205 212 283 317 572 607 704 855 896 914 939
113 149 598
100 155 222 231 312 373 397 501 511 534 542 588 623 628 635 900 971
19 32 82 83 86 104 122 153 172 194 197 216 219 238 262 269 288 302 309 316 333 366 398 433 509 546 566 571 574 590 591 592 644 645 690 693 715 737 761 786 787 810 841 854 882 906 907 934 944 974 991
88 186 314 337 393 555 564 943
118 150 194 215 247 340 349 448 526 632 648 746 841 870 920 929 981
487 532 822
211 277 413 581 887
275 528 699
173 337 454 737 908 911
22 278 413 562 715 830 942 965
172 372 436 775 829 861
306 473 581 947
6 24 76 78 217 220 243 313 477 588 630 836 880 922 943 946 967 988
23 237 470 596 607 801
59 210 527 720 818
17 53 96 128 135 189 194 215 240 245 280 367 395 459 477 490 494 536 561 619 632 672 676 722 766 782 827 838 876 884
4 8 144 163 205 377 393 507 610 678 744 767 821
455 611 630 642 748 795
118 244 318 434 611 846 914
36 218 235 269 290 347 521 524 621 653 755 782 864
16 47 78 109 110 135 168 256 263 297 302 392 415 474 486 503 527 604 610 676 700 712 805 822 871 892 940 957 974 984 996
581 918
135 270 630 714 830
92 567 904
494
8 498 683 949 997
424
590 743 963
3 19 212 277 419 478 862 881 915 964
9 56 98 113 309 318 354 467 504 583 627 633 692 879 894 941
45 133 708 851 895
115 490 656 660
388 580 609
77 88 99 125 178 283 308 349 384 633 723 749 765 843 850 917 931
101 149 338 340 375 410 427 473 561 608 628 648 650 692 716 717 726 769 770 787 808 841 890 911 956 967 968
83 152 215 265 302 334 469 566 663 743 858 926 952
183 263 477 806 846
76 89 97 165 184 227 239 241 264 270 277 279 313 332 348 383 384 461 488 604 634 656 710 757 792 805 823 928 965 987 989
369 468 481 489 550 651 905 949
247 290 371 872
15 174 199 266 357 383 421 488 516 526 552 661 761 821 906
23 48 60 128 141 150 171 175 179 181 186 228 247 347 386 390 399 400 464 533 610 615 696 724 734 791 802 833 866 900 904 915 929 941
241 340 751 817
111 216
108 296 939
35 279
91 94 122 237 299 356 487 525 675 905 925
70 72 154 163 286 305 355 478 551 574 590 672 764 886 893 939 946
293 379 482 594 756 869 926 937 942
90 203 732 838
102 174 195 239 470 549 551 628
119 137 177 189 258 348 478 553 621 652 728 734 778 786 807 824 826 862 922
161 225 256 331 364 380 382 393 505 575 589 725 737 755 799 948 951
30 83 279 341 425 485 528 551 605 980 987 990
39 49 173 206 247 253 339 814 868 896
3 315 450 656 677 817 942
145 517 923
238 553 714 740 765
147 158 240 449 541 706 722 735 777 840 873
624
57 68 89 90 118 168 206 220 308 343 476 557 588 614 629 667 716 727 744 826 844 845 896 964 966
14 122 141 446 487 500 575 665 681 702 724 751 777 837 938
352 818
545 564
1 19 48 239 273 275 350 356 376 388 401 423 463 512 850 890 901 911 919 983
447
317 612 819
164 251 269 275 299 527 556 654 817
96 108 151 218 271 316 334 387 429 485 587 596 616 641 643 675 686 698 734 758 766 791 810 828 844 847 869 886 900 916
3 66 96 122 193 206 259 317 356 513 552 596 708 825 834 909 942
72 181 255 612 960
913
1 3 11 20 33 54 59 85 92 139 141 151 197 208 272 301 311 316 330 388 494 507 570 576 671 692 728 733 750 785 789 798 810 818 854 867 873 892 989
44 359 614 652 741 938
7 9 194 433 494 671
77 186 215 484 579 599 699 809 817 948 998
20 40 63 119 157 207 314 363 376 386 454 459 539 583 965 969
40 47 50 112 116 123 137 201 356 405 432 435 504 513 552 564 569 577 591 642 654 671 711 713 746 771 774 786 816 834 849 893 906 907 948
920
85 230 289 351 567 764 800 944
183 226 235 237 408 700 705 716 758 845 986
411
16 72 90 227 281 374 453 511 518 524 566 576 734 801 854 991
2 226 344 542 639 789 867 878
57 360 365 485 880
32 99 238 255 267 304 309 404 483 487 510 567 617 711 888
78 82 92 170 194 412 488 590 618 621 670 743 926 982
95 131 447 465 521 683 696 954
39
18 108 208 255 335 732 1000
234 393 595 624 726 749 763 822 926
7 202 279 405 406 461 485 557 580 771 871
121 129 239 297 362 515 567 619 665
540
13 34 58 93 94 258 268 273 576 650 730 773 888 927 952
75 426 480 575 777 780
40 89 210 300 329 338 429 487 542 589 711 724 765 786 879 993
763
300 354 533 539 694
4 5 90 91 122 168 215 226 333 404 603 803 941 942 978 985
44 93 158 297 310 443 603 620
168 169 245 259 377 397 399 407 440 450 646 673 676 742 863 877
55 166 818
349
15 77 78 84 139 334 396 437 475 519 825 897 939
592 844
80 111 230 368 373 418 522
133
93 221 389
4 94 97 134 196 299 314 464 657 689 766 810 908 962
215 241 449 534 596 614 745 771 813 882 900 918 969
16 193 257 327 338 553 567 711 855 966
403 787
272 812
325 421 482 640 732 779 894
229
72 73 180 369 397 401 456 497 518 572 587 818 878 992
160 198 280 492 493 534 821 834
520
75 264 305 457 596 639 792 820
294 316 365 589
48 80 94 112 130 138 157 212 236 247 288 347 374 385 441 445 493 531 574 630 675 702 716 748 843 867 959
36 112 189 277 404 472
78 84 266 415 461 976
151 192 204 265 366 376 410 579 593 610 675 724 740 770 782 792 881
174 323 332 394 455 503 509 624 655 675 684 693 735 862
16 161 197 354 522 545 687 694 695 697 802
695
16 58 69 98 106 208 547 598 603 611 614 636 671 844 950
119
206 470 612 755 839 851
372
148 371 427 539
293 614 983
22 272 308 345 360 609 617 715
69 303 371 500 635 823
342
7 79 443
233 694 868 928
142 720 866 896 986
475
45 228 239 281 315 379 432 451 566 660 747 782 912 950 971
179 314 717 830 933 977
171
353
6 69 87 188 198 367 440 616 694 696 710 800 842 882 970 997
977
63 235 366 464 684 735 774 833 858 911 938
119 174 211 218 244 388 547 620 761 763
28 171 205 758
62 535 755 845 857 984 997
74 107 163 205 213 252 258 328 349 369 389 422 468 481 482 512 513 515 555 666 713 738 756 766 871 880 946 973 987
4 5 37 74 80 82 121 128 229 255 332 351 404 415 423 428 547 557 595 605 620 780 889 922 974 983
302 528
183
99 306 378 407 454 521 570 601 617 693 711 755 792 822 903 919
59 92 94 95 110 215 259 281 364 390 416 429 450 463 466 592 672 681 699 753 806 895 948 985
211 501 895
667
93
18 57 59 81 111 116 122 130 138 205 224 267 279 317 426 529 564 573 639 718 771 777 798 812
287 333 411 872 891
368
203 287 437 556 852
43 418 628 920
96 161 333 370 413 477 683 801 851
41 51 67 76 119 174 210 217 261 287 350 419 505 509 522 535 538 569 591 616 633 636 657 660 702 741 757 825 847 876 877 899 910 927 932 944 981
45 82 86 180 201 214 215 239 241 271 279 293 301 312 366 390 397 409 432 479 513 576 609 634 638 662 766 798 852
356 415 516 818
24 30 42 63 65 71 78 91 99 125 163 234 260 307 327 342 378 385 427 473 483 507 549 553 591 593 605 673 687 688 705 719 728 736 748 763 768 791 809 814 885 896 917 934 966 975 976 979 986 992
131
32 258 706 791 837 878
1 13 144 281 358 464 476 711 776 861 884 941
15 40 96 140 151 336 337 343 361 448 515 587 592 611 627 722 735 786 794 990
315
146 198 384 439 543 654 661
69 276 319 954
152 439 445 535 679 840 919 926 927 965 984
235 245 277 325 391 872 887
138 152 192 251 266 286 374 483 525 550 567 608 650 680 800 802 816 855 899
26 315 761
401 494
336
142 201
126 162 165 176 216 280 387 456 502 521 558 586 730 903
341 600 929 947 959
116 273 312 675 948
35 136 452 488 588
256 356 638
175 275 327 410 421 552 720 771 779 800 875
277 390 414 440 509 753 910 925 928 972 1000
84 130 440 523 835
40 962
23 34 47 131 205 214 237 275 283 329 415 436 479 577 986
211 227 435 613 718
55 98 100 106 142 203 276 833 980
4 104 250 324 438 574 609 610 638 729 812 823 850 929 993
75 146 200 213 330 419 755 809 860 940
4 13 181 195 281 295 372 443 460 485 549 696 941 943
94 128 393 526 529 576 581 585 695 705 799 883 938 977
3 71 97 116 130 300 302 381 466 485 487 489 559 572 646 786 889 891 904 954
7 76
37 58 92 107 122 188 193 194 207 296 304 377 378 389 428 441 467 474 479 520 678 679 682 771 807 852 901 904 935 951 961 969
181 187 219 227 380 412 453 607 751 796 838 866
113
233 336 537 855
114 123 207 357 447 502 508 536 631 643 723 821 876 892 951 982
153 508 541 771 816 904
31 196 250 257 278 284 296 354 396 456 479 494 505 506 531 548 635 754 772 803 805 806 824 850 873 910 925 953 966 976 989
211 503 891
153 167 245 248 252 306 312 316 325 334 399 412 551 580 630 803 905 911 940 961 965
208 372 564 612 613 692 795 799 873
243 277 905
230 999
849
54 88 156 300 396 404 445 493 681 819 837 845
21 38 416 592 601 920 955 970
237 372 462 489 520
129 212 233 260 295 537 587 816 908 952
13 59 60 105 122 154 173 174 177 187 192 209 222 250 257 287 304 308 311 330 337 442 455 460 480 521 544 560 573 601 602 628 634 635 641 644 650 663 669 672 676 686 726 736 740 758 770 849 857 900 905 917 923 943 945 951 989 997
19 36 97 123 171 327 465 685 717 744 851 913 995
122
500 641 796
34 75 104 123 170 192 209 215 245 328 369 382 387 423 579 763 807 843 946 970 975
300 574 575
82 108 278 481 575 599 635 640 682 715 719 770 786 791 900
46 81 161 247 304 325 477 503 538 544 558 598 631 639 649 715 718 729 750 777 798 915 921 923 925 984 985 989 995
17 54 69 86 90 141 142 212 221 250 257 275 328 371 373 376 387 419 422 435 459 463 540 633 649 672 747 782 824 849 896 903 912 940 982
43 51 74 118 134 144 151 188 321 325 351 388 680 707 738 745 844 902 916
46 56 65 78 116 129 134 151 177 213 257 284 287 305 348 359 383 397 419 449 477 484 486 547 596 604 619 634 653 684 765 768 790 807 833 842 888 895 896
18 111 146 248 383 787
9 158 251 705 781
967
16 69 176 236 439 498 510 582 759 821 855 895 906 915 980
12 32 36 68 79 123 160 186 349 354 412 420 530 552 558 561 638 668 682 729 731 796
822
39 45 62 120 215 239 309 346 367 568 579 619 625 765 830 842 913 954 962 972
106 121 483 674 963
9 20 28 133 143 229 297 329 362 516 552 591 618 638 705 761 814 869 891 918 919
51 182 198 218 325 568 591 836 989
167 202 320 391 472 476 485 601 604 607 633 635 640 654 698 723 749 751 763 783 788 840 864 897 909 925 962 984
280 338 771 940
38 142 451 574 575
3 627 691 858 903
36 137 230 350 366 380 542 651 740 768 951 957
875
20 21 60 77 170 180 198 209 223 271 307 328 370 428 452 478 494 558 568 627 629 689 760 791 828 841 885 973 996
168 383 670
492 628 774
19 78 141 219 299 327 378 397 439 456 507 797 819 972 993
204 362 600
157
363 421 490
99 266 325 403 421 483 495 625 635 647 763 804 864
49 228 277 725 986
64 94 157 164 165 187 254 269 305 326 358 362 469 552 595 603 643 734 816 825 829 944 992 998
118 146 171
15 29 154 391 420 472 474 583 607 669
29 52 75 99 127 146 263 332 353 355 386 434 440 460 473 524 535 575 583 617 627 656 684 694 738 748 776 821 925 930 949 954
16 19 36 42 44 105 112 167 175 229 238 278 310 432 443 484 578 581 613 640 643 658 664 736 754 782 810 881 931 973
903
15 368 446 654 754 997
7 70 85 88 106 147 194 199 234 264 362 419 467 482 512 524 560 684 728 731 790 805 866 870 894 995
39 127 281 345 356 369 546 564 882
83 257 529 537 539 637 701 802 841 844 881 954 991
37 210 318 389 508 561 567 760 888
309
6 9 12 25 39 154 172 204 221 248 261 276 283 305 312 330 346 378 394 402 407 425 431 457 471 484 495 507 509 516 519 551 552 586 616 789 806 840 877 908 915 927 940
231 320 348 456 480 498 541 617 728 731 765 920 938 978
915 950
7 23 90 124 136 154 350 398 415 493 504 631 654 681 691 706 714 732 751 826 937 942
23 173 264 365 367 491 649 757
17 25 131 137 164 212 237 243 254 290 291 330 370 388 426 501 585 639 641 715 723 771 799 847 878 898 945
671
11 20 77 187 260 280 338 392 442 485 622 710 715 795 806 859 883
110 377 626 661 725 812
757
258
68 116 227 234 274 320 343 470 477 587 675 726 890 908
51 79 91 126 141 163 177 182 185 212 216 233 257 261 271 299 416 486 505 555 580 603 632 633 647 676 690 693 703 705 727 754 778 782 890 931 980
41 69 131 378 392 512 514 585 598 686 789 813 872
258 549 624
258 732 758 769
98 155 171 188 212 221 246 293 318 326 456 474 476 586 604 687 688 710 878 883 943
425 482 570 905
20 36 37 53 59 62 86 93 105 116 174 177 181 183 203 229 237 245 273 309 325 370 374 383 396 408 411 477 486 498 505 541 556 572 580 676 680 691 721 734 750 797 801 811 813 822 829 880 894 919 920 947 988
153 310 542 884 887 900 954 962 970
168 325 761
652 704
50 170 524 595 768
54 63 154 291 503 548 659 718 765 769 792 948 968
57 113 229 250 294 484 487 541 552 907 971 983
168 194 478 742 824 858
7 8 32 50 54 63 67 95 120 143 149 152 155 193 195 200 211 226 234 243 251 258 260 274 284 288 308 312 316 318 338 339 371 372 374 414 427 444 476 480 486 487 493 544 595 600 603 628 644 650 664 685 751 778 789 801 859 918 929 946 954 965 981 982
545 941
107 123 210 376 515
723
51 92 135 654 769
18 130 296 305 337 368 419 473 566 586 624 720 837 975
7 97 103 154 203 224 244 268 363 384 399 402 423 448 488 529 542 616 651 720 800 805 848 874 888 981 990
189 398 454 699 930
378 468 531 539 582 628 789 836 985
14 131 136 214
34 133 353 884 939 973
944
69 240 243 527 558 683 750 966
862
126 181 290 755 871
174 283 306 498 870 916 936
157 355 409 522 631 753 892 923
26 92 165 209 359 442 469 677 688 697 947
324 395 661 671 797 826 884
13 80 163 185 250 263 292 304 328 392 397 401 486 557 652 683 908 948
8 27 297 473 892
469
86 159 250 350 370 684 815 993 1000
3 40 191 236 296 388 422 549 632 694 785 825 978 990
25 49 178 181 220 278 321 377 382 554 562 686 877 914 953 966 978
15 38 83 131 132 196 350 542 631 859 926 966 969
35 52 92 168 179 203 270 276 288 317 345 355 430 461 481 503 521 561 573 578 619 649 651 654 660 813 840 843 909 966 978 997
8 35 143 146 163 263 344 424 514 597 614 700 735 769 786 809 834 937 978
61 67 94 425 582 635 718 771 863 898 949
7 25 84 101 109 121 168 170 179 194 262 291 354 388 396 425 536 594 604 606 632 674 744 752 768 786 821 899 923 934 969
358 471 823
80 101 148 159 284 370 375 388 410 475 483 554 670 726 727 861 884 912 929 935
58
29 224 248 266 327 339 426 465 666
105 131 164 285 324 426 450 616 653 740 756 765 778 818 841 922 950
64 78 94 167 189 223 234 265 266 357 488 648 667 687 710 766 892 970
219 278 511 644 750 988
5 99 519 674 695 922
635 659
84 167 168 259 301 318 371 398 417 419 465 500 615 638 703 734 753 837 865 932
117 126 167 258 269 335 454 466 489 547 633 652 656 702 729 733 788 874 903 908 941 984
222 238 847
94
2 547 581 981
52 101 158 185 281 318 552 799 845
29 144 160 631 929
144 834
21 31 115 160 172 217 224 242 260 282 319 339 354 402 421 441 452 474 563 644 749 801 802 805 824 892 897 971 973
17 179 229 302 316 390 409 430 437 472 497 500 513 515 517 806 897 991
5 22 39 71 150 167 180 196 197 216 258 263 313 333 334 364 471 523 635 652 741 774 824 930 959
79 380 605 745 798 801
277 305 356 471
114 238 267 453 549 819 998
245 271 596 728 816 970
93 158 198 242 733
20 203 213 230 270 394 467 645 684 703 823
12 20 30 62 139 213 224 234 259 274 277 282 292 301 329 380 403 413 460 542 547 598 623 645 723 754 774 780 799 810 821 865 868 870 877 884 894 915 918 922 928 936 937 986 999
8 10 22 52 114 207 209 236 327 809 815 875
115 304 318 368 373 495 511 599 923
6 119 158 160 184 217 251 354 400 502 677 702 708 774 785 805 806 827 847 862 872 968 995
8 64 248 268 511 552 667 753 771 778 952 976 989
49 690 892
123 136 168 231 251 283 342 419 426 441 499 552 688 690 700 779 782 837 895 914 962 981
5 10 71 180 579 636 661 743 964
237 274 409 613 616 883
115 402 476 642
151 252 370 393 638 660 785
379
90 96 153 218 224 253 323 327 387 398 420 428 437 452 479 498 543 560 585 616 671 708 713 750 758 792 794 819 843 852 999
102 835
49 133 144 159 186 246 277 397 407 423 456 488 508 624 627 648 705 721 752 853 900 977
412 875 924 945
112 287 366 902 909
76 96 245 524 660 860 922
72 237 444 473 503 520
26 38 77 314 347 407 444 476 598 646 699 725 795 956
144
189 258 686 687 907 934 996
2 12 46 179 192 476 541 608 765 875 892
96 241 355 522 529 924
80 125 138 170 186 223 297 319 340 357 383 410 424 475 515 629 654 655 677 695 737 792 797 878 985
787
467
283 710
121
369 540 602 624 718 749 970 985
52 218 248 283 308 554 620 651 958
57 82 220 307 327 347 384 390 444 478 543 685 725 781 795 805 855
329
10 24 56 67 98 123 124 143 146 156 191 202 277 281 285 332 373 393 465 560 572 604 647 692 729 743 749 752 767 780 782 801 813 855 872 884 888 915 926 930 945 964 967 982 998
421
27 80 126 154 174 196 291 297 326 349 432 438 447 473 479 505 526 531 572 622 677 687 689 729 738 763 771 843 883 893 904 944 968
101 280 326 385 429 602 805 818 872 903
48 248 615 745 859
56 308 480 564 652
153 287 381 850 860 903
779
23 28 35 79 98 133 158 164 191 249 292 309 339 383 444 473 509 544 567 650 652 670 691 700 703 712 817 849 914 939 977 979 984
55 138 702 979
74 177 205 292 437 517 518 582 666 954
822
240 678
34 55 195 257 274 370 402 480 611
522 615
167 334 471 801 964 1000
289 547 564 918
13 174 351 421 495 524 779 799 803 805 807 855 876 881 893 939 967
30 54 98 164 194 214 265 298 342 452 471 624 627 629 654 656 739 896 984
96 108 316 325 532 547 614 712 740 822
8 14 39 97 208 244 334 342 352 454 469 558 589 615 763 828 856 937
4 331
99 982
419 462
19 937 972
59 79 122 126 146 204 274 342 360 487 497 539 620 696 785 796 845 946 993
254 293 770 994
413 419 439 452 456 579 667
129 252 329 430 470 570 636 886 949
9 56 59 66 82 88 93 170 218 239 314 336 374 500 502 533 564 572 605 622 637 701 747 814 841 934 975
284 477 646 651 808 963
507 660
78 276 461 507 703 791 827 916
260 398 576 870
11 55 92 182 187 306 322 325 334 443 445 616 689 726 766 919 930
4 67 70 106 140 160 173 212 258 334 342 398 400 403 406 419 456 484 550 568 590 619 629 635 699 733 763 766 772 831 837 848 871 880 885 905 923 937 946 953 959 966 980
394 557 603 639 973
25 27 47 63 72 91 165 184 288 372 376 503 504 523 669 720 750 778 793 838 852 927 944 956 999
703
209 418 454 462 529 571 821 845 954 994
191 280 420 423 451 506 542 559 578 676 725 729 779 792
64 370 959 970
205 403 492 552 924
189 313 368 415 612 932
44 145 272 283 306 575 694 699 704 739 781 839 855 958
618 815
2
129 561 684
282 495 832 874 942
31 32 105 138 178 236 246 272 299 369 408 429 438 440 447 483 517 532 573 596 619 632 637 643 646 648 683 740 817 820 823 854 866 867 877 888 898 940 984 998
740
418 476 534 564 663 745 787 869 922
120
26 45 48 181 197 257 283 360 400 402 426 516 667 724 824 928
357 449 857 925 986
5 40 44 48 133 230 237 252 302 373 423 449 477 568 589 610 711 798 865 868 922
54 570
33 757
47 55 291 356 380 445 455 521 527 551 617 641 707 827 908 942 958
340 433 469 691 744 746 975 997
91 384 466 549 556
88 241 323 355 479 493 570 636 740 951
50 86 236 258 397 407 479 500 660 822 935
134 320 425 456 665 745 955 989
352
23 45 280 629 695 868 938
877
194 364 674
153 448 599 632 916
16 48 69 153 184 189 225 384 395 407 460 520 541 546 559 579 625 628 638 644 718 789 819 822 839 884 911 918 924 962
37 142 165 219 273 312 332 413 420 559 667
235 683
97 214 354 365 388 573 772
233 244 392 414 543 582 784
601
137 263 317 617 741 962
106 177 499 592 640
51 91 317 413 466 467 524 595 709 956 969 985
34 38 52 92 119 121 172 173 225 239 294 307 344 347 352 361 372 410 463 493 569 625 660 700 729 758 799 804 830 883 920 930 940 977
30 39 131 157 196 223 238 276 307 361 365 370 407 503 541 559 625 635 678 717 762 904 935
59 141 232 435 467 474 715
209
678
22 89 228 232 446 567 625 666 749 852
226 428 438 503 521 530 696 839
100 158 829
34 186 257 360 365 432 435 657 728 823 832 867
200 324 348 405 575
38 60 74 131 228 307 309 323 469 476 535 539 586 659 708 846 887
935
42 93 137 334 345 418 472 560 589 602 606 835 864 888 892 955
810
195
232 492
94 824
613
205 260 323 452 479 573 695 789 805 813 923
125 416 425 429 447 484 553 579 968
41 517
102 195 463 490 493 512 537 588 761 794 795
70 107 114 135 276 350 359 476 683 756 812 866 945 987
205 216 217 264 299 445 606 657 688 791 1000
130 462 475 628 642
599
125 161 335 359 513 553 653 655 673 682 837 900
83 86 144 156 321 325 354 373 478 651 675 715 750 916 931
41 67 184 198 470 714 923
269 415
135 149 416 859
309
9 35 47 122 131 138 152 196 208 231 235 242 251 301 354 382 409 451 471 476 481 506 508 511 517 533 536 550 705 744 783 786 853 860 887 959 961 980 994 997 999
57 143 418 644 711
60 215 298 375 515 517 568 662 924 964 980
60 600 684 912 951
60 307 801 881
128 185 339 460 486 762 932
34 49 174 249 316 375 549
2 40 74 77 157 198 229 275 325 332 339 466 513 605 637 685 714 730 756 790 898
24 516 575 643 768
310 396 685 792
49 467 604 814 887
26 105 330 519 582 732
375 680
369 415 792 796 910 966
263 452 465 470 477 488 501 523 544 589 788
18 36 102 439 633 688 931
52 69 162 185 192 238 257 259 284 331 357 385 428 541 542 677 679 698 737 747 769 838 965 994
25 129 164 170 228 365 375 427 580 685 736 893 906 981
9 14 61 88 146 209 229 281 290 351 366 388 409 416 438 442 548 563 600 643 652 714 809 810 823 860 888 893 939 979
402 842 867
925 951
20 31 57 93 118 132 142 163 181 193 224 248 293 294 297 307 332 337 392 410 413 428 470 471 480 500 514 523 549 559 586 648 666 713 716 736 747 773 831 842 848 855 859 863 903 906 940 954 959 999
9 33 51 56 116 189 374 495 511 605 707 746 787 806 817 902
70 85 108 174 175 188 284 356 459 488 542 612 625 632 636 693 763 837 867 943 963 975 994
115 598
140 222 258 404 716
5 42 661 685 712 791 880 952
91 197 434
301 313 429 788 904 956 990
465 937
241 260 457 614 732 762 963 973 991
79 97 184 255 287 308 355 411 426 434 461 495 497 502 764 783 785 810 837 851 902 959 979 980
110 136 145 316 340 364 427 436 446 522 534 649 782 866 928
14 659 715
490
25 28 57 123 152 200 357 448 483 487 555 665 672 991
102 146 460
101 148 321 449 559 616 711
21 142 156 249 262 281 291 303 309 323 327 332 350 380 384 414 437 442 476 539 567 572 649 663 685 709 743 749 769 773 791 792 826 827 856 885 887 976
571 974
384 458 574 655 689 799 804
192 917
8 277 412 488 540 606 651 692 749
62 190 764 792 836 872 903 927 960
113 719
3 19 57 62 81 94 102 154 164 212 226 235 255 258 304 314 390 414 416 423 425 437 440 455 469 545 571 582 589 594 662 746 748 798 841 860 953
330
140 583 677
511
28 63 89 104 113 123 133 144 146 208 223 233 240 271 272 279 316 330 337 349 361 394 409 423 428 440 470 475 476 500 529 537 581 585 593 752 768 785 790 801 810 830 832 840 859 925 933 986 995
80 119
21 26 30 58 64 65 77 121 131 150 194 212 215 256 266 270 279 289 292 303 324 339 369 405 422 439 493 508 514 531 552 606 626 688 704 705 755 771 817 834 841 844 849 857 875 886 913 920 923 955 984 988
16 49 148 177 195 204 299 328 350 379 403 418 434 456 536 633 657 676 726 769 777 862 903 927
72 108 215 225 270 350 519 628 655 685 803 809 979 984
20 189 605 800 863 973 990
304 461 470 511 550 568 618 708 714 779 795 857 960
71 74 89 121 177 319 340 369 420 540 549 585 598 676 829 842 858 918 935 980
843
114 407 431 757 779
148 321 351 369 474 605 676 987
17 119 176 202 215 254 287 297 577 581 596 686 715 745 782 875 895 911 954 972
67 112 421
108 287 311 317 369 413 430 526 561 572 583 593 606 685 880
179
179 675
762
31 130 132 141 146 235 277 286 362 431 432 542 545 566 609 682 716 733 782 857 934
128 145 242 294 320 353 415 418 423 467 506 580 609 687 696 712 733 751 783 875 883 907 910 945
29 86 496 502 753 897 968
297
1 41 86 98 101 104 151 179 188 272 291 307 404 423 438 484 542 566 567 583 656 669 685 747 778 802 814 827 851 880 946
15 47 127 164 201 252 411 438 441 445 446 458 475 513 524 648 661 664 720 734 768 773 788 805 812 862 899 925 950 985 999
7 38 109 127 356 590 658 662 681 826 924 941
101 119 284 374 530 702 869
65 77 85 106 221 253 291 347 359 364 412 415 488 508 551 564 571 612 635 649 701 712 734 773 864 907
727 853
143 667 966
116 438 458 519 964
609
864 948
460
215 223 280 544 666 800 880 915
542
282
70 93 104 151 157 398 551 576 634 658 661 680 868 986
88 503 700 723 774
90 251 340 379 571 698 748 812 908 945
49 121 294 460 727 739 887
65 219 684
51 104 201 261 280 320 714 718 736
827
26 57 69 70 98 99 100 170 197 202 207 222 255 268 305 360 372 386 433 449 492 516 582 600 615 632 653 790 809 864 894 917 924 947 960 961 962
294 342 348 376 588 911 967
193
445 541
22 43 72 104 120 150 197 217 223 277 294 299 319 372 458 567 601 646 647 696 735 790 861
740 753
357
86 211 324 446 552 554 579 635 827 934
43 436
63 238 328 353 361 421 423 433 449 667 901 907 945
962
39 183 341 455 709 730 815 897 951 953 998
58 70 81 105 128 170 180 203 472 493 516 526 564 565 699 707 753 760 852
388
25 86 145 241 318 604 669 729
77 169 187 227 239 461 510 581 633 646 650 710 884 899 968
57 139 252 280 319 324 327 372 399 453 492 499 709 755 797 904 926
41 99 338 414 418 447 486
131 400 556 694 743 979
352 583
59 87 562 834 904
165 189 201 529 694 789 844 881 884
13 86 119 166 236 262 270 272 294 303 334 441 443 474 476 575 651 654 675 759 783 895 934 944 957
37 110 182 216 359 533 540 548 571 572 652 754 880 993
21 64 69 157 175 246 277 294 297 392 409 488 562 570 612 627 685 689 704 730 732 736 808 823 907 938 956
52 489 679 777 816
52 105 112 542 596 671 705 737 946
302 577 618 831
11 131 146 219 273 282 467 494 502 636 679 689 869 908 953 961 965
64 330 426 518 633 747 760 796 869
19 52 214 465 553 570 571 806 838
43 65 200 503 807 834
626 669 863 876 903 933 965
105 351 930 936 965
39 77 98 293 365 382 547 658 695 900
853
396
281 403 528 638 698 997
112 251 849
318 335 803
958
86 118 759 894
187 236 407 675 715 729
241 471 524 736 900
130
57 181 208 221 365 411 491 495 557 632 661 739 973
100 222 555 670 915
12 105 177 241 249 312 421 570 636 844
328 430 481 585 636 685 718 780 861 939 976 985
3 155 616 746
13 19 31 40 68 90 93 114 120 132 158 173 255 367 368 380 406 459 480 485 626 761 762 829 864 884 894
12 36 53 88 106 148 220 229 258 262 266 369 417 460 582 602 651 671 681 696 882 922
52 204 356 762
141 185 543
48 308 408 900
215 456 655 801
97 263 298 457
38 58 104 184 229 243 294 326 425 451 596 750 817 853 857 917 993
119 235 263 396 554 659 786
6 56 83 113 380 508 526 570 590 667 758 794 797
357 661 861
2 32 52 59 82 123 125 155 172 174 237 255 263 286 311 351 369 383 394 459 472 529 595 616 626 662 689 772 798 867 891 921 927 929
54 88 107 211 361 393 438 527 528 642 757 788 790 801 807 890 909 928
492
103 105 199 276 303 321 358 367 372 444 498 587 901 935 967 992
10 39 73 157 187 196 214 230 263 285 379 418 439 499 523 555 566 593 626 636 654 687 738 743 744 803 805 825 826 846 899
958
604 964
207 415 508 687 933 935 981
398 415 430 433 496 500 567 997
19 21 165 184 238 239 251 282 350 404 562 644 657 760 767 774 815 935
446 879 986
54 97 112 332 408 417 538 714 741 747 791 806
61 62 108 131 172 181 189 267 268 272 276 295 345 360 397 406 455 491 546 547 594 623 676 702 707 716 812 872 909 914 974 978 985 999
752
102 104
288
83 194 267 288 359 644 880 914 939
645 978
1 49 456 949
86 105 205 223 258 332 378 423 440 481 496 497 627 657 668 682 763 767 775 779 812 814 884 976
15 141 172 234 308 393 397 409 435 474 481 513 547 610 630 688 729 867 899 981
95 219 221 242 243 342 381 423 486 911
202 310 566 722 855 888
147 511 781
36 316 342 573 681 904
152 379 561 875 965
125 788
15 18 57 125 189 236 260 376 477 605 697 713 726 737 784 791 803 905 932
197 386 455 494 517 621 663 855 959
3 57 71 102 132 170 174 200 259 268 299 332 338 427 438 469 471 475 491 504 528 574 585 603 615 660 680 720 861 879 897 904 905 916 943 944
583 758 999
33 99 168 234 289 421 423 467 709 775 983
35 318 776
67 126 250 367
57 257 339 342 398 531 577 607 868 932 933 972
42
369
117 303 399 405 564 571 584 709 714
249 264 302 343 365 506 778 883 934 971 991
5 91 150 332 344 528 539 576 595 690 716 725 735 875 879 884 921 957
13 22 56 80 90 100 140 163 244 248 293 308 333 426 450 476 481 509 525 535 579 585 623 666 696 776 790 798 800 813 842 855 870 883 935 944 994 997 998 1000
219 285 373
117 140 173 302 588 605 636 754 821 846
14 24 68 441 556 586 792 793 835 879
307 521 780 915 979
517 831 863
145 564 582
46 356 361 485 695 856
541
31 97 312 333 338 362 500 741 763 883
13 196
37 44 70 144 159 199 276 327 342 705 711 742 955
62 110 191 250 337 347 355 378 403 466 560 687 767 816 820 829 859
15 107 172 185 193 225 242 250 272 315 461 468 486 521 628 632 747 839 842 903 949 967
104 206 258 265 309 325 366 388 409 417 418 499 512 629 637 640 752 967
61 562 768
159 441 794 817 844 907
395 605 663 729 968
840
233 359 375 412 554 590 769 798 805
81 263 346 458 627 640 820 974
16 416
269 396 740 988
93 859
398 407 788
821
104 665
18 192 221 275 295 357 395 400 686 713 730 754 811 887 945
69 138 231 576 609 806 968
40 136 331 410 661 755 841 917 967
677 766 876
345 666
545 961
25 101 164 188 189 229 254 296 298 313 328 334 477 480 485 504 556 728 737 754 798 844 889 948 988
276 756 975 992
521 622
20 153 180 205 221 331 354 379 474 651 771 836 856 921 965
14 26 128 482 486 791 942 991
65 96 175 318 357 420 598 759 881 921 951
157 362 376 555 592 909
45
50 103 342 551 595 706 807 828 892
52 83 116 214 239 349 368 386 509 583 744 780 824 891 942 953
4 5 9 481 497 703 923 968
174
36 43 171 227 242 247 291 293 297 367 389 416 422 424 426 467 471 559 576 665 667 767 779 796 818 829 867 941 961 978 990
79 113 202 222 285 443 484 528 814 816 943
23 41 182 310 521 837 863 887
223
415
34 410 582 632 735 791
49 59 60 183 204 238 290 343 373 412 465 584 596 645 656 660 680 687 713 816 865 915 994
24 75 200 251 254 261 289 464 467 528 665 669 728 753 755 982
11 30 392 398 406 418 604 748 765 948 953
273
339 345 387 991
104 734 830
222 293 350 612 692 946 978
58 459 902
61 99 425 432 459 511 522 524 538 664 696 700 845 997
305
28 44 109 233 292 321 384 491 536 561 652 672 746 775 786 791 798 848 890 919 949 972
239 265 320 413 725 756
346
274 296 386 403 419 728 741 810 846 874 932
8 483 529
103 149 180 233 299 406 456 723 726 728 913 927 933
23 414
20 25 113 188 221 232 242 285 361 407 449 496 529 537 573 592 594 644 717 778 809 838 870 878 937 948
82 433 832 954
105 518 548 559 568 603 684 846
33 73 83 92 116 246 259 272 279 284 288 315 317 327 396 412 422 475 503 516 520 630 646 694 695 699 733 761 771 778 840 841 864 875 884 891 924 966 975 983 986 997
34 44 89 151 356 375 441 609 716
209
32 41 122 199 233 514 621 623 647 661 745 894
4 11 27 39 43 75 110 123 147 153 173 179 183 192 193 201 209 230 236 253 298 325 342 361 383 384 388 394 395 420 463 506 530 531 533 540 579 611 615 651 705 718 742 744 745 749 782 783 806 823 843 862 875 891 897 904 985 989
196 265 361 382 816
74 78 152 186 239 500 524 537 546 615 753 873 976
562 612 690 695 851 944 999
819 851
30 33 40 66 182 188 288 311 318 328 334 387 485 497 585 593 605 658 695 727 757 830 851 858 921 923 926
220 226 236 264 301 340 345 364 379 384 408 409 415 539 546 709 763 858 867
12 76 187 204 350 467 757 782 832 878 1000
538
236 396 482 660 670 704 776
142 180 417 436 904 937 952
11 256 295 448 466 512 537 746 844
140 189 324 545
701
11 80 170 274 418 656 693 953 956 990
37 123 161 567 586 762
6 509 690 812
48 615 709 844 884
76 319
102 341 404 500 838
300 632 780 916
122 205 541
75 144 180 498 781 825 921
103 270 296 322 331 438 497 521 553 810
104 582 674 765 962
96 213 319 413 431 454 541 617 674 795
82 291 610 675 719
231 320 371 677
542 555 575
30 62 63 124 131 197 205 208 344 358 380 427 475 484 507 671 676 845 886 919 961 991
54 64 176 191 225 234 268 325 326 425 434 441 477 489 517 541 587 621 648 650 666 695 699 712 735 748 754 757 792 825 991 992 994
133 136 247 279 283 325 439 442 468 552 566 617 668 795 865 901 917 944 969
161 344 684 687 952 963 982
323
7 31 293 348 395 403 477 534 631 651 854
21 36 39 72 98 104 132 133 142 154 179 190 226 271 289 297 330 340 370 398 420 425 470 504 606 637 678 780 789 798 815 838 877 921 934 943 958
96 100 417 514 596 680 698 781
520 526
67 382 435 472 665 758 783
2 15 17 27 86 88 100 111 131 166 179 246 260 262 264 284 289 342 389 420 468 499 514 522 523 532 569 613 658 669 708 766 781 792 805 822 823 832 897 903 917 934 953 979 983 997
256 436 553
26 423 568 982
7 8 13 29 110 112 150 153 181 210 234 263 299 332 342 361 364 439 454 459 550 556 563 566 598 688 698 787 808 846 861 892 932 944 997
112 312 321 383 450 526 674 676 712 758 913 955
86 114 299 411 415 433 499 562 780 870
133 153 155 168 341 407 500 514 623 810 894 989
767
105
575
386 888
201 476 694
5 79 88 109 165 200 213 231 260 300 323 364 370 421 452 538 543 564 643 763 829 846 856 882 936 988
5 66 220 368 395 654 725 894 932
5 150 182 347 377 475 481 703 722 805 863 960 962
402
487 535
504
232 361 422 712
153
92 265 314 471 547 737 853 924
61 66 158 168 197 306 615 633 658 846 952 1000
121 750 968
26 36 39 204 341 414 554 613 625 651 664 697 763 851 952
374 909
97 110 138 331 382 387 390 398 403 456 465 558 594 661 714 735 747 793
1 237 319 327 456 557 569 585 612 628 666 752 791
284 366 448 667 905
204 588 728
650 727 881
124 365 808
99 147 654 684
12 127 141 237 245 559 622 715 738 815 953
13 15 98 132 147 237 247 250 307 317 360 408 412 485 525 574 588 665 682 684 877 903 937
158 634 689
62 82 89 176 192 221 273 370 383 401 420 452 539 550 555 652 654 690 719 752 905 971
7 51 61 63 76 175 225 322 339 357 489 526 561 573 582 589 699 766 789 829 834 882 980 987
49 101 360 706 735 765 854
24 440 628
110 466 711
33 160 168 201 212 236 239 336 456 486 619 634 645 697 753
10 86 142 171 188 237 417 521 572 604 684 715 809 849 880 948 980
326 457 599 914
33 121 155 310 435 439 459 503 641 653 683 735 776 780
72 195 197 471 568 607 608 719 738 801 972
44 299 500 696 719 740 758
97 249 408 654
732
19 22 144 254 281 376 480 495 511 736 854 879 941
44 88 122 194 204 264 368 423 465 483 484 490 513 526 709 712 821 908 990
147
122 362 716 750
126
298 337 432 680 684 916 936
461 471 632 761 763 917
196 521 611 717 943
51 99 135 179 242 262 288 324 354 409 534 540 616 626 632 651 652 661 698 781 783 797 821
6 38 172 249 317 473 723 758 884
52 86 124 819 933
12 30 69 95 152 201 213 220 304 376 440 472 500 516 524 527 608 609 617 642 665 666 713 735 810 852 900 912 939 996 998
544 621 711 766 851
197 406 583 603 700 842 932
68 101 172
180 282 431 445 518 554 579 684 699 738 841 964
15 54 104 222 235 293 324 420 457 460 463 495 498 588 608 638 643 652 681 784 844 850 943 973
114 776 795 958
253
312
197 345 383 425 455 456 546 598 676 863 911 988
747
25 102 182 219 485 525 586 600 663 931 975
345 532 593 624 665 718 738 785 840 877
109 119 645 698 701 713 882 963
18 33 58 74 85 154 185 220 276 288 336 345 364 405 441 519 538 558 565 737 742 827 866 927 948 963
47 76 97 136 259 292 571 583 599 640 674 742 887
64 100 178 199 398 556 705 745 792 794 877 938 978
786 931 951
30 151 275 535 638 722 982
191
323
88 182 545 916 971
16 24 655 666 687 696 752 979
157 961
144 159 211 385 426 429 450 487 555 607 732 744 971 997
42 44 129 201 204 213 214 255 273 443 620 721 731 788 793 985
205 276 391 684
19 49 195 234 269 381 599 625 639 688 828
1 4 11 26 38 114 127 142 145 168 171 299 309 313 383 448 493 494 534 536 655 658 699 751 755 759 775 812 852 882 883 1000
152 348 352 359 454 457 509 851 926
9 66 81 120 136 144 151 167 195 380 412 580 657 670 694 706 781 833 849 869 920 960
56 77 100 104 125 162 194 198 206 250 293 311 313 326 338 392 416 453 595 634 700 845 861 901 956 991
181
128 169 199 227 253 260 268 326 377 507 512 630 723 728 762 774 841 845 846 915 937
406
108 189 223 389
147 153 217 317 368 521 522 612 697 748 780 787 801 875 884 893 908 939 988 998
494 508 515 638 683 804 895 973
19 113 158 171 284 320 416 457 462 498 530 549 567 581 612 623 716 730 790 889 936 944 951 962
84 128 130 251 372 382 416 493 612 643 711 724 849 861 931
106
121 446 492 932
90 910
531
50 155 558 754 839 920
171 346 380 633 699
107 219 531 918
35 177 386 488 818 821 831 918 990
10 49 163 474 539 716 746 828 909 915 982
92 132 241 250 268 283 300 398 496 572 667 941 980
87 118 156 193 282 290 315 354 436 457 545 717 750 756 843 887 954
14 50 145 402 491 492 520 577 709 733 751 928
566 586 684
41 186 231 303 340 381 400 424 425 514 653 736 793 823 899 909 969
213
274 709 978
116 239 281 351 505 561 578 798 923
586
119 129 182 186 225 248 254 257 268 310 531 638 657 715
48 50 86 186 284 289 386 412 464 492 493 501 530 586 636 639 713 715 727 738 786 852 882 884 905 925 940 975 998
188
91 100 267 553 707
16 106 208 277 284 338 400 405 439 442 532 622 678 695 704 708 766 852 927 966 979 980
269
542 615 735 812
56 121 125 192 216 258 373 456 783 800 852 978
256 411 461 486 635 764 921
204 431 520 733 944
103 142 291 329 363 430 609 641 740 759 789
78 130 156 164 212 260 575 684 692
446 760 855
4 5 11 43 345 455 691
59
79 98 183 325 370 842 893 995
332 438 705
666 726
357 675 834 947
215 316 572 726 937
7 27 97 108 113 148 153 170 195 207 254 317 329 377 411 436 465 504 514 520 551 555 576 586 587 592 603 654 671 704 764 806 846 848 972
479
126 129 168 326 393 443 501 581 591 602 636 668 758 765 814 855 945 956
238 398 420 443 524 604 635 643 714 724 765 787 863 934 977
324
969
389
28
87 153 164 178 212 290 356 377 395 503 531 539 566 684 724 725 757 790 800 869 983
55 403 428 910
114 263 269 338 343 516 577 744 754 816 924
14 122 305 390 583 698
259 482
52 102 364 440 505 787
90 391 671 988
602 903
202 608 773 817
251 334 468 491 558 647 756 774 846 871 879 910
395
66 297 395 635 866
20 24 398 493 586 765 796 966
99 204 290 308 375 685 927
324 404 525 573 614 647
115 126 283 343 413 423 470 809 945 983
468 536
111 479 522 546 619 803 915 1000
3 385
216 632 639 724 765 981
340 464 880 924
38 108 311 457 525 590 914 932 980
462
296 901
103 183 345 381 464 489 527 578 611 622 701 709 914 957
606
23 33 38 48 72 108 117 137 141 180 197 204 209 233 281 301 382 388 421 429 446 481 487 492 547 549 592 618 638 646 665 668 704 709 752 763 832 844 854 889 925 942 951 963 973 984
158 556 626 713 760 770 812 930
27 261 682
415
12 122 166 630 911
402
638
261 887
40 263 294 548 717
92 165 209 228 270 354 458 489 576 632 788 802 869 875 919 958
35 905 924
76 137 185 286 310 313 467 523 581 622 645 690 781 882 889 972
358 439 655
152 460 958
52 84 180 202 261 339 425 475 484 499 513 559 575 611 681 725 727 729 745 789 817 876 926 970
203 280 370 410 436 892 961
28 92 155 184 258 300 357 367 368 454 685 707 727 730 760 812 851 865
397 520 735 824 1000
69 141 188 291 301 720 775
105 181 244 264 342 430 439 450 462 549 697 712 956
307 423
43 84 114 121 163 208 210 213 267 289 337 353 401 406 450 546 548 562 621 633 665 688 699 768 772 812 847 861 873 929 950 975 987
97 99 126 130 158 163 185 214 235 251 265 266 293 298 371 390 397 460 511 521 530 579 609 616 645 680 692 699 725 746 750 758 791 803 878 894 897 948 958 973 975 979 992
424 565 666
192
330 658 938
75 83 174 181 196 253 301 314 382 610 686 781 817 835 909 975
258 333 765
11 66 104 299 343 412 579 685 792
435 639
270 770
87 127 203 252 305 556 561 639 709 731 842 956 986
188 407 723 729 874
2 21 42 60 121 144 152 214 220 232 242 360 413 456 469 538 588 589 590 596 601 887
316 951 961 988 999
245
587
358 387 413 473 657 694 875
370 392 466 567 636 703 853 860
62 256 567 755 786
47 61 77 202 353 361 437 499 510 650 684 749 781 901 995
30 114 274 349 399 448 483 509 715
122 497
303 720 914
217 305 353 500 565 730 831
95 135 238 298 334 491 498 537 677 728 827 910 966
54 76 102 330 335 474 565 808 833 858 859 987
5 139 171 221 342 426 499 533 708 930 944 989
460 514 657 691 725 900
1 314 525 533 570 854
16 985
228 279 680
18 366 400 441 472 623 694 947
76 406 759
56 319 434 576 694 865
10 26 94 126 210 233 249 277 292 298 318 321 332 431 433 486 514 580 636 645 665 709 728 832 863 877 909
24 43 123 228 315 483 661 680 837 963 983
126 292 351 353 401 406 615 674 684 698 739 784 901 903 990
317 548 641 654
70 83 100 112 130 146 152 192 194 228 234 250 256 272 397 416 431 458 487 510 537 579 734 745 759 769 791 793 795 804 814 816 821 885 895 917 924 991
73 474 724
185 254 464 474 502 756 812 840 903 980
27 614 692
12 188 498 513 770 790 900
403 603
674
434 485 605 712
19 44 78 87 102 242 249 290 491 540 667 670 702 742 819 848 949 958
8 167 411 518 522 540 619 660 911 937 947 1000
556 669 981
616 948
25 253 301 353 389 472 559 619 750 869
20 215 318 343 391 503 800 895 912 914 928 935
183 252 271 308 400 411 416 558 640 683 705 748 959
149 248 516 711 967
152 813
18 244 310 389 561 740 752 765 989
7 23 95 522 815 827 978
105 273 363 385 841 896
39 159 167 214 260 294 337 384 400 414 486 505 518 601 667 683 690 752 821 836 862 868 916
386 629 665 694
4 185 337 507 674 786
66
2 49 102 177 178 192 322 382 477 570 579 597 654 756 777 827 875
31 85 160 228 231 390 395 406 517 530 538 560 677 685 814 897 917 966
291
125 281 568 675
202 363 408 532 852 855 906 974
81 357 387 425 489 628 744
23 85 138 197 358 427 593 811
541 622 790
288 485 598 686 747
612 827
39 50 201 209 220 310 463 515 550 571 597 603 720 757 956 992
450 480 578 638 698 825 854 954
511
181 228 446 823 935
40 87 259 307 315 326 329 338 362 363 369 399 594 764 774 855 915 986
18 140 650
111 270 317 421 430 519 681 753 768 811 814 853
9 28 33 49 129 157 161 194 200 236 264 266 328 429 447 479 507 532 570 582 614 643 678 728 732 784 795 820 830 844 846 883 921 988
216 429
16 30 143 160 269 340 381 438 516 599 659
20 478 529 549 679
69 76 136 139 141 148 197 257 316 345 366 409 467 491 493 563 564 577 605 628 663 668 674 722 729 784 839 884 923
5 56 186 224 342 351 373 390 451 456 468 489 534 542 543 637 669 730 876 945 984
18 364 373 453 643 651
16 119 214 223 262 315 375 581 646 750 816 886 945
250 804
57 121 151 169 225 291 361 419 733 752 766 881 927 982
644 775
235
181 842
296 818
151 209 316 354 382 414 481 491 567 634 665 772 820 831
346
160 357 583 687 899 985
330 852
128 136 340 348 419 660 708 816 948
166 347 383 549 595 707 751 813 815
107 122 244 299 605 644 713 838
85 577 716 927
214
47 65 76 97 138 164 241 317 366 370 444 449 450 465 485 502 521 694 721 767 807 808 907 968
795
56 117 209 287 309 322 359 390 423 465 496 499 711 719 823 986
130 212 356 753
196 287 799
174 181 285 347 398 406 414 437 439 545 570 643 672 694 862
298
407 931
114 229 304 319 353 461 690 786 881 916
123 649
17 20 73 171 210 317 344 345 357 378 395 414 459 502 515 543 595 618 638 736 911 929 942
114 198 466 532 598 995
2 170 223 452 497 554 595 891 907
47 155 181 320 346 392 401 431 490 585 602 627 662 891 936
239 386 580 921
95 284 398 495 515 686 806
26 32 224 273 509 631
458
3 13 66 92 200 258 298 310 321 339 415 528 590 614 660 710 722 848 943
816
8 47 166 325 401 540 544 575 638 680 737 743 779 864 919 941
637
141 255 293 375 566
177 619
22 159 228 285 305 457 707
130 190 237 271 351 406 584 690 695 705 733 756
233 247 326 567 649 685 702 792 811 843
35 252 611 745 796 964 997
427 584 594 659 804
65 379 756
118 133 216 610 708 959
599 701 791
147 235 491 944
305 536
484 567 626
68 72 140 158 172 188 193 196 462 476 477 482 483 495 528 554 560 572 574 579 640 652 658 663 780 787 823 840 889 901 929 963
313 356 460 473 749 912
83
25 69 143 244 263 302 351 413 509 569 592 701 844 891 899 911
27 155 174 191 203 236 291 312 343 389 392 425 537 635 765 802 857 909 932 990
27 31 45 64 78 117 153 268 306 374 465 468 482 488 492 495 527 543 736 744 783 858 959
78 107 161 284 840
50 195 423 470 499 529 601 659 844
33 80 121 164 201 251 255 442 492 531 579 591 634 661 689 696 778 788 802 805 847 972
122 367 657 843 958 995
8 113 219 292 371 511 525 675 829
21 203 383 418 465 754 845 852
46 245 369 479 489 981
223 262 540 543 574 898
44 170 205 224 261 299 455 508 520 537 564 589 709 718 861 921 937 942
270
144
50 186 303 332 333 611 889 893
8
122 483 523 548 743
191 345 376 637 677 801 953
50 221 325 342 380 446 600 615 658 812 834 839 857 968 991
14 30 47 89 114 231 521 548 750 753 771 823 878
305 678
115 126 566 843
2 135 136 145 355 360 434 465 473 542 741 777 944
782
59 108 140 156 162 198 250 267 286 326 468 485 566 567 634 708 738 765 883 982 994
79 92 248 256 521 601 695 737 800 819 822
36 72 82 355 497 567 785 802 869 926
488 818
83 168 318 434 757 883 969
227 262 280 453 529 597 637 810
51 58 170 178 245 355 357 364 399 427 437 500 524 606 626 629 721 805 920 979
201 329 442 485 554 615 636 667 716 741 793 851 977
130 134 200 238 377 484 647 806 844 993
222 281 291 303 313 627 674 825 857 920 973
5 246 474 725
12 62 175 263 345 560 693 834 900
136 221 255 276 450 498 570 658 867 912 942 992 999
28 348 468 642 731 732 861 866 913
24 56 322 354
15 17 120 136 255 632 707 718 741
74 160 163 203 232 268 287 297 409 449 450 466 495 510 582 622 631 660 698 715 727 793 874 878 881 882 891 904 970
71 179 303 535 776 821 870
38 78 107 113 205 273 300 310 336 538 619 701 806 829 844 856
12 50 65 85 106 117 118 121 160 220 260 263 268 271 292 387 410 561 571 588 606 618 622 628 639 648 653 654 698 831 844 857 862 883 895 897 907 970 990 993
20 37 91 140 173 273 507 623 706 792 838 908 926 936
56 58 123 272 345 576 726 832 877 960
90 139 242 314 410 441 528 549 674 724 756 851 969
125 175 206 261 296 307 327 384 497 718 793 910 932
16 265 302 468 498 518 614 620 689 698 797 881 981
38 88 221 388 585 821 880 913
36 56 129 134 153 205 212 218 241 255 291 296 332 343 346 365 387 482 530 536 562 594 622 633 673 693 719 757 774 791 804 806 821 833 834 854 884 919 964 969 983 986
54 673
88 291 294 558 614 673 719 869 880 984 994
370 622 720 749 771 821
183 346 843
144 203 377 513 738 787 914
390 453 467 667 892
58
33 373 670 908
834
18 76 161 350 413 445 620 648 740 786 856 897 932 956 960
100 173 471 511 513 568 570 605 658 718 755 888
10 49 104 130 143 346 489 535 691 761 836 867
38 140 180 181 191 324 380 432 531 551 557 584 680 695 828 920 934
76 382 489 518 531 648 654 736 877 926
884
2 20 73 101 187 208 209 216 220 253 306 324 328 345 376 405 416 422 474 481 490 595 640 659 680 688 736 739 756 871 875 910 926 934 935 978 985 988
25 34 117 405 448 455 625 659 762 824 865 941 994
54 194 335 355 375 526 720
326
212 248 418 494 689 774 809 827
39 44 71 248 334 429 878 964
957
899
290 818
232 416 876 903
245 297 410 667
58 84 95 102 120 167 250 251 273 279 311 363 385 402 473 483 513 532 536 550 576 582 632 645 714 719 720 750 790 866 867 938 945
159 334 823
464 470 537 554
44 232 835 869
86 178 181 246 292 382 498 545 571 581 600 635 662 730 771 782 855 861 882 889 949
864
367 430 439 501 566 588 850 960
2 6 45 91 192 207 224 256 262 290 292 296 308 342 379 426 443 450 451 571 598 641 658 662 670 672 732 768 781 813 934 997
303 466
5 118 354 364 502 666
258 469 539 544 612 631 640 705 757 802 815 829 926 994
651
248 301 325 499 731 757 783 875
371 430 526 632 841
37 160 184 243 324 462 468 483 491 503 515 668 738 785 808 844 868 879 899 972
7 108 149 306 462 520 743 813 821 918
9 54 131 162 189 196 218 256 341 466 505 539 604 721 840 875 983
76 428
21 69 74 146 176 179 215 277 360 420 459 476 485 494 512 521 583 606 628 637 640 642 649 668 901 907 929 955 974
68 315 333 348 350 422 451 531 659 733 753 811 938
11 12 14 40 73 130 159 222 234 249 272 277 282 292 294 298 320 340 371 374 385 391 457 467 567 582 621 654 664 672 673 689 756 779 789 807 853 854 885 898 901 902 904 914 929 941 960 963 989
146 164 255 296 377 541 546 607 612 698 792 825 995
137 692
1 43 154 159 160 177 209 222 252 314 327 349 356 384 417 435 457 509 532 543 574 582 599 613 639 721 745 766 783 847 887 942 966 986
490 590 757
101 135 289 559 616 631 706 753 757 883 952 978
120 143 148 150 203 451
512 599 730
345 429 657 756
390 611 973
67 310 314 338
94 114 155 354
721
231 286 308 395 567 646 710 792 985
241 314 377 512 693 740 960 978
2 10 69 157 165 171 250 281 310 415 530 554 581 599 603 633 637 710 765 824 912 939 958
250 251 343 390 585 687 688 721
6 20 31 51 73 86 123 133 153 158 191 221 222 253 300 414 415 556 561 583 593 610 615 619 634 663 843 888 902 908 976 999
33 155 227 246 255 264 351 365 380 407 604 631 703 736 779 798 819 854 868
76 86 126 188 250 288 385 448 549 584 660 785 961 990
5 7 18 39 56 71 84 104 202 228 269 338 356 382 383 387 407 530 544 559 597 616 629 662 668 716 730 774 777 782 832 851 859 903 919 972 973
66 116 121 205 583 592 770
26 142 304 661
150 192 342 352 382 393 404 476 596 647 722 766 775 794 817 886 894 963
187 338 405 572 607 726 826 838 893 894
733 742 969
187 657
114 315
52
182 187 228 520 557 640 642
111 132 253 261 409 606 941
92
178
15 51 98 158 167 203 213 342 366 397 455 535 601 603 617 767 842 1000
358
354
130 442 818
20 330 340 402 417 519 591 662 741 854 933
216 722 828
54 129 184 208 229 242 266 338 358 378 479 562 608 616 663 708 797 864 896
158 598
449 534 662 805 894
47 48 84 128 447 467 868 913 998
363 787
202
17 121 218 234 235 281 440 488 522 684 707 768 860
55 62 290 328 442 523 575 584 601 616 647 695 742 794 841 953 978
39 165 251 286 339 406 433 480 543 592 726 775 915 952 983 991
672
157
5 21 38 55 63 80 82 176 224 236 258 274 283 292 295 322 324 380 430 440 448 496 557 568 585 619 631 687 699 707 776 823 827 829 877 882 886 887 903 917 918 922 982
416
68 178 264 312 317 377 422 568 601 628 671 672 743
827 906
43 52 74 105 106 240 253 330 351 425 468 609 653 826 877
899
9 77 124 544 592 626 689
23 492 513 600 995
32 60 122 280 589 857 941 944
44 253 385 564 621 630 642 713 869 874
319 747
47 115 151 185 701 894
335 612 630 741 923
127 145 201 214 276 310 454 462 496 516 519 618 627 672 684 844 876 939
155 715 799 845 970
43 210 436 447 651
479
1 48 158 173 185 227 267 276 348 374 416 543 550 555 636 706 782 800 826 827 861 924 967
470 601 965
49 87 149 178 199 334 397 469 489 491 540 542 553 614 765 797 798 850 873 889 924
227
15 27 72 118 126 229 234 337 378 469 658 662 667 749 827 844 926 936
220 280 283 329 388 389 446 474 561 583 621 774 849 970
61 149 199 209 242 318 337 341 547 558 580 581 592 594 616 656 689 721 722 746 827 868 881 887 913 958 966
174 811
445
101 112 122 192 283
31 40 48 71 104 106 140 168 225 262 269 273 289 297 299 310 324 329 349 391 401 464 485 495 515 532 547 559 572 576 638 657 671 711 734 753 764 776 784 808 848 854 860 884 893 908 919 923 947 952 969 980
60 236 346 349 736
730
493
653
87 260 296 337 503 519 818
53 80 87 243 258 320 352 437 447 525 547 588 819 822 886
470
10 36 54 79 127 136 148 205 229 233 349 435 459 483 551 610 720 740 801 818 884 990 997
160 313 445 504 616
2 13 15 19 30 55 62 73 160 193 197 245 252 297 307 370 377 381 394 413 419 429 483 486 521 541 587 660 666 672 730 836 865 875 883 922 991 1000
123 153 282 354 438 444 450 468 539 543 574 609 698 699 760
330 433
12 17 24 140 230 287 289 438 441 542 552 575 619 686 730 803 804 816 871 939 954 966
349
249 325
101 122 325 393 402 436 597 659 959
42 298 409 730
39 107 158 283 324 662 871
59 516
147 327 400 438 440 559 567 706 712 800 829 834 896
63 641
16 58 127 441 627 638 729 791 856
240
53 121 283 294 317 387 426 431 442 487 513 532 642 668 677 702 709 737 826 863 889 941 947 961 997
22 72 121 270 286 391 434 489 527 567 667 929 998
27 69 113 235 327 441 518 572 626 627 632 640 645 676 696 712 783 868 949
946
69 222 322 410 411 443 444 513 554 555 737 898
40 122 192 366 369 525 747
159 836 883
154 853 887
141 246 273 319 428 469 568 584 683 755 802 840 899 963 968
145 253 372 414 443 526 850 972
212 256 526 617 782 823 924 934
437
62 96 117 126 552 674 750 765 828 898 916
183 223 331 530 647 674 741 815
28 675 709
46 119 298 323 787 848 929 938 992
68 227 461 560 772 775 787 989
12 45 78 104 196 217 235 261 268 273 296 299 305 320 329 378 383 396 474 506 534 543 645 686 718 740 895 908
155
46 136 323 421 875 907
70 138 162 314 334 641 643 742
434
171 371 468 603 688 759 883 927
42 183 256 321 580 715 754 884 981
110 756
272
125 717 826 884
236 353 400 799 914
375 542 805 927
30 77 291 327 359 423 430 477 561 913 984
60 487 724 899
367 369 389 834
43 150 243 395 401 491 574 600 627 639 699 740 745 797 838 870
779
66 208 351 365 380 401 542 543 564 575 592 618 631 712 733 767 781 818 851 902 941 964
6 64 113 223 278 749 928
424 451 504 634 780
24 245 314 531 683 701
124 148 161 394 467 478 503 523 529 697 725 788 797 873 909 971
5 76 122 159 194 247 262 425 497 516 584 631 639 682 710 746 796 812 861 962 992
55 65 67 93 110 119 149 183 194 263 356 405 424 427 435 442 459 561 572 592 639 648 686 762 857 861 879 922 983 993
168 215 237 329 425 468 690 742 777 860
8 105 146 157 340 537 572 800 822 934 942 954 974
68 432 608 825 932 943
134 172 195 260 318 543 619 719 779 814 821 866 891
90
65 83 106 116 208 232 268 381 420 431 471 487 493 496 563 629 726 826 910 993
77 185 234 400 416 430 432 584 713 726 741 858 870 876 932
93
296 621 682 691
212 228 329 362 489 503 519 641 794 812 837 857 911
8 68 72 140 151 284 298 305 306 330 439 491 551 566 650 676 681 708 717 828 905 934 940 941 985
162 182 186 240 340 398 408 412 428 430 443 465 466 491 559 605 632 673 686 700 730 772 823 903 922 945
62 170 199 214 335 802
68 285 378 646 685 822 848
13 66 89 115 133 150 306 408 491 532 571 622 623 739 764 794 804 950
145 338 613 938
4 6 36 46 60 120 182 214 227 256 278 357 393 409 426 465 487 496 553 558 569 583 593 604 646 674 685 749 764 826 834 878 986
30 43 451 634 710 782 819
790 926 961
85 197 256 270 308 409 468 538 555 593 601 685 709 747
550 717 761
11 91 120 149 169 338 354 432 614 616 640 650 655 692 715 735 795 813 902 904 968
99 147 153 174 197 206 209 222 249 274 282 315 317 320 332 345 368 369 375 395 400 410 415 441 515 522 575 593 730 739 756 768 792 860 880 930 932 938 985
271 345 449 476 494 691 811 907
257 498
124 180 302 826 911 964
282
56 184 225 248 290 339 434 673 766 827 952 965
37 324 339 344 351 362 536 692 705 967
511 668 747
160 164 214 222 252 332 345 347 488 615 627 689 700 780 805 854 898 899
89 188 268 463 697 750 944 996
44 132 147 270 295 627 741 783 807 812 890 990
34 570
646 842
76 109 145 200 249 288 301 476 641 642 679
215 302 432 759
6 119 332 432 573 605 816 845 963 970 991
112 131 166 208 263 278 286 334 345 462 527 642 778 786 798 800
167 318 450 507 653 674 772 935
77 325 391 629 652 659 813 857 875
267
418
36 107 295 433 557 602 652 710 741 792 819 839 950
22 23 326 338 356 657 709 921 990
86 133 196 203 207 244 313 350 440 529 549 593 614 705
38 108 510 940
338 558 826
39 44 67 72 183 243 320 380 476 521 541 560 581 670 701 709 849 853 859 883 974
120 846
27 67 106 251 271 278 287 337 340 392 416 456 550 556 562 618 633 635 664 692 724 729 740 791 885
9 29 40 47 95 145 320 357 375 465 539 638 657 732 750 930
815
138 159 438
340
429
75 238 500
127 438 468 868
52 222 504 565 689 719 747 873 877 913
56 64 103 433 470 658 843 864 954 983
24 157 346 818 832
210
25 36 67 86 121 127 167 202 244 252 350 354 400 425 434 467 471 475 508 610 616 712 757 784 834 883 925 932 961 992
14 129 244 410 467 536 586 636 646 681 741 821 900
4 231 300 365 382 397 474 537 608 633 641 669 688 705 831 899 960
502 700 792 947
87 216 378 409 459 464 481 655 961 962 975
15 39 53 54 138 260 470 479 560 731 780 970 975
72 214 416
22 868
583 632
8 94 138 172 276 295 352 386 402 481 494 527 680 761 781 963
129 133 155 241 363
3 95 116 142 500 547 680 718 844 854
899
545 566 668 800
40 113 136 152 173 182 216 253 382 434 463 484 500 591 593 594 805 813 907 943 991
229
125 188 274 281 373 553 567 653 791 794 890
461
549
69 142 188 334 380 490 876 959
47 119 181 944
666 985
163 348 526 597 801 856
154 297 452 702
56 269 292 442 489 808 916
24 53 142 145 212 282 366 480 527 578 709 790 796 798 834 856 894 905 940 954
700
201 407 721 822 942
192 380 532 544 568
46 97 113 140 165 219 228 254 382 386 401 417 419 428 511 518 532 534 581 584 587 709 792 910 916 937 941 958 967 968 971 973 977
8 13 39 40 59 99 196 222 228 296 340 407 522 530 679 829 884 885 909
268 949 953
22 42 86 145 232 268 270 303 386 448 465 494 508 581 613 630 880 902 933
275 276 332 376 444 555 592 604 770 804 815 931 936 973 980
215 216 823 884 885 896
83 593 603 848 938 976 987
42 127 249 728 849
25 131 479
11 53 63 80 114 154 155 163 185 204 228 282 324 358 407 418 438 443 484 497 524 535 546 556 611 667 668 685 708 728 750 787 794 816 824 845 858 880 883 888 937 971 984
72 100 132 144 182 438 499 523 628 642 707 718 840 936 951
41 351
176
323 634 698 750
8 197 462 493 729 815 850
54 118 158 293 313 362 397 480 508 559 605 613 766 771 808 836 875 966
40 84 100 106 130 147 170 172 200 203 207 220 229 269 401 417 463 521 523 537 576 582 647 673 688 726 735 750 812 818 858 890 908 960
6 23 24 64 76 89 108 129 141 147 156 241 275 284 287 306 314 321 404 420 425 456 457 473 483 501 503 504 558 562 573 575 622 646 647 661 672 673 680 681 688 689 695 769 783 784 793 806 845 875 913 917 950 974 983 989
884
78 345 414 624 942 951 967 969 988
147
17 409 412 454 546 627 649 832 981
91 114 124 212 236 304 347 390 469 507 515 559 703 806 867 872
87 198 209 275 292 370 387 399 415 444 516 549 606 667 740 834 843 880 989
398
29 109 150 163 206 207 239 261 265 273 286 288 301 333 338 374 389 460 478 491 500 516 520 556 821 919 961 975
2 25 31 40 170 262 276 277 372 432 462 525 574 575 601 642 671 679 710 713 744 752 786 788 882 885 898 911 956
90 198 208 323 408 553 941 987
281 748
10 46 142 221 243 348 360 365 415 463 506 516 540 595 609 626 645 693 716 720 771 792 855 862 867 872 944
192 387 503 918
254 369 394 762 995
16 67 126 240 253 264 269 272 283 578 612 639 750 800 810 816 878 881 917 958 998
262 317 488 677 757 959
34 160 165 190 193 203 238 260 293 305 361 441 459 493 511 553 667 676 743 799 890 985
114 141 252 282 289 327 328 349 498 585 670 722 775 843 917 987
11 91 350 384 421 478 833
11 60 89 163 236 278 419 498 554 609 695 752 774 818 968 998 999
727
249
79 153 257 311 333 362 595 605 824 948 985
60 109 123 141 158 160 168 188 198 205 221 292 319 402 468 470 525 532 574 585 681 771 798 812 871 928 944 965 993
17 24 58 210 237 284 296 390 468 573 618 763 860
27 101 155 235 781 787
31 43 44 93 132 421 650 672 727 865 904
941
390 660 873 887
53 54 71 99 103 136 167 200 201 202 237 274 312 329 441 553 590 627 652 666 738 774 805 811 835 839 870 903 910 915 932 937 963 989
410
85 123 356 569 709 722 755 758 822 919
201 526 998
103 138 336 394 578 846
1 3 64 492 499 620 660 700 837 840 937 965
256 301 459 560 659 874
513
190 337 481 492 930
174 345 385 600 621 625 757 945 986
471 484
9 87 148 277 384 651 859 933
111 301 363 805 922
34 295 316 397 412 547 628 836 858
77 197 199 498 557 738 758
8 41 104 105 136 201 218 249 341 387 433 441 455 581 617 631 662 723 737 747 766 871 891 893 894 945 994
539
174 230 469 710 934
147 322 534 540 571 653 898
618 836
57 89 137 150 236 244 261 274 353 385 393 412 420 425 427 434 447 456 462 496 501 545 559 582 583 586 614 652 664 697 706 743 777 803 828 832 839 841 861 903 963 980 982
43 364 455 563 927
30 248 368 635 699
17 92 127 140 149 164 207 244 439 484 487 513 540 643 767 787
5 97 127 131 157 232 236 250 266 274 276 287 366 406 492 589 622 630 650 677 734 767 781 835 842 876 892 920 928 932 980 997 1000
847 924 937
36 122 161 175 316 327 338 408 420 430 439 558 571 586 600 613 620 660 719 764 772 774 777 786 800 812 854 884 886 927 986
213 231 977 981
189 204 848
53 115 116 124 126 251 393 438 470 560 564 676 821 885 911
53 114 201 290 308 329 350 479 519 549 583 741 757 805 899 901 948 964 976
4 107 175 187 222 225 327 336 355 363 391 501 536 559 564 567 572 573 603 610 640 686 692 770 796 802 869 886 891 904 932 960
398 743
269
326 713
40 70 73 303 306 319 574 593 714 771
224 365 814 952 990 1000
161 419 586 858
12 51 127 227 252 463 477 495 522 529 540 561 572 591 603 640 765 770 815
31 106 152 225 231 246 289 333 415 466 474 493 499 500 559 632 700 763 770 771 815 883 889 928
25 61 194 196 208 249 443 598 611 637 702 727 728 743 771 873 901 922 943 955 960
126 289 563 584 779 939 958
237 402 859
29 149
135 156 230 307 397 505 569 595 637 709 819 974
793
724 982 993
487
14 22 181 186 203 213 248 276 389 397 419 436 450 468 503 554 640 820 850 874 905 907 910
524 861 870 887
594 814
253 254 372 399 419 523 600 613 829 949
75 87 132 214
125 138 140 202 325 545 564 637 652 658 786 806 814 820 890 962
965
129 134 142 167 206 459 465 472 484 609 656 663 850 853 886 905 961 962
30 63 83 102 119 139 173 182 203 207 332 448 549 572 579 674 685 719 783 785 788 910 986
366 413 422 451 507 573 607 631 829 959
224 604 940
62 125 131 228 331 609 833 871 950 992
134 317 403 732
25 102 312 374 507 510 687 840 910
604 628
44 240 379 909
598 936
120 124 158 261 436 597 629 797
34 51 201 397 488 711 915 996
8 21 35 58 73 107 117 128 144 170 175 187 189 214 228 259 279 319 334 375 376 386 394 403 419 450 461 466 483 547 574 600 604 620 661 667 681 695 697 704 715 718 719 770 849 872 882 894 940 976 985
326
319 580 950
282 403 509 619 638 692 831 913 951 969 994
17 75 95 113 147 155 171 179 198 240 248 305 357 361 377 381 417 427 569 764 792 807 863 876 898 943 951
7 96 602 620 665 690 809 940
625 910 946
862
36 42 166 168 278 289 498 526 714 741 849 899 950 967
292 301 596 911
990
24 107 400 475 526 578 890
227 267 357 363 408 543 560 730 846
131
447
8 50 158 159 185 192 275 319 325 344 416 453 497 509 647 842 860 885 955 999
110 354 495 626 648 680 698 826 872 975
25 154 168 187 243 286 309 391 497 542 578 664 708 768 803 890 956
7 40 186 222 223 263 324 326 361 364 467 514 630 655 720 734 761 833 882 902
360 511
589 812 827 829
448 573 949
140 241 273 588 655 880
2 19 42 90 152 166 189 211 213 265 294 336 366 436 440 449 453 457 467 470 501 520 551 568 584 611 613 739 744 775 783 791 794 802 803 834 857 880 925
26 27 143 409 451 472 482 863 911 966 995
43 74 78 93 103 106 137 158 187 224 265 291 428 462 471 513 519 572 679 712 731 758 786 824 887 933 960 978 979 986 989 998
283 312 691 807
52 92 128 169 216 246 298 300 334 348 414 510 582 589 630 658 683 691 706 741 748 757 884
13 224
66
826 947
54 127 179 319 333 444 514 539 668 695 717 741 845 864 879 918 975
521
1 21 34 94 111 225 269 306 367 476 561 599 608 955
844
143 239 268 297 997
214 431 529 827 917
63 67 190 261 488 523 835
36 131 178 199 231 489 726 848 868
125 345 371 586 602 605 725 812 854 905 917
25 109 344 394 416 527 563 657 663 800 933 955 962
65 115 213 376 386 396 427 430 529 659 670 754
366 839
384
77 209 263 289 584 653 701 717 762 788 842 955 993
323 689 883
21 255 443 483 505 722 880 930
680 943 980
33 93 156 162 218 238 289 329 356 399 427 452 472 511 562 572 578 631 633 671 721 837 862 867 882 898 944 955 1000
960 1000
170 215 332 382 383 441 447 529 656 691 789 964
309 441 654 747 880 993
67 124 132 317 327 334 354 513 730 744 801 832 1000
17 21 279 349 395 443 487 673 829 863
237 261 319 350 358 757 974
7 46 51 73 101 115 210 215 254 262 268 304 356 419 423 425 461 494 518 549 563 620 688 689 701 727 743 755 764 769 784 805 810 812 817 824 839 865 906 959 1000
40 175 245 263 388 419 539 613 665 688 807 897 919 967
57 353 412 421 528 545 670 711 920 977
360 486 514 755
216 287 420 445 717
33 176 537 558 644 740 834
22 40 55 75 97 118 135 148 154 183 221 248 341 365 464 471 483 490 590 622 678 742 756 767 907 944
44 113 158 184 190 198 225 253 265 326 350 390 478 616 657 665 717 743 748 752 779 780 793 807 828 833 949 953
691
30 453
270 484 988
115 206 232 410 504 515 556 561 695 761 783 852 902 903 914 936
181 633 724
794
36 404 620 746 749 782 817 902 913
10 13 52 81 83 95 104 123 141 193 197 208 224 252 263 310 338 339 366 381 382 401 414 443 451 459 533 538 559 592 598 635 654 697 704 707 723 735 786 799 826 835 851 911 951 973
556 881 975
66 71 149 305 322 325 372 390 415 439 459 470 484 493 515 526 651 736 876 987
89 106 132 149 181 207 215 385 571 682 810 831 837 880
32 210 643 663 788 862 886 967
263 461 624 628 707
514 902
240 538 544
797 923
97 313 382 712 841
76
372 408 596 712
34 58 206 237 263 272 297 347 437 458 530 572 574 601 763 766 911 984
259 351 452 769 939
5 23 58 228 257 266 292 343 353 361 371 389 397 404 416 439 446 452 491 546 547 560 596 623 741 754 771 854 901 917 946 969 985
66 140 429 509 801 908
681
12 48 347 529 607 654 987
150 167 168 170 217 328 352 444 549 598 637 651 672 709 726 784 790
7 32 41 50 113 214 233 347 352 357 448 475 531 665 676 701 753 776 876 877 908
391 463 727
243 657
31 131 630 851 972
118 550 620 744
142 144 229 542 856 963 975
972
165 456
129 212 219 251 292 299 301 493 777 823
575 928
125 254 353 429 646 653 705 810 989
129 337 500 595 611 693 700 733 746 941
558
404
22 25 48 164 212 263 290 617 620 634 649 670 718 724 777 963
28 60 78 106 161 186 199 293 452 547 681 713 754 778 802
434 584
53 224 255 454 560 638 719 818 857 876 919 948 994
271
2 8 69 154 240 291 410 447 468
15 20 34 466 493 612
195 219 384 577 708 827
173 288 502 568 693
21 33 54 94 181 258 272 353 362 367 371 452 482 557 569 656 692 728 787 801 805 826 840 868 959
196 417 430 613 915
537 763
409 979
240 505 779 808
194 310 509 683 768 955
10 110 137 152 173 408 938
27 46 47 63 64 93 124 186 220 242 244 262 277 327 334 342 353 410 433 478 512 516 572 666 725 765 768 782 837 862 880 916 918 930 979 990
166 357 512 575 606 711 836
1 65 78 87 105 144 230 255 274 310 340 348 374 399 400 403 407 412 418 471 486 508 530 583 629 646 670 821 845 883 904 908
32 48 61 182 314 406 433 438 530 545 622 658 918 947 949 957
11 398 570 586 641 660 914
35 38 69 78 100 102 104 129 135 146 182 199 234 238 264 300 314 365 412 414 436 511 584 629 632 635 680 736 799 846 866 867 874 882 997
252
40 54 304 408 420 478 535 684 719 793 808
108 161 620
650 729 787 819 941
29 94 107 117 128 140 161 162 208 238 248 254 296 361 458 479 511 538 570 590 759 762 786 900 922 935 954 962 964 992
163 270 332 409 834 890 930
136 216 358 407 409 449 487 620 634 803 977
20
160 390 415 436 445 617 635 660 733 796 861 1000
828
146 170 230 420 560 611 790 827 897
458 651 807 980 987
61 738 796
88 203 275 506 608 914
966
59 199 233 524 711 825 896 953 976
55 214 620 780 896
197 282 309 317 336 398 439 481 484 486 549 740 773 890 995
8 64 107 306 348 532 605
114 502 689 789 962 976
58 744
447 502 632 673 741 938
140
550
26 88 93 97 112 122 148 190 233 265 312 318 348 361 428 517 573 602 639 642 665 670 740 800 849 909 920 982
20 49 100 113 117 154 207 242 248 267 383 423 482 580 632 697 706 758 774 819 846 850 874
25 382 448 525 545 575 728 842 913 932
145 191 408 499 541 660 871 904 992
860
20 33 158 166 265 304 343 350 394 474 643 653 663 673 674 687 751 968 977
773 824
67 77 78 236 318 357 582 693 992 993
163
65 110
2 28 356 428 490 499 545 628 819 872
58 198 666 766 934 948 985
175 231 402 427 501 567 584 585 611 733 761 775 784 812 900 948 969
343 673 977
117 408 549 679 989
377 424 598 614 759 815 985
470 759
130 243 285 435 476 516 536 619 654 811 919 960 968
294 295 886
7 23 37 63 66 116 133 248 309 422 587 590 632 696 723 764 813 869 881
71 89 106 110 124 129 162 216 238 348 431 528 580 613 649 688 759 910 944 967
69 161 234 289 298 407 448 509 568 639 734 769 802 863
52 163 420 875 877 944 956
34 82 107 149 209 220 289 371 386 491 717 720 731 767 997
212 533 559 791 810
23 46 161 177 230 232 249 253 286 292 336 384 418 517 553 563 676 786 792 852 892 912 969
17 137 194 198 217 246 259 381 438 507 589 693 796 814 926
569 600 676 845
40 357 368 394 419 461 675 722 839
698
163 185 222 281 297 356 425 464 511 532 623 630 756 804 841
93 150 466 853
316 383
425 644 700 827
28 95 125 181 221 472 496 590 604 692 723 768 983
25 109 131 533 734
180 294 312 356 459 479 522 535 576 591 691 951
2 10 107 118 130 184 225 338 397 404 429 496 525 532 533 551 574 597 728 742 783 790 798 809 818 847 851 862 876 879 883 922 977 991
502 571 863
164 214 267 507 558 771 840 867
163 877
25 137 140 428 620
489
237 655 823 836
255 261 429 602 696 880 986
18 27 59 159 240 263 295 367 425 569 648 663 685 704 812
16 95 100 105 106 171 188 208 257 279 320 339 421 445 448 449 462 482 610 618 621 626 665 692 728 758 763 793 820 859 957
416 944
316
2 277
587 709 753 834
72 113 303 378 535 554 947 992
42 205 278 287 350 380 434 592 690 750 842 892 985
182 752
139 177 742 793
350 408 709 753 999 1000
179 241 425 436 590 613 737 738 743 759 763 886 907 953 959 985
665
842
18 195 473 978
89 134 233 420 455 644 706
66 79 145 269 346 797 904
506 763 885 972
980
164 373 392
47 50 59 434 496 606 627 833 967 971 977
10 30 50 66 99 254 326 377 408 425 540 650 694 700 826 859
358 555
30 84 331 341 379 401 566 643 738 944
18 30 79 142 196 205 252 266 293 302 370 424 429 565 572 603 623 636 638 678 693 778 780 802 811 944
111 254 306 607 846
6 74 115 132 197 383 453 458 550 556 698 978
395
121 298 347 416 419 485 508 538 752 788 968
831 839 854
516
145 344 354 637 805
33 128 272 287 301 404 571 633 706 821 887
101
27 61 176 252 275 344 359 400 475 512 651 760 799 838 923
71 85 88 142 162 173 249 272 297 351 380 479 528 584 600 746 779 813 893 933 951
301 923 998
208 293 416 602 605 660 745 853 973
113 249 807 823 869 936 992
21 254
132 173 283 653
41 83 91 111 117 190 307 375 389 476 511 539 582 605 631 683 730 799 876 918
141 168 201 208 214 271 325 437 459 483 541 712 758
9 44 46 51 75 89 114 123 140 142 179 193 231 268 294 314 323 329 345 397 408 432 465 501 510 517 518 549 551 557 561 574 579 678 704 705 722 724 741 774 781 784 858 859 861 887 910 913 914 941 943 950 955 959 981 983 986
149 221 478 911 924 953
184
31 43 70 98 161 165 209 223 236 359 391 412 487 508 515 594 630 632 638 685 700 812 817 830 910 920 938
397
45 49 168 170 204 335 667 709 714 784 816 840 875 997
147 497 677 821 941
537 554
692 990
64 165 273 285 286 404 486 489 496 549 687 697 705 726 745 854 858 947
44
764
49 359 650 740
75 116 151 195 275 311 363 387 504 571 635 836
18 177 409 519 597 664 758 922 986
14 52 77 93 128 144 161 182 202 230 232 314 317 354 502 584 663 685 703 710 768 841 894 901 912 950
42 46 147 155 177 179 276 313 338 379 433 478 498 517 528 539 547 556 576 873 902 956
19 80 82 308 736
352 388 395 400 654 732 811 812 872 998
25 180 306 469 528 691 891 962
738
370 477 855
267 294 519 635 784 815 822
124 254 421 630 632 646 768
499 520 663
29 252 312 418 883 896 923 963
7 164 355 365 872 895 899
51 68 79 224 375 403 544 734 817 848 889
554
575 611 905
9 41 57 147 212 230 257 347 398 461 489 502 525 563 645 648 656 657 715 823 859 939
255
950
69 202 283 468 549 623 839 945
798
181 575
106 132 151 419
42 264
163 199 634
5 68 263 303 316 334 374 423 530 610 617 639 645 653 698 744 840 899
42 87 336 356 368 533 647 692 767 786 788 839 850
85 101 115 275 299 359 399 455 471 628 658 868 941 993
14 29 34 112 144 177 179 231 262 272 277 307 336 349 389 413 414 441 451 482 494 500 508 515 533 545 554 587 589 671 872 887 958 967 976 981 990 1000
94 113 155 282 437 522 621 716
145 200 291 299 319 358 498 756 810 898 937 946
106 172 175 275 281 367 400 575 627 698 699 727 757 844 849 857 860 880 955 970 975 977 1000
289 930
77 127 180 202 267 313 351 360 383 424 526 569 582 598 670 684 806 823 852 861 881 957 1000
176 530 532 757
282 672 784 861
302
263 356 410 444 577 835
5 19 40 59 80 165 192 194 207 216 221 238 348 439 614 649 669 696 711 720 753 754 763 801 824 836 858 941 943 962 967
25 84 144 150 167 249 282 294 329 359 378 398 402 412 457 480 501 564 610 635 650 720 723 752 775 852 988
135 264 573 578 610 740
49 50 143 224 242 246 273 292 313 365 389 468 524 618 727 731 889 906
5 6 27 115 187 271 362 495 802 828 879 908 936
55 240 326 468 476 534 557 592 664 901
109
5 20 25 33 70 157 187 194 291 320 360 379 400 420 434 598 617 621 635 646 657 698 700 719 727 770 804 839 862 891 961 971 989 997
10 116 141 143 308 454 694 878 902
70 76 115 125 131 249 334 340 363 432 446 555 611 616 626 640 646 698 722 752 795 840 869 915 957 969
310 677
1 2 31 58 84 103 235 250 254 319 358 371 405 441 452 485 492 640 729 752 762 764 876 877 882 924 927 932 982 992
228 386 392 448 462 834 871 964 974
622 952 989
6 427 466 510 567 621 646 777 825 834 866
577
11 31 181 195 201 244 247 249 281 295 308 334 432 444 456 457 466 529 547 562 577 588 592 672 684 860 902 913 916 947 964 998
948
116 124 133 182 255 299 402 457 492 551 575 785 826 909 921 997
24 33 52 150 176 199 228 302 518 544 559 619 636 640 665 739 785 797 942
93 325 426 506 511 722 853
268 302 391 433 468 562 617 658 713 765 792 861
74 107 220 256 271 312 313 335 339 550 678 712 734 778 946 990
68 216 234 498 753 882
5 385 396 567 579 626 633 644 677 707 775 896 956
10 63 72 135 142 312 315 352 392 431 528 532 663 772 800 809 823 895 947 980
371 441 638 727 886
326 588 790 868
244 270 285
31 55 148 186 251 310 356 490 539 585 588 607 706 717 719 737 738 826 856 997
10
10 176 240 244 284 288 307 581 590 753 767 827 949
23 32 58 73 165 183 188 228 245 311 314 334 356 387 537 558 567 637 663 699 718 766 789 796 804 827 924 944 949 998
1 25 47 72 205 211 233 261 386 391 400 418 427 448 453 472 505 506 526 571 601 669 695 703 896 993
123 165 274 294 352 396 449 457 464 472 550 676 800 845 925 937
7 789
220 526 539 689
107 248 255 292 496 559 645 733 752 817 977
102 163 222 354 373 583 607 654 658 661 677 683
15 55 79 87 136 175 194 234 238 277 300 355 365 380 408 434 439 459 471 494 514 571 622 691 730 807 869 872 934 956 979
179
49 68 273 477 666
229
46 228 231 302 507 599 726 784 863 959 974
185 202 295 357 435 715 716 744 944 972
148 886 893 894 937
451
11 121 167 251 484 510 551 617 755 770 881 915
34 58 133 395 398 410 520 535 613 730 747 768 842 966 986
132 287
90 92 124 131 155 202 248 251 359 393 408 624 640 661 702 704 782 786 803 827 838 881 899 905 935 989
33 126 136 142 164 266 360 374 403 463 485 645 680 807 830 850
3 16 24 36 93 124 171 212 220 239 243 303 309 317 318 319 334 349 422 461 474 504 539 564 577 601 610 613 622 652 662 669 688 697 732 735 746 775 782 856 889 891 905 927 935 939 957 984 989
236 359 672 706 714 734 994
618
16 38 190 202 215 227 234 243 244 334 572 589 738 892 941
204 247 330 387 444 450 465 487 608 798 804 929
60 376 723
29 84 254 294 372 381 426 438 447 566 591 668 774 786 805 841 884 907 937 938
45 65 220 265 318 443 539 562 568 619 651 723 728 776 871 905 938 971
38 95 149 151 504 552 937 1000
78 96 490 596 678 819 993
152 653
873
68 113 123 146 148 199 258 276 316 319 338 412 414 451 601 610 625 725 794 905 927 944
7 200 319 421 540 578 590 592 656 664 770 785 815 916
164 318 322 441
920
388 685
52 136 551 671 704 842
6 90 119 262 278 350 354 370 420 484 510 519 995
1 290 332 393 453 524 556 633 777
788
672
11 26 160 371 385 883
83 766
94 296 434 540 981 990
168 286 328
14 15 23 25 88 106 128 166 199 211 257 303 308 355 381 383 384 418 419 424 491 547 552 554 601 604 666 720 817 882 917 930 979
50 247 374 526 607 648
29 47 83 96 102 168 318 327 337 443 465 469 541 608 614 699 722 753 810 828 850 852 856 942 949 954 976
7 201 404 479 587 595 610 638 647 650 695 723 751 799 954 986
401 659 918
562 801
8 194 325 341 349 514 804 868 896 917
15 80 93 103 128 139 152 161 165 169 182 221 229 248 263 302 379 432 535 550 596 611 616 630 720 727 785 797 853 870 884 895 919 976 978
4 302 324 448 514 538 635 807 865 876 900 929 944 987
85 733 981
824
11 30 55 61 157 159 289 411 505 576 582 599 628 635 651 677 728 754 862 888 899
93 102 199 200 203 220 227 229 272 337 345 360 370 562 605 687 759 819 844 967
71 145 280 427 464 534 552 640 879
77 408 562 565 730 790 859
190
2 291 319 749 808
261 384 412 464 512 614 821 858
147 227 406 490 566 648 654 878
66 181 265 659 678 812 855 867
48 76 337 711 876 947 977
549 765 908
11 87 761 772
975
185 218 295 416 505 576 618 734 762 903 971
128 184 220 393 780 914 917 945
40 324
317 349 406 439 562 864 943
14 205 215 235 323 329 348 582 606 690 760 979 983
11 14 477 614
437 484 526 886
56 149 487 652 686
164 245 413 500 570 590 668 706 733 777 826 923 928 999
39 176 358 468 619 650 653 740 990
81 83 156 170 202 239 318 325 339 406 427 455 546 607 620 650 659 678 724 730 887 945 981
220 296 750
2 10 89 267 410 480 536 688 740 768 789
60 135 137 307 497 509 587 741
7 38 94 101 136 170 175 260 304 337 371 461 498 513 514 522 550 560 572 585 631 724 726 737 742 777 799 824 854 900 928 929 940 994
489
22 92 199 240 280 287 318 447 452 568 600 626 715 891 902 987
862
207 283 326 384 410 560 666 685 716 742 822 870 904
2 177 187 213 214 282 332 374 395 549 587 599 689 711 751 801 810 863 918 946 958 973
31 65 209 444 472 586 722 803 997
212 216 278 361 414 442 545 561 582 599 612 763 852
427 569 883
53 213 405 520 757 903 929
21 365 393
940
727 829 887
29
83 258 518 717
212 406 407 932 936
15 282 624 648 869
262
63 97 111 174 271 330 411 538 669 735 749 879
293 503 615 983
245 478 856
7 388 514 755 888
39 136 191 219 225 329 357 468 597 662 684 740 754 946 959 995
171 250 604 738 761
1 184 293 313 326 334 349 379 538 540 560 601 622 829 866 920 932 965
4 16 28 39 92 100 105 108 137 168 200 205 252 266 284 295 311 323 335 336 337 353 373 390 416 449 450 479 537 555 558 562 614 616 619 631 640 648 664 665 730 731 746 752 773 795 811 830 833 840 877 879 883 899 949 958 983 987
187 287 297 714
40 248 258 409 652 658 666 835
27 55 85 101 163 215 251 348 385 454 460 468 524 669 754 777 778 793 820 863 907 934 948
82 203 259 344 483 575 852 953 999
91
2 6 34 68 79 104 114 122 159 165 179 219 238 299 322 351 383 394 395 411 421 449 465 474 501 580 610 624 628 639 644 645 647 692 709 715 731 794 800 819 826 859 868 875 897 906 921 924 956 974
510 535 551 984
124 144 146 186
132
152
156 320 326 349
215 274 275 362 534 594 856 989
66 136 281 429 474 479 481 553 653 714 750 753 766 799 972
175 219 266 334 341 733 851
74 163 595 776 818
2 91 99 131 133 159 165 178 182 196 202 208 217 232 246 271 298 327 335 379 435 452 467 483 506 533 544 586 618 706 757 764 783 789 806 808 831 841
855
12 159 378 384 643 699 984
13 16 87 146 199 209 214 222 224 240 287 303 308 336 432 438 497 498 543 548 674 681 738 758 784 794 806 830 846 871 877 954 960
155 181 205 233 583 612 964
195 212 270 544 938
1 10 201 667
2 8 17 61 75 140 202 213 335 351 373 381 427 468 502 602 697 748 781 782 800 889 907 928 963 968
70 128 268 283 402 577 595 823 878 956
274 371 410 597 744 970 998
61 757
222 263 298 317 543 806 918 954
46 137 443 460 879
280 511 661 688 765 866
593
31 136 255 370
86 89 148 231 268 311 315 342 364 391 679 681 725 741 823 942 947 960
2 97 125 153 290 400 569 604 678 724 891
389 485 608 788
29 71 204 230 347 384 785
1 485 551 618
102 454
243 807 960
171 395
193 273 304 734 994
275 375 508 826 867
59 128 343 390 450 559 572 671 683 864
158
33 205 235 283 437 475 623 686 827 962
50 87 168 331 411 488 536 538 654 666 672 715 772 842
436 615 743 789 950
729 784
35 40 151 176 181 198 239 285 296 299 366 419 422 423 513 516 541 606 690 753 759 773 795 815 830 835 897 939 954
46 172 223 283 291 479 502 534 550 555 636 654 745 838 855 860 921 935 960 983
482 760 887
18 31 57 457 459 464 474 489 508 744 867 932 940
92 554
24 94 100 150 203 340 399 486 558 562 599 607 680 717 719 764 784 811 822 889 902 943 990
18 23 40 187 191 245 248 259 285 287 297 357 455 489 536 568 587 589 591 604 605 614 634 693 697 716 775 840 850 865 892 938
55 272 359 414 785 900
678 853
62 273 587 663 687
333 358 371 638 749 773 789
860 881 987
58 78 218 222 263 363 389 412 517 628 793 847 971
127 140 152 153 421 470 590 646 851 887 917 943
104 143 358 515 539 668 676 754 945
126 184 281 292 510 530 539 572 825
112 158 532 593 743 913
31 119 207 245 311 426 476 585 726 826 831 838 950
29 120 150 206 217 241 250 259 314 353 517 579 756 761 831 836 849 859 915 960 976 978
14 162 255 778
286 442 497 508 811 907
282 335 544 552
302 853 873 942
66 367 822
6 30 65 126 147 180 187 269 287 290 328 365 374 383 434 461 474 537 542 570 571 581 588 593 595 604 643 711 744 842 928 968
82 91 154 344 928
241 823 929
78 84 293 454 567 597 624 677 956
184
102 314 345 348 489 595 678 943
155 185 226 381 471 696 927
88 187 230 345 472 574
323 520 560 854
52 160 161 304 307 621 638 666 679 719 723 743 981 992
78 131 163 165 174 187 234 251 265 298 507 595 824 988 993
35 80 86 94 193 201 251 256 301 313 342 454 493 539 607 638 671 761 792 877 903 909
259 562 611 892
142 850
689 710 909
421 506 563 715 809
11 161 293 308 338 341 987
29 41 106 227 260 288 334 406 456 484 515 554 564 574 636 642 670 766 826 862 908 931 940 949
101 176 228 245 410 452 677 764 791 887 889
826 962
251 285 548 841 847 1000
285 407 669 697 703 833
679
53 87 180 599 600 665 887 989
19 32 96 185 201 216 264 293 312 376 415 502 567 624 635 721 731 761 792 808 813 858 866 892 898 912 984 985
24 246 291 359 524 561 631 702 918 920 922
382
336 649 875 945
26 33 337 623 750 805 813 840 957
80 89 146 221 280 416 439 451 496 551 579 595 623 624 893 905 937
272 605 797 815 950 967
842
5 9 125 409 440 500 618 724 885 960
82 205 209 255 327 397 454 555 560 600 616 624 660 842
62 96 115 166 213 237 246 260 272 353 366 468 530 532 547 695 773 816 878 896 897 912 921 991 994
515
178 214 261 337 420 494 502 516 544 556 633 642 704 836 857
144 173 197 328 358 491 505 589 623 651 700
116 130 189 235 308 521 523 591 607 609 731 734 755 763 869 947 993
8 44 72 80 85 152 187 239 246 307 351 454 480 533 556 562 563 576 624 656 658 754 832 870 873 935 956 966 968
41 271 353 450 589 754 808 841 858
29 45 238 392 512 568 613 777 781 873 971 990
12 493
290
98 404 473 549 579 882
49 77 326 353 599 815
372 517 591
582
8 95 183 192 193 215 313 512 534 561 622 639 663 728 763 919 976
40 67 79 89 94 108 109 157 199 486 609 630 685 772 792 922 966 990
930
14 120 149 154 172 188 225 267 279 286 315 323 358 377 387 394 468 478 507 540 553 561 563 566 571 628 635 651 726 741 759 763 764 817 829 901 923 944 974 993
758
26 116 472 523 701 795 831 841 843 870 912 956
325 356
48 97 119 133 261 310 343 561 564 588 798 968
105 153 180 302 353 458 503 737 897 986
32 213 271 322 338 528 542 557 604 620 743 757 803 985
25 298 330 447 636 671
227
606 643 902 950 967
499 575 626 995
240 253 270 577 635 799 932
78 285 428 447 611 670 820 839 872 897
10 15 87 101 133 150 163 338 350 370 376 383 402 419 506 556 706 732 774 817 908 909 935 995
464 945
5 26 89 117 152 185 199 289 311 326 327 334 382 393 416 457 471 514 516 565 567 569 579 580 655 713 741 753 792 806 874 986
113 356 371 489 663 806 823 945
181 212 215 346 706 748 809 889 997
537
184 290 320 642 643 876 929 944
292 365 681 786
905
450 918
7 35 322 343 462 480 554 573 602 638 715
309 639 875
101 124 131 348 398 414 607 670 905
106 147 358 399 413 457 691 750 778 847 859 872 876 953
196
47 91 132 245 252 294 414 447 491 590 630 747 767 798 803 834 968
97 127 130 318 340 435 456 490 518 528 541 564 577 595 639 710 782 844 962
69 104 193 255 352 494 627
64 84 96 227 261 285 295 303 308 316 343 485 490 631 690 722 749 775
26 135 151 176 245 510 567 645 892
18 69 221 289 448 555 573 699 721 821 883
179 228 274 399 496 653 711
14 154 171 230 232 555 593 645 697 848 854 883
566
286 639 890
25 109 201 237 244 306 452 463 466 469 550 588 609 857 910 916 950 986
24 26 28 33 35 50 130 147 157 159 178 180 207 223 263 269 288 289 325 328 354 379 382 395 422 429 430 449 459 493 502 516 532 554 560 574 583 586 635 647 694 712 721 722 729 731 747 764 766 779 788 797 830 834 838 851 875 876 886 901 931 944 963 969 973 991
358
19 97 106 119 215 287 306 383 501 518 533 585 611 618 672 750 754 757 795 980
26 278 455 743 971
10 148 226 303 335 716
230 747 870
104 106 134 166 196 273 309 346 406 434 437 503 514 533 550 598 837 856 881 923 954
2 104 176 194 210 350 505 546 609 700 847
501 591
164
189 216 411 654
434 610 678
92 824
255 764
5 31 40 69 100 102 104 123 124 134 135 150 151 178 180 188 194 199 217 220 237 264 280 286 292 296 297 303 309 333 340 360 372 402 431 458 479 480 483 484 497 507 545 555 566 599 644 650 659 668 678 681 684 688 749 757 769 783 785 787 792 801 825 835 850 860 862 870 882 891 908 950 953 959
23 42 123 143 180 240 449 494 517 631 633 667 709 753 771 928 983
33 93 94 98 101 111 126 129 151 152 154 157 214 216 220 235 237 249 254 294 325 329 366 385 413 416 418 427 429 445 464 471 472 480 481 491 495 508 520 540 544 558 562 566 582 583 588 596 599 616 625 644 648 653 666 690 705 718 719 730 743 752 760 762 775 778 786 792 795 808 822 840 855 856 860 862 882 887 913 927 932 933 936 957 958 960 962 966
158 255 441 453 456 486 512 524 736 790 894
630 695 702 944 983
82 146 180 257 536 746 874 904 924
16 33 464 513 539 590 629 711 732 752 760 868 901 907 919 924 956
38 228 480 564 784 947
722 848
876 979
29 101 404 578 673
973
5 24 122 168 199 207 209 340 364 494 548 573 599 607 632 641 664 710 736 758 772 807 855
64 86 111 118 154 186 279 282 364 365 401 461 520 572 659 757 797 852 879 896 914 936 963
29 117 139 179 272 432 687 690 748 962 985
156 282 319 337 364 476 478 486 527 773 866 956
8 54 115 195 199 200 212 215 218 234 259 290 334 346 358 360 371 443 524 573 606 700 786 846 850 924
783
326
14 102 108 151 174 184 187 347 605 687 973
297 449 577 665 820 942
88 115 141 316 375 379 389 526 565 583 709 777 781 816 859 863
19 45 48 59 115 142 218 229 242 289 297 307 340 368 395 467 484 489 500 539 551 572 631 704 729 735 838 860 866 868 888 894 914 928 997
1 10 11 14 47 53 76 97 106 139 142 176 229 230 243 271 278 297 302 303 348 386 394 401 421 432 484 521 539 554 598 613 654 656 671 672 680 699 710 717 719 722 746 749 758 766 772 793 822 853 863 871 882 920 923 976 1000
170 286 362 631
449 464 611
55 172 196 438 542 614 681 833 962
137 272 342 686 733
183 532 578 872
35 132 172 184 211 232 241 287 383 477 479 519 543 579 688 755 763 769 776 782 806 912 926 928 951
14 103 120 126 173 198 215 217 251 254 362 416 419 423 439 456 526 532 583 656 666 682 696 728 742 749 750 754 887 900 968
49 143 619
179 885
105 128 132 143 171 238 271 301 314 401 418 478 543 613 694 748 756 814
15 272 285 550 851
106
876 910
16 92 304 477 592 637 732 990
7 30 31 62 124 403 471 485 596 683 691 744 801 862 904 917 999
196 368
324 758
2 32 92 210 258 271 435 460 566 687 766 926 965
129 131 265 288 354 356 433 464 492 530 538 646 808 945 997
216 298 303 331 466 537 640 687
424 770
208 356 378 446 819 848 938 969
531 539 625 665 725 726 783 804 811
102 867 881
324
266 469 866
23 41 97 99 111 209 295 482 623 739
211 562 624 863 970
15 24 152 259 267 291 300 324 341 454 491 517 549 551 555 606 656 698 747 849 863 892 936
583 907
340
95 141 189 312 334 902 927 976 985 995
220 254 476 591 889
695
136 144 240 254 374 526 616 874 901
18 75 90 103 164 301 450 525 564 700 727 736 822 870 983
16 25 213 291 387 484
16 328 373 578 860 868
93 147 292 341 362 499 553 790 819 987
68 84 136 147 170 181 249 279 320 331 345 366 403 446 448 470 525 624 630 634 654 681 705 754 765 807 842 863 885 930 959
140 362 365 436 455 473 652 707 733 779 780 817 861 886 955
122 309 744 788 805 857 860
643
202 257 260 263 278 504 530 562 619 689 708 737 789 836 871
188 221 426 663 847 924 928 931 997
5 20 51 61 99 139 170 182 288 353 358 359 392 418 424 596 602 616 617 644 719 767 778 801 858 897 917 932 941
175 288 303 422 472 608 651 906 964 971
266 868
158 547 855
906
13 81 104 237 352 398 402 461 800 929
792 902 927
7 205 314 363 872
149 181 204 226 257 384 386 389 462 507 700 778 859 881
18 99 828 908
113 339 402 754 918 965
82 438 491 605 687
352 450 597 598 619 734
89 309 321 449 595 668 693 775
48 58 126 165 178 415 613 639 664 895 961 990
41 316 556 587 691 710 985
170 958
17 204 213 288 305 324 349 384 575 652 777 962 974
234 244 395 495 658 671 769 917
66 159 238 313 380 412 463 704 754 762 834
4 20 26 41 62 75 105 132 137 148 161 165 188 249 265 269 285 291 294 343 395 400 431 433 437 444 456 548 585 693 739 756 759 793 802 805 868 933 952 957 984
576 622
105 288 352 477 488 777
212 624
41 338 446 729 742 857 922
455
31 178 409 465 537 567 568 577 647 681 758
52 217 227 245 324 376 504 505
89 213 215 224 281 377 417 439 560 608 658 698 716 955 965
94 140 173 214 254 317 335 336 399 424 446 461 503 635 792
91 158 493 525
154 314 350 462 652 839 875
3 150 152 163 223 294 302 321 430 477 519 525 676 739 764 801 809 891 906 914 924 985
144 198 286 363 387 421 545 554 632 683 722 745 884 982
12 798
336 483 635 802 909 948
38 76 129 283 359 567 607 856 980
814
135
7 66 137 191 265 274 325 335 425 449 529 538 541 597 758 918
132
142 558 874
194 251 304 673 689 993
99 124 174 204 238 263 381 388 631 647 667 861
348 568 576 642 694 755 840 926
200
13 181 208 324 350 394 471 530 608 701 708 750 832 892 903 934 999
63 113 115 126 194 222 239 244 254 337 360 441 485 502 580 608 638 680 723 727 856 862 900 917 936 954 976 994
528
185 367 607 696 789 835 918
96 146 229 366 481 507 598 608 612 621 624 781 804
619
68 107 160 713 772 830 873 885 909 958
1 157 659 692 926
19 33 98 110 134 175 179 191 199 232 238 251 269 273 282 287 299 303 350 353 360 397 407 419 427 437 461 489 501 519 571 600 612 615 669 697 744 745 749 751 833 941
33 289 308 369 739 741 767 806 838
133 306 479 988
5 15 518 659 666
58 434 496 956
170 196
594
829
213 218 508
5 49 93 99 110 170 317 327 546 570 586 603 627 638 832 845 883 923 940 995
27 229 370 428 554
132 679 725
1 4 41 86 95 104 166 180 220 263 397 412 429 447 449 509 515 516 603 616 625 629 694 700 733 799 843 869 874 878 916 931 953
69 238 273 295 362 478 488 584 680 689 930 946
59 113 129 131 245 368 401 444 575 663 690 834 886 896
388 804 960
107 159
4 112 152 427 495 500 518 521 618 719 737 753 762 893 895
782
231 363 401
85 174 272 326 488 622 648 740 752 873
576 730
761
943
21 47 130 231 249 393 506 527 533 592 605 658 671 681 712 763 778 785 822 872 890 936
15 47 95 100 123 130 136 248 411 462 591 623 671 681 753 911 944
7
8 108 243 656 825 900 911 960
353 851 852
50 302 473 687 737
2 23 56 132 166 178 180 216 249 263 276 282 290 428 430 438 480 483 499 507 543 590 602 605 672 688 707 721 738 777 836 930 933 947
828
52 56 253 346 448 458 560 680 876 944 993
24 45 92 112 151 157 177 216 235 263 269 382 399 424 439 451 455 458 480 539 633 724 736 768 809 858 874 903 927 929
162 209 219 380 567 712 915 981
20 129 145 155 298 866
227 355 628 693 744 827 829 847 883
664
518
5 59 134 206 309 314 518 605 678 738 849
36 309
42 494 781 812
355
274 368 405
72 76 104 122 146 189 234 317 318 356 441 479 647 712 867 959 992 1000
16 80 186 439 442 547 584 649 775 847
93 210 362 447 730 934
311 739 826
11 74 90 109 285 303 432 472 557 657 759 932
92
93 135 156 415 569 576 724 854
468 764
32 107 137 252 320 329 399 425 437 449 669 895 925
34 139 148 166 186 454 489 629 635 725 749 878 879 880 902 949
171 180 453 492 535 559 572 601 605 702 876 879 924
16 23 55 130 184 208 222 229 255 433 475 477 479 532 583 619 666 701 708 724 735 813 843 847 875 974
46 47 106 250 272 326 362 369 379 384 481 572 621 637 707 743 745 846 903 930 973
13 23 29 102 130 256 391 400 565 596 733 882 901 912 919
478
478 660 722 885 923
109 150 171 210 340 585 613 928
49 948
444
276 378 424 792 836 923
19 138 371 569
47 91 123 133 195 317 330 334 358 389 412 428 488 589 611 655 666 696 707 809 811 860 927 929 985 992
130 347 547 663 755 880 948
60 304 332 370 375 433 484 520 583 667 700 720 801 836 883 928 975
347 548 578 971
674 734
931
41 50 252 264 334 370 407 438 613 758 764 841 861 883 924
201 940 954
44 105 231 288 358 361 363 384 438 574 740
11 164 216 235 292 331 437 477 512 551 570 616 864 875 956
267
495 499 589 645 654 670 808 882
68 205 210 234 236 242 282 313 355 366 428 510 536 549 720
53 279 480 565 614
377 400 610 648 674 967
559
5 36 75 78 103 106 129 130 148 168 180 193 194 217 247 264 285 288 292 295 319 343 348 361 365 371 373 392 418 499 528 531 557 573 677 684 711 747 776 787 790 801 803 825 826 838 845 855 863 885 890 893 900 956 957 963 994
482 640
46 808
492 516 769 816 832 850
13 24 114 115 134 442 553 789 908 955
66 302 344 436 470 706 793 819 829 887
319
133 224 423 483 914 937
5 471 930 977
136 228 362 397 425 443 467 585 598 782 840 841
628
285
24 118
100 308 325 431 472 546 552 680
3
130 193 310 323 832
109 397 577 611 703 722 981
91 135 171 358 502 598 709 846
2 19 33 38 58 62 117 214 290 292 304 319 364 535 548 626 649 824 874 976
30 142 235 403 414 474 607
6 240 261 420 506 545 731 969
153 305 443 542 838
190 222 258 283 292 303 370 377 550 591 608 729 765 797 814 897 944
26 42 341 504 901
70 465 533 645 709 877 878
639
163 642
111 306 472 612 696 812 876 950 962
5 23 506 828 830
680
45
35
70 117 274
116 190 210 261 299 303 353 442 549 680 782 953 991
19 190 208 299 332 644 874
51 84 317 354 547 579 611 697 922
199 201 361 443 490 577 687 698 699 786
106 208 433 785 823 828
123
119 179 467 608 611 807 928 967 985
101 179 207 449 683 796 857 989 992
467 966
462 533 602 615 648 762 906 995
222
34 190 272 328 409 509 628 708 751 877 968 993 998
111 517 550 786 787 866 966
643 798 835
226
86 149 206 225 389 412 455 519 569 627 764
609 757
173 192 449 551 619 686 788 798 833
582
63 375 509 650 787 896
385 553 665 935
135 242 369 409 982
52 167 168 197 347 348 352 431 436 576 864 910 929 930 967 979
73 125 150 153 159 204 324 330 344 374 431 507 533 598 623 659 718 731 732 739 744 940 992
101 138 236 255 535 706 878
16 334 449 622 637
138 305 336 405 531 618 671 743
81 224 639 728 735 740
47 103 218 262 534 539 554 560 563 654 674 682 683 729 742 764 853 871 882 936
6 42 46 76 94 479 508 549 584 625 665 797 823
381 650 665 721 798 923
53 242 313 347 374 379 409 454 542 616 777 801 813 991
463 595 716 764 831
32 56 594 729
610 897
12 62 116 119 133 137 206 248 334 353 384 461 567 582 583 620 643 724 744 761 797 803 806 853 881
866
298 454 549
68
670
24 51 194 213 353 367 385 462 479 558 680 703 845 890
187 289 290 328 487 516 561 614 681 803 832 989 996
10 18 80 112 118 153 158 172 196 201 234 245 323 342 379 513 514 524 533 537 544 619 648 652 671 707 735 744 815 865 918 975
284 345 452 470 550 551 578 772 867 945 974
8 14 36 42 88 111 127 138 180 417 428 431 501 551 572 591 646 662 743 756 760 792 829 858 947
120 180 187 200 359 365 385 442 473 585 625 629 639 679 719 747 749 767 885 899 961
26 109 188 206 326 365 392 782
49 97 277 423 439 539 578 726
34 45 161 167 174 203 257 329 378 446 452 470 531 560 564 587 603 619 644 649 671 746 788 862 928 951 959 968
73 82 107 128 137 155 224 247 267 315 468 471 483 519 535 554 565 569 576 606 610 637 684 716 766 773 780 781 794 812 829 848 930 933 946 976 990
182
617 639 649 830 903
229 435 466 556 978
653
7 27 46 160 258 316 343 394 401 422 467 482 486 495 558 576 809 859 860 906
17 64 325 347 541 604 636 654
455 533 587 595 797 811 901
742 772 787
18 128 238 513 752 865
256 300
45 52 132 185 211 252 369 371 417 426 438 450 493 572 623 795 811 870 873
88 166 189 254 413 461 504 507 726
20 314 608 609 670 701 730 938
419 575 611 647 749 921
28 65 111 125 133 140 190 207 248 252 262 287 368 413 422 447 453 564 566 567 576 604 625 721 723 743 754 769 773 775 783 811 814 938 942 957 986 991 997
28 45 69 93 158 193 206 226 247 282 316 452 461 466 488 491 512 592 608 622 673 681 733 794 862 910 971
165 287 469 783
8 70 586 622 678 718 950
266 360 659 713 907
181
680
182 683 750
24 82 91 118 183 233 275 288 291 345 384 390 471 581 647 657 928 949
84 398 709
43 134 775 908
50 84 104 134 142 151 246 308 360 390 422 435 474 480 543 553 587 643 666 671 720 727 826 834 940
6 40 101 127 138 202 303 402 497 536 539 792 889 939
53 62 273 431 441 515 588 895 941 942 981 1000
7 9 18 74 88 146 160 172 343 357 373 381 492 602 603 610 628 661 676 704 725 735 762 773 803 828 843 865 884 943 957 969 976 992
916
112 148 217 364 370 518 892 907
42 72 92 246 350 530 852
346 374 556 600 607 620 639 702 718 730 924 941 987
131 600 613
32 529 604 934
23 29 359 638 915
150 197 386 426 588 602 839 913 962
792
57 61 111 189 192 199 365 369 430 435 455 558 632 879
117 144 442 463 591 599 817 907
664
59 144 301 318 371 535 906
119 296 407
27 241 258 265 310 341 420 595 623 675 839 939
